block_id,section,zone,block_date,block_start_time,block_end_time,block_duration_hrs,block_type,linked_asset_ids,traffic_density_per_hr,goods_train_forecast,status
COA-00252,ST-BCT,SECR,2026-09-27,00:00,04:59,4,power_block,"TDMS-ECR-02889,SMMS-SECR-01070,SMMS-ER-01935",2,1,approved
COA-00399,BZA-MAS,NCR,2026-09-27,00:00,03:59,3,engineering_block,"TMS-SR-04754,TMS-WR-03435",1,0,approved
COA-00554,BCT-RTM,SWR,2026-09-27,00:00,05:59,5,power_block,"TDMS-NER-01188,TMS-NCR-03915,SMMS-NCR-02101",0,3,pending
COA-00142,ALD-CNB,ECoR,2026-09-27,01:00,04:59,3,power_block,"TMS-SR-02412,SMMS-WR-01452,TDMS-CR-00658",2,3,rejected
COA-00719,HWH-BWN,WCR,2026-09-27,01:00,07:59,6,power_block,"SMMS-NCR-00920,TMS-ECoR-02499",4,2,pending
COA-00780,SC-KZJ,SWR,2026-09-27,01:00,07:59,6,engineering_block,SMMS-NWR-02578,0,2,approved
COA-01005,KYN-IGP,SCR,2026-09-27,01:00,04:59,3,engineering_block,"TMS-ECoR-02176,SMMS-WR-00076,SMMS-NCR-01854",0,2,approved
COA-01118,ST-BCT,SECR,2026-09-27,01:00,05:59,4,engineering_block,"SMMS-NR-02617,TMS-NCR-03915,SMMS-ECoR-01226",1,1,approved
COA-01165,LTT-NED,SER,2026-09-27,01:00,06:59,5,emergency_block,SMMS-SWR-02309,1,3,pending
COA-01426,AZ-MGS,ER,2026-09-27,01:00,05:59,4,engineering_block,TMS-SECR-00751,2,1,approved
COA-01842,CBE-TVC,NWR,2026-09-27,01:00,04:59,3,power_block,"TMS-NWR-01293,TDMS-ECR-00959",2,2,approved
COA-00818,BZA-MAS,NCR,2026-09-27,02:00,07:59,5,caution_block,"SMMS-ECR-02667,SMMS-NR-02617",0,2,pending
COA-01431,AGC-JHS,ER,2026-09-27,02:00,06:59,4,engineering_block,"TDMS-NCR-01093,TMS-SCR-01171,SMMS-WR-00384",2,1,approved
COA-01770,JHS-BPL,ECR,2026-09-27,02:00,06:59,4,engineering_block,"TDMS-CR-00772,TDMS-NWR-02637,TMS-SWR-02148",1,0,approved
COA-01823,AGC-JHS,ER,2026-09-27,02:00,07:59,5,caution_block,"TMS-SER-02803,SMMS-ER-00023,TMS-NWR-01021",0,1,approved
COA-01981,ED-CBE,NFR,2026-09-27,02:00,06:59,4,engineering_block,"TDMS-WCR-01661,TDMS-ECR-00184,TMS-NFR-03279",0,0,approved
COA-00574,AWB-SC,SECR,2026-09-27,12:00,16:59,4,caution_block,"TDMS-WCR-01995,TMS-NCR-04558,SMMS-SER-00856",0,0,approved
COA-01031,ST-BCT,SECR,2026-09-27,12:00,14:59,2,engineering_block,"TDMS-ER-02568,SMMS-SWR-00941,TDMS-NER-02158",1,1,approved
COA-00798,BPL-NGP,ECoR,2026-09-27,13:00,16:59,3,power_block,"TMS-NCR-03106,TMS-SR-00939,SMMS-SCR-00486",2,1,approved
COA-01086,BCT-RTM,SWR,2026-09-27,13:00,16:59,3,power_block,"SMMS-NER-01373,TDMS-ECR-02642,TDMS-NR-01102",0,0,approved
COA-00348,AZ-MGS,ER,2026-09-28,00:00,04:59,4,engineering_block,"SMMS-SECR-01298,SMMS-WR-01310,TDMS-NWR-02637",3,2,approved
COA-00071,BPL-NGP,ECoR,2026-09-28,01:00,06:59,5,power_block,TMS-NFR-03769,0,0,approved
COA-01840,UMB-LDH,NER,2026-09-28,01:00,06:59,5,caution_block,"TDMS-SCR-00769,TMS-ECoR-01950",1,1,approved
COA-00298,JUC-ADI,SR,2026-09-28,02:00,08:59,6,engineering_block,"TMS-SER-00376,TDMS-NER-01188,TMS-SECR-03305",2,1,approved
COA-01795,ASR-JUC,NWR,2026-09-28,02:00,07:59,5,power_block,"SMMS-NFR-01927,SMMS-ECoR-01041,TDMS-SECR-02796",1,0,approved
COA-00085,CSTM-KYN,SR,2026-09-28,12:00,14:59,2,power_block,TMS-WR-03435,2,2,approved
COA-01041,SC-KZJ,SWR,2026-09-28,13:00,17:59,4,power_block,"TMS-SECR-03828,TDMS-NER-00606",0,0,approved
COA-00768,BWN-AZ,CR,2026-09-29,00:00,06:59,6,engineering_block,"TDMS-ECoR-01050,TDMS-NR-02888,SMMS-NWR-01571",0,0,approved
COA-00775,ST-BCT,SECR,2026-09-29,00:00,05:59,5,caution_block,"TMS-CR-03198,TDMS-SWR-00638",1,0,approved
COA-01289,CSTM-KYN,SR,2026-09-29,00:00,05:59,5,engineering_block,TMS-NFR-02045,1,0,pending
COA-01353,HWH-BWN,WCR,2026-09-29,00:00,04:59,4,engineering_block,"TMS-NFR-01160,SMMS-SR-01363,TDMS-ER-00708",1,2,approved
COA-00214,KZJ-BZA,WR,2026-09-29,02:00,07:59,5,engineering_block,"TMS-SWR-00640,TDMS-SWR-00901,TMS-NR-02130",0,2,approved
COA-00809,AGC-JHS,ER,2026-09-29,02:00,06:59,4,engineering_block,"SMMS-SECR-00387,TMS-NCR-00881,TMS-WCR-01778",2,3,pending
COA-01135,BRC-ST,SER,2026-09-29,02:00,05:59,3,engineering_block,TDMS-CR-01975,4,0,pending
COA-01168,CNB-NDLS,NR,2026-09-29,02:00,06:59,4,power_block,"SMMS-ECoR-01135,SMMS-NFR-00416,TDMS-NER-01952",1,2,approved
COA-01484,BZA-MAS,NCR,2026-09-29,02:00,06:59,4,engineering_block,"TDMS-SER-01255,SMMS-WR-00181",2,1,pending
COA-00766,AGC-JHS,ER,2026-09-29,12:00,14:59,2,engineering_block,"TDMS-NER-02342,TMS-NWR-04279,TMS-ECR-04376",0,0,approved
COA-01257,SC-KZJ,SWR,2026-09-29,12:00,15:59,3,engineering_block,"TDMS-WCR-01965,TDMS-SECR-01765,SMMS-NWR-00827",1,2,approved
COA-00487,AZ-MGS,ER,2026-09-29,13:00,15:59,2,power_block,"SMMS-ECR-00043,SMMS-NFR-02120",1,2,approved
COA-00558,AZ-MGS,ER,2026-09-30,00:00,04:59,4,power_block,"SMMS-SR-00252,TMS-CR-04309,SMMS-ECR-02667",0,1,approved
COA-00038,LDH-ASR,NFR,2026-09-30,01:00,05:59,4,power_block,"TDMS-WR-00600,SMMS-NER-02272,TDMS-SWR-00568",2,1,pending
COA-00687,KZJ-BZA,WR,2026-09-30,01:00,05:59,4,power_block,TDMS-ECR-00184,0,0,approved
COA-00951,MAS-ED,NER,2026-09-30,01:00,06:59,5,power_block,"TMS-NFR-02137,SMMS-SR-00022,TMS-WCR-03547",2,0,approved
COA-01959,UMB-LDH,NER,2026-09-30,01:00,05:59,4,engineering_block,"TDMS-WCR-01896,TMS-SECR-00844",1,0,pending
COA-00718,ST-BCT,SECR,2026-09-30,02:00,07:59,5,power_block,SMMS-ECR-01830,0,0,approved
COA-01342,KZJ-BZA,WR,2026-09-30,12:00,14:59,2,emergency_block,SMMS-ER-02017,2,1,approved
COA-00108,BWN-AZ,CR,2026-09-30,13:00,17:59,4,engineering_block,TDMS-WCR-00168,1,0,pending
COA-00223,SC-KZJ,SWR,2026-09-30,13:00,16:59,3,engineering_block,"SMMS-NER-02560,SMMS-NWR-01888",0,0,approved
COA-00530,JUC-ADI,SR,2026-09-30,13:00,15:59,2,emergency_block,SMMS-CR-01013,0,2,approved
COA-00728,MGS-ALD,ECR,2026-09-30,13:00,17:59,4,power_block,"TDMS-NER-00514,TDMS-SER-02494",0,1,approved
COA-01169,NDLS-UMB,NCR,2026-10-01,00:00,06:59,6,power_block,"TMS-NER-03419,SMMS-SER-02941,SMMS-SWR-02816",1,1,approved
COA-00031,KZJ-BZA,WR,2026-10-01,01:00,06:59,5,engineering_block,SMMS-ECR-01787,0,0,approved
COA-00607,CSTM-KYN,SR,2026-10-01,01:00,06:59,5,emergency_block,"TDMS-SER-01357,TDMS-NCR-00692,SMMS-SECR-01672",0,1,pending
COA-00699,ST-BCT,SECR,2026-10-01,02:00,06:59,4,power_block,"TMS-ECoR-03125,TDMS-WR-01992,TDMS-SCR-00769",0,0,approved
COA-01230,BRC-ST,SER,2026-10-01,02:00,06:59,4,engineering_block,"TDMS-ER-02200,SMMS-ER-00246",1,0,pending
COA-00837,LTT-NED,SER,2026-10-01,12:00,14:59,2,engineering_block,"TDMS-WR-01299,TMS-ECR-00832,TMS-WR-03250",5,0,rejected
COA-00936,ED-CBE,NFR,2026-10-01,12:00,15:59,3,power_block,"TDMS-SECR-01421,TDMS-SR-01175",1,0,approved
COA-01016,UMB-LDH,NER,2026-10-01,12:00,15:59,3,power_block,"SMMS-SWR-01536,TMS-NR-02008,TDMS-WCR-01466",1,0,approved
COA-00536,BWN-AZ,CR,2026-10-01,13:00,16:59,3,engineering_block,TDMS-ER-00696,0,1,approved
COA-01143,ED-CBE,NFR,2026-10-01,13:00,15:59,2,engineering_block,"TMS-ECR-01983,SMMS-NCR-00920",2,0,pending
COA-01863,NDLS-AGC,CR,2026-10-01,13:00,15:59,2,engineering_block,"SMMS-SR-00252,SMMS-NCR-01866,SMMS-WCR-02326",3,2,pending
COA-00410,AWB-SC,SECR,2026-10-02,00:00,05:59,5,power_block,"SMMS-SECR-02232,SMMS-WCR-02651",4,0,pending
COA-00569,LTT-NED,SER,2026-10-02,01:00,07:59,6,engineering_block,"TMS-NFR-03202,TMS-SECR-00133",0,2,pending
COA-01311,NGP-BZA,NR,2026-10-02,01:00,07:59,6,power_block,TMS-SR-03617,0,0,approved
COA-01500,NDLS-AGC,CR,2026-10-02,01:00,04:59,3,caution_block,TMS-SWR-00261,1,0,pending
COA-00190,NGP-BZA,NR,2026-10-02,02:00,07:59,5,power_block,"TDMS-NER-01200,TDMS-WR-02858,TMS-CR-00403",2,0,pending
COA-01387,AZ-MGS,ER,2026-10-02,02:00,06:59,4,power_block,"TDMS-ER-01739,SMMS-NFR-02873",0,0,approved
COA-01499,LTT-NED,SER,2026-10-02,02:00,07:59,5,engineering_block,"TMS-SR-02321,TMS-NCR-02560",1,1,pending
COA-01755,AGC-JHS,ER,2026-10-02,02:00,05:59,3,engineering_block,"SMMS-NER-00359,SMMS-ER-01109",2,3,pending
COA-01904,BWN-AZ,CR,2026-10-02,02:00,06:59,4,engineering_block,"TMS-SCR-02762,SMMS-WCR-01936",0,3,rejected
COA-01867,SC-KZJ,SWR,2026-10-02,13:00,15:59,2,caution_block,"TDMS-ER-02829,TMS-ECoR-01138,TDMS-WCR-00968",0,1,approved
COA-01930,KZJ-BZA,WR,2026-10-02,13:00,16:59,3,engineering_block,"TMS-NER-00628,TMS-SER-00994,TMS-WCR-01275",3,1,approved
COA-00383,NDLS-UMB,NCR,2026-10-03,00:00,06:59,6,power_block,"TDMS-ECR-02389,TMS-NER-00688",2,0,approved
COA-00426,BZA-MAS,NCR,2026-10-03,00:00,08:59,8,engineering_block,"TMS-ECR-01703,SMMS-SECR-02717,TDMS-CR-02675",1,0,approved
COA-01341,MAS-ED,NER,2026-10-03,00:00,04:59,4,power_block,TDMS-NWR-02264,0,2,pending
COA-01921,BZA-MAS,NCR,2026-10-03,00:00,04:59,4,emergency_block,SMMS-NR-00611,2,0,pending
COA-00162,NDLS-AGC,CR,2026-10-03,01:00,04:59,3,engineering_block,"TDMS-NWR-02123,TDMS-SECR-00328",3,1,approved
COA-00336,LDH-ASR,NFR,2026-10-03,01:00,09:59,8,engineering_block,TMS-NWR-04072,4,1,pending
COA-00516,LDH-ASR,NFR,2026-10-03,01:00,06:59,5,engineering_block,"TMS-CR-00505,SMMS-NR-01154",1,2,approved
COA-00988,ALD-CNB,ECoR,2026-10-03,01:00,05:59,4,engineering_block,"TDMS-ECR-02376,TDMS-SR-02989",1,0,approved
COA-01305,ED-CBE,NFR,2026-10-03,01:00,06:59,5,engineering_block,SMMS-ER-00880,4,0,pending
COA-01843,ALD-CNB,ECoR,2026-10-03,01:00,07:59,6,caution_block,"TMS-NWR-02911,SMMS-ECR-02308",2,0,pending
COA-01955,MAS-ED,NER,2026-10-03,01:00,05:59,4,caution_block,"TDMS-SCR-00358,TDMS-ECR-02140,TMS-NWR-04461",1,2,approved
COA-00170,UMB-LDH,NER,2026-10-03,02:00,10:59,8,emergency_block,"SMMS-ECoR-02535,TDMS-NFR-01197",4,1,pending
COA-00444,UMB-LDH,NER,2026-10-03,02:00,06:59,4,power_block,TMS-SCR-01893,1,0,approved
COA-00804,KZJ-BZA,WR,2026-10-03,02:00,05:59,3,caution_block,"TDMS-NFR-02439,TDMS-WR-00195",0,0,approved
COA-00189,ASR-JUC,NWR,2026-10-03,12:00,14:59,2,caution_block,TMS-SER-01059,1,1,approved
COA-00317,ASR-JUC,NWR,2026-10-04,00:00,04:59,4,power_block,"TDMS-SER-02320,TDMS-SECR-01870",0,2,pending
COA-00373,AWB-SC,SECR,2026-10-04,00:00,03:59,3,emergency_block,"SMMS-SER-01820,TMS-WCR-00778,TMS-ER-01253",1,0,approved
COA-00470,MGS-ALD,ECR,2026-10-04,00:00,04:59,4,emergency_block,"SMMS-ER-00781,SMMS-NCR-02339,TMS-SR-02414",0,1,pending
COA-01175,UMB-LDH,NER,2026-10-04,00:00,04:59,4,engineering_block,"TMS-WCR-00701,TMS-SCR-00004,TMS-NER-03102",0,3,pending
COA-01357,CNB-NDLS,NR,2026-10-04,00:00,05:59,5,power_block,"TMS-ECR-04912,TDMS-NFR-00578,TDMS-NWR-01185",2,0,approved
COA-01532,NGP-BZA,NR,2026-10-04,00:00,06:59,6,engineering_block,"SMMS-SER-02445,TMS-SWR-01744,TDMS-SWR-02294",2,0,pending
COA-01627,LDH-ASR,NFR,2026-10-04,00:00,04:59,4,engineering_block,"TMS-ECoR-01953,SMMS-SCR-01380",2,0,approved
COA-01728,BCT-RTM,SWR,2026-10-04,00:00,06:59,6,engineering_block,SMMS-CR-02687,0,2,approved
COA-00397,LDH-ASR,NFR,2026-10-04,01:00,05:59,4,power_block,"TMS-CR-01522,TDMS-NWR-02123,TDMS-WR-01281",0,2,approved
COA-01613,ASR-JUC,NWR,2026-10-04,01:00,05:59,4,emergency_block,"TMS-ECR-03613,TDMS-WCR-01896,TDMS-SER-01613",0,2,pending
COA-00095,CSTM-KYN,SR,2026-10-04,02:00,07:59,5,caution_block,TMS-SCR-01872,1,0,pending
COA-00392,AZ-MGS,ER,2026-10-04,02:00,06:59,4,emergency_block,"TDMS-ER-02568,TMS-ER-02273",2,2,approved
COA-00557,CNB-NDLS,NR,2026-10-04,12:00,15:59,3,engineering_block,TDMS-SR-00072,1,2,approved
COA-01214,ED-CBE,NFR,2026-10-04,12:00,14:59,2,engineering_block,"SMMS-ECoR-02358,TMS-ECoR-02207,TMS-NWR-03108",1,1,pending
COA-00553,BWN-AZ,CR,2026-10-04,13:00,17:59,4,power_block,"SMMS-CR-01546,SMMS-SCR-02692,TDMS-WCR-00892",4,2,rejected
COA-00040,SC-KZJ,SWR,2026-10-05,00:00,03:59,3,engineering_block,TDMS-ECR-01645,0,1,pending
COA-01136,LTT-NED,SER,2026-10-05,00:00,04:59,4,emergency_block,"TMS-NWR-01110,TDMS-ECR-02642,TMS-NCR-00026",5,0,rejected
COA-01633,ED-CBE,NFR,2026-10-05,00:00,05:59,5,engineering_block,"TMS-SWR-02277,TMS-SR-03227,TMS-NER-02865",1,2,approved
COA-00429,ST-BCT,SECR,2026-10-05,01:00,07:59,6,power_block,"TDMS-SER-01613,SMMS-SCR-02047",3,1,approved
COA-00618,AGC-JHS,ER,2026-10-05,01:00,05:59,4,engineering_block,"TMS-NWR-01293,TMS-ECoR-00408",2,1,approved
COA-01595,NGP-BZA,NR,2026-10-05,01:00,06:59,5,engineering_block,"TDMS-SECR-00592,TMS-WCR-00648,TDMS-SWR-02916",0,1,approved
COA-01949,MAS-ED,NER,2026-10-05,01:00,06:59,5,power_block,"TMS-SWR-01335,TMS-WCR-00373",1,0,approved
COA-00293,CSTM-KYN,SR,2026-10-05,02:00,05:59,3,power_block,TDMS-CR-01325,0,2,pending
COA-00393,CNB-NDLS,NR,2026-10-05,02:00,07:59,5,engineering_block,SMMS-SECR-00819,1,2,approved
COA-00563,AWB-SC,SECR,2026-10-05,02:00,08:59,6,engineering_block,"TMS-SCR-02404,SMMS-SWR-00211,SMMS-SER-02941",1,3,pending
COA-00541,ASR-JUC,NWR,2026-10-05,12:00,15:59,3,engineering_block,"TDMS-SER-02638,TDMS-NR-02111",0,1,approved
COA-00902,MGS-ALD,ECR,2026-10-05,13:00,15:59,2,engineering_block,"SMMS-WCR-02227,SMMS-ER-01749",3,2,approved
COA-01566,KYN-IGP,SCR,2026-10-05,13:00,16:59,3,power_block,TDMS-CR-01704,2,0,approved
COA-01695,JHS-BPL,ECR,2026-10-05,13:00,17:59,4,engineering_block,"TMS-SWR-01744,SMMS-ECR-00657",1,2,approved
COA-01720,BPL-NGP,ECoR,2026-10-06,00:00,03:59,3,emergency_block,TMS-SR-00623,4,0,rejected
COA-00268,SC-KZJ,SWR,2026-10-06,01:00,07:59,6,engineering_block,"TDMS-NWR-02264,TDMS-WCR-00914",1,0,approved
COA-01142,HWH-BWN,WCR,2026-10-06,01:00,05:59,4,power_block,"SMMS-SCR-02588,SMMS-NWR-01664,SMMS-NWR-00863",0,1,approved
COA-01185,AZ-MGS,ER,2026-10-06,01:00,09:59,8,emergency_block,"TMS-NFR-02774,SMMS-NR-00617,TMS-WCR-01088",0,0,approved
COA-00644,JUC-ADI,SR,2026-10-06,02:00,07:59,5,engineering_block,"TMS-NFR-03202,TDMS-WCR-00115,SMMS-NFR-02521",1,0,approved
COA-01236,KZJ-BZA,WR,2026-10-06,02:00,05:59,3,engineering_block,"TMS-CR-01522,SMMS-SR-02682,SMMS-NCR-01866",2,1,approved
COA-00021,LDH-ASR,NFR,2026-10-06,12:00,16:59,4,emergency_block,"TMS-NER-03973,TMS-SER-00994",1,3,pending
COA-00090,MGS-ALD,ECR,2026-10-06,12:00,15:59,3,engineering_block,TDMS-NR-01339,0,1,approved
COA-01069,BZA-MAS,NCR,2026-10-06,12:00,16:59,4,emergency_block,"TDMS-NFR-02464,SMMS-SCR-02771,TDMS-SER-02394",0,2,approved
COA-00841,ALD-CNB,ECoR,2026-10-07,00:00,06:59,6,engineering_block,"TDMS-NR-01182,TDMS-SECR-02063",2,0,approved
COA-01395,ALD-CNB,ECoR,2026-10-07,00:00,03:59,3,engineering_block,TDMS-WCR-00892,0,1,approved
COA-01523,UMB-LDH,NER,2026-10-07,00:00,05:59,5,power_block,TMS-WCR-02392,2,1,approved
COA-01625,UMB-LDH,NER,2026-10-07,00:00,05:59,5,engineering_block,"TMS-NER-01684,TDMS-NCR-02699",4,2,rejected
COA-01870,AGC-JHS,ER,2026-10-07,00:00,06:59,6,power_block,"TDMS-SR-00235,TMS-SCR-00587",5,1,pending
COA-01121,NDLS-AGC,CR,2026-10-07,01:00,05:59,4,emergency_block,"TMS-SECR-02464,TMS-SWR-01335,SMMS-SCR-00383",1,1,approved
COA-01483,CNB-NDLS,NR,2026-10-07,01:00,06:59,5,power_block,"TMS-CR-04245,TMS-CR-00712,TMS-SECR-01470",2,1,pending
COA-01926,CNB-NDLS,NR,2026-10-07,01:00,06:59,5,power_block,TDMS-NFR-02218,3,0,approved
COA-00503,ADI-BRC,SCR,2026-10-07,02:00,05:59,3,engineering_block,SMMS-ECoR-01561,0,1,approved
COA-01092,KYN-IGP,SCR,2026-10-07,02:00,07:59,5,caution_block,"SMMS-ECR-02290,SMMS-SWR-02749,TDMS-SR-02379",4,1,pending
COA-00885,JHS-BPL,ECR,2026-10-07,12:00,14:59,2,power_block,"SMMS-ECoR-00485,TDMS-CR-00772",2,3,pending
COA-00250,ED-CBE,NFR,2026-10-07,13:00,16:59,3,power_block,"SMMS-SER-01336,TDMS-SR-02172,TDMS-NR-02757",0,0,approved
COA-00506,ST-BCT,SECR,2026-10-07,13:00,15:59,2,power_block,"TDMS-NFR-00879,TMS-NWR-01003",1,2,approved
COA-00963,MAS-ED,NER,2026-10-07,13:00,17:59,4,engineering_block,"TDMS-NFR-00030,SMMS-WR-00181,TMS-ECoR-00408",1,1,approved
COA-01325,NDLS-AGC,CR,2026-10-07,13:00,16:59,3,power_block,"TMS-SCR-01872,TDMS-SR-01052,SMMS-ER-02176",1,0,approved
COA-01360,LTT-NED,SER,2026-10-07,13:00,15:59,2,engineering_block,TMS-NER-02865,0,1,approved
COA-00124,AZ-MGS,ER,2026-10-08,00:00,08:59,8,power_block,"TMS-SCR-01046,TMS-SECR-04563",1,0,approved
COA-00360,BRC-ST,SER,2026-10-08,00:00,04:59,4,emergency_block,SMMS-NWR-02844,1,0,approved
COA-00099,ST-BCT,SECR,2026-10-08,01:00,07:59,6,power_block,TMS-SCR-01171,3,2,approved
COA-00359,ASR-JUC,NWR,2026-10-08,01:00,09:59,8,engineering_block,"SMMS-NER-01879,TMS-SCR-04769,SMMS-CR-02687",5,1,rejected
COA-00419,MGS-ALD,ECR,2026-10-08,01:00,05:59,4,power_block,"TMS-SWR-03341,TDMS-WCR-01965",1,0,approved
COA-00510,CBE-TVC,NWR,2026-10-08,01:00,06:59,5,power_block,TMS-NWR-02150,3,0,pending
COA-01610,BCT-RTM,SWR,2026-10-08,01:00,05:59,4,caution_block,"SMMS-ER-00781,TMS-WCR-03400,SMMS-ECoR-02592",0,1,pending
COA-01838,ED-CBE,NFR,2026-10-08,01:00,05:59,4,emergency_block,"SMMS-ECR-01787,TMS-NWR-01110",0,0,approved
COA-01371,KZJ-BZA,WR,2026-10-08,02:00,05:59,3,engineering_block,"TDMS-ER-00708,SMMS-NER-02059,TMS-WCR-04809",1,1,approved
COA-00643,CNB-NDLS,NR,2026-10-08,12:00,14:59,2,caution_block,SMMS-NFR-02621,0,1,approved
COA-01436,NDLS-UMB,NCR,2026-10-08,12:00,15:59,3,power_block,TDMS-SECR-02544,3,0,approved
COA-01578,ADI-BRC,SCR,2026-10-08,13:00,15:59,2,engineering_block,"TDMS-CR-00029,SMMS-NFR-01150",0,0,approved
COA-00262,BRC-ST,SER,2026-10-09,00:00,08:59,8,power_block,"SMMS-ER-01894,TDMS-ER-01468,TDMS-NER-02169",1,0,pending
COA-00535,CNB-NDLS,NR,2026-10-09,00:00,06:59,6,power_block,"TDMS-SER-00480,SMMS-NR-00979",2,3,pending
COA-00914,NDLS-AGC,CR,2026-10-09,00:00,08:59,8,power_block,"TDMS-ECoR-00703,TDMS-WR-01956,TMS-SR-02998",2,0,approved
COA-00928,UMB-LDH,NER,2026-10-09,00:00,05:59,5,engineering_block,"SMMS-ER-01585,TDMS-NER-00820,SMMS-CR-01963",0,1,approved
COA-01805,BPL-NGP,ECoR,2026-10-09,00:00,05:59,5,engineering_block,"TMS-ER-02273,TDMS-ECoR-01669,TMS-NER-00820",0,0,approved
COA-00505,BWN-AZ,CR,2026-10-09,01:00,07:59,6,engineering_block,"SMMS-ER-02017,TMS-NFR-04444,TMS-SWR-00640",4,2,pending
COA-00196,LTT-NED,SER,2026-10-09,02:00,06:59,4,power_block,"TMS-NCR-03915,TDMS-SCR-00125",2,1,approved
COA-00202,BRC-ST,SER,2026-10-09,02:00,07:59,5,engineering_block,"SMMS-NWR-00106,TDMS-ER-02727",3,1,approved
COA-01267,LTT-NED,SER,2026-10-09,02:00,07:59,5,caution_block,TMS-SR-00851,1,2,approved
COA-01274,MGS-ALD,ECR,2026-10-09,02:00,05:59,3,emergency_block,"TDMS-SCR-00484,TMS-SER-03261",1,0,approved
COA-01352,KYN-IGP,SCR,2026-10-09,02:00,07:59,5,power_block,"SMMS-SWR-00066,TDMS-NCR-01127,TMS-WCR-00778",1,0,pending
COA-01567,AWB-SC,SECR,2026-10-09,12:00,16:59,4,power_block,TDMS-CR-01975,0,0,approved
COA-01309,ALD-CNB,ECoR,2026-10-09,13:00,16:59,3,power_block,"TMS-ECoR-02176,SMMS-ECoR-00165",1,1,pending
COA-00003,JUC-ADI,SR,2026-10-10,01:00,05:59,4,engineering_block,"TDMS-NCR-02646,TMS-NR-03491,TDMS-NER-00685",0,1,pending
COA-00356,AWB-SC,SECR,2026-10-10,01:00,09:59,8,emergency_block,"TDMS-ECoR-00721,SMMS-NWR-01323,SMMS-WR-00565",0,0,approved
COA-00907,AZ-MGS,ER,2026-10-10,01:00,04:59,3,power_block,TMS-NR-04326,0,1,approved
COA-01400,ED-CBE,NFR,2026-10-10,01:00,04:59,3,caution_block,"TMS-ECoR-01138,SMMS-ECoR-01226,SMMS-ER-01446",0,1,approved
COA-00294,ADI-BRC,SCR,2026-10-10,02:00,06:59,4,engineering_block,"TDMS-NWR-02123,TDMS-SCR-02392",0,2,approved
COA-00343,BWN-AZ,CR,2026-10-10,02:00,07:59,5,power_block,"TDMS-WCR-02812,TMS-WCR-01778",2,0,approved
COA-00889,ED-CBE,NFR,2026-10-10,02:00,10:59,8,power_block,TDMS-WR-02356,1,1,approved
COA-01558,JUC-ADI,SR,2026-10-10,02:00,05:59,3,power_block,SMMS-NER-01793,2,1,approved
COA-01903,SC-KZJ,SWR,2026-10-10,02:00,06:59,4,caution_block,"SMMS-ECR-00657,SMMS-NER-01103",1,3,pending
COA-01968,BWN-AZ,CR,2026-10-10,02:00,05:59,3,engineering_block,"SMMS-CR-01546,TDMS-ECoR-01669,SMMS-SR-00271",1,0,approved
COA-00400,BWN-AZ,CR,2026-10-10,12:00,15:59,3,caution_block,"SMMS-NCR-01062,TMS-NWR-01853,TDMS-SWR-02776",0,0,approved
COA-00123,JHS-BPL,ECR,2026-10-11,00:00,05:59,5,power_block,"TMS-NR-01801,TMS-NR-02519",4,1,rejected
COA-00306,HWH-BWN,WCR,2026-10-11,00:00,03:59,3,emergency_block,"TMS-WCR-00639,TMS-WCR-00046",1,1,pending
COA-00346,CSTM-KYN,SR,2026-10-11,00:00,05:59,5,engineering_block,TMS-NFR-03279,1,2,pending
COA-01546,LDH-ASR,NFR,2026-10-11,00:00,03:59,3,emergency_block,"TDMS-NFR-02993,TMS-WCR-03634,TMS-NR-04226",1,0,approved
COA-00277,NDLS-UMB,NCR,2026-10-11,01:00,04:59,3,engineering_block,"SMMS-NR-02364,TMS-NER-04955,TMS-ECR-00390",3,1,approved
COA-01299,ST-BCT,SECR,2026-10-11,01:00,06:59,5,caution_block,"SMMS-SR-00271,TMS-SR-02719",0,0,approved
COA-01683,CSTM-KYN,SR,2026-10-11,01:00,05:59,4,engineering_block,"TDMS-NR-01020,TDMS-NCR-02541",0,0,approved
COA-01969,ALD-CNB,ECoR,2026-10-11,01:00,07:59,6,engineering_block,"TDMS-SCR-02711,TMS-SCR-01171,TDMS-ECoR-02819",5,0,pending
COA-00312,BPL-NGP,ECoR,2026-10-11,02:00,10:59,8,engineering_block,TMS-NR-01597,0,0,approved
COA-01006,ED-CBE,NFR,2026-10-11,02:00,05:59,3,emergency_block,"TMS-ECoR-03657,SMMS-SCR-02771,TDMS-NER-02256",1,0,approved
COA-01161,JHS-BPL,ECR,2026-10-11,02:00,06:59,4,engineering_block,"SMMS-CR-01106,TDMS-NR-02821,TDMS-NER-00064",2,1,approved
COA-01530,MAS-ED,NER,2026-10-11,02:00,07:59,5,power_block,"TDMS-SER-00165,TMS-CR-01416,SMMS-WR-01126",1,3,rejected
COA-00066,KYN-IGP,SCR,2026-10-11,12:00,14:59,2,engineering_block,"SMMS-WCR-02580,SMMS-WR-00076,TDMS-SWR-00862",0,1,approved
COA-01099,NDLS-AGC,CR,2026-10-11,12:00,14:59,2,power_block,"TMS-NFR-02063,TDMS-WCR-01513",0,0,approved
COA-01173,CSTM-KYN,SR,2026-10-11,12:00,14:59,2,caution_block,"TDMS-SER-01357,TMS-NWR-01003,SMMS-ER-01620",0,0,approved
COA-00628,CSTM-KYN,SR,2026-10-12,00:00,04:59,4,engineering_block,"TMS-SR-00939,TDMS-WR-02858,TDMS-NFR-00521",3,1,pending
COA-00754,AWB-SC,SECR,2026-10-12,00:00,05:59,5,power_block,SMMS-ER-01446,0,2,pending
COA-01626,AGC-JHS,ER,2026-10-12,00:00,03:59,3,caution_block,"TMS-ECoR-02944,TMS-ECR-04182,SMMS-NFR-02873",1,0,approved
COA-00830,UMB-LDH,NER,2026-10-12,01:00,07:59,6,engineering_block,"TMS-SCR-04867,SMMS-ER-00960,TDMS-SCR-02392",2,2,pending
COA-01383,CBE-TVC,NWR,2026-10-12,01:00,07:59,6,caution_block,"SMMS-SCR-01282,TMS-NR-00305",0,0,approved
COA-01844,CBE-TVC,NWR,2026-10-12,01:00,07:59,6,caution_block,"TDMS-NER-00645,SMMS-WR-00384",2,0,approved
COA-01999,BRC-ST,SER,2026-10-12,01:00,06:59,5,engineering_block,TMS-SER-01916,0,1,approved
COA-01254,JUC-ADI,SR,2026-10-12,02:00,07:59,5,engineering_block,TMS-NWR-01293,2,0,pending
COA-01380,UMB-LDH,NER,2026-10-12,02:00,07:59,5,engineering_block,"TDMS-SER-01357,SMMS-ECR-02935,TMS-NER-03612",2,0,approved
COA-01522,ALD-CNB,ECoR,2026-10-12,02:00,08:59,6,engineering_block,"SMMS-SR-02302,TDMS-SER-01012",0,1,approved
COA-01619,AGC-JHS,ER,2026-10-12,02:00,10:59,8,engineering_block,"TDMS-WR-00884,SMMS-WCR-00630,TMS-NCR-03229",2,2,approved
COA-00185,AWB-SC,SECR,2026-10-12,12:00,16:59,4,emergency_block,"SMMS-SR-02409,TDMS-SECR-01501",2,3,pending
COA-00504,AWB-SC,SECR,2026-10-12,13:00,15:59,2,power_block,"TDMS-NCR-01405,TDMS-ER-00766,TDMS-NCR-01811",4,0,pending
COA-01071,AWB-SC,SECR,2026-10-12,13:00,16:59,3,caution_block,TMS-SCR-01897,2,1,approved
COA-00529,HWH-BWN,WCR,2026-10-13,00:00,08:59,8,power_block,"TMS-NFR-02045,TMS-WR-00327,TMS-SR-02412",1,1,approved
COA-01582,NGP-BZA,NR,2026-10-13,00:00,06:59,6,engineering_block,"TMS-NWR-04879,TDMS-NER-00712,TDMS-ECR-00039",2,0,approved
COA-00582,HWH-BWN,WCR,2026-10-13,01:00,07:59,6,engineering_block,"TMS-NR-00209,SMMS-ER-01620,TDMS-ECR-01192",1,1,approved
COA-01690,NDLS-AGC,CR,2026-10-13,01:00,05:59,4,engineering_block,TDMS-SR-00551,1,0,approved
COA-00270,CNB-NDLS,NR,2026-10-13,02:00,08:59,6,caution_block,"SMMS-WCR-00105,TDMS-CR-02675",0,1,approved
COA-00630,BPL-NGP,ECoR,2026-10-13,02:00,08:59,6,engineering_block,"TDMS-ECoR-02586,TMS-WCR-00601,SMMS-SCR-02902",2,0,approved
COA-00783,BZA-MAS,NCR,2026-10-13,02:00,08:59,6,engineering_block,TDMS-NR-01931,0,1,approved
COA-01220,SC-KZJ,SWR,2026-10-13,02:00,05:59,3,engineering_block,"TMS-WCR-02392,TMS-WCR-00028,SMMS-ECoR-00591",1,2,pending
COA-01964,BPL-NGP,ECoR,2026-10-13,02:00,07:59,5,power_block,"SMMS-SR-00316,SMMS-NFR-00213,TMS-NCR-00902",2,0,approved
COA-00257,AGC-JHS,ER,2026-10-13,12:00,14:59,2,engineering_block,"SMMS-SR-01304,TMS-NCR-02548",1,0,approved
COA-00714,MGS-ALD,ECR,2026-10-13,12:00,15:59,3,engineering_block,"SMMS-SCR-00596,SMMS-NFR-00297,TMS-WCR-02392",1,1,approved
COA-01083,ASR-JUC,NWR,2026-10-13,12:00,16:59,4,power_block,"SMMS-SWR-00941,TMS-NR-03491",4,1,rejected
COA-01255,KZJ-BZA,WR,2026-10-13,12:00,15:59,3,emergency_block,"SMMS-ECoR-02358,TDMS-NWR-00477",3,1,approved
COA-01443,ADI-BRC,SCR,2026-10-13,12:00,15:59,3,engineering_block,"TMS-SER-01105,TDMS-SCR-02027",4,0,pending
COA-00545,ST-BCT,SECR,2026-10-13,13:00,17:59,4,emergency_block,"SMMS-ECoR-00157,TDMS-NR-01020,TDMS-ER-01897",1,1,approved
COA-00937,ADI-BRC,SCR,2026-10-13,13:00,15:59,2,engineering_block,TMS-ECR-02598,0,1,approved
COA-00255,ASR-JUC,NWR,2026-10-14,00:00,06:59,6,power_block,"TDMS-NR-02293,TDMS-ECR-02642",2,0,pending
COA-00708,AGC-JHS,ER,2026-10-14,00:00,08:59,8,power_block,SMMS-SER-00862,0,2,approved
COA-00734,SC-KZJ,SWR,2026-10-14,00:00,03:59,3,engineering_block,"TMS-SWR-04869,SMMS-SCR-00626",1,2,approved
COA-01559,JUC-ADI,SR,2026-10-14,00:00,03:59,3,engineering_block,"TMS-SCR-03592,TMS-NWR-04072,TMS-SCR-02251",2,0,approved
COA-00886,BZA-MAS,NCR,2026-10-14,01:00,05:59,4,engineering_block,"TMS-SWR-04869,SMMS-SECR-02717,TMS-SR-00697",2,2,approved
COA-01057,ASR-JUC,NWR,2026-10-14,01:00,06:59,5,power_block,"TMS-SCR-02404,TDMS-NR-01784",1,0,approved
COA-01832,BRC-ST,SER,2026-10-14,01:00,05:59,4,engineering_block,"SMMS-ECoR-02358,SMMS-SR-01552,TMS-ECoR-04254",2,2,approved
COA-00311,JUC-ADI,SR,2026-10-14,02:00,08:59,6,engineering_block,"TMS-ECoR-03362,TMS-ER-03304,SMMS-NR-01189",2,1,approved
COA-00823,ASR-JUC,NWR,2026-10-14,02:00,05:59,3,power_block,"TDMS-NER-02936,SMMS-NER-01222,TMS-WR-02535",0,0,approved
COA-00836,ASR-JUC,NWR,2026-10-14,02:00,07:59,5,caution_block,"TMS-CR-03281,TMS-NCR-00026,SMMS-SWR-02462",0,1,approved
COA-01023,ED-CBE,NFR,2026-10-14,02:00,06:59,4,caution_block,"TDMS-SR-01851,TMS-NR-04850,TDMS-NCR-02541",0,0,approved
COA-01329,UMB-LDH,NER,2026-10-14,02:00,05:59,3,caution_block,"TDMS-NFR-00738,TDMS-ER-02727",0,2,approved
COA-00661,AGC-JHS,ER,2026-10-14,12:00,14:59,2,engineering_block,"SMMS-SR-00022,SMMS-SECR-00912",0,3,rejected
COA-00651,KYN-IGP,SCR,2026-10-14,13:00,17:59,4,engineering_block,"TMS-SCR-03038,TMS-SR-04186",0,2,approved
COA-00835,SC-KZJ,SWR,2026-10-15,00:00,04:59,4,engineering_block,"TDMS-NER-00514,TMS-CR-03778,TDMS-SR-02379",0,1,pending
COA-00165,LTT-NED,SER,2026-10-15,02:00,06:59,4,engineering_block,"SMMS-NWR-00232,TMS-SECR-03855,TDMS-ECR-01089",2,0,approved
COA-01040,HWH-BWN,WCR,2026-10-15,02:00,05:59,3,engineering_block,"TMS-CR-01002,TMS-NCR-00881,SMMS-ECoR-00900",2,0,approved
COA-01736,NDLS-AGC,CR,2026-10-15,02:00,08:59,6,emergency_block,"TDMS-NFR-00879,TDMS-SECR-02063",3,1,approved
COA-01829,ASR-JUC,NWR,2026-10-15,02:00,05:59,3,engineering_block,"TMS-WR-01510,TDMS-NR-00315,SMMS-CR-00742",1,1,approved
COA-00617,HWH-BWN,WCR,2026-10-15,13:00,16:59,3,engineering_block,"SMMS-ECoR-00546,TMS-NER-01684,TDMS-NFR-02453",0,2,approved
COA-00468,BPL-NGP,ECoR,2026-10-16,01:00,07:59,6,power_block,"SMMS-NCR-02959,TMS-NWR-03307",2,0,approved
COA-00494,AZ-MGS,ER,2026-10-16,01:00,06:59,5,engineering_block,SMMS-ECR-01762,0,1,approved
COA-00938,SC-KZJ,SWR,2026-10-16,01:00,09:59,8,engineering_block,"TMS-SCR-04031,TMS-WCR-03413",1,0,approved
COA-00659,NGP-BZA,NR,2026-10-16,02:00,07:59,5,caution_block,"TMS-WCR-03547,TDMS-ECoR-02961",1,1,approved
COA-00157,ALD-CNB,ECoR,2026-10-16,13:00,15:59,2,engineering_block,"TDMS-NR-01484,SMMS-ER-00880,TMS-SWR-02109",2,0,pending
COA-00571,LDH-ASR,NFR,2026-10-17,00:00,03:59,3,power_block,TMS-WCR-00701,0,1,approved
COA-00216,LTT-NED,SER,2026-10-17,02:00,06:59,4,emergency_block,SMMS-SR-01127,2,0,approved
COA-00743,CNB-NDLS,NR,2026-10-17,02:00,06:59,4,power_block,"TMS-NFR-02137,TMS-ECoR-01138",1,0,approved
COA-01300,ASR-JUC,NWR,2026-10-17,02:00,07:59,5,engineering_block,TMS-SECR-03855,2,1,pending
COA-01738,BZA-MAS,NCR,2026-10-17,02:00,08:59,6,engineering_block,TDMS-NWR-00580,0,2,approved
COA-01478,BPL-NGP,ECoR,2026-10-17,12:00,15:59,3,engineering_block,"TDMS-NWR-00093,TMS-NR-01117,TMS-SER-01590",1,3,rejected
COA-01485,BPL-NGP,ECoR,2026-10-17,12:00,15:59,3,engineering_block,TDMS-NR-02884,0,0,approved
COA-00301,JHS-BPL,ECR,2026-10-17,13:00,15:59,2,caution_block,"TMS-SECR-01710,TMS-ECR-00910,TMS-SECR-02955",1,3,pending
COA-01555,ASR-JUC,NWR,2026-10-17,13:00,16:59,3,engineering_block,"TDMS-WCR-02282,SMMS-NR-00536,TMS-NR-00180",0,0,approved
COA-01661,ASR-JUC,NWR,2026-10-17,13:00,15:59,2,engineering_block,"TDMS-ECR-02140,SMMS-SER-01108,TDMS-SCR-00000",0,1,approved
COA-01703,UMB-LDH,NER,2026-10-17,13:00,17:59,4,engineering_block,"TMS-SWR-04608,TDMS-ER-00303,SMMS-SR-02302",0,1,pending
COA-01326,JUC-ADI,SR,2026-10-18,00:00,06:59,6,engineering_block,TMS-SR-04524,0,1,pending
COA-00428,AGC-JHS,ER,2026-10-18,02:00,07:59,5,engineering_block,"TMS-ECR-01013,SMMS-ER-00380,TMS-ECR-04212",3,1,pending
COA-01498,ED-CBE,NFR,2026-10-18,02:00,10:59,8,engineering_block,"TDMS-NR-00975,TMS-CR-01445,TDMS-NER-00034",0,1,pending
COA-01773,BZA-MAS,NCR,2026-10-18,02:00,08:59,6,engineering_block,"SMMS-WR-00352,SMMS-SR-00022,TMS-ECR-04376",5,0,pending
COA-00581,CSTM-KYN,SR,2026-10-18,12:00,14:59,2,engineering_block,"SMMS-SCR-00204,TDMS-NWR-00580,TMS-ECR-00255",1,0,approved
COA-00930,ST-BCT,SECR,2026-10-19,00:00,05:59,5,engineering_block,"SMMS-NFR-02621,TMS-SECR-01548,TMS-SECR-04563",0,1,pending
COA-00164,CNB-NDLS,NR,2026-10-19,01:00,07:59,6,caution_block,"TMS-WR-03435,SMMS-ER-00008,TMS-NWR-03814",2,3,rejected
COA-00600,CNB-NDLS,NR,2026-10-19,01:00,06:59,5,engineering_block,"TMS-ECR-04212,SMMS-WR-00182",0,0,approved
COA-00713,BZA-MAS,NCR,2026-10-19,01:00,06:59,5,power_block,"TMS-WCR-00443,SMMS-CR-01279,SMMS-NER-02266",3,1,approved
COA-01343,ADI-BRC,SCR,2026-10-19,01:00,07:59,6,engineering_block,"TDMS-SECR-02544,TDMS-SWR-00638",5,1,pending
COA-01965,NGP-BZA,NR,2026-10-19,01:00,04:59,3,engineering_block,SMMS-NWR-02173,0,0,approved
COA-00098,UMB-LDH,NER,2026-10-19,02:00,06:59,4,caution_block,"TDMS-SR-01589,TDMS-ER-00766",1,3,rejected
COA-00106,JUC-ADI,SR,2026-10-19,02:00,08:59,6,caution_block,"TMS-ECR-00302,TMS-SCR-03908,SMMS-WCR-00630",0,2,approved
COA-00171,AGC-JHS,ER,2026-10-19,02:00,06:59,4,engineering_block,TMS-SWR-00822,5,1,rejected
COA-01102,MAS-ED,NER,2026-10-19,02:00,05:59,3,engineering_block,"TMS-ECoR-02207,SMMS-NER-01921,TDMS-SR-01308",2,1,approved
COA-00738,CNB-NDLS,NR,2026-10-19,12:00,15:59,3,engineering_block,"TMS-CR-02842,SMMS-WR-02494",0,2,approved
COA-01513,LDH-ASR,NFR,2026-10-19,13:00,17:59,4,engineering_block,"TMS-ECoR-02207,SMMS-NFR-01012,SMMS-CR-00223",0,2,approved
COA-00385,BWN-AZ,CR,2026-10-20,00:00,04:59,4,engineering_block,TDMS-NFR-02429,2,2,approved
COA-01208,ST-BCT,SECR,2026-10-20,00:00,03:59,3,power_block,TMS-WR-02917,0,0,approved
COA-00004,HWH-BWN,WCR,2026-10-20,01:00,07:59,6,engineering_block,"TMS-SWR-00493,TMS-SER-01592",1,0,approved
COA-01989,MAS-ED,NER,2026-10-20,01:00,06:59,5,power_block,"SMMS-SECR-02717,TDMS-SCR-02711,TDMS-NR-02888",1,0,approved
COA-00365,MAS-ED,NER,2026-10-20,02:00,07:59,5,engineering_block,TDMS-NR-02726,5,2,rejected
COA-00398,AGC-JHS,ER,2026-10-20,02:00,07:59,5,power_block,"TMS-SR-00623,TDMS-SR-01052",2,3,pending
COA-01883,SC-KZJ,SWR,2026-10-20,02:00,06:59,4,engineering_block,TMS-SR-02321,2,1,approved
COA-00065,BCT-RTM,SWR,2026-10-20,12:00,14:59,2,power_block,"TMS-WR-00945,SMMS-SCR-00521,SMMS-ER-01623",2,1,approved
COA-00489,NDLS-UMB,NCR,2026-10-20,13:00,17:59,4,engineering_block,TDMS-SCR-01874,0,3,rejected
COA-01475,AWB-SC,SECR,2026-10-21,00:00,03:59,3,power_block,"TMS-ER-03065,TMS-SECR-02422",2,1,pending
COA-00292,BCT-RTM,SWR,2026-10-21,01:00,07:59,6,power_block,"TMS-NWR-02205,SMMS-WCR-00523",4,0,pending
COA-00434,JHS-BPL,ECR,2026-10-21,01:00,07:59,6,engineering_block,"SMMS-SR-02302,TMS-NFR-01160,SMMS-SR-00022",2,1,pending
COA-00777,MAS-ED,NER,2026-10-21,01:00,04:59,3,power_block,"SMMS-WR-00944,SMMS-NWR-02578,TMS-ER-02612",1,2,approved
COA-01188,JHS-BPL,ECR,2026-10-21,01:00,05:59,4,engineering_block,TMS-NWR-03814,2,0,approved
COA-00025,ST-BCT,SECR,2026-10-21,02:00,05:59,3,power_block,"TMS-ECoR-02176,SMMS-NR-00736",2,2,approved
COA-00141,ALD-CNB,ECoR,2026-10-21,02:00,05:59,3,engineering_block,"TMS-NCR-01891,SMMS-ECoR-00165",0,3,pending
COA-00248,NDLS-UMB,NCR,2026-10-21,02:00,05:59,3,emergency_block,"TDMS-NCR-00923,TMS-SER-03443",2,0,pending
COA-00403,ED-CBE,NFR,2026-10-21,02:00,08:59,6,power_block,TDMS-NFR-02146,0,1,approved
COA-01132,BCT-RTM,SWR,2026-10-21,02:00,05:59,3,engineering_block,SMMS-NR-01154,2,1,approved
COA-01197,JHS-BPL,ECR,2026-10-21,02:00,06:59,4,engineering_block,"TMS-ER-04337,TMS-SECR-01548,TMS-NER-02656",1,2,approved
COA-01237,CSTM-KYN,SR,2026-10-21,02:00,07:59,5,engineering_block,TMS-SCR-03566,2,1,approved
COA-01743,AWB-SC,SECR,2026-10-21,12:00,15:59,3,engineering_block,"SMMS-CR-00223,TDMS-ECoR-02274,TDMS-ECR-02140",4,3,pending
COA-00280,CBE-TVC,NWR,2026-10-21,13:00,15:59,2,caution_block,TDMS-NFR-02609,1,0,approved
COA-00023,LDH-ASR,NFR,2026-10-22,00:00,04:59,4,engineering_block,"TDMS-ECoR-02274,SMMS-WR-01194",0,1,approved
COA-00952,CBE-TVC,NWR,2026-10-22,00:00,05:59,5,engineering_block,"TMS-WR-04690,TDMS-SECR-02063",2,1,approved
COA-00987,CNB-NDLS,NR,2026-10-22,00:00,08:59,8,engineering_block,"SMMS-NCR-02075,TDMS-WCR-01896",1,0,approved
COA-01950,BCT-RTM,SWR,2026-10-22,00:00,05:59,5,emergency_block,TMS-WR-00327,0,0,approved
COA-00155,CNB-NDLS,NR,2026-10-22,01:00,07:59,6,emergency_block,SMMS-SCR-02914,4,0,rejected
COA-00323,LTT-NED,SER,2026-10-22,01:00,09:59,8,power_block,TMS-SR-00939,1,1,pending
COA-00919,NDLS-UMB,NCR,2026-10-22,01:00,06:59,5,power_block,SMMS-NER-01103,1,0,approved
COA-01901,LDH-ASR,NFR,2026-10-22,01:00,05:59,4,emergency_block,"SMMS-SR-00316,TDMS-WR-02563",1,2,approved
COA-00016,BCT-RTM,SWR,2026-10-22,02:00,06:59,4,engineering_block,TDMS-SECR-01421,0,1,pending
COA-00912,NDLS-AGC,CR,2026-10-22,02:00,06:59,4,caution_block,"SMMS-NWR-00827,TDMS-NER-02256,TDMS-SER-00680",3,0,approved
COA-01265,NGP-BZA,NR,2026-10-22,02:00,07:59,5,emergency_block,"TDMS-ER-01629,TDMS-NFR-00578",3,0,approved
COA-01429,KZJ-BZA,WR,2026-10-22,02:00,10:59,8,power_block,"SMMS-ECR-00227,SMMS-WCR-00685",3,1,approved
COA-00421,CSTM-KYN,SR,2026-10-22,12:00,16:59,4,engineering_block,"TMS-NCR-04527,TDMS-WR-02508,SMMS-NR-02617",0,3,pending
COA-01798,BRC-ST,SER,2026-10-22,12:00,16:59,4,power_block,TDMS-ER-02615,1,2,pending
COA-00083,NGP-BZA,NR,2026-10-23,00:00,04:59,4,engineering_block,SMMS-NCR-02695,2,3,pending
COA-00619,JUC-ADI,SR,2026-10-23,00:00,05:59,5,caution_block,"SMMS-NFR-00753,TMS-SWR-02555,TDMS-NR-02726",1,0,approved
COA-00742,ST-BCT,SECR,2026-10-23,00:00,03:59,3,power_block,"SMMS-SER-01553,TDMS-CR-01325",3,1,approved
COA-00793,JHS-BPL,ECR,2026-10-23,00:00,04:59,4,engineering_block,SMMS-SWR-00570,0,0,approved
COA-01808,AGC-JHS,ER,2026-10-23,00:00,08:59,8,caution_block,"TDMS-SECR-01875,SMMS-NR-02908",3,0,approved
COA-01811,UMB-LDH,NER,2026-10-23,00:00,05:59,5,caution_block,TDMS-NR-00315,1,0,approved
COA-00324,CSTM-KYN,SR,2026-10-23,01:00,05:59,4,caution_block,"TDMS-SCR-00175,TDMS-ECoR-02386",1,0,approved
COA-01065,NGP-BZA,NR,2026-10-23,01:00,04:59,3,engineering_block,SMMS-NFR-01406,3,0,approved
COA-01373,MAS-ED,NER,2026-10-23,02:00,07:59,5,engineering_block,"TDMS-NFR-02876,TDMS-ER-00405,TMS-NER-04955",3,0,approved
COA-01837,SC-KZJ,SWR,2026-10-23,02:00,06:59,4,engineering_block,"TMS-SCR-02596,TDMS-WCR-02545",2,1,pending
COA-01897,LTT-NED,SER,2026-10-23,02:00,07:59,5,engineering_block,"TDMS-NWR-01912,TMS-SWR-01911,TDMS-ECoR-01431",0,1,approved
COA-00221,KYN-IGP,SCR,2026-10-23,12:00,15:59,3,power_block,TDMS-SER-02638,1,1,approved
COA-01381,CBE-TVC,NWR,2026-10-24,00:00,05:59,5,engineering_block,"SMMS-ER-00880,TMS-ECoR-00395",4,0,rejected
COA-01482,UMB-LDH,NER,2026-10-24,00:00,03:59,3,power_block,TMS-NCR-04817,2,2,approved
COA-00524,ADI-BRC,SCR,2026-10-24,01:00,06:59,5,emergency_block,"TMS-SECR-02101,SMMS-NCR-01056,SMMS-SER-02941",2,1,approved
COA-01978,BWN-AZ,CR,2026-10-24,01:00,07:59,6,power_block,"SMMS-NCR-02101,TDMS-WR-02328,TMS-NR-00209",3,2,pending
COA-00465,BCT-RTM,SWR,2026-10-24,02:00,06:59,4,engineering_block,"TMS-ER-03408,TDMS-ECR-00184,TMS-WCR-02267",1,0,approved
COA-01397,CNB-NDLS,NR,2026-10-24,02:00,05:59,3,power_block,TMS-CR-00889,0,0,approved
COA-01699,HWH-BWN,WCR,2026-10-24,02:00,06:59,4,emergency_block,"TDMS-NFR-00578,TMS-NCR-04744",4,1,rejected
COA-01794,NDLS-UMB,NCR,2026-10-24,12:00,16:59,4,engineering_block,"SMMS-SECR-00517,SMMS-WCR-01523",0,0,approved
COA-00991,AZ-MGS,ER,2026-10-24,13:00,16:59,3,engineering_block,"TMS-CR-04880,SMMS-NCR-01056",3,3,rejected
COA-01560,ED-CBE,NFR,2026-10-24,13:00,16:59,3,caution_block,"TMS-SECR-00035,TDMS-SER-02494",1,3,pending
COA-00387,KZJ-BZA,WR,2026-10-25,00:00,04:59,4,power_block,"TMS-SECR-00920,TDMS-ECoR-02755,SMMS-NWR-02578",2,0,approved
COA-00615,NGP-BZA,NR,2026-10-25,00:00,04:59,4,power_block,"TDMS-NCR-02947,TMS-SER-02803,TMS-WCR-00443",4,1,pending
COA-00407,MAS-ED,NER,2026-10-25,01:00,04:59,3,engineering_block,TDMS-ECoR-01431,1,1,approved
COA-00519,KYN-IGP,SCR,2026-10-25,01:00,07:59,6,power_block,"TMS-WR-04330,SMMS-SR-01304",0,0,approved
COA-00807,BPL-NGP,ECoR,2026-10-25,01:00,05:59,4,caution_block,SMMS-WCR-02497,5,2,rejected
COA-01362,NDLS-AGC,CR,2026-10-25,01:00,07:59,6,power_block,TMS-WR-01274,2,0,approved
COA-01502,MAS-ED,NER,2026-10-25,01:00,06:59,5,power_block,"TDMS-WCR-02940,TMS-ER-03304,TMS-WCR-01275",1,1,approved
COA-01887,LDH-ASR,NFR,2026-10-25,01:00,07:59,6,engineering_block,TDMS-NWR-02264,1,0,approved
COA-00122,ST-BCT,SECR,2026-10-25,02:00,06:59,4,engineering_block,"TDMS-CR-02332,TMS-NER-00628,TDMS-NFR-01197",0,0,approved
COA-01270,JHS-BPL,ECR,2026-10-25,02:00,07:59,5,emergency_block,TDMS-SR-00593,2,3,pending
COA-00026,KYN-IGP,SCR,2026-10-25,12:00,15:59,3,engineering_block,"TMS-NR-01597,TDMS-SECR-00180,TMS-SER-02926",4,2,pending
COA-00576,BCT-RTM,SWR,2026-10-25,12:00,14:59,2,emergency_block,TMS-WR-04690,3,1,approved
COA-01138,CNB-NDLS,NR,2026-10-25,12:00,14:59,2,engineering_block,"TMS-NCR-01520,SMMS-NWR-02951,TDMS-SR-02172",3,2,pending
COA-01497,AWB-SC,SECR,2026-10-25,12:00,16:59,4,caution_block,"TMS-SWR-03344,TMS-NER-02620",2,0,approved
COA-01433,ALD-CNB,ECoR,2026-10-26,01:00,05:59,4,emergency_block,"SMMS-SR-02302,TDMS-SR-00551,SMMS-NFR-01644",0,0,approved
COA-01778,LDH-ASR,NFR,2026-10-26,01:00,04:59,3,engineering_block,"TMS-SWR-01791,TMS-NR-04226,TMS-SECR-00006",0,1,approved
COA-01026,MGS-ALD,ECR,2026-10-26,02:00,07:59,5,emergency_block,"TMS-WR-01352,TDMS-NWR-02637",5,2,pending
COA-01779,ALD-CNB,ECoR,2026-10-26,02:00,07:59,5,engineering_block,"TDMS-SCR-00997,SMMS-SCR-02972",1,2,approved
COA-00439,AZ-MGS,ER,2026-10-26,12:00,14:59,2,power_block,"TMS-WR-03250,TMS-ER-00694,TDMS-NFR-01197",2,0,approved
COA-01675,ED-CBE,NFR,2026-10-26,13:00,17:59,4,engineering_block,"TMS-WCR-03523,TMS-SER-02845,SMMS-ECR-00522",3,2,approved
COA-00977,BCT-RTM,SWR,2026-10-27,00:00,06:59,6,power_block,"TDMS-CR-02524,SMMS-SCR-00313,SMMS-SER-02445",0,0,approved
COA-01308,JUC-ADI,SR,2026-10-27,00:00,05:59,5,engineering_block,"SMMS-NR-02000,TDMS-SWR-01853,TMS-SCR-00004",0,0,approved
COA-01369,ASR-JUC,NWR,2026-10-27,00:00,04:59,4,engineering_block,"TDMS-ECR-01089,TDMS-CR-02184",1,3,pending
COA-01634,ADI-BRC,SCR,2026-10-27,00:00,04:59,4,power_block,"TDMS-SCR-00484,TMS-NWR-02150,TDMS-ER-00272",3,0,approved
COA-00082,LTT-NED,SER,2026-10-27,01:00,07:59,6,engineering_block,"TMS-CR-02914,TMS-SER-01981",2,2,approved
COA-00781,ASR-JUC,NWR,2026-10-27,01:00,05:59,4,engineering_block,"TMS-SECR-02101,SMMS-SWR-00437,TDMS-ECoR-02386",3,0,pending
COA-01174,LDH-ASR,NFR,2026-10-27,01:00,05:59,4,engineering_block,"TMS-SCR-01579,TMS-WCR-03668,TMS-SWR-01783",2,0,approved
COA-01241,AGC-JHS,ER,2026-10-27,01:00,06:59,5,engineering_block,TMS-SR-03526,4,0,pending
COA-01339,LDH-ASR,NFR,2026-10-27,01:00,05:59,4,engineering_block,TMS-NWR-01021,1,0,pending
COA-01726,CSTM-KYN,SR,2026-10-27,01:00,06:59,5,engineering_block,"TMS-ECoR-01953,TDMS-WR-02563,TDMS-NFR-00521",0,1,approved
COA-01980,SC-KZJ,SWR,2026-10-27,01:00,06:59,5,caution_block,"TMS-SCR-01171,TDMS-WCR-00892",0,1,approved
COA-00575,CNB-NDLS,NR,2026-10-27,02:00,08:59,6,engineering_block,"TMS-SER-03333,TDMS-NCR-00355,SMMS-NWR-01571",2,1,approved
COA-00595,BCT-RTM,SWR,2026-10-27,02:00,10:59,8,power_block,"SMMS-SR-00400,TMS-SWR-03472",1,0,approved
COA-01685,BWN-AZ,CR,2026-10-28,00:00,06:59,6,engineering_block,"TMS-SR-00634,TMS-SCR-01579,TDMS-WR-01124",1,0,approved
COA-01992,LDH-ASR,NFR,2026-10-28,00:00,04:59,4,power_block,"TMS-NFR-03769,TMS-CR-01308,TMS-NFR-03867",1,0,approved
COA-01116,BRC-ST,SER,2026-10-28,01:00,06:59,5,emergency_block,"TMS-NFR-02166,SMMS-WR-02240",1,1,approved
COA-01987,BZA-MAS,NCR,2026-10-28,01:00,05:59,4,power_block,"TMS-SWR-00822,TMS-ECR-04212",0,1,approved
COA-01078,LTT-NED,SER,2026-10-28,02:00,05:59,3,engineering_block,SMMS-WR-00677,0,1,pending
COA-01854,KYN-IGP,SCR,2026-10-28,02:00,07:59,5,emergency_block,"TMS-SECR-00920,TMS-ECoR-00427",1,1,pending
COA-00647,NDLS-AGC,CR,2026-10-28,12:00,15:59,3,power_block,"TDMS-ECR-02290,SMMS-SECR-00327",1,1,approved
COA-01150,NDLS-AGC,CR,2026-10-28,12:00,15:59,3,power_block,"SMMS-SCR-01380,TMS-WCR-04809",0,3,pending
COA-01129,ED-CBE,NFR,2026-10-28,13:00,15:59,2,engineering_block,"TMS-NFR-04593,TDMS-SECR-00284,TMS-NFR-03769",3,0,approved
COA-00833,NGP-BZA,NR,2026-10-29,00:00,04:59,4,emergency_block,TDMS-WCR-01936,0,1,approved
COA-01441,CNB-NDLS,NR,2026-10-29,00:00,08:59,8,engineering_block,"SMMS-ER-00880,SMMS-ER-00028",0,0,approved
COA-01657,JUC-ADI,SR,2026-10-29,00:00,04:59,4,emergency_block,"SMMS-SECR-02232,TDMS-ER-02406,TMS-NFR-02137",0,0,approved
COA-00233,NDLS-UMB,NCR,2026-10-29,01:00,04:59,3,engineering_block,"TMS-SR-02414,TMS-WCR-02921,TMS-SWR-04272",0,0,approved
COA-00284,CSTM-KYN,SR,2026-10-29,01:00,09:59,8,engineering_block,TMS-SWR-01783,0,0,approved
COA-01286,HWH-BWN,WCR,2026-10-29,01:00,06:59,5,engineering_block,"TMS-NFR-02166,SMMS-CR-00397",2,1,approved
COA-01356,NDLS-AGC,CR,2026-10-29,01:00,05:59,4,engineering_block,SMMS-SR-02143,0,3,rejected
COA-01820,ED-CBE,NFR,2026-10-29,01:00,09:59,8,engineering_block,"SMMS-WR-01452,TMS-SCR-04867",0,2,approved
COA-01849,LTT-NED,SER,2026-10-29,01:00,05:59,4,engineering_block,"TMS-SER-03333,TDMS-NER-00924,TMS-ER-02215",3,1,approved
COA-01011,BCT-RTM,SWR,2026-10-29,02:00,08:59,6,engineering_block,"TDMS-ECR-01307,TDMS-ECR-01840,SMMS-ER-00561",2,1,approved
COA-00611,BCT-RTM,SWR,2026-10-29,12:00,14:59,2,power_block,SMMS-NER-02059,0,2,pending
COA-00724,ED-CBE,NFR,2026-10-30,00:00,05:59,5,caution_block,TMS-WR-00123,3,0,approved
COA-01814,JHS-BPL,ECR,2026-10-30,00:00,03:59,3,power_block,"TMS-SWR-00640,TMS-NWR-01224,SMMS-ECR-01787",1,2,approved
COA-00044,CNB-NDLS,NR,2026-10-30,01:00,05:59,4,engineering_block,SMMS-SER-02445,2,2,pending
COA-00458,MGS-ALD,ECR,2026-10-30,01:00,04:59,3,power_block,"TDMS-SER-00178,TMS-CR-02842",1,2,approved
COA-01469,BCT-RTM,SWR,2026-10-30,01:00,04:59,3,engineering_block,"TMS-NER-02865,TMS-NWR-03386",3,1,pending
COA-01630,CNB-NDLS,NR,2026-10-30,01:00,05:59,4,engineering_block,"TDMS-NFR-00341,TDMS-SWR-01566",1,0,approved
COA-00884,MGS-ALD,ECR,2026-10-30,02:00,07:59,5,engineering_block,TDMS-WCR-00092,1,0,approved
COA-01108,NGP-BZA,NR,2026-10-30,02:00,06:59,4,power_block,TDMS-NFR-02464,1,0,approved
COA-01146,LDH-ASR,NFR,2026-10-30,02:00,07:59,5,engineering_block,"TMS-SWR-03472,SMMS-SECR-00868",0,3,rejected
COA-00759,JHS-BPL,ECR,2026-10-30,12:00,14:59,2,power_block,"TMS-NER-03019,TDMS-WCR-00892",0,0,approved
COA-00472,ED-CBE,NFR,2026-10-31,00:00,05:59,5,engineering_block,TMS-ECoR-02207,0,2,approved
COA-00954,CBE-TVC,NWR,2026-10-31,00:00,04:59,4,emergency_block,"TDMS-NR-01339,SMMS-CR-00397",1,0,pending
COA-01564,ALD-CNB,ECoR,2026-10-31,00:00,03:59,3,engineering_block,"TDMS-SER-00802,TMS-SER-01590,TDMS-SCR-02633",0,3,pending
COA-00304,HWH-BWN,WCR,2026-10-31,01:00,07:59,6,power_block,SMMS-SECR-00338,2,0,approved
COA-01104,SC-KZJ,SWR,2026-10-31,01:00,05:59,4,emergency_block,"SMMS-NWR-01888,TDMS-NR-01785",3,0,pending
COA-01126,ALD-CNB,ECoR,2026-10-31,01:00,06:59,5,power_block,"TMS-SECR-02024,TDMS-WCR-02161,TDMS-NWR-01912",2,1,pending
COA-01359,JUC-ADI,SR,2026-10-31,01:00,09:59,8,power_block,TDMS-NWR-00580,2,1,approved
COA-01391,KYN-IGP,SCR,2026-10-31,02:00,07:59,5,emergency_block,"TDMS-ECoR-01195,TDMS-SCR-01360,SMMS-NR-00536",2,2,pending
COA-01790,LTT-NED,SER,2026-10-31,02:00,05:59,3,engineering_block,"TDMS-ER-01923,TMS-WCR-00046,TDMS-ECR-01903",2,1,approved
COA-01747,ALD-CNB,ECoR,2026-10-31,12:00,14:59,2,power_block,"TDMS-NER-02747,SMMS-NER-02059,TMS-CR-03281",0,1,approved
COA-01548,BCT-RTM,SWR,2026-10-31,13:00,15:59,2,emergency_block,"TMS-NWR-01021,TDMS-WCR-02823,SMMS-NR-00731",4,3,pending
COA-00349,MGS-ALD,ECR,2026-11-01,00:00,06:59,6,engineering_block,"TMS-ECoR-02944,TDMS-NR-01182",2,0,pending
COA-00972,ED-CBE,NFR,2026-11-01,01:00,04:59,3,power_block,TMS-NWR-01293,4,2,pending
COA-01119,HWH-BWN,WCR,2026-11-01,01:00,06:59,5,power_block,SMMS-NFR-00753,2,0,approved
COA-01159,ALD-CNB,ECoR,2026-11-01,01:00,06:59,5,power_block,"TMS-SECR-00035,TMS-ECR-04182",1,3,pending
COA-01472,MGS-ALD,ECR,2026-11-01,01:00,05:59,4,engineering_block,"TDMS-WCR-00892,SMMS-CR-00037,SMMS-SECR-01823",1,2,approved
COA-01651,HWH-BWN,WCR,2026-11-01,01:00,04:59,3,power_block,"TDMS-NER-02936,TMS-NR-00180",2,0,approved
COA-00105,ED-CBE,NFR,2026-11-01,02:00,07:59,5,caution_block,"TMS-NCR-04360,TMS-SWR-01707,TMS-ER-00694",2,0,pending
COA-00351,LDH-ASR,NFR,2026-11-01,02:00,07:59,5,power_block,"TDMS-CR-00422,TMS-SR-03673,TMS-WCR-03523",1,2,pending
COA-01210,ST-BCT,SECR,2026-11-01,02:00,07:59,5,power_block,SMMS-SR-01757,1,0,approved
COA-01295,BPL-NGP,ECoR,2026-11-01,02:00,06:59,4,emergency_block,"SMMS-SER-02539,TDMS-SWR-02849,SMMS-NR-00048",3,0,approved
COA-00297,ED-CBE,NFR,2026-11-01,13:00,17:59,4,engineering_block,"SMMS-NFR-01460,SMMS-NFR-02605,TDMS-ECoR-00613",0,1,approved
COA-00796,ADI-BRC,SCR,2026-11-01,13:00,17:59,4,engineering_block,"TMS-SER-03244,TMS-NWR-00057,TDMS-ECoR-02961",0,0,approved
COA-00347,CBE-TVC,NWR,2026-11-02,00:00,08:59,8,emergency_block,"SMMS-ECoR-00591,TDMS-ECoR-01275",1,0,pending
COA-01588,JUC-ADI,SR,2026-11-02,00:00,04:59,4,power_block,"TMS-SECR-00006,TMS-NCR-03002",2,0,approved
COA-01836,KYN-IGP,SCR,2026-11-02,00:00,06:59,6,engineering_block,"SMMS-SER-01199,TMS-NFR-00607",0,2,approved
COA-01997,BCT-RTM,SWR,2026-11-02,00:00,06:59,6,power_block,"TMS-NWR-01368,SMMS-NFR-02795,TMS-CR-00505",1,0,approved
COA-00463,MGS-ALD,ECR,2026-11-02,01:00,05:59,4,engineering_block,"TDMS-CR-01975,SMMS-SR-00271,TDMS-CR-02675",4,1,pending
COA-00562,NDLS-AGC,CR,2026-11-02,01:00,05:59,4,caution_block,TDMS-ER-00405,1,2,approved
COA-00652,AZ-MGS,ER,2026-11-02,01:00,04:59,3,engineering_block,"SMMS-SER-00862,SMMS-SER-01290,TDMS-NER-01394",1,1,approved
COA-01140,MGS-ALD,ECR,2026-11-02,01:00,06:59,5,engineering_block,TMS-ECR-01983,5,1,pending
COA-01158,MAS-ED,NER,2026-11-02,01:00,05:59,4,engineering_block,TMS-WCR-01778,0,1,approved
COA-01347,BRC-ST,SER,2026-11-02,01:00,05:59,4,engineering_block,"TMS-WR-04130,SMMS-NFR-02764",0,0,approved
COA-01448,ASR-JUC,NWR,2026-11-02,01:00,04:59,3,power_block,"SMMS-WR-02849,SMMS-SWR-01592,TMS-CR-02914",4,3,rejected
COA-00204,CSTM-KYN,SR,2026-11-02,12:00,15:59,3,power_block,TMS-NFR-00090,1,1,approved
COA-01565,ADI-BRC,SCR,2026-11-02,13:00,16:59,3,caution_block,"TDMS-CR-00624,TDMS-NER-02747",3,0,approved
COA-01066,KYN-IGP,SCR,2026-11-03,00:00,05:59,5,engineering_block,TDMS-ECoR-01195,0,0,approved
COA-01684,CNB-NDLS,NR,2026-11-03,00:00,04:59,4,engineering_block,"SMMS-NFR-02605,TDMS-SWR-02849",0,1,approved
COA-00135,ASR-JUC,NWR,2026-11-03,01:00,05:59,4,engineering_block,TMS-NFR-03569,2,3,rejected
COA-00649,BCT-RTM,SWR,2026-11-03,01:00,07:59,6,emergency_block,"TDMS-SR-00235,TMS-WR-01510",0,0,approved
COA-00813,BPL-NGP,ECoR,2026-11-03,02:00,06:59,4,power_block,"TMS-NWR-01051,SMMS-ER-00561",1,1,pending
COA-01234,KZJ-BZA,WR,2026-11-03,02:00,05:59,3,power_block,"TMS-SCR-03926,TMS-NR-04226",2,2,approved
COA-01314,JHS-BPL,ECR,2026-11-03,02:00,08:59,6,engineering_block,"TDMS-SR-01824,SMMS-SER-00603",5,1,pending
COA-01427,ST-BCT,SECR,2026-11-03,02:00,05:59,3,engineering_block,"SMMS-SR-00542,SMMS-NWR-00106,TMS-ECR-01983",1,0,pending
COA-01704,NDLS-UMB,NCR,2026-11-03,02:00,08:59,6,engineering_block,TMS-SR-04754,0,1,pending
COA-01781,ALD-CNB,ECoR,2026-11-03,02:00,07:59,5,power_block,"TMS-ECoR-04254,SMMS-NFR-00815",1,2,approved
COA-00230,ST-BCT,SECR,2026-11-03,12:00,15:59,3,engineering_block,TMS-ER-00694,0,3,pending
COA-01154,NDLS-AGC,CR,2026-11-03,12:00,15:59,3,caution_block,"TMS-NFR-04593,SMMS-SR-01363",1,1,approved
COA-00086,CBE-TVC,NWR,2026-11-04,00:00,06:59,6,power_block,"TDMS-NCR-00099,TMS-NR-03966,SMMS-NCR-01197",3,1,approved
COA-00483,BRC-ST,SER,2026-11-04,00:00,06:59,6,engineering_block,SMMS-SECR-00510,0,3,rejected
COA-01477,CBE-TVC,NWR,2026-11-04,00:00,05:59,5,emergency_block,TMS-SECR-04087,2,0,approved
COA-01533,BWN-AZ,CR,2026-11-04,00:00,05:59,5,power_block,"TMS-NER-01504,TMS-SCR-00004,TMS-ECR-00910",2,1,pending
COA-01579,AWB-SC,SECR,2026-11-04,00:00,04:59,4,power_block,"TDMS-WCR-00914,TDMS-NR-01102,TMS-WCR-01846",0,2,approved
COA-00056,NDLS-AGC,CR,2026-11-04,01:00,07:59,6,emergency_block,"TMS-ER-03065,TMS-SER-02269",2,1,pending
COA-00308,BWN-AZ,CR,2026-11-04,01:00,09:59,8,power_block,TMS-SCR-04769,4,0,pending
COA-00518,BZA-MAS,NCR,2026-11-04,01:00,06:59,5,power_block,"SMMS-SCR-00486,SMMS-SWR-02749,TMS-ECR-03744",1,0,approved
COA-01545,ST-BCT,SECR,2026-11-04,02:00,08:59,6,power_block,"SMMS-NER-01103,TMS-CR-04663",0,1,approved
COA-01656,CNB-NDLS,NR,2026-11-04,02:00,06:59,4,caution_block,"TMS-CR-02915,TMS-SR-03673,SMMS-NFR-00416",0,0,approved
COA-01751,JUC-ADI,SR,2026-11-04,02:00,06:59,4,power_block,"TMS-SCR-01893,TDMS-ER-01133,TDMS-ECoR-01431",2,0,pending
COA-01803,JHS-BPL,ECR,2026-11-04,02:00,08:59,6,engineering_block,"TDMS-NCR-02947,TMS-WR-02202",3,2,approved
COA-01963,LTT-NED,SER,2026-11-04,12:00,14:59,2,engineering_block,SMMS-SECR-00172,4,0,pending
COA-00007,KYN-IGP,SCR,2026-11-05,00:00,05:59,5,engineering_block,"TMS-SWR-03472,TDMS-SWR-02916,TMS-ECoR-01138",2,2,pending
COA-00673,BPL-NGP,ECoR,2026-11-05,01:00,05:59,4,engineering_block,"SMMS-NCR-00550,SMMS-NFR-01644,TMS-WCR-01088",0,0,approved
COA-00929,ADI-BRC,SCR,2026-11-05,01:00,07:59,6,caution_block,TDMS-NFR-00578,1,2,approved
COA-00341,KYN-IGP,SCR,2026-11-05,02:00,07:59,5,emergency_block,TMS-SECR-03828,2,3,pending
COA-00520,LTT-NED,SER,2026-11-05,02:00,05:59,3,caution_block,TDMS-SER-02249,2,0,approved
COA-01239,KYN-IGP,SCR,2026-11-05,02:00,08:59,6,power_block,"TDMS-SWR-00871,SMMS-ECoR-00165,TMS-NFR-04639",0,1,pending
COA-01328,ASR-JUC,NWR,2026-11-05,02:00,06:59,4,engineering_block,TMS-WR-03435,0,0,approved
COA-01689,NDLS-AGC,CR,2026-11-05,02:00,07:59,5,engineering_block,"TDMS-ER-00272,TMS-SWR-04460,TMS-NFR-03569",0,0,approved
COA-01107,BRC-ST,SER,2026-11-05,12:00,14:59,2,power_block,"SMMS-SR-01552,TMS-WCR-00373,SMMS-NWR-00863",0,0,approved
COA-01658,LTT-NED,SER,2026-11-05,12:00,14:59,2,power_block,"SMMS-WCR-02580,TMS-NR-02494",0,2,approved
COA-00194,NGP-BZA,NR,2026-11-06,00:00,05:59,5,engineering_block,"TDMS-SECR-01875,TDMS-WCR-01466",0,1,approved
COA-00702,AGC-JHS,ER,2026-11-06,00:00,04:59,4,emergency_block,"TMS-CR-00178,TMS-NR-03033,TMS-SECR-01710",0,2,approved
COA-01612,AWB-SC,SECR,2026-11-06,00:00,05:59,5,caution_block,SMMS-ER-01935,0,0,approved
COA-01640,ADI-BRC,SCR,2026-11-06,00:00,04:59,4,caution_block,"SMMS-CR-00397,TMS-NCR-04558,TMS-NER-01697",4,0,pending
COA-01973,ALD-CNB,ECoR,2026-11-06,00:00,06:59,6,engineering_block,TMS-ECoR-03657,0,1,approved
COA-00209,AWB-SC,SECR,2026-11-06,01:00,04:59,3,caution_block,SMMS-SR-02381,1,1,approved
COA-01112,JUC-ADI,SR,2026-11-06,01:00,06:59,5,engineering_block,"SMMS-NCR-01144,TMS-WCR-04770",3,0,approved
COA-01574,BCT-RTM,SWR,2026-11-06,01:00,05:59,4,engineering_block,"SMMS-WCR-00523,SMMS-WR-00944,SMMS-SR-01552",2,1,approved
COA-00721,ED-CBE,NFR,2026-11-06,02:00,08:59,6,power_block,"SMMS-SCR-02588,TDMS-SER-01613",0,1,approved
COA-00774,ADI-BRC,SCR,2026-11-06,02:00,10:59,8,power_block,SMMS-ECoR-02371,0,1,approved
COA-01512,CBE-TVC,NWR,2026-11-06,02:00,06:59,4,emergency_block,"TDMS-NCR-01108,SMMS-SECR-01070",0,1,approved
COA-01725,LDH-ASR,NFR,2026-11-06,02:00,07:59,5,power_block,"TMS-SR-00623,SMMS-ER-00380,SMMS-ECoR-02592",0,1,approved
COA-01370,BRC-ST,SER,2026-11-07,01:00,04:59,3,power_block,TDMS-NFR-00134,0,0,approved
COA-01524,BWN-AZ,CR,2026-11-07,01:00,07:59,6,emergency_block,"TDMS-SWR-00901,TMS-NR-01029",0,0,approved
COA-00129,AZ-MGS,ER,2026-11-07,02:00,06:59,4,power_block,"TMS-ECR-03613,TMS-NWR-03680",2,2,approved
COA-01382,SC-KZJ,SWR,2026-11-07,02:00,05:59,3,caution_block,TDMS-SCR-00358,0,3,pending
COA-01518,KYN-IGP,SCR,2026-11-07,02:00,07:59,5,power_block,TMS-NR-01349,4,0,rejected
COA-01797,ASR-JUC,NWR,2026-11-07,02:00,07:59,5,engineering_block,TMS-ER-00694,0,0,approved
COA-00564,BZA-MAS,NCR,2026-11-07,12:00,15:59,3,engineering_block,"SMMS-NER-00288,TMS-ECR-01427,TDMS-SCR-00495",0,1,approved
COA-00873,CBE-TVC,NWR,2026-11-07,12:00,16:59,4,caution_block,TDMS-ECoR-00412,0,0,approved
COA-01491,ED-CBE,NFR,2026-11-07,12:00,14:59,2,engineering_block,"TMS-NWR-01853,SMMS-ECR-00227,TMS-NWR-01472",1,0,approved
COA-00741,AZ-MGS,ER,2026-11-08,00:00,05:59,5,power_block,SMMS-SER-01199,1,1,approved
COA-00330,KYN-IGP,SCR,2026-11-08,01:00,05:59,4,engineering_block,"TDMS-WCR-02112,SMMS-WCR-01535",0,1,approved
COA-00467,LTT-NED,SER,2026-11-08,01:00,07:59,6,power_block,"SMMS-SER-01553,TDMS-ECoR-02274",2,0,approved
COA-00207,CBE-TVC,NWR,2026-11-08,02:00,08:59,6,caution_block,"SMMS-WCR-02497,TDMS-ECR-00039",1,2,approved
COA-00650,NDLS-AGC,CR,2026-11-08,02:00,06:59,4,engineering_block,"SMMS-ECoR-00546,TDMS-ECR-01903,SMMS-SR-02584",0,0,approved
COA-01932,BCT-RTM,SWR,2026-11-08,02:00,10:59,8,power_block,"TMS-WR-01173,SMMS-ER-00363",2,2,approved
COA-00688,BWN-AZ,CR,2026-11-08,12:00,16:59,4,engineering_block,"TDMS-NFR-02830,TMS-NCR-02548,TMS-ECR-01427",2,0,pending
COA-00992,AZ-MGS,ER,2026-11-08,12:00,15:59,3,engineering_block,"TDMS-WR-02328,SMMS-WR-00181",1,1,approved
COA-01315,CSTM-KYN,SR,2026-11-09,00:00,05:59,5,engineering_block,"TDMS-SCR-02087,SMMS-NER-02453",1,2,approved
COA-01818,BZA-MAS,NCR,2026-11-09,00:00,05:59,5,engineering_block,"SMMS-ER-00363,TMS-NR-02838,TDMS-NFR-01197",0,1,approved
COA-00871,UMB-LDH,NER,2026-11-09,01:00,05:59,4,caution_block,"TDMS-WCR-01513,TDMS-CR-02524",3,2,approved
COA-01857,JHS-BPL,ECR,2026-11-09,01:00,04:59,3,power_block,"SMMS-NFR-01644,SMMS-NCR-01062",1,3,rejected
COA-00374,KZJ-BZA,WR,2026-11-09,02:00,06:59,4,engineering_block,"TMS-SER-01981,TDMS-SWR-01866",0,1,approved
COA-00727,JUC-ADI,SR,2026-11-09,02:00,06:59,4,caution_block,TMS-WCR-01275,0,2,pending
COA-00749,KYN-IGP,SCR,2026-11-09,02:00,06:59,4,power_block,"TMS-ECR-01983,SMMS-SWR-02462,TDMS-NER-00645",0,0,approved
COA-00761,UMB-LDH,NER,2026-11-09,02:00,06:59,4,engineering_block,"TMS-ECoR-02794,TMS-WCR-03413,TDMS-SR-02379",2,1,pending
COA-00891,HWH-BWN,WCR,2026-11-09,02:00,06:59,4,engineering_block,"TDMS-ECR-01576,TDMS-ECR-02290",3,0,approved
COA-00895,AGC-JHS,ER,2026-11-09,02:00,06:59,4,emergency_block,SMMS-NWR-02084,0,0,approved
COA-01450,AZ-MGS,ER,2026-11-10,00:00,05:59,5,power_block,SMMS-CR-00223,4,1,rejected
COA-00685,BPL-NGP,ECoR,2026-11-10,01:00,06:59,5,engineering_block,"TMS-NER-01516,TDMS-NWR-00671",0,0,approved
COA-00927,BCT-RTM,SWR,2026-11-10,01:00,06:59,5,engineering_block,TDMS-NER-02841,2,1,approved
COA-01293,CNB-NDLS,NR,2026-11-10,01:00,06:59,5,power_block,"SMMS-NR-02617,SMMS-ER-01935",1,1,approved
COA-01758,NDLS-UMB,NCR,2026-11-10,01:00,05:59,4,engineering_block,"TMS-SER-00994,TMS-NFR-04528",2,0,approved
COA-00551,HWH-BWN,WCR,2026-11-10,02:00,06:59,4,power_block,"TMS-NER-01702,TDMS-NWR-00093,TMS-WR-03610",1,1,approved
COA-00953,BCT-RTM,SWR,2026-11-10,02:00,06:59,4,engineering_block,TDMS-ECoR-02819,5,1,pending
COA-01322,KZJ-BZA,WR,2026-11-10,02:00,07:59,5,engineering_block,TMS-SR-04186,4,0,pending
COA-00756,MAS-ED,NER,2026-11-10,12:00,14:59,2,engineering_block,"SMMS-SR-00786,TDMS-NER-01790,TMS-SWR-03472",0,0,approved
COA-00271,LTT-NED,SER,2026-11-10,13:00,15:59,2,caution_block,"SMMS-SECR-01202,SMMS-SR-02841",4,1,pending
COA-00243,UMB-LDH,NER,2026-11-11,00:00,04:59,4,engineering_block,"SMMS-SECR-00868,TDMS-SCR-00997,TMS-SCR-02251",2,3,pending
COA-01331,BPL-NGP,ECoR,2026-11-11,00:00,03:59,3,engineering_block,TMS-SR-03227,2,2,pending
COA-00235,MAS-ED,NER,2026-11-11,01:00,06:59,5,engineering_block,TDMS-ECoR-02755,5,0,rejected
COA-00962,ASR-JUC,NWR,2026-11-11,01:00,07:59,6,engineering_block,"SMMS-NER-02453,SMMS-NFR-00703,TMS-SWR-01707",0,0,approved
COA-01073,NDLS-AGC,CR,2026-11-11,01:00,06:59,5,engineering_block,SMMS-ER-01585,1,1,pending
COA-01247,ADI-BRC,SCR,2026-11-11,01:00,05:59,4,engineering_block,TMS-SECR-01268,2,0,pending
COA-01585,ADI-BRC,SCR,2026-11-11,01:00,06:59,5,emergency_block,"SMMS-NCR-02505,TDMS-NFR-02609,SMMS-ECoR-02256",1,0,approved
COA-00039,LDH-ASR,NFR,2026-11-11,02:00,06:59,4,power_block,"SMMS-SWR-01607,TMS-NR-02130",0,0,approved
COA-01009,CNB-NDLS,NR,2026-11-11,02:00,06:59,4,power_block,"TMS-NFR-03279,SMMS-SECR-01672,SMMS-NR-02908",0,1,approved
COA-00333,AGC-JHS,ER,2026-11-11,12:00,15:59,3,engineering_block,"SMMS-NWR-00063,TMS-SECR-01470",1,3,pending
COA-00653,AZ-MGS,ER,2026-11-11,12:00,16:59,4,caution_block,"TMS-CR-02569,TMS-SCR-03566,TMS-SECR-01298",0,0,approved
COA-01552,BCT-RTM,SWR,2026-11-11,13:00,16:59,3,engineering_block,"TDMS-ECR-01183,TMS-WCR-00299,TMS-ER-04667",2,3,rejected
COA-01053,NDLS-AGC,CR,2026-11-12,00:00,03:59,3,power_block,"SMMS-ECoR-02371,TDMS-NFR-00390,TDMS-ECR-00444",4,0,pending
COA-01377,AGC-JHS,ER,2026-11-12,00:00,06:59,6,power_block,"TDMS-ECR-00114,TDMS-NCR-01093",1,1,approved
COA-00273,JUC-ADI,SR,2026-11-12,01:00,05:59,4,power_block,"TMS-NCR-02745,SMMS-ECR-01787,TMS-WCR-03668",2,1,approved
COA-00441,ADI-BRC,SCR,2026-11-12,01:00,07:59,6,power_block,TMS-WR-02917,1,0,approved
COA-01091,BZA-MAS,NCR,2026-11-12,01:00,05:59,4,power_block,"TDMS-NR-01931,TMS-SR-02998,SMMS-NWR-00063",3,2,approved
COA-01940,KYN-IGP,SCR,2026-11-12,01:00,09:59,8,engineering_block,SMMS-SECR-02319,3,2,approved
COA-01177,ST-BCT,SECR,2026-11-12,02:00,05:59,3,engineering_block,"SMMS-WCR-02116,TMS-NFR-02774,SMMS-ER-00028",1,3,pending
COA-00175,NDLS-AGC,CR,2026-11-12,12:00,14:59,2,caution_block,SMMS-ER-02246,0,0,approved
COA-00561,ASR-JUC,NWR,2026-11-12,13:00,16:59,3,engineering_block,"TDMS-ECR-02290,TMS-CR-00428,SMMS-SWR-01224",3,2,approved
COA-01318,ED-CBE,NFR,2026-11-12,13:00,15:59,2,power_block,TMS-NWR-01440,1,3,pending
COA-01444,AWB-SC,SECR,2026-11-12,13:00,16:59,3,power_block,TDMS-NWR-00023,0,3,rejected
COA-01282,NDLS-UMB,NCR,2026-11-13,00:00,04:59,4,power_block,"SMMS-ECR-00043,TMS-SCR-01579,TDMS-ECoR-00703",0,3,rejected
COA-01424,LTT-NED,SER,2026-11-13,00:00,05:59,5,caution_block,"SMMS-WR-02849,TMS-WR-02536",2,3,pending
COA-00366,AZ-MGS,ER,2026-11-13,02:00,06:59,4,engineering_block,"TMS-ER-02141,TMS-NFR-02137",2,1,pending
COA-01652,MAS-ED,NER,2026-11-13,02:00,07:59,5,power_block,"SMMS-SECR-00868,TDMS-WR-01124",1,2,approved
COA-00556,ALD-CNB,ECoR,2026-11-13,13:00,15:59,2,engineering_block,"SMMS-CR-01171,TDMS-CR-02524",3,0,pending
COA-00888,JUC-ADI,SR,2026-11-13,13:00,16:59,3,power_block,"TMS-SECR-02101,TDMS-NWR-00671,SMMS-NFR-00815",1,0,approved
COA-00143,LDH-ASR,NFR,2026-11-14,00:00,05:59,5,engineering_block,"TDMS-WR-00416,TMS-ECR-01013",2,0,approved
COA-00182,AGC-JHS,ER,2026-11-14,00:00,04:59,4,emergency_block,TMS-WR-01352,0,2,approved
COA-01043,CBE-TVC,NWR,2026-11-14,00:00,06:59,6,engineering_block,"SMMS-NWR-00863,SMMS-SR-01127,TMS-WR-02202",2,1,approved
COA-01599,AGC-JHS,ER,2026-11-14,00:00,05:59,5,engineering_block,"TMS-CR-02914,TMS-CR-01308,SMMS-SR-02841",1,0,approved
COA-01670,AGC-JHS,ER,2026-11-14,00:00,06:59,6,engineering_block,"TMS-SCR-02852,SMMS-NCR-01062",1,0,approved
COA-01869,LDH-ASR,NFR,2026-11-14,00:00,06:59,6,emergency_block,"SMMS-SR-01304,TDMS-NCR-02347",0,3,pending
COA-00469,NDLS-AGC,CR,2026-11-14,01:00,06:59,5,caution_block,"SMMS-CR-01043,SMMS-CR-01279",2,0,approved
COA-01038,JUC-ADI,SR,2026-11-14,01:00,06:59,5,engineering_block,"TDMS-CR-00658,SMMS-NFR-01003",0,1,approved
COA-01096,MAS-ED,NER,2026-11-14,13:00,16:59,3,engineering_block,"TMS-ECoR-01358,TMS-NCR-01624,SMMS-ECoR-00165",2,3,pending
COA-01302,BPL-NGP,ECoR,2026-11-14,13:00,16:59,3,engineering_block,TMS-NCR-02548,2,0,approved
COA-01593,BPL-NGP,ECoR,2026-11-14,13:00,17:59,4,power_block,SMMS-SR-02302,1,3,pending
COA-01702,NDLS-UMB,NCR,2026-11-14,13:00,16:59,3,emergency_block,TDMS-SCR-01874,1,1,pending
COA-01449,SC-KZJ,SWR,2026-11-15,00:00,05:59,5,engineering_block,TMS-WCR-00701,2,0,approved
COA-01890,BPL-NGP,ECoR,2026-11-15,00:00,05:59,5,engineering_block,"TMS-SCR-02762,TMS-NER-01702,SMMS-SCR-00608",0,0,approved
COA-01471,ST-BCT,SECR,2026-11-15,01:00,04:59,3,power_block,"TDMS-ER-00730,TDMS-SECR-02483",4,0,pending
COA-01520,CNB-NDLS,NR,2026-11-15,01:00,07:59,6,power_block,"TDMS-NER-00685,TDMS-NWR-02637",0,0,approved
COA-00010,ADI-BRC,SCR,2026-11-15,02:00,07:59,5,engineering_block,TMS-WR-00123,3,0,approved
COA-00153,CNB-NDLS,NR,2026-11-15,02:00,06:59,4,power_block,TMS-NCR-00902,2,2,approved
COA-01622,BCT-RTM,SWR,2026-11-15,02:00,06:59,4,emergency_block,"TMS-SCR-04867,TDMS-SER-00165",0,1,approved
COA-01929,BWN-AZ,CR,2026-11-15,02:00,06:59,4,caution_block,"TMS-ECoR-01468,SMMS-WR-00076",1,0,approved
COA-00896,ASR-JUC,NWR,2026-11-15,12:00,16:59,4,engineering_block,"TMS-ER-02141,TMS-NWR-01644",2,3,rejected
COA-01007,CSTM-KYN,SR,2026-11-15,12:00,15:59,3,emergency_block,TDMS-SWR-01866,4,3,pending
COA-01506,ED-CBE,NFR,2026-11-15,12:00,14:59,2,engineering_block,TMS-NFR-00607,0,1,approved
COA-00267,AZ-MGS,ER,2026-11-15,13:00,15:59,2,engineering_block,"TMS-NCR-04345,SMMS-SECR-01202,TDMS-NR-01785",2,0,approved
COA-00285,KZJ-BZA,WR,2026-11-15,13:00,17:59,4,caution_block,"SMMS-ECR-02755,TDMS-SECR-00051,TDMS-NFR-00521",1,1,approved
COA-00200,UMB-LDH,NER,2026-11-16,00:00,05:59,5,power_block,SMMS-ECoR-02256,0,1,approved
COA-01708,CSTM-KYN,SR,2026-11-16,00:00,05:59,5,engineering_block,"SMMS-WCR-02326,SMMS-SER-01834,TDMS-SECR-00051",0,0,approved
COA-00018,BPL-NGP,ECoR,2026-11-16,01:00,05:59,4,engineering_block,"SMMS-SCR-02902,TDMS-NR-02821,TDMS-SER-00165",1,3,pending
COA-01629,UMB-LDH,NER,2026-11-16,01:00,06:59,5,power_block,TDMS-SECR-00103,0,2,pending
COA-00945,ALD-CNB,ECoR,2026-11-16,02:00,08:59,6,power_block,TMS-NWR-01224,3,2,approved
COA-00978,CNB-NDLS,NR,2026-11-16,02:00,07:59,5,engineering_block,SMMS-ECoR-00591,0,3,pending
COA-01181,AWB-SC,SECR,2026-11-16,02:00,07:59,5,power_block,SMMS-SER-01567,3,0,approved
COA-01951,BPL-NGP,ECoR,2026-11-16,02:00,07:59,5,power_block,"SMMS-ER-02176,SMMS-SCR-00313,TMS-SER-04816",0,0,approved
COA-01679,ADI-BRC,SCR,2026-11-16,12:00,15:59,3,engineering_block,"TMS-ECoR-03125,TMS-WR-02202",1,1,approved
COA-01715,BWN-AZ,CR,2026-11-16,12:00,15:59,3,engineering_block,"TMS-NR-03836,TDMS-SCR-01360",0,1,approved
COA-00968,NDLS-UMB,NCR,2026-11-16,13:00,15:59,2,engineering_block,"SMMS-NFR-00753,TMS-ER-02273",4,0,rejected
COA-01404,KZJ-BZA,WR,2026-11-16,13:00,15:59,2,engineering_block,"TMS-WR-04379,TDMS-SCR-02485",0,0,approved
COA-00084,CSTM-KYN,SR,2026-11-17,00:00,05:59,5,engineering_block,"SMMS-SER-01553,TMS-NR-02455,SMMS-SECR-02319",4,0,pending
COA-00500,CSTM-KYN,SR,2026-11-17,00:00,06:59,6,emergency_block,"TDMS-SR-01052,TDMS-ECoR-02386",1,0,approved
COA-01853,CSTM-KYN,SR,2026-11-17,00:00,08:59,8,engineering_block,TMS-CR-03281,2,3,pending
COA-00378,KYN-IGP,SCR,2026-11-17,01:00,06:59,5,engineering_block,"SMMS-NR-00265,SMMS-SER-02287",2,1,approved
COA-00514,CNB-NDLS,NR,2026-11-17,01:00,06:59,5,engineering_block,"SMMS-ECR-02845,TMS-ER-01026,SMMS-ECoR-02512",0,3,pending
COA-00834,CBE-TVC,NWR,2026-11-17,01:00,07:59,6,power_block,TMS-SER-04434,1,0,approved
COA-00922,CSTM-KYN,SR,2026-11-17,01:00,06:59,5,power_block,"TMS-SWR-01025,TMS-ECR-01988,TMS-SCR-04867",3,0,approved
COA-00438,CNB-NDLS,NR,2026-11-17,02:00,06:59,4,power_block,"TMS-NCR-04345,TMS-SER-04150",1,0,approved
COA-00946,BPL-NGP,ECoR,2026-11-17,02:00,07:59,5,power_block,TDMS-ECoR-02819,0,0,approved
COA-01885,ST-BCT,SECR,2026-11-17,02:00,06:59,4,engineering_block,SMMS-ECoR-02512,0,0,approved
COA-00966,UMB-LDH,NER,2026-11-17,12:00,16:59,4,engineering_block,SMMS-WR-00181,0,0,approved
COA-01025,BPL-NGP,ECoR,2026-11-17,12:00,16:59,4,emergency_block,"TDMS-SER-00802,TDMS-SER-02320,TMS-NFR-03598",0,2,approved
COA-00159,AGC-JHS,ER,2026-11-18,00:00,04:59,4,caution_block,TDMS-SCR-00769,4,0,pending
COA-00765,MAS-ED,NER,2026-11-18,00:00,05:59,5,emergency_block,"TMS-NFR-02258,SMMS-NCR-01945,TDMS-WCR-02879",0,1,approved
COA-01586,NDLS-AGC,CR,2026-11-18,00:00,06:59,6,power_block,"TMS-CR-01308,TDMS-ER-00708",1,0,pending
COA-01788,BZA-MAS,NCR,2026-11-18,00:00,08:59,8,power_block,"TDMS-WCR-02545,SMMS-ECoR-02256,TMS-SR-02876",0,0,approved
COA-01791,AWB-SC,SECR,2026-11-18,00:00,05:59,5,engineering_block,TMS-CR-04663,2,1,approved
COA-01861,AGC-JHS,ER,2026-11-18,00:00,04:59,4,engineering_block,"TDMS-NER-02158,TDMS-SECR-01501",0,1,pending
COA-00814,ALD-CNB,ECoR,2026-11-18,01:00,07:59,6,engineering_block,"TMS-CR-01416,TMS-NCR-01482,TMS-NR-03966",1,0,approved
COA-01536,KYN-IGP,SCR,2026-11-18,01:00,07:59,6,power_block,"TMS-NER-00688,SMMS-WCR-02497",0,0,approved
COA-00594,BCT-RTM,SWR,2026-11-18,02:00,05:59,3,engineering_block,TMS-ECoR-04254,4,1,pending
COA-01888,ST-BCT,SECR,2026-11-18,02:00,06:59,4,caution_block,"TMS-CR-02914,TMS-SR-00851,SMMS-ECoR-02512",1,0,approved
COA-01166,NDLS-UMB,NCR,2026-11-18,12:00,14:59,2,power_block,TDMS-SECR-00328,1,1,approved
COA-00448,CBE-TVC,NWR,2026-11-19,00:00,04:59,4,engineering_block,"TMS-SR-04684,TMS-SR-02781",1,0,pending
COA-00729,BPL-NGP,ECoR,2026-11-19,00:00,06:59,6,emergency_block,TMS-WCR-02267,1,1,approved
COA-01833,ALD-CNB,ECoR,2026-11-19,01:00,07:59,6,emergency_block,"TMS-SECR-01867,TMS-CR-02914,TDMS-NR-02888",1,0,approved
COA-00877,LDH-ASR,NFR,2026-11-19,02:00,07:59,5,engineering_block,"SMMS-CR-01043,TDMS-SR-01589,TDMS-WCR-01525",0,2,approved
COA-01401,NGP-BZA,NR,2026-11-19,02:00,07:59,5,engineering_block,"TDMS-SCR-01136,SMMS-ECR-02410",1,0,approved
COA-00970,NGP-BZA,NR,2026-11-19,12:00,14:59,2,engineering_block,"TDMS-SECR-00699,SMMS-NFR-02435",0,2,approved
COA-00640,CSTM-KYN,SR,2026-11-20,00:00,06:59,6,engineering_block,TDMS-NR-00975,3,0,approved
COA-01624,ADI-BRC,SCR,2026-11-20,00:00,05:59,5,power_block,SMMS-CR-01492,0,2,approved
COA-01635,NGP-BZA,NR,2026-11-20,00:00,06:59,6,engineering_block,TMS-NER-00568,5,0,pending
COA-01312,ST-BCT,SECR,2026-11-20,01:00,09:59,8,engineering_block,SMMS-SCR-01380,3,0,approved
COA-01845,LTT-NED,SER,2026-11-20,01:00,04:59,3,engineering_block,"TMS-CR-03451,TDMS-CR-01704",2,0,approved
COA-00456,LDH-ASR,NFR,2026-11-20,02:00,07:59,5,power_block,"TMS-SCR-03566,TMS-NFR-01160,TDMS-NFR-00521",0,3,rejected
COA-01562,BCT-RTM,SWR,2026-11-20,02:00,06:59,4,caution_block,SMMS-SR-02409,4,0,pending
COA-01718,NDLS-UMB,NCR,2026-11-20,02:00,07:59,5,caution_block,TDMS-WCR-02879,1,2,approved
COA-01386,CSTM-KYN,SR,2026-11-20,12:00,14:59,2,engineering_block,TMS-NR-02519,0,2,approved
COA-00625,AZ-MGS,ER,2026-11-20,13:00,15:59,2,caution_block,TDMS-NR-01785,0,2,approved
COA-00751,AZ-MGS,ER,2026-11-21,00:00,04:59,4,power_block,"SMMS-SR-02682,TDMS-NR-02052,SMMS-NER-00750",1,1,approved
COA-00872,KZJ-BZA,WR,2026-11-21,00:00,04:59,4,engineering_block,"SMMS-NCR-00956,TMS-NWR-02911,SMMS-NR-02617",0,1,pending
COA-01080,BPL-NGP,ECoR,2026-11-21,00:00,05:59,5,caution_block,"TDMS-NER-01240,TDMS-SCR-02087,TMS-SCR-04867",1,0,approved
COA-00586,ST-BCT,SECR,2026-11-21,01:00,06:59,5,power_block,"SMMS-ECR-00227,TMS-WR-01429,TMS-NCR-01836",2,0,approved
COA-01653,MGS-ALD,ECR,2026-11-21,01:00,05:59,4,engineering_block,SMMS-SWR-01369,2,0,approved
COA-00064,SC-KZJ,SWR,2026-11-21,02:00,07:59,5,engineering_block,"TMS-NWR-01644,TDMS-ECoR-01431",1,0,pending
COA-00269,JHS-BPL,ECR,2026-11-21,02:00,06:59,4,engineering_block,"SMMS-WCR-01312,SMMS-WR-01809,TDMS-SER-00680",2,0,pending
COA-00486,BWN-AZ,CR,2026-11-21,02:00,10:59,8,power_block,"SMMS-ECR-01830,TMS-SECR-03828,TMS-NFR-03202",1,0,approved
COA-00646,CSTM-KYN,SR,2026-11-21,02:00,08:59,6,engineering_block,"SMMS-ECoR-02535,SMMS-SECR-01202",2,1,approved
COA-00899,MAS-ED,NER,2026-11-21,02:00,05:59,3,engineering_block,"TMS-SR-01581,SMMS-ECR-02410,TMS-NFR-04739",2,1,pending
COA-01480,BWN-AZ,CR,2026-11-21,02:00,10:59,8,engineering_block,"SMMS-NWR-00833,TDMS-NFR-02218,TDMS-NFR-00134",1,1,approved
COA-01511,BRC-ST,SER,2026-11-21,02:00,08:59,6,engineering_block,"TMS-NER-03019,SMMS-ECR-02418,SMMS-ER-00548",0,0,approved
COA-01519,LTT-NED,SER,2026-11-21,02:00,08:59,6,engineering_block,TMS-NR-01801,3,0,approved
COA-01776,KZJ-BZA,WR,2026-11-21,02:00,10:59,8,engineering_block,"SMMS-ER-00561,SMMS-WCR-02651,TDMS-SER-00680",1,0,pending
COA-00278,ASR-JUC,NWR,2026-11-21,13:00,16:59,3,engineering_block,"TMS-WCR-00778,SMMS-WCR-02326",4,2,rejected
COA-01792,ED-CBE,NFR,2026-11-21,13:00,16:59,3,power_block,"TMS-NR-00209,TMS-WCR-03634",1,1,approved
COA-01366,NDLS-UMB,NCR,2026-11-22,00:00,05:59,5,engineering_block,"SMMS-NWR-00106,TMS-SCR-02852",0,0,approved
COA-00111,BZA-MAS,NCR,2026-11-22,01:00,05:59,4,engineering_block,"SMMS-NR-00979,SMMS-CR-02619,TMS-SR-01581",2,0,approved
COA-00287,ALD-CNB,ECoR,2026-11-22,01:00,07:59,6,emergency_block,SMMS-SCR-01630,3,3,pending
COA-00705,BRC-ST,SER,2026-11-22,01:00,06:59,5,power_block,"TDMS-SER-02249,TMS-NWR-01638",2,1,approved
COA-01575,BWN-AZ,CR,2026-11-22,01:00,04:59,3,engineering_block,"SMMS-NWR-01085,TDMS-SER-00171",2,0,pending
COA-01821,CSTM-KYN,SR,2026-11-22,01:00,06:59,5,power_block,"SMMS-ECR-02308,TMS-NER-04688,TMS-WR-03435",2,0,approved
COA-01876,LDH-ASR,NFR,2026-11-22,01:00,06:59,5,power_block,SMMS-NCR-01144,2,1,approved
COA-00148,JHS-BPL,ECR,2026-11-22,02:00,06:59,4,caution_block,"TMS-WR-00123,TMS-NCR-04817",2,3,rejected
COA-00279,LDH-ASR,NFR,2026-11-22,02:00,05:59,3,power_block,SMMS-NFR-01869,1,0,pending
COA-00932,NGP-BZA,NR,2026-11-22,02:00,07:59,5,engineering_block,TMS-NER-00688,0,1,pending
COA-01348,AZ-MGS,ER,2026-11-22,02:00,05:59,3,engineering_block,"TDMS-ECoR-02755,SMMS-NFR-02764",0,0,approved
COA-01648,SC-KZJ,SWR,2026-11-22,02:00,05:59,3,power_block,TDMS-SER-00165,2,0,approved
COA-00377,ASR-JUC,NWR,2026-11-22,12:00,14:59,2,engineering_block,"TMS-SER-03261,SMMS-SCR-02902",4,1,rejected
COA-00843,BRC-ST,SER,2026-11-22,12:00,15:59,3,engineering_block,"SMMS-ER-02017,TMS-SECR-04087",1,1,approved
COA-01465,NDLS-UMB,NCR,2026-11-22,12:00,15:59,3,power_block,TMS-ECoR-00773,3,0,approved
COA-01816,MAS-ED,NER,2026-11-23,00:00,05:59,5,caution_block,"TMS-SECR-00920,SMMS-NFR-02764,SMMS-WCR-00523",2,0,pending
COA-00008,NGP-BZA,NR,2026-11-23,01:00,07:59,6,engineering_block,"TDMS-NCR-02646,SMMS-NER-02059,TMS-SWR-00640",1,2,approved
COA-00473,CNB-NDLS,NR,2026-11-23,01:00,06:59,5,engineering_block,"TMS-NR-00675,SMMS-NFR-01012",3,3,rejected
COA-01716,KYN-IGP,SCR,2026-11-23,01:00,06:59,5,power_block,"SMMS-ECoR-00546,SMMS-NWR-01323",2,0,pending
COA-00908,ADI-BRC,SCR,2026-11-23,02:00,10:59,8,emergency_block,SMMS-CR-02619,2,0,pending
COA-01531,NDLS-UMB,NCR,2026-11-23,02:00,07:59,5,power_block,"SMMS-SECR-02319,TDMS-WR-02563,SMMS-CR-01492",2,1,approved
COA-00300,MGS-ALD,ECR,2026-11-24,00:00,04:59,4,power_block,SMMS-SCR-00626,0,2,approved
COA-00501,LTT-NED,SER,2026-11-24,00:00,03:59,3,engineering_block,"SMMS-SECR-01298,TMS-SECR-00035",0,1,approved
COA-01580,UMB-LDH,NER,2026-11-24,00:00,04:59,4,engineering_block,TMS-ECoR-02176,0,1,approved
COA-01850,NDLS-UMB,NCR,2026-11-24,00:00,04:59,4,engineering_block,SMMS-SER-01120,2,1,approved
COA-01537,AZ-MGS,ER,2026-11-24,01:00,04:59,3,power_block,"TMS-SWR-02171,TDMS-SR-00551",2,3,pending
COA-00573,BRC-ST,SER,2026-11-24,02:00,07:59,5,engineering_block,"TMS-SER-01916,TDMS-WCR-02378",1,2,approved
COA-01122,ALD-CNB,ECoR,2026-11-24,02:00,07:59,5,engineering_block,"SMMS-NFR-02605,TMS-ECR-00255,SMMS-NWR-00863",1,1,pending
COA-00626,ASR-JUC,NWR,2026-11-24,12:00,15:59,3,power_block,"SMMS-WR-00565,TMS-SR-04969,TMS-NWR-03814",1,1,pending
COA-00940,NDLS-UMB,NCR,2026-11-24,12:00,16:59,4,power_block,"SMMS-NR-02908,TDMS-WR-01558",1,2,approved
COA-01985,BRC-ST,SER,2026-11-24,12:00,15:59,3,engineering_block,TMS-WCR-03413,4,3,pending
COA-00910,ALD-CNB,ECoR,2026-11-24,13:00,16:59,3,engineering_block,"TMS-SR-02414,TMS-SCR-03592",2,0,approved
COA-01365,ED-CBE,NFR,2026-11-24,13:00,16:59,3,emergency_block,TDMS-SCR-00495,2,0,approved
COA-01886,JHS-BPL,ECR,2026-11-25,00:00,06:59,6,engineering_block,TMS-CR-01416,4,3,rejected
COA-00546,BWN-AZ,CR,2026-11-25,01:00,07:59,6,caution_block,"TMS-CR-00178,TDMS-NWR-00671,TDMS-SR-01756",1,0,approved
COA-00584,ALD-CNB,ECoR,2026-11-25,01:00,05:59,4,engineering_block,"TDMS-NFR-02453,TDMS-NFR-00216,TDMS-SER-02638",4,3,pending
COA-00405,BPL-NGP,ECoR,2026-11-25,02:00,07:59,5,engineering_block,"SMMS-ECoR-01135,SMMS-WR-01310",3,2,approved
COA-00747,AZ-MGS,ER,2026-11-25,02:00,07:59,5,power_block,"SMMS-SWR-01224,TDMS-SCR-00986,TDMS-WCR-02161",0,0,approved
COA-00845,NDLS-UMB,NCR,2026-11-25,02:00,07:59,5,engineering_block,"TMS-WCR-00373,TDMS-SER-01797,TMS-SCR-02047",1,2,approved
COA-01291,KZJ-BZA,WR,2026-11-25,02:00,06:59,4,power_block,"TMS-NER-00820,SMMS-NR-00536",0,0,approved
COA-01573,AGC-JHS,ER,2026-11-25,02:00,10:59,8,power_block,"SMMS-ECoR-00157,SMMS-ECR-00227,TDMS-SECR-00180",1,1,approved
COA-00394,ALD-CNB,ECoR,2026-11-25,12:00,14:59,2,engineering_block,"SMMS-NFR-01406,TDMS-NCR-02947,SMMS-ECoR-02535",1,0,approved
COA-01114,AGC-JHS,ER,2026-11-25,12:00,15:59,3,engineering_block,"TDMS-NCR-00923,TMS-ECR-03223,TMS-SER-02609",1,1,approved
COA-01924,CNB-NDLS,NR,2026-11-25,12:00,14:59,2,engineering_block,"TMS-NWR-04072,SMMS-NCR-00956",1,1,approved
COA-00061,NDLS-AGC,CR,2026-11-25,13:00,15:59,2,engineering_block,TMS-SECR-01867,2,1,approved
COA-01878,BWN-AZ,CR,2026-11-25,13:00,16:59,3,engineering_block,"SMMS-NCR-01854,SMMS-ECR-01830",2,1,pending
COA-00024,ALD-CNB,ECoR,2026-11-26,00:00,05:59,5,engineering_block,SMMS-ER-02589,4,1,rejected
COA-00984,CNB-NDLS,NR,2026-11-26,00:00,05:59,5,engineering_block,SMMS-SR-02584,1,1,approved
COA-00161,NGP-BZA,NR,2026-11-26,01:00,04:59,3,engineering_block,"SMMS-ER-02176,SMMS-SCR-00596,SMMS-NFR-01150",0,2,approved
COA-00593,KZJ-BZA,WR,2026-11-26,01:00,05:59,4,engineering_block,SMMS-SWR-02816,2,1,approved
COA-00627,ASR-JUC,NWR,2026-11-26,01:00,06:59,5,engineering_block,"TDMS-SCR-02087,SMMS-WCR-02651",1,1,approved
COA-01002,AGC-JHS,ER,2026-11-26,01:00,05:59,4,engineering_block,"TMS-SER-00595,TDMS-WR-01992,TDMS-WCR-00115",0,1,approved
COA-01244,ST-BCT,SECR,2026-11-26,01:00,07:59,6,power_block,"SMMS-SCR-01282,TDMS-CR-01066",1,0,pending
COA-01438,AZ-MGS,ER,2026-11-26,01:00,04:59,3,engineering_block,"TDMS-ECoR-01669,TMS-NER-04688,SMMS-NR-02000",4,0,pending
COA-01463,ALD-CNB,ECoR,2026-11-26,01:00,06:59,5,engineering_block,"TMS-NCR-01836,SMMS-WCR-02580,TMS-WCR-01778",1,2,approved
COA-01542,BWN-AZ,CR,2026-11-26,01:00,06:59,5,engineering_block,TDMS-CR-02587,1,1,approved
COA-01692,ADI-BRC,SCR,2026-11-26,01:00,06:59,5,engineering_block,"TDMS-ECR-00444,TMS-NER-00355",0,0,approved
COA-01187,HWH-BWN,WCR,2026-11-26,02:00,06:59,4,engineering_block,"TMS-SCR-01046,TMS-SECR-02422,TDMS-ECoR-01275",3,2,pending
COA-00698,MAS-ED,NER,2026-11-26,12:00,16:59,4,power_block,TDMS-NER-02936,1,0,approved
COA-00858,JHS-BPL,ECR,2026-11-26,12:00,15:59,3,power_block,"TDMS-ER-02200,TDMS-ER-00265",1,1,pending
COA-01920,BZA-MAS,NCR,2026-11-26,12:00,15:59,3,engineering_block,TMS-NCR-01691,1,1,approved
COA-00102,NGP-BZA,NR,2026-11-27,00:00,04:59,4,caution_block,TMS-CR-00403,4,1,rejected
COA-00792,KYN-IGP,SCR,2026-11-27,00:00,05:59,5,engineering_block,TDMS-SER-00680,2,0,approved
COA-00797,SC-KZJ,SWR,2026-11-27,00:00,04:59,4,engineering_block,TDMS-NFR-02218,2,2,approved
COA-01245,ST-BCT,SECR,2026-11-27,00:00,08:59,8,engineering_block,"TMS-NER-01702,TDMS-ECR-01840,TDMS-SECR-02796",5,1,rejected
COA-01735,CSTM-KYN,SR,2026-11-27,00:00,06:59,6,engineering_block,TDMS-SECR-00103,1,1,approved
COA-00049,SC-KZJ,SWR,2026-11-27,01:00,05:59,4,engineering_block,"TMS-ECoR-01806,TDMS-CR-02675",1,1,approved
COA-00372,MGS-ALD,ECR,2026-11-27,01:00,05:59,4,engineering_block,"TMS-ER-00694,TMS-SR-02321,TDMS-SR-00072",0,2,approved
COA-01508,CSTM-KYN,SR,2026-11-27,01:00,04:59,3,engineering_block,"SMMS-CR-01279,SMMS-SECR-00327",1,0,approved
COA-01525,AZ-MGS,ER,2026-11-27,01:00,07:59,6,power_block,"TDMS-NFR-00216,TMS-SR-00042",1,3,pending
COA-01729,BPL-NGP,ECoR,2026-11-27,01:00,04:59,3,engineering_block,TMS-ECoR-02944,1,2,approved
COA-00195,ED-CBE,NFR,2026-11-27,02:00,07:59,5,engineering_block,"TDMS-NWR-00093,SMMS-NFR-01003,TDMS-NWR-01054",3,3,pending
COA-00560,SC-KZJ,SWR,2026-11-27,02:00,05:59,3,power_block,"SMMS-WR-02494,SMMS-WR-01192,SMMS-NER-00562",2,0,approved
COA-01364,BZA-MAS,NCR,2026-11-27,02:00,07:59,5,caution_block,TDMS-SER-00480,2,0,approved
COA-01732,CNB-NDLS,NR,2026-11-27,02:00,08:59,6,power_block,"TDMS-SWR-01243,TMS-NER-02620,TDMS-SR-02379",0,0,approved
COA-01996,BPL-NGP,ECoR,2026-11-27,02:00,07:59,5,power_block,"SMMS-NR-01189,TDMS-CR-02332,TMS-SCR-02162",0,2,approved
COA-00137,ALD-CNB,ECoR,2026-11-27,12:00,14:59,2,engineering_block,"TDMS-ECR-01840,TDMS-WR-01558",5,1,rejected
COA-00180,ST-BCT,SECR,2026-11-27,12:00,15:59,3,power_block,"SMMS-WR-00182,TMS-NR-04366,TMS-SCR-03908",1,1,approved
COA-00671,NDLS-UMB,NCR,2026-11-27,13:00,17:59,4,engineering_block,SMMS-NWR-00106,2,0,pending
COA-01687,NDLS-AGC,CR,2026-11-27,13:00,16:59,3,power_block,TDMS-NR-01931,4,3,rejected
COA-00088,NDLS-AGC,CR,2026-11-28,00:00,06:59,6,power_block,"SMMS-ECoR-00165,TMS-NFR-03569",1,2,approved
COA-00549,AWB-SC,SECR,2026-11-28,00:00,05:59,5,power_block,TDMS-SCR-02633,1,0,approved
COA-01248,KZJ-BZA,WR,2026-11-28,00:00,08:59,8,engineering_block,"TDMS-SER-00178,TMS-NR-01944,TMS-NCR-03229",1,0,pending
COA-00097,JUC-ADI,SR,2026-11-28,01:00,07:59,6,power_block,"TDMS-CR-02252,SMMS-NWR-02909",3,1,approved
COA-00259,KZJ-BZA,WR,2026-11-28,01:00,05:59,4,engineering_block,"SMMS-NFR-02077,SMMS-SWR-01407",1,1,approved
COA-01923,NGP-BZA,NR,2026-11-28,01:00,07:59,6,power_block,"TDMS-SER-00171,SMMS-SECR-01758,TDMS-WCR-01194",1,2,approved
COA-00396,CNB-NDLS,NR,2026-11-28,12:00,16:59,4,caution_block,"TMS-NER-00628,TDMS-SCR-01874",2,1,approved
COA-00354,CNB-NDLS,NR,2026-11-29,00:00,04:59,4,engineering_block,"SMMS-WR-02849,TDMS-NR-02619,TDMS-NFR-00149",0,0,approved
COA-00824,NGP-BZA,NR,2026-11-29,00:00,03:59,3,emergency_block,"SMMS-SECR-02232,SMMS-CR-01405,TDMS-NFR-00390",1,0,approved
COA-00800,KYN-IGP,SCR,2026-11-29,01:00,06:59,5,power_block,"TDMS-WCR-02112,TMS-NCR-00881",1,0,approved
COA-01130,AZ-MGS,ER,2026-11-29,01:00,04:59,3,power_block,SMMS-NER-01879,5,0,rejected
COA-01596,NDLS-AGC,CR,2026-11-29,01:00,07:59,6,engineering_block,"TMS-ECoR-00395,TDMS-NR-01784",1,3,pending
COA-01915,JUC-ADI,SR,2026-11-29,01:00,07:59,6,engineering_block,"TMS-SWR-00640,SMMS-SER-01567",1,0,approved
COA-01970,MAS-ED,NER,2026-11-29,01:00,07:59,6,emergency_block,TDMS-NCR-00798,2,0,approved
COA-00350,NDLS-UMB,NCR,2026-11-29,02:00,07:59,5,engineering_block,"TMS-NCR-04383,SMMS-WCR-02375,TMS-SCR-03616",0,1,approved
COA-00543,ADI-BRC,SCR,2026-11-29,02:00,05:59,3,caution_block,"SMMS-CR-01963,TMS-WCR-03547",2,1,pending
COA-01423,AWB-SC,SECR,2026-11-29,02:00,08:59,6,engineering_block,"SMMS-SR-01304,SMMS-NFR-01701",2,3,pending
COA-01171,CBE-TVC,NWR,2026-11-29,12:00,14:59,2,engineering_block,SMMS-ER-02176,0,0,approved
COA-00740,BPL-NGP,ECoR,2026-11-29,13:00,15:59,2,power_block,"TDMS-ECR-02613,TMS-NFR-02072,TMS-NR-01944",1,1,approved
COA-00852,AZ-MGS,ER,2026-11-30,01:00,06:59,5,engineering_block,"SMMS-NWR-02173,SMMS-ER-00414",0,1,approved
COA-01740,AWB-SC,SECR,2026-11-30,02:00,05:59,3,engineering_block,SMMS-CR-02687,3,0,approved
COA-00154,CNB-NDLS,NR,2026-12-01,00:00,05:59,5,engineering_block,"SMMS-WR-00046,SMMS-SECR-00510",2,0,pending
COA-00521,NDLS-UMB,NCR,2026-12-01,00:00,04:59,4,caution_block,"SMMS-SWR-01607,TMS-NCR-01917",0,1,approved
COA-00654,ST-BCT,SECR,2026-12-01,00:00,03:59,3,engineering_block,"SMMS-WR-00076,TMS-ECR-04912,TMS-SWR-04272",1,0,approved
COA-01062,MAS-ED,NER,2026-12-01,00:00,05:59,5,power_block,"TMS-NFR-02774,TDMS-ECoR-00070,SMMS-SWR-02702",0,0,approved
COA-01268,KZJ-BZA,WR,2026-12-01,00:00,06:59,6,power_block,"TDMS-SECR-02875,TMS-SR-04754",2,2,approved
COA-01945,JUC-ADI,SR,2026-12-01,00:00,06:59,6,emergency_block,"TMS-SR-02386,TDMS-NER-01790",1,1,approved
COA-00327,CNB-NDLS,NR,2026-12-01,02:00,06:59,4,power_block,"SMMS-WCR-01608,SMMS-SECR-00338",2,2,approved
COA-01060,KYN-IGP,SCR,2026-12-01,02:00,06:59,4,power_block,"SMMS-SECR-01672,TMS-SWR-01707",1,0,approved
COA-00993,KYN-IGP,SCR,2026-12-01,12:00,15:59,3,engineering_block,"TDMS-ECR-01329,SMMS-SR-00252",5,0,rejected
COA-00949,KYN-IGP,SCR,2026-12-01,13:00,15:59,2,engineering_block,"TDMS-SECR-02063,TMS-NCR-01044,TMS-SECR-01548",3,2,approved
COA-00526,AGC-JHS,ER,2026-12-02,00:00,06:59,6,power_block,TMS-SWR-04460,1,1,approved
COA-01153,KZJ-BZA,WR,2026-12-02,00:00,04:59,4,emergency_block,SMMS-WCR-02326,0,1,approved
COA-01631,ALD-CNB,ECoR,2026-12-02,00:00,08:59,8,engineering_block,"TDMS-ER-00766,TMS-NWR-03108",2,2,approved
COA-01947,KYN-IGP,SCR,2026-12-02,00:00,08:59,8,power_block,SMMS-ER-00430,0,1,pending
COA-00032,UMB-LDH,NER,2026-12-02,01:00,05:59,4,power_block,"SMMS-WR-00677,TMS-NER-03419",1,0,approved
COA-00041,CNB-NDLS,NR,2026-12-02,01:00,09:59,8,engineering_block,"TMS-NR-04226,TMS-WR-04354",0,0,approved
COA-00266,NGP-BZA,NR,2026-12-02,01:00,06:59,5,caution_block,SMMS-WCR-00685,2,3,pending
COA-00496,KZJ-BZA,WR,2026-12-02,01:00,04:59,3,engineering_block,"TMS-NCR-03802,TMS-ER-04337,TMS-SCR-02762",0,2,approved
COA-01354,MAS-ED,NER,2026-12-02,01:00,04:59,3,engineering_block,"TDMS-WR-02356,TDMS-SCR-00125",2,1,approved
COA-01428,BWN-AZ,CR,2026-12-02,02:00,08:59,6,emergency_block,"TMS-NR-00589,TDMS-WCR-01661,SMMS-ECoR-02535",1,1,approved
COA-01855,AWB-SC,SECR,2026-12-02,02:00,06:59,4,power_block,"TDMS-NR-00186,TMS-NR-02519",1,3,pending
COA-00943,CSTM-KYN,SR,2026-12-02,13:00,15:59,2,power_block,"SMMS-ER-00880,TDMS-ER-01629",0,2,approved
COA-00057,ST-BCT,SECR,2026-12-03,00:00,06:59,6,power_block,"SMMS-SCR-02732,TMS-NFR-04739",1,0,approved
COA-00167,JUC-ADI,SR,2026-12-03,00:00,03:59,3,engineering_block,SMMS-ECoR-02592,1,2,pending
COA-00641,CSTM-KYN,SR,2026-12-03,00:00,03:59,3,power_block,"TDMS-WCR-01661,SMMS-CR-01405,TDMS-WCR-02161",2,0,approved
COA-00828,NGP-BZA,NR,2026-12-03,00:00,05:59,5,power_block,"TDMS-ER-02829,SMMS-NR-00536,SMMS-NCR-02959",0,2,pending
COA-01928,CSTM-KYN,SR,2026-12-03,00:00,05:59,5,engineering_block,SMMS-SER-00843,2,1,pending
COA-01156,LTT-NED,SER,2026-12-03,02:00,07:59,5,power_block,"TMS-WR-03610,TDMS-SECR-02544,TMS-SCR-02047",0,1,approved
COA-01271,BPL-NGP,ECoR,2026-12-03,02:00,06:59,4,engineering_block,"SMMS-ER-00548,TDMS-NFR-00176,TMS-SER-00994",0,2,approved
COA-01277,JUC-ADI,SR,2026-12-03,02:00,08:59,6,power_block,TMS-WCR-00028,2,0,pending
COA-01529,MGS-ALD,ECR,2026-12-03,02:00,05:59,3,power_block,"SMMS-CR-01171,TDMS-WCR-02161,TDMS-NER-02686",2,1,approved
COA-01922,BWN-AZ,CR,2026-12-03,02:00,05:59,3,engineering_block,TDMS-SWR-01598,2,0,pending
COA-00178,NGP-BZA,NR,2026-12-03,12:00,15:59,3,caution_block,"TDMS-NWR-02264,TMS-NCR-00325,TMS-NCR-03802",5,3,rejected
COA-00820,UMB-LDH,NER,2026-12-03,12:00,16:59,4,engineering_block,"SMMS-ER-01749,TMS-WR-00327,TMS-NWR-04279",2,2,pending
COA-01203,ST-BCT,SECR,2026-12-03,12:00,15:59,3,engineering_block,"SMMS-NFR-02795,TDMS-WCR-01194,TMS-ECoR-02794",1,0,approved
COA-00764,AWB-SC,SECR,2026-12-03,13:00,16:59,3,engineering_block,SMMS-ECoR-00850,3,2,pending
COA-01087,CSTM-KYN,SR,2026-12-03,13:00,16:59,3,power_block,"TMS-SR-02626,TDMS-SR-02172",0,1,approved
COA-01178,BZA-MAS,NCR,2026-12-03,13:00,16:59,3,caution_block,SMMS-SER-00096,3,2,approved
COA-01881,ALD-CNB,ECoR,2026-12-03,13:00,15:59,2,power_block,"SMMS-SWR-00066,TMS-NER-02865",3,0,pending
COA-01893,ADI-BRC,SCR,2026-12-03,13:00,17:59,4,engineering_block,TMS-SER-03333,1,1,approved
COA-00192,AWB-SC,SECR,2026-12-04,00:00,06:59,6,engineering_block,TDMS-WR-02858,1,1,pending
COA-00772,JUC-ADI,SR,2026-12-04,00:00,05:59,5,caution_block,SMMS-SCR-00052,1,3,rejected
COA-01643,SC-KZJ,SWR,2026-12-04,00:00,04:59,4,power_block,"TMS-NWR-01368,TDMS-NCR-02947,TMS-NWR-02502",0,0,approved
COA-01032,LDH-ASR,NFR,2026-12-04,01:00,04:59,3,engineering_block,SMMS-WR-00076,3,0,pending
COA-01398,LTT-NED,SER,2026-12-04,01:00,09:59,8,emergency_block,TMS-NCR-01044,2,0,pending
COA-01761,CNB-NDLS,NR,2026-12-04,01:00,07:59,6,emergency_block,TMS-CR-01420,0,3,rejected
COA-00081,ASR-JUC,NWR,2026-12-04,02:00,06:59,4,engineering_block,"SMMS-ECoR-00351,SMMS-CR-02687",0,1,pending
COA-00145,KYN-IGP,SCR,2026-12-04,02:00,05:59,3,engineering_block,SMMS-NER-01103,2,0,approved
COA-00512,KZJ-BZA,WR,2026-12-04,02:00,07:59,5,power_block,SMMS-WR-00181,4,0,pending
COA-00678,ALD-CNB,ECoR,2026-12-04,02:00,06:59,4,power_block,SMMS-WCR-02326,0,0,approved
COA-01141,BPL-NGP,ECoR,2026-12-04,02:00,08:59,6,engineering_block,TDMS-NCR-01127,1,0,approved
COA-00982,CBE-TVC,NWR,2026-12-04,12:00,15:59,3,power_block,"SMMS-NER-01513,SMMS-SECR-01070",0,1,pending
COA-01378,BZA-MAS,NCR,2026-12-04,12:00,15:59,3,power_block,"TDMS-NER-00601,TMS-NCR-03106,TMS-NCR-02664",2,0,pending
COA-01393,CSTM-KYN,SR,2026-12-04,12:00,16:59,4,engineering_block,TMS-CR-04309,1,1,approved
COA-00402,JHS-BPL,ECR,2026-12-05,00:00,08:59,8,engineering_block,"TMS-NER-02620,SMMS-ECR-00043,TDMS-NFR-00216",3,1,pending
COA-00433,KZJ-BZA,WR,2026-12-05,00:00,06:59,6,emergency_block,SMMS-CR-01405,1,0,approved
COA-01029,UMB-LDH,NER,2026-12-05,00:00,06:59,6,power_block,"TMS-NCR-00577,SMMS-SWR-00941,SMMS-SCR-00521",0,1,approved
COA-01539,LTT-NED,SER,2026-12-05,00:00,04:59,4,power_block,"SMMS-SER-00603,SMMS-NER-01921,TMS-SCR-03908",3,0,pending
COA-01602,MAS-ED,NER,2026-12-05,00:00,06:59,6,engineering_block,"SMMS-NR-00617,TDMS-SER-00802,TDMS-ECoR-02845",1,0,pending
COA-00052,ED-CBE,NFR,2026-12-05,01:00,05:59,4,power_block,"SMMS-WR-02849,TDMS-WCR-02378,TDMS-SECR-00180",0,2,approved
COA-00436,UMB-LDH,NER,2026-12-05,01:00,04:59,3,engineering_block,"TMS-NWR-04737,TMS-NFR-02815",1,3,pending
COA-01182,AGC-JHS,ER,2026-12-05,02:00,08:59,6,engineering_block,"TDMS-SECR-00842,TDMS-ER-02838,TMS-WCR-03547",4,3,pending
COA-01667,BWN-AZ,CR,2026-12-05,02:00,08:59,6,engineering_block,TDMS-ER-00906,3,1,approved
COA-01825,AZ-MGS,ER,2026-12-05,02:00,05:59,3,power_block,TDMS-SER-00165,3,1,pending
COA-01960,LDH-ASR,NFR,2026-12-05,02:00,06:59,4,power_block,SMMS-NR-01140,0,1,approved
COA-00305,ASR-JUC,NWR,2026-12-05,12:00,15:59,3,engineering_block,"TDMS-ECR-02376,TDMS-SR-01587",1,0,approved
COA-00437,BZA-MAS,NCR,2026-12-05,12:00,15:59,3,engineering_block,"TDMS-SECR-02875,TMS-NER-04750,TMS-SWR-02171",0,1,approved
COA-00876,ASR-JUC,NWR,2026-12-05,12:00,14:59,2,engineering_block,"TDMS-ER-02135,TMS-SR-00939,TDMS-ECR-01733",3,0,approved
COA-01514,BCT-RTM,SWR,2026-12-05,12:00,16:59,4,caution_block,TMS-WCR-00299,0,0,approved
COA-00220,AWB-SC,SECR,2026-12-06,00:00,08:59,8,engineering_block,"TMS-SR-01570,TMS-NFR-04528,SMMS-NER-02272",0,0,approved
COA-01206,AGC-JHS,ER,2026-12-06,01:00,04:59,3,engineering_block,TMS-NFR-03598,0,1,pending
COA-00121,NGP-BZA,NR,2026-12-06,02:00,06:59,4,emergency_block,"TDMS-WR-00195,SMMS-NFR-01869",2,0,pending
COA-00874,BPL-NGP,ECoR,2026-12-06,02:00,06:59,4,power_block,SMMS-SWR-01592,1,0,approved
COA-01117,BWN-AZ,CR,2026-12-06,02:00,05:59,3,engineering_block,TMS-NFR-04593,0,1,pending
COA-01256,CSTM-KYN,SR,2026-12-06,02:00,08:59,6,engineering_block,TMS-ECoR-02140,1,2,approved
COA-01458,ASR-JUC,NWR,2026-12-06,02:00,06:59,4,caution_block,"TMS-SR-02386,TDMS-ECoR-00070,TMS-NCR-01917",1,1,approved
COA-01577,ASR-JUC,NWR,2026-12-06,02:00,08:59,6,caution_block,"TDMS-WCR-00858,TDMS-SWR-01243",5,0,pending
COA-00302,SC-KZJ,SWR,2026-12-06,12:00,15:59,3,engineering_block,TDMS-NCR-01701,1,0,approved
COA-00587,KZJ-BZA,WR,2026-12-06,13:00,16:59,3,emergency_block,"TMS-WCR-01056,SMMS-NWR-01259,TMS-SWR-01335",0,3,pending
COA-00739,SC-KZJ,SWR,2026-12-07,00:00,04:59,4,engineering_block,"TDMS-SCR-02633,TDMS-SWR-00871,SMMS-SWR-01407",0,3,rejected
COA-01774,AGC-JHS,ER,2026-12-07,00:00,06:59,6,caution_block,"TMS-NFR-02072,TMS-NWR-01224,TDMS-SWR-01853",0,1,pending
COA-01847,MGS-ALD,ECR,2026-12-07,00:00,08:59,8,emergency_block,"SMMS-SCR-01282,SMMS-WR-01194,SMMS-ER-00561",2,0,pending
COA-01946,LTT-NED,SER,2026-12-07,00:00,04:59,4,engineering_block,"TMS-WR-01510,TDMS-ER-02615,TDMS-NER-01042",0,1,approved
COA-00249,JHS-BPL,ECR,2026-12-07,01:00,04:59,3,engineering_block,"TMS-SER-01059,TDMS-NWR-01210",3,3,pending
COA-01454,BZA-MAS,NCR,2026-12-07,01:00,05:59,4,engineering_block,"TDMS-SR-00072,TMS-SWR-03489",3,1,pending
COA-01741,JHS-BPL,ECR,2026-12-07,01:00,06:59,5,caution_block,"TMS-SECR-01298,TDMS-ER-00405,TMS-NCR-02548",0,1,approved
COA-00941,ASR-JUC,NWR,2026-12-07,02:00,07:59,5,engineering_block,"TMS-SER-03261,TMS-SECR-00920",4,1,pending
COA-01170,BZA-MAS,NCR,2026-12-07,02:00,08:59,6,engineering_block,"TMS-WCR-02921,TMS-CR-00889,SMMS-ER-01542",0,3,rejected
COA-00480,AWB-SC,SECR,2026-12-07,12:00,14:59,2,engineering_block,"TDMS-WCR-02378,TMS-NER-00355,TMS-ECR-01013",3,2,pending
COA-01420,BRC-ST,SER,2026-12-07,12:00,14:59,2,caution_block,"SMMS-NCR-02339,TDMS-SWR-02916,TDMS-ECR-02376",1,0,approved
COA-00591,ST-BCT,SECR,2026-12-07,13:00,15:59,2,engineering_block,TMS-SWR-03344,2,0,pending
COA-01180,CNB-NDLS,NR,2026-12-07,13:00,15:59,2,engineering_block,"SMMS-SECR-01758,TDMS-CR-02246",0,2,approved
COA-01933,ASR-JUC,NWR,2026-12-07,13:00,16:59,3,emergency_block,"SMMS-SCR-00521,TDMS-CR-02587",0,3,pending
COA-00104,ST-BCT,SECR,2026-12-08,00:00,04:59,4,engineering_block,TMS-SECR-00751,2,1,approved
COA-01217,CBE-TVC,NWR,2026-12-08,00:00,06:59,6,power_block,"TMS-NCR-03802,TDMS-SCR-00769,TMS-CR-01416",0,2,approved
COA-01547,CBE-TVC,NWR,2026-12-08,00:00,04:59,4,power_block,"TDMS-ECR-01847,SMMS-NR-00067,TDMS-SWR-01566",2,0,approved
COA-01012,CNB-NDLS,NR,2026-12-08,01:00,06:59,5,engineering_block,"TDMS-NR-01560,SMMS-SCR-00164,TDMS-NCR-00798",2,1,pending
COA-01868,CNB-NDLS,NR,2026-12-08,01:00,06:59,5,engineering_block,"TDMS-NR-02757,TMS-NFR-00607,SMMS-ECR-02755",2,0,pending
COA-01944,ST-BCT,SECR,2026-12-08,01:00,06:59,5,caution_block,"SMMS-SR-01127,SMMS-WR-01574",4,0,rejected
COA-01049,AWB-SC,SECR,2026-12-08,02:00,08:59,6,engineering_block,"TDMS-ECoR-00070,TDMS-NCR-00692,SMMS-NR-01154",2,1,approved
COA-01889,KZJ-BZA,WR,2026-12-08,02:00,07:59,5,engineering_block,"TMS-ER-04891,TMS-NR-01801,SMMS-ER-01655",0,1,pending
COA-00314,HWH-BWN,WCR,2026-12-08,12:00,14:59,2,caution_block,"TDMS-SCR-00495,TDMS-SWR-02535",0,1,approved
COA-00956,KYN-IGP,SCR,2026-12-08,12:00,14:59,2,emergency_block,"SMMS-CR-01492,TMS-SR-04524,TMS-NFR-04515",0,3,rejected
COA-01801,AZ-MGS,ER,2026-12-08,13:00,15:59,2,engineering_block,TDMS-NWR-02123,1,0,approved
COA-00176,CBE-TVC,NWR,2026-12-09,00:00,05:59,5,emergency_block,"TDMS-WR-01124,SMMS-NR-01371,TDMS-ECoR-02755",0,1,approved
COA-00495,SC-KZJ,SWR,2026-12-09,00:00,03:59,3,emergency_block,"SMMS-SCR-00313,TDMS-NWR-02990",1,1,approved
COA-01125,BZA-MAS,NCR,2026-12-09,00:00,05:59,5,engineering_block,TMS-NCR-01624,1,1,pending
COA-01372,UMB-LDH,NER,2026-12-09,00:00,08:59,8,power_block,"TMS-CR-03281,TMS-SCR-03926",1,1,approved
COA-01796,NDLS-UMB,NCR,2026-12-09,00:00,03:59,3,engineering_block,TDMS-NER-01200,1,2,approved
COA-01813,ED-CBE,NFR,2026-12-09,01:00,07:59,6,caution_block,SMMS-NWR-02519,0,0,approved
COA-01961,MGS-ALD,ECR,2026-12-09,01:00,05:59,4,engineering_block,"TMS-NFR-03279,TDMS-NR-01484,TMS-SECR-04563",1,0,approved
COA-01942,MAS-ED,NER,2026-12-09,02:00,07:59,5,engineering_block,"TMS-NWR-01440,TMS-ECoR-01138,TDMS-WR-01956",2,0,approved
COA-01967,NDLS-AGC,CR,2026-12-09,02:00,08:59,6,engineering_block,TDMS-SR-01115,2,0,approved
COA-00115,CBE-TVC,NWR,2026-12-09,13:00,15:59,2,power_block,TDMS-CR-02184,1,0,approved
COA-00851,ED-CBE,NFR,2026-12-09,13:00,17:59,4,caution_block,"SMMS-SR-02381,SMMS-NCR-02339,SMMS-NWR-02519",0,0,approved
COA-01966,BWN-AZ,CR,2026-12-09,13:00,17:59,4,engineering_block,"TMS-NR-02519,SMMS-NCR-01062",1,0,approved
COA-01717,MAS-ED,NER,2026-12-10,00:00,03:59,3,engineering_block,"TDMS-NR-00315,TDMS-NFR-02495",0,1,approved
COA-00861,KYN-IGP,SCR,2026-12-10,01:00,06:59,5,power_block,"SMMS-CR-01492,TMS-NWR-04461",5,3,pending
COA-00975,MAS-ED,NER,2026-12-10,01:00,06:59,5,engineering_block,TMS-NWR-00057,0,3,rejected
COA-00227,BZA-MAS,NCR,2026-12-10,02:00,05:59,3,engineering_block,TDMS-SCR-02027,1,1,approved
COA-00577,CNB-NDLS,NR,2026-12-10,02:00,07:59,5,power_block,TDMS-SWR-00018,0,1,pending
COA-00670,ED-CBE,NFR,2026-12-10,02:00,06:59,4,emergency_block,TDMS-NWR-01912,3,0,pending
COA-01111,CBE-TVC,NWR,2026-12-10,12:00,14:59,2,caution_block,TDMS-SCR-01874,1,1,approved
COA-00868,HWH-BWN,WCR,2026-12-10,13:00,15:59,2,power_block,"SMMS-NFR-00213,TMS-ECR-00255",0,1,approved
COA-01264,BWN-AZ,CR,2026-12-10,13:00,15:59,2,power_block,"TDMS-ER-00265,TDMS-ECoR-01195",3,2,approved
COA-00321,CBE-TVC,NWR,2026-12-11,00:00,05:59,5,power_block,TDMS-SR-01851,1,1,approved
COA-01769,SC-KZJ,SWR,2026-12-11,00:00,06:59,6,power_block,"SMMS-ECoR-02512,TMS-NFR-02258,SMMS-SWR-01592",3,0,approved
COA-00859,AWB-SC,SECR,2026-12-11,02:00,06:59,4,engineering_block,"TDMS-NR-01708,SMMS-NER-02560",0,0,approved
COA-00971,NDLS-UMB,NCR,2026-12-11,02:00,08:59,6,engineering_block,"TMS-SWR-03021,TMS-NCR-01624",1,0,approved
COA-01474,NDLS-UMB,NCR,2026-12-11,02:00,07:59,5,power_block,"TMS-WR-02536,TMS-SCR-01872",0,1,approved
COA-01601,SC-KZJ,SWR,2026-12-11,02:00,07:59,5,engineering_block,"TMS-SER-01750,TDMS-SWR-01866",3,0,approved
COA-01462,HWH-BWN,WCR,2026-12-11,12:00,14:59,2,caution_block,"TMS-WR-02202,TMS-NCR-04558",0,1,approved
COA-01744,AWB-SC,SECR,2026-12-11,12:00,14:59,2,engineering_block,"TMS-ER-00694,TMS-NWR-01224,SMMS-ECR-01360",0,1,approved
COA-01017,NGP-BZA,NR,2026-12-12,00:00,08:59,8,engineering_block,TDMS-ER-00974,0,1,approved
COA-01039,BRC-ST,SER,2026-12-12,00:00,03:59,3,power_block,"TMS-WCR-00046,SMMS-SER-00943",2,0,pending
COA-01077,BZA-MAS,NCR,2026-12-12,00:00,05:59,5,engineering_block,TDMS-SR-02379,0,1,approved
COA-00319,AGC-JHS,ER,2026-12-12,02:00,05:59,3,power_block,"TMS-ECR-04182,SMMS-NFR-00703,SMMS-ER-01935",1,3,rejected
COA-00509,JHS-BPL,ECR,2026-12-12,02:00,07:59,5,power_block,"SMMS-SWR-02749,SMMS-SWR-02462",3,1,approved
COA-01145,HWH-BWN,WCR,2026-12-12,02:00,10:59,8,power_block,"TDMS-CR-01973,TDMS-ECR-02039,TDMS-SER-01771",0,3,rejected
COA-01419,AWB-SC,SECR,2026-12-12,02:00,07:59,5,caution_block,TDMS-SECR-00328,1,0,approved
COA-01503,ADI-BRC,SCR,2026-12-12,02:00,10:59,8,engineering_block,"TMS-SR-04186,TMS-SER-01916,SMMS-CR-01013",4,1,rejected
COA-00059,BWN-AZ,CR,2026-12-12,13:00,16:59,3,engineering_block,"TMS-SECR-02101,TMS-ECoR-00408,TDMS-NWR-00260",1,0,pending
COA-01674,SC-KZJ,SWR,2026-12-12,13:00,15:59,2,power_block,SMMS-SCR-00204,1,1,approved
COA-01701,NGP-BZA,NR,2026-12-12,13:00,16:59,3,power_block,"TMS-NR-03966,TDMS-NWR-00477,TMS-WR-00123",0,0,approved
COA-00517,SC-KZJ,SWR,2026-12-13,00:00,03:59,3,power_block,"SMMS-NWR-00863,TDMS-NWR-02387,SMMS-WCR-00685",2,0,pending
COA-00537,AZ-MGS,ER,2026-12-13,00:00,05:59,5,power_block,TDMS-ECR-01192,2,0,approved
COA-00684,CNB-NDLS,NR,2026-12-13,00:00,04:59,4,power_block,TMS-ECoR-01468,1,1,approved
COA-00712,JUC-ADI,SR,2026-12-13,00:00,08:59,8,emergency_block,SMMS-ECoR-00845,2,0,approved
COA-01421,SC-KZJ,SWR,2026-12-13,00:00,06:59,6,caution_block,"SMMS-NCR-02177,SMMS-WR-02849,TMS-NCR-04817",0,0,approved
COA-00241,AZ-MGS,ER,2026-12-13,01:00,07:59,6,engineering_block,TDMS-WR-01992,4,2,pending
COA-01081,LDH-ASR,NFR,2026-12-13,01:00,07:59,6,engineering_block,"TMS-SWR-03021,SMMS-ER-00960",2,0,pending
COA-01777,NDLS-AGC,CR,2026-12-13,01:00,09:59,8,engineering_block,"TMS-SWR-01335,TMS-SECR-04586,SMMS-SR-01127",0,0,approved
COA-00515,BRC-ST,SER,2026-12-13,02:00,10:59,8,engineering_block,"TMS-WR-01510,SMMS-NWR-00232,TMS-WR-02319",1,1,approved
COA-00567,AGC-JHS,ER,2026-12-13,02:00,08:59,6,engineering_block,"TDMS-WCR-01995,TMS-NR-04366,SMMS-ECoR-00351",0,3,rejected
COA-00522,LDH-ASR,NFR,2026-12-13,12:00,15:59,3,engineering_block,"TMS-NR-00624,TMS-NCR-04345",1,0,approved
COA-01711,ASR-JUC,NWR,2026-12-13,12:00,14:59,2,power_block,"SMMS-WR-00944,SMMS-NFR-02764,TDMS-WCR-00168",1,2,approved
COA-00850,BZA-MAS,NCR,2026-12-13,13:00,15:59,2,power_block,"TMS-WR-02516,TMS-ECR-01703",4,2,pending
COA-01846,CNB-NDLS,NR,2026-12-13,13:00,16:59,3,power_block,"TMS-NER-00568,SMMS-ECR-01427",0,3,pending
COA-00386,SC-KZJ,SWR,2026-12-14,00:00,05:59,5,power_block,"SMMS-NER-01793,TDMS-NCR-00923,SMMS-ER-00781",0,1,pending
COA-01504,ST-BCT,SECR,2026-12-14,00:00,04:59,4,engineering_block,"TMS-NFR-00090,TDMS-NR-01182,SMMS-NWR-02440",2,0,approved
COA-01642,JUC-ADI,SR,2026-12-14,00:00,06:59,6,engineering_block,SMMS-NR-00238,0,0,approved
COA-01827,HWH-BWN,WCR,2026-12-14,00:00,08:59,8,engineering_block,TMS-SCR-00587,1,1,approved
COA-00328,SC-KZJ,SWR,2026-12-14,01:00,04:59,3,engineering_block,"SMMS-NFR-02873,TMS-NWR-01472",4,2,pending
COA-00453,UMB-LDH,NER,2026-12-14,01:00,05:59,4,engineering_block,TDMS-NR-02111,2,1,pending
COA-00840,BRC-ST,SER,2026-12-14,01:00,07:59,6,engineering_block,TDMS-NWR-00197,4,1,rejected
COA-00944,BCT-RTM,SWR,2026-12-14,01:00,07:59,6,engineering_block,TDMS-ECoR-01206,1,3,pending
COA-01272,NDLS-AGC,CR,2026-12-14,01:00,05:59,4,engineering_block,TMS-NER-04955,2,0,approved
COA-01534,UMB-LDH,NER,2026-12-14,01:00,07:59,6,power_block,"TDMS-SECR-00051,TDMS-WCR-01525,TMS-SECR-02464",0,0,approved
COA-00218,NDLS-UMB,NCR,2026-12-14,02:00,08:59,6,engineering_block,"TMS-WCR-00791,TDMS-SR-00502",0,1,approved
COA-00976,BWN-AZ,CR,2026-12-14,02:00,08:59,6,engineering_block,"TDMS-NFR-01197,TMS-ECoR-02207",1,1,pending
COA-00355,JUC-ADI,SR,2026-12-14,12:00,15:59,3,power_block,"TDMS-ECoR-00070,TMS-SWR-01744,TDMS-SWR-01853",1,1,pending
COA-01324,BCT-RTM,SWR,2026-12-14,12:00,14:59,2,power_block,"TDMS-NWR-02637,TMS-SCR-03566,SMMS-NFR-00099",1,1,pending
COA-00665,CSTM-KYN,SR,2026-12-14,13:00,15:59,2,engineering_block,"TMS-SER-01105,SMMS-NER-02937,SMMS-NWR-01415",0,1,approved
COA-00829,BCT-RTM,SWR,2026-12-14,13:00,16:59,3,caution_block,"TDMS-NFR-02993,TDMS-SECR-02544,TDMS-SCR-00000",2,0,approved
COA-01691,ED-CBE,NFR,2026-12-14,13:00,16:59,3,engineering_block,"TMS-SCR-03566,TDMS-NR-01785,TDMS-WCR-00168",1,0,approved
COA-00291,MAS-ED,NER,2026-12-15,00:00,05:59,5,engineering_block,TDMS-SECR-02515,0,0,approved
COA-01639,ST-BCT,SECR,2026-12-15,00:00,04:59,4,engineering_block,TDMS-SECR-01421,2,0,approved
COA-00493,BPL-NGP,ECoR,2026-12-15,01:00,05:59,4,emergency_block,"TDMS-CR-02675,SMMS-NR-00731",0,0,approved
COA-00585,MGS-ALD,ECR,2026-12-15,01:00,06:59,5,power_block,"SMMS-NR-01919,TDMS-NER-02936",1,0,pending
COA-00717,LTT-NED,SER,2026-12-15,01:00,05:59,4,power_block,TDMS-ER-02326,4,1,pending
COA-00842,ADI-BRC,SCR,2026-12-15,01:00,09:59,8,engineering_block,TDMS-ECoR-01669,1,1,pending
COA-00915,BPL-NGP,ECoR,2026-12-15,01:00,05:59,4,power_block,"SMMS-WCR-02211,TMS-NR-01117,TMS-ECR-01983",0,0,approved
COA-01263,UMB-LDH,NER,2026-12-15,01:00,05:59,4,power_block,"TMS-ER-03065,SMMS-NWR-02519,SMMS-NFR-01406",1,0,approved
COA-01337,BCT-RTM,SWR,2026-12-15,01:00,07:59,6,caution_block,"TDMS-WCR-01896,TDMS-SCR-00997,TDMS-NWR-01905",0,1,approved
COA-01340,CBE-TVC,NWR,2026-12-15,01:00,05:59,4,caution_block,SMMS-ECoR-00591,0,0,approved
COA-00263,ASR-JUC,NWR,2026-12-15,02:00,06:59,4,engineering_block,TDMS-NER-02158,4,2,rejected
COA-00692,LDH-ASR,NFR,2026-12-15,12:00,14:59,2,engineering_block,TMS-WR-01429,0,0,approved
COA-00462,ED-CBE,NFR,2026-12-16,00:00,05:59,5,emergency_block,"TDMS-ECR-00959,SMMS-SR-01304,SMMS-NER-00359",3,0,approved
COA-01055,BZA-MAS,NCR,2026-12-16,00:00,04:59,4,engineering_block,"TMS-SER-01105,TMS-WCR-02921",2,1,pending
COA-01106,NGP-BZA,NR,2026-12-16,00:00,05:59,5,engineering_block,"TDMS-CR-02184,SMMS-ECoR-00447,TMS-NCR-04527",0,1,approved
COA-01655,ADI-BRC,SCR,2026-12-16,00:00,06:59,6,power_block,"TMS-SCR-03566,TDMS-SCR-00986,TMS-SER-02984",1,3,pending
COA-01414,MAS-ED,NER,2026-12-16,01:00,05:59,4,engineering_block,"SMMS-NFR-02605,SMMS-ER-00026,SMMS-ECoR-00351",1,2,approved
COA-01584,LTT-NED,SER,2026-12-16,01:00,07:59,6,caution_block,"TDMS-NWR-01905,TDMS-ER-00405,TDMS-NFR-02453",0,1,pending
COA-00406,BPL-NGP,ECoR,2026-12-16,02:00,07:59,5,engineering_block,TMS-WR-00945,2,0,approved
COA-00455,KZJ-BZA,WR,2026-12-16,02:00,10:59,8,engineering_block,"TDMS-ECoR-00412,SMMS-SECR-00868,TDMS-CR-02184",1,1,approved
COA-01052,HWH-BWN,WCR,2026-12-16,12:00,16:59,4,engineering_block,"TDMS-SR-02623,TMS-WR-03610",0,2,approved
COA-00490,ALD-CNB,ECoR,2026-12-17,00:00,08:59,8,engineering_block,"SMMS-ER-00561,TMS-WCR-03523,TMS-NCR-00577",1,3,rejected
COA-01411,NDLS-UMB,NCR,2026-12-17,00:00,06:59,6,engineering_block,"TMS-NR-00305,TMS-ECR-01988,TDMS-SCR-00986",1,1,approved
COA-00795,BPL-NGP,ECoR,2026-12-17,01:00,09:59,8,engineering_block,"SMMS-NFR-02873,SMMS-NWR-02909",1,0,pending
COA-01389,ADI-BRC,SCR,2026-12-17,01:00,07:59,6,engineering_block,"TMS-SWR-00261,TMS-NWR-04072,TDMS-WR-01299",0,0,approved
COA-01802,NDLS-AGC,CR,2026-12-17,01:00,05:59,4,engineering_block,TDMS-CR-02252,2,2,approved
COA-00151,BCT-RTM,SWR,2026-12-17,02:00,05:59,3,power_block,"SMMS-SWR-00211,SMMS-NFR-02605",0,2,approved
COA-01399,BWN-AZ,CR,2026-12-17,02:00,07:59,5,engineering_block,"TMS-SWR-02171,SMMS-NFR-00753",0,1,approved
COA-01934,ED-CBE,NFR,2026-12-17,02:00,07:59,5,emergency_block,"TDMS-SR-00403,TMS-WCR-03413",1,1,approved
COA-00461,BZA-MAS,NCR,2026-12-17,12:00,14:59,2,power_block,"TDMS-ER-01633,TDMS-SER-01907",4,0,rejected
COA-01982,AZ-MGS,ER,2026-12-17,12:00,15:59,3,engineering_block,"SMMS-NR-02364,SMMS-ER-01935,SMMS-SR-00566",0,3,pending
COA-00942,CNB-NDLS,NR,2026-12-17,13:00,15:59,2,engineering_block,"TMS-SER-02926,TMS-SCR-01897,TDMS-NR-00186",0,0,approved
COA-00948,ASR-JUC,NWR,2026-12-17,13:00,15:59,2,engineering_block,SMMS-SCR-00418,5,0,pending
COA-01953,BPL-NGP,ECoR,2026-12-17,13:00,16:59,3,engineering_block,"TMS-WCR-04486,SMMS-NCR-01056,TMS-SR-00697",0,0,approved
COA-00113,KYN-IGP,SCR,2026-12-18,00:00,08:59,8,power_block,"TMS-SER-03333,SMMS-NFR-01644",4,1,pending
COA-00730,KYN-IGP,SCR,2026-12-18,00:00,08:59,8,engineering_block,"SMMS-ECoR-00546,TMS-WCR-04770,TMS-SWR-02171",0,2,approved
COA-01958,NDLS-UMB,NCR,2026-12-18,00:00,03:59,3,engineering_block,TDMS-SER-00165,0,3,pending
COA-00019,CSTM-KYN,SR,2026-12-18,01:00,05:59,4,power_block,"TDMS-WCR-01513,TMS-CR-04647",0,0,approved
COA-00753,NDLS-AGC,CR,2026-12-18,01:00,05:59,4,emergency_block,"TDMS-SECR-02515,SMMS-WR-00982,TDMS-SCR-00125",1,2,approved
COA-00909,CNB-NDLS,NR,2026-12-18,01:00,07:59,6,engineering_block,"TDMS-NFR-00176,TDMS-NFR-02146,SMMS-SCR-00486",0,1,approved
COA-01068,BWN-AZ,CR,2026-12-18,01:00,07:59,6,emergency_block,"TDMS-SECR-00592,TDMS-NER-00514",0,1,approved
COA-00974,AZ-MGS,ER,2026-12-18,02:00,05:59,3,engineering_block,"TDMS-SWR-01243,SMMS-SCR-02047,TMS-ECoR-04532",2,0,pending
COA-01196,CSTM-KYN,SR,2026-12-18,12:00,15:59,3,engineering_block,"SMMS-NFR-01012,TMS-WCR-03668,TDMS-NFR-00578",0,2,approved
COA-00466,SC-KZJ,SWR,2026-12-18,13:00,15:59,2,emergency_block,"TDMS-ER-01950,TMS-SECR-02422",2,1,approved
COA-01250,AGC-JHS,ER,2026-12-18,13:00,16:59,3,power_block,"TMS-SWR-02171,TMS-SR-02998",0,0,approved
COA-01418,LDH-ASR,NFR,2026-12-18,13:00,17:59,4,power_block,"TDMS-WR-00600,TMS-SWR-03021",2,2,pending
COA-00107,BPL-NGP,ECoR,2026-12-19,00:00,04:59,4,engineering_block,TDMS-WR-01418,2,0,approved
COA-00969,NDLS-UMB,NCR,2026-12-19,01:00,07:59,6,power_block,TMS-SWR-01791,2,0,approved
COA-01162,NDLS-AGC,CR,2026-12-19,01:00,09:59,8,power_block,"SMMS-ECoR-00351,SMMS-SR-02944",2,3,pending
COA-00570,UMB-LDH,NER,2026-12-19,02:00,07:59,5,engineering_block,"TDMS-NWR-00260,TMS-CR-04647",5,0,pending
COA-00588,AZ-MGS,ER,2026-12-19,02:00,06:59,4,emergency_block,"TDMS-NER-00034,SMMS-CR-00742,TDMS-NFR-01197",2,1,approved
COA-01541,AGC-JHS,ER,2026-12-19,02:00,06:59,4,power_block,"TDMS-NR-02717,TDMS-SWR-00499",3,1,pending
COA-00731,MGS-ALD,ECR,2026-12-19,12:00,14:59,2,power_block,"TDMS-NFR-02464,TDMS-NCR-00355",3,0,approved
COA-00997,SC-KZJ,SWR,2026-12-19,12:00,15:59,3,engineering_block,SMMS-SR-00022,4,2,pending
COA-01054,ED-CBE,NFR,2026-12-19,12:00,14:59,2,emergency_block,TMS-SWR-04869,5,0,pending
COA-01451,AZ-MGS,ER,2026-12-19,12:00,15:59,3,engineering_block,"TDMS-WR-01418,TDMS-ECoR-02586",1,0,approved
COA-01644,HWH-BWN,WCR,2026-12-19,13:00,16:59,3,power_block,"SMMS-WR-01413,SMMS-SER-01834",0,1,approved
COA-00043,UMB-LDH,NER,2026-12-20,00:00,04:59,4,engineering_block,"TMS-CR-02569,SMMS-NCR-01197,TDMS-ECR-02140",1,2,approved
COA-00831,LTT-NED,SER,2026-12-20,01:00,06:59,5,engineering_block,TDMS-NR-02888,2,2,pending
COA-01355,UMB-LDH,NER,2026-12-20,01:00,05:59,4,emergency_block,"TMS-SER-02561,TDMS-NER-02158,SMMS-SR-02682",0,0,approved
COA-01659,BZA-MAS,NCR,2026-12-20,01:00,05:59,4,power_block,"TDMS-SWR-00139,TMS-SCR-02404,TMS-SER-01590",0,2,approved
COA-00511,BCT-RTM,SWR,2026-12-20,02:00,06:59,4,emergency_block,"SMMS-NFR-02621,TMS-SCR-01579",3,2,approved
COA-00672,BWN-AZ,CR,2026-12-20,02:00,10:59,8,engineering_block,"SMMS-SR-00316,TMS-ECR-04484,TDMS-SWR-00871",2,1,approved
COA-01020,ADI-BRC,SCR,2026-12-20,02:00,08:59,6,emergency_block,SMMS-ECR-02259,0,1,approved
COA-01303,KYN-IGP,SCR,2026-12-20,02:00,08:59,6,power_block,"SMMS-NWR-02844,TDMS-SER-01012,TMS-NR-04850",0,2,pending
COA-00114,AGC-JHS,ER,2026-12-20,13:00,16:59,3,power_block,"SMMS-NR-00979,TMS-NER-00820",5,1,rejected
COA-01616,SC-KZJ,SWR,2026-12-20,13:00,15:59,2,power_block,"TMS-CR-02915,TMS-CR-03451,TDMS-NER-01042",1,0,approved
COA-00485,KYN-IGP,SCR,2026-12-21,00:00,08:59,8,power_block,"TDMS-NCR-02699,TDMS-CR-00189,TMS-SR-00851",3,0,pending
COA-01199,CNB-NDLS,NR,2026-12-21,00:00,04:59,4,caution_block,"SMMS-NCR-02177,SMMS-NER-01222",0,1,approved
COA-01570,BWN-AZ,CR,2026-12-21,00:00,04:59,4,power_block,"TDMS-SER-01797,TMS-NFR-00407,TMS-SECR-01867",0,0,approved
COA-00011,MAS-ED,NER,2026-12-21,01:00,06:59,5,power_block,"SMMS-NCR-01929,SMMS-ECoR-00845,SMMS-CR-02507",1,1,approved
COA-00139,MGS-ALD,ECR,2026-12-21,01:00,07:59,6,engineering_block,TMS-NCR-04236,2,0,approved
COA-00191,JHS-BPL,ECR,2026-12-21,01:00,06:59,5,engineering_block,"SMMS-CR-01524,TMS-ECoR-01623,TDMS-WCR-02823",1,0,approved
COA-00198,KZJ-BZA,WR,2026-12-21,01:00,09:59,8,engineering_block,"SMMS-NFR-01701,TDMS-ECoR-00412,TDMS-ECoR-01195",2,2,approved
COA-00322,AWB-SC,SECR,2026-12-21,01:00,07:59,6,engineering_block,"TMS-WR-04330,SMMS-ECR-02308,TDMS-SECR-00842",1,0,approved
COA-00401,KZJ-BZA,WR,2026-12-21,01:00,06:59,5,caution_block,TDMS-ER-02838,2,3,pending
COA-01765,AWB-SC,SECR,2026-12-21,01:00,04:59,3,engineering_block,"TMS-ER-02273,TMS-ECR-01013",0,1,pending
COA-01894,CBE-TVC,NWR,2026-12-21,01:00,09:59,8,power_block,"TMS-NER-03019,TMS-NR-03033,TMS-ECR-04912",1,0,approved
COA-01994,CBE-TVC,NWR,2026-12-21,01:00,05:59,4,engineering_block,"TMS-NFR-01160,SMMS-WCR-02326,TDMS-CR-01325",0,3,pending
COA-00001,BPL-NGP,ECoR,2026-12-21,02:00,07:59,5,power_block,TMS-NER-02656,1,1,approved
COA-01047,NGP-BZA,NR,2026-12-21,02:00,07:59,5,emergency_block,TDMS-ECoR-02586,4,0,rejected
COA-01540,CBE-TVC,NWR,2026-12-21,02:00,07:59,5,power_block,TDMS-SECR-01421,0,3,rejected
COA-01948,JUC-ADI,SR,2026-12-21,02:00,10:59,8,power_block,"SMMS-WR-02849,TMS-ER-02337",3,3,rejected
COA-00005,NDLS-AGC,CR,2026-12-21,12:00,14:59,2,power_block,TMS-SCR-04867,1,0,approved
COA-00236,NDLS-AGC,CR,2026-12-21,13:00,15:59,2,engineering_block,"SMMS-CR-01013,SMMS-NWR-00637,TMS-SECR-04866",1,1,approved
COA-00663,ED-CBE,NFR,2026-12-21,13:00,15:59,2,caution_block,TMS-NCR-00881,1,3,rejected
COA-01346,ALD-CNB,ECoR,2026-12-21,13:00,15:59,2,power_block,"SMMS-NWR-01698,TMS-CR-00276",1,2,pending
COA-00342,NDLS-AGC,CR,2026-12-22,00:00,03:59,3,power_block,"TDMS-SER-01357,TMS-NFR-04739,TMS-SR-02386",1,1,approved
COA-01459,CNB-NDLS,NR,2026-12-22,00:00,06:59,6,engineering_block,TDMS-NFR-00390,1,0,approved
COA-00092,BRC-ST,SER,2026-12-22,01:00,04:59,3,engineering_block,TMS-NR-02008,0,1,approved
COA-00794,AWB-SC,SECR,2026-12-22,01:00,05:59,4,power_block,"TDMS-NER-01274,TDMS-NER-00801,TMS-NCR-01836",1,0,approved
COA-01995,HWH-BWN,WCR,2026-12-22,01:00,06:59,5,engineering_block,"SMMS-NCR-02959,SMMS-NWR-00637,TMS-SR-00573",1,0,approved
COA-00791,JHS-BPL,ECR,2026-12-22,02:00,07:59,5,power_block,TMS-WCR-00701,2,0,pending
COA-00864,KZJ-BZA,WR,2026-12-22,02:00,06:59,4,engineering_block,"TMS-SR-04684,TMS-NER-01684,TMS-ECoR-02373",0,2,approved
COA-01376,KYN-IGP,SCR,2026-12-23,00:00,08:59,8,power_block,"SMMS-WCR-01312,SMMS-CR-02687,SMMS-NCR-01092",0,0,approved
COA-00693,ADI-BRC,SCR,2026-12-23,01:00,05:59,4,engineering_block,"TMS-SER-01750,SMMS-CR-01492",3,0,approved
COA-01452,ED-CBE,NFR,2026-12-23,01:00,09:59,8,power_block,SMMS-NR-00979,3,2,approved
COA-00212,HWH-BWN,WCR,2026-12-23,02:00,07:59,5,caution_block,"SMMS-WR-02849,SMMS-SCR-00608",0,2,pending
COA-00983,ED-CBE,NFR,2026-12-23,02:00,06:59,4,engineering_block,"TMS-NR-04326,TMS-NCR-04527",3,0,pending
COA-00901,LDH-ASR,NFR,2026-12-23,12:00,15:59,3,engineering_block,"TDMS-SCR-00484,SMMS-NFR-01406",4,0,pending
COA-01013,KZJ-BZA,WR,2026-12-23,12:00,14:59,2,power_block,SMMS-ER-01749,3,1,approved
COA-00451,CSTM-KYN,SR,2026-12-23,13:00,17:59,4,power_block,"TMS-WCR-02323,TDMS-NER-02158,TDMS-NCR-00099",0,1,pending
COA-01754,CSTM-KYN,SR,2026-12-24,01:00,05:59,4,caution_block,"TDMS-ECR-02564,SMMS-NFR-01460,TMS-ECoR-04776",0,1,approved
COA-00446,ASR-JUC,NWR,2026-12-24,02:00,06:59,4,engineering_block,"TMS-NR-00589,TMS-ER-01963,TMS-SER-04816",0,3,pending
COA-01807,AWB-SC,SECR,2026-12-24,02:00,08:59,6,emergency_block,"SMMS-ECR-01281,TDMS-NWR-02663,TDMS-NCR-02947",2,2,approved
COA-01603,SC-KZJ,SWR,2026-12-24,12:00,14:59,2,engineering_block,"TDMS-ER-01133,TMS-CR-04966,TMS-SER-02845",3,1,approved
COA-00288,ED-CBE,NFR,2026-12-24,13:00,16:59,3,engineering_block,"TMS-WCR-00299,TMS-NWR-03386",0,0,approved
COA-00710,JUC-ADI,SR,2026-12-24,13:00,15:59,2,engineering_block,"TMS-SECR-00844,TMS-ECoR-01806,TDMS-ER-00696",1,0,approved
COA-00897,NDLS-UMB,NCR,2026-12-24,13:00,17:59,4,engineering_block,TMS-WR-02535,2,2,approved
COA-00264,SC-KZJ,SWR,2026-12-25,00:00,04:59,4,engineering_block,"TDMS-ER-02361,TDMS-SWR-00499,TMS-SCR-01657",1,0,approved
COA-01176,LDH-ASR,NFR,2026-12-25,00:00,04:59,4,engineering_block,"SMMS-SWR-00855,TDMS-NER-02686",2,0,approved
COA-00364,AZ-MGS,ER,2026-12-25,01:00,07:59,6,power_block,"SMMS-CR-00397,TMS-NER-04955,TDMS-ECR-01329",2,1,approved
COA-01109,ST-BCT,SECR,2026-12-25,01:00,05:59,4,emergency_block,"SMMS-NCR-02151,SMMS-ECoR-01561",3,0,approved
COA-01784,BPL-NGP,ECoR,2026-12-25,01:00,05:59,4,engineering_block,"TDMS-NER-00606,TDMS-ECoR-00412",0,2,approved
COA-00431,BRC-ST,SER,2026-12-25,02:00,10:59,8,power_block,TDMS-SER-00178,2,1,approved
COA-00681,ASR-JUC,NWR,2026-12-25,02:00,07:59,5,engineering_block,SMMS-ER-01620,0,0,approved
COA-00282,UMB-LDH,NER,2026-12-25,12:00,15:59,3,caution_block,TMS-NER-01504,2,3,rejected
COA-00597,MAS-ED,NER,2026-12-25,12:00,15:59,3,engineering_block,"SMMS-NR-00536,TMS-SER-02561,SMMS-SCR-01380",3,0,approved
COA-00788,NDLS-UMB,NCR,2026-12-25,12:00,15:59,3,power_block,TMS-SER-00994,1,0,approved
COA-01113,BPL-NGP,ECoR,2026-12-25,12:00,16:59,4,power_block,TMS-SECR-03305,1,0,approved
COA-00752,LDH-ASR,NFR,2026-12-25,13:00,16:59,3,engineering_block,"TDMS-ECR-01645,TDMS-SECR-01318,TDMS-SCR-02711",2,1,approved
COA-00883,NDLS-AGC,CR,2026-12-25,13:00,16:59,3,engineering_block,"TMS-NFR-02137,TDMS-ER-02200",0,0,approved
COA-00077,NGP-BZA,NR,2026-12-26,00:00,04:59,4,emergency_block,TDMS-NWR-01185,1,1,approved
COA-01298,NGP-BZA,NR,2026-12-26,00:00,05:59,5,engineering_block,"TDMS-CR-00624,TMS-SCR-01579,SMMS-ECR-01360",1,1,approved
COA-00126,JHS-BPL,ECR,2026-12-26,02:00,08:59,6,engineering_block,"TDMS-ECR-01576,TMS-NER-00568",4,1,pending
COA-00332,ASR-JUC,NWR,2026-12-26,02:00,08:59,6,engineering_block,"TMS-NCR-01917,SMMS-SWR-00644",3,0,approved
COA-01115,JHS-BPL,ECR,2026-12-26,02:00,08:59,6,engineering_block,TDMS-NER-01240,2,0,approved
COA-01010,LTT-NED,SER,2026-12-26,12:00,15:59,3,power_block,TDMS-NWR-00580,1,0,pending
COA-01938,NDLS-UMB,NCR,2026-12-26,13:00,16:59,3,engineering_block,"TMS-WR-00585,TMS-CR-04647",0,2,approved
COA-00206,NDLS-AGC,CR,2026-12-27,01:00,05:59,4,power_block,SMMS-ER-00380,0,0,approved
COA-00499,CBE-TVC,NWR,2026-12-27,01:00,06:59,5,engineering_block,"TDMS-ER-01739,SMMS-SECR-00452",2,1,pending
COA-00981,ADI-BRC,SCR,2026-12-27,01:00,05:59,4,caution_block,"TMS-NCR-00325,SMMS-NR-02976,TMS-SER-04683",1,0,pending
COA-01050,SC-KZJ,SWR,2026-12-27,01:00,06:59,5,caution_block,"SMMS-SECR-02717,TDMS-ECR-02613,SMMS-NER-01841",0,0,approved
COA-01094,MGS-ALD,ECR,2026-12-27,01:00,05:59,4,emergency_block,SMMS-ER-00937,4,0,rejected
COA-01434,CBE-TVC,NWR,2026-12-27,01:00,05:59,4,power_block,TDMS-SWR-02294,1,0,approved
COA-01527,ALD-CNB,ECoR,2026-12-27,01:00,06:59,5,engineering_block,"SMMS-SECR-00912,TMS-SWR-01783,TDMS-WCR-02818",2,1,approved
COA-01614,HWH-BWN,WCR,2026-12-27,01:00,06:59,5,engineering_block,"SMMS-NER-01513,TDMS-ECoR-00703,TDMS-SR-02379",4,0,pending
COA-01860,UMB-LDH,NER,2026-12-27,02:00,06:59,4,engineering_block,TMS-SECR-00035,0,0,approved
COA-01824,NDLS-UMB,NCR,2026-12-27,12:00,16:59,4,emergency_block,TMS-ECoR-01834,1,0,approved
COA-00767,AZ-MGS,ER,2026-12-27,13:00,16:59,3,power_block,"TMS-CR-03198,TDMS-SER-00698,SMMS-SR-01304",2,3,pending
COA-01384,BZA-MAS,NCR,2026-12-28,00:00,06:59,6,engineering_block,"SMMS-CR-01572,SMMS-NER-01222",5,0,pending
COA-01666,KYN-IGP,SCR,2026-12-28,00:00,04:59,4,caution_block,"SMMS-SCR-01630,TMS-ECR-00390,TMS-ER-03408",1,0,approved
COA-00596,KZJ-BZA,WR,2026-12-28,01:00,04:59,3,power_block,"TMS-SR-04524,SMMS-SCR-00383",0,0,approved
COA-00667,ST-BCT,SECR,2026-12-28,01:00,06:59,5,engineering_block,"TDMS-ER-02361,TMS-SER-00595",0,1,pending
COA-00810,LDH-ASR,NFR,2026-12-28,01:00,05:59,4,engineering_block,"SMMS-CR-00732,SMMS-SECR-02232,TDMS-NWR-02990",4,1,pending
COA-01487,BRC-ST,SER,2026-12-28,01:00,07:59,6,engineering_block,TDMS-CR-01066,4,3,rejected
COA-01505,CNB-NDLS,NR,2026-12-28,01:00,06:59,5,emergency_block,"TDMS-WR-02508,TMS-CR-00403",2,1,approved
COA-01872,HWH-BWN,WCR,2026-12-28,01:00,05:59,4,engineering_block,"TDMS-CR-02496,TMS-NCR-04383",1,3,pending
COA-00733,ED-CBE,NFR,2026-12-28,02:00,07:59,5,engineering_block,TMS-WR-01042,0,1,approved
COA-01345,NDLS-AGC,CR,2026-12-28,02:00,10:59,8,power_block,"TMS-NCR-01482,SMMS-NFR-00815",2,0,pending
COA-01336,BPL-NGP,ECoR,2026-12-28,12:00,16:59,4,power_block,SMMS-SR-00271,4,3,pending
COA-00134,AWB-SC,SECR,2026-12-28,13:00,15:59,2,engineering_block,"SMMS-WR-01168,TDMS-SER-00698,TMS-SECR-00920",2,1,approved
COA-01460,MAS-ED,NER,2026-12-28,13:00,15:59,2,engineering_block,"TDMS-SWR-01866,SMMS-NWR-00863",0,2,approved
COA-01209,HWH-BWN,WCR,2026-12-29,00:00,04:59,4,engineering_block,"SMMS-SWR-00437,TMS-SECR-00920,SMMS-WR-00182",4,1,pending
COA-00973,BWN-AZ,CR,2026-12-29,02:00,05:59,3,power_block,"TDMS-NWR-00580,TDMS-CR-00189",1,0,approved
COA-01413,SC-KZJ,SWR,2026-12-29,02:00,06:59,4,engineering_block,"TMS-NWR-01110,TMS-SWR-02912,SMMS-NER-00562",2,0,approved
COA-01713,ALD-CNB,ECoR,2026-12-29,02:00,08:59,6,power_block,"SMMS-SER-00603,SMMS-NCR-00233,TDMS-NFR-02830",2,1,pending
COA-00276,BZA-MAS,NCR,2026-12-29,12:00,14:59,2,caution_block,"TDMS-NCR-01127,TDMS-WCR-02818",0,1,approved
COA-01660,AGC-JHS,ER,2026-12-29,12:00,16:59,4,emergency_block,TMS-SWR-01791,1,0,approved
COA-00572,AGC-JHS,ER,2026-12-29,13:00,15:59,2,engineering_block,TMS-NCR-03323,2,0,approved
COA-00934,BWN-AZ,CR,2026-12-29,13:00,15:59,2,engineering_block,"SMMS-NER-00562,SMMS-ECR-02845,SMMS-ECR-01830",5,1,pending
COA-01067,LDH-ASR,NFR,2026-12-29,13:00,17:59,4,power_block,TMS-NR-00229,1,0,approved
COA-01554,ALD-CNB,ECoR,2026-12-29,13:00,16:59,3,power_block,"TDMS-SWR-01866,SMMS-ECoR-00591",1,2,approved
COA-00484,AGC-JHS,ER,2026-12-30,00:00,05:59,5,engineering_block,"TMS-SECR-02024,SMMS-NFR-01460,TDMS-SER-00698",2,1,approved
COA-01917,NDLS-AGC,CR,2026-12-30,00:00,08:59,8,engineering_block,"TMS-NFR-04739,TDMS-SECR-00103,TDMS-NER-00645",2,1,approved
COA-00030,NGP-BZA,NR,2026-12-30,01:00,05:59,4,engineering_block,TMS-ECoR-04776,4,0,pending
COA-00310,BWN-AZ,CR,2026-12-30,01:00,07:59,6,engineering_block,"TMS-SR-01606,SMMS-NER-02366,TMS-ECR-03744",3,2,approved
COA-00389,JHS-BPL,ECR,2026-12-30,01:00,07:59,6,engineering_block,"SMMS-SCR-00596,TDMS-NFR-02830",1,1,pending
COA-01321,AWB-SC,SECR,2026-12-30,01:00,07:59,6,engineering_block,"TMS-NFR-04439,SMMS-NER-02453",1,0,approved
COA-00866,HWH-BWN,WCR,2026-12-30,02:00,06:59,4,engineering_block,"TMS-NWR-01440,TDMS-SWR-01853,TDMS-CR-02524",0,0,approved
COA-01103,MAS-ED,NER,2026-12-30,02:00,06:59,4,power_block,"SMMS-CR-02507,SMMS-NWR-00637,TDMS-CR-02252",2,3,rejected
COA-01598,CSTM-KYN,SR,2026-12-30,12:00,15:59,3,power_block,"SMMS-ECoR-00485,SMMS-CR-01279",2,0,approved
COA-01440,UMB-LDH,NER,2026-12-30,13:00,17:59,4,power_block,SMMS-ECR-02957,1,2,approved
COA-00133,AWB-SC,SECR,2026-12-31,00:00,05:59,5,caution_block,TDMS-WR-01299,5,1,pending
COA-00226,CSTM-KYN,SR,2026-12-31,00:00,05:59,5,engineering_block,"SMMS-NER-00934,SMMS-NER-00562",1,0,approved
COA-00471,ADI-BRC,SCR,2026-12-31,00:00,03:59,3,engineering_block,"TDMS-SCR-02485,TMS-SCR-02852,TMS-NR-04226",1,2,approved
COA-00819,KYN-IGP,SCR,2026-12-31,00:00,04:59,4,engineering_block,"TDMS-NR-02717,TMS-SCR-00004,SMMS-WCR-02227",0,1,approved
COA-01019,KZJ-BZA,WR,2026-12-31,00:00,05:59,5,power_block,TMS-NCR-04744,2,1,approved
COA-00445,BWN-AZ,CR,2026-12-31,01:00,05:59,4,engineering_block,"SMMS-NCR-01062,TMS-NFR-00607,TMS-SWR-04482",1,1,pending
COA-00603,JUC-ADI,SR,2026-12-31,01:00,05:59,4,engineering_block,"TMS-SER-04683,TDMS-ECR-01192",0,0,approved
COA-00125,KZJ-BZA,WR,2026-12-31,13:00,16:59,3,power_block,"TDMS-WCR-00914,TMS-SCR-02762,SMMS-SECR-01758",0,1,approved
COA-00427,MAS-ED,NER,2026-12-31,13:00,15:59,2,engineering_block,"TDMS-ER-02727,SMMS-ECR-01427",0,3,rejected
COA-00879,CNB-NDLS,NR,2026-12-31,13:00,15:59,2,engineering_block,"SMMS-NER-00359,TDMS-WCR-02818,SMMS-ECoR-00279",2,0,approved
COA-01044,NDLS-AGC,CR,2026-12-31,13:00,15:59,2,caution_block,"TMS-SR-01270,TMS-NFR-01424,SMMS-SECR-00510",1,1,approved
COA-01074,HWH-BWN,WCR,2026-12-31,13:00,15:59,2,emergency_block,TDMS-NWR-02663,2,3,pending
COA-00604,BRC-ST,SER,2027-01-01,00:00,05:59,5,engineering_block,"TDMS-SER-01613,TMS-SWR-01791",0,0,approved
COA-01259,LDH-ASR,NFR,2027-01-01,00:00,05:59,5,power_block,"TDMS-ECR-01307,TMS-NFR-01160,TMS-NER-01697",1,1,approved
COA-00315,AGC-JHS,ER,2027-01-01,02:00,08:59,6,emergency_block,"SMMS-SCR-02692,TMS-SER-02609",1,1,approved
COA-01432,CNB-NDLS,NR,2027-01-01,02:00,07:59,5,power_block,"TMS-SER-03478,TDMS-SR-01154,TDMS-NER-01274",1,1,approved
COA-01544,ED-CBE,NFR,2027-01-01,02:00,08:59,6,engineering_block,"TMS-SR-02322,TMS-SR-02412",1,0,pending
COA-01678,NDLS-UMB,NCR,2027-01-01,12:00,14:59,2,power_block,"TDMS-ECoR-02819,SMMS-SR-02516,SMMS-NR-00979",5,2,pending
COA-00147,AWB-SC,SECR,2027-01-02,00:00,06:59,6,engineering_block,"SMMS-WR-00565,SMMS-NWR-02951,SMMS-WCR-00523",0,1,approved
COA-01246,NGP-BZA,NR,2027-01-02,00:00,08:59,8,power_block,"TMS-SR-04186,TMS-SECR-04087",1,3,rejected
COA-01671,ADI-BRC,SCR,2027-01-02,00:00,05:59,5,engineering_block,TMS-SECR-01268,2,1,approved
COA-01697,ASR-JUC,NWR,2027-01-02,00:00,04:59,4,engineering_block,"SMMS-SCR-01318,TMS-SWR-04869,TDMS-WR-02858",2,1,pending
COA-00181,ST-BCT,SECR,2027-01-02,01:00,05:59,4,engineering_block,"SMMS-SER-02941,TMS-ECoR-03362,TMS-ECoR-01138",3,1,approved
COA-00307,HWH-BWN,WCR,2027-01-02,01:00,09:59,8,power_block,"SMMS-NR-02364,TDMS-CR-02675",3,0,pending
COA-00479,AZ-MGS,ER,2027-01-02,01:00,09:59,8,engineering_block,"SMMS-WCR-00105,TMS-NR-01801",1,1,pending
COA-00904,JUC-ADI,SR,2027-01-02,01:00,07:59,6,power_block,"TDMS-SECR-00051,SMMS-NCR-01748,TMS-SECR-00926",1,2,approved
COA-01549,SC-KZJ,SWR,2027-01-02,01:00,04:59,3,power_block,"TMS-NER-01504,TMS-NR-03836",1,0,approved
COA-01572,JUC-ADI,SR,2027-01-02,01:00,07:59,6,emergency_block,"TDMS-SCR-00997,TDMS-NWR-02123,SMMS-NR-01371",2,1,pending
COA-00527,CNB-NDLS,NR,2027-01-02,02:00,10:59,8,emergency_block,"TDMS-SER-01907,TMS-WCR-00299,TDMS-CR-01975",1,0,approved
COA-01018,KYN-IGP,SCR,2027-01-02,02:00,08:59,6,power_block,"SMMS-SECR-00517,SMMS-CR-00397,SMMS-NFR-02621",1,1,approved
COA-01266,AWB-SC,SECR,2027-01-02,02:00,07:59,5,engineering_block,"SMMS-SECR-02717,SMMS-SER-01336",4,1,pending
COA-00478,KYN-IGP,SCR,2027-01-02,12:00,15:59,3,power_block,"TMS-NFR-03087,SMMS-NWR-02578,TDMS-SCR-00997",1,3,pending
COA-00199,ST-BCT,SECR,2027-01-02,13:00,16:59,3,engineering_block,"TMS-NR-00209,SMMS-ER-01585,TDMS-ER-00696",3,3,rejected
COA-00528,ED-CBE,NFR,2027-01-02,13:00,16:59,3,engineering_block,"TMS-ECR-00390,SMMS-SR-00400,SMMS-NWR-01664",1,1,pending
COA-01240,BZA-MAS,NCR,2027-01-02,13:00,15:59,2,power_block,"TMS-SECR-00796,TMS-ECR-01983",1,0,pending
COA-01273,LDH-ASR,NFR,2027-01-02,13:00,16:59,3,power_block,TMS-NER-00688,1,0,pending
COA-00131,AZ-MGS,ER,2027-01-03,00:00,03:59,3,engineering_block,SMMS-NR-00480,2,2,pending
COA-01332,BPL-NGP,ECoR,2027-01-03,00:00,05:59,5,engineering_block,SMMS-WCR-00959,2,3,pending
COA-01466,CBE-TVC,NWR,2027-01-03,01:00,05:59,4,engineering_block,"SMMS-SECR-02319,TMS-SECR-02024,SMMS-WR-00352",0,0,approved
COA-00211,KYN-IGP,SCR,2027-01-03,02:00,08:59,6,power_block,"SMMS-NR-02976,TDMS-SER-02029,TMS-SER-03418",1,0,pending
COA-00413,AZ-MGS,ER,2027-01-03,02:00,07:59,5,power_block,SMMS-ECoR-02512,2,0,pending
COA-00492,BPL-NGP,ECoR,2027-01-03,02:00,07:59,5,engineering_block,"TDMS-CR-01975,TMS-WCR-02267,SMMS-SR-01757",0,3,pending
COA-00801,CSTM-KYN,SR,2027-01-03,02:00,05:59,3,engineering_block,"SMMS-SWR-02749,TMS-NCR-03106,TMS-ECR-01988",4,2,pending
COA-00812,BPL-NGP,ECoR,2027-01-03,12:00,15:59,3,engineering_block,"SMMS-ECoR-01041,SMMS-WR-01168,TDMS-SR-01308",2,0,pending
COA-00762,ED-CBE,NFR,2027-01-03,13:00,15:59,2,engineering_block,"TMS-SWR-04482,TMS-SCR-03616,TMS-WR-02319",1,0,approved
COA-01936,ADI-BRC,SCR,2027-01-03,13:00,17:59,4,engineering_block,SMMS-NCR-00318,3,0,approved
COA-00339,BZA-MAS,NCR,2027-01-04,00:00,05:59,5,engineering_block,"TDMS-NFR-02993,TMS-SER-03333",1,1,approved
COA-00620,ST-BCT,SECR,2027-01-04,00:00,03:59,3,power_block,"TDMS-WCR-02378,TDMS-NFR-00738,TMS-NR-00305",3,1,approved
COA-00642,BWN-AZ,CR,2027-01-04,00:00,05:59,5,caution_block,"TMS-SCR-01897,SMMS-NER-00930",5,1,pending
COA-01935,KYN-IGP,SCR,2027-01-04,01:00,07:59,6,engineering_block,"TMS-NCR-04360,TMS-SWR-04608",2,0,pending
COA-00920,ALD-CNB,ECoR,2027-01-04,02:00,10:59,8,emergency_block,TDMS-NFR-02880,2,2,approved
COA-01706,BCT-RTM,SWR,2027-01-04,02:00,06:59,4,power_block,"SMMS-NWR-01698,TMS-ECR-00255",2,2,approved
COA-00592,SC-KZJ,SWR,2027-01-04,12:00,15:59,3,engineering_block,"TDMS-SR-00822,TDMS-NWR-00197",1,1,approved
COA-01089,NGP-BZA,NR,2027-01-04,12:00,16:59,4,engineering_block,TMS-SER-03244,4,2,pending
COA-00027,ALD-CNB,ECoR,2027-01-04,13:00,16:59,3,power_block,"SMMS-SWR-00851,TMS-NCR-01015,TDMS-SER-00928",1,3,pending
COA-01030,ASR-JUC,NWR,2027-01-04,13:00,16:59,3,engineering_block,"TDMS-SWR-01598,TMS-NWR-01021",0,2,approved
COA-01628,NDLS-UMB,NCR,2027-01-04,13:00,15:59,2,engineering_block,"TDMS-ER-02727,SMMS-NR-02364",3,2,pending
COA-00770,BRC-ST,SER,2027-01-05,00:00,08:59,8,engineering_block,"SMMS-CR-00223,TDMS-SCR-02087,SMMS-ECR-02845",2,0,approved
COA-01283,ED-CBE,NFR,2027-01-05,00:00,05:59,5,engineering_block,TMS-WCR-01275,4,0,pending
COA-01516,ST-BCT,SECR,2027-01-05,00:00,05:59,5,caution_block,"SMMS-ER-02996,TDMS-ECoR-01050",1,1,approved
COA-00616,BRC-ST,SER,2027-01-05,01:00,09:59,8,emergency_block,"SMMS-NWR-00863,TMS-SECR-03855",0,3,rejected
COA-01515,JUC-ADI,SR,2027-01-05,01:00,05:59,4,emergency_block,"SMMS-CR-00776,TDMS-WCR-02823",1,1,approved
COA-00803,LTT-NED,SER,2027-01-05,02:00,07:59,5,caution_block,SMMS-WR-00182,1,0,pending
COA-01105,ALD-CNB,ECoR,2027-01-05,02:00,08:59,6,power_block,TMS-ECoR-02207,1,1,pending
COA-01319,ST-BCT,SECR,2027-01-05,02:00,07:59,5,engineering_block,"TMS-NR-00305,SMMS-ECoR-00279",3,1,approved
COA-01789,ALD-CNB,ECoR,2027-01-05,02:00,07:59,5,emergency_block,TDMS-NFR-00879,0,0,approved
COA-00507,ASR-JUC,NWR,2027-01-05,12:00,16:59,4,power_block,TMS-SR-01581,1,0,approved
COA-01569,JHS-BPL,ECR,2027-01-05,13:00,17:59,4,caution_block,"TDMS-ER-02568,TDMS-SWR-01566,TMS-SWR-03489",0,0,approved
COA-00063,KYN-IGP,SCR,2027-01-06,00:00,06:59,6,engineering_block,"TDMS-NCR-00692,TDMS-WR-01124",0,2,approved
COA-00853,LTT-NED,SER,2027-01-06,00:00,04:59,4,power_block,TDMS-ECoR-01431,0,0,approved
COA-00475,ASR-JUC,NWR,2027-01-06,01:00,06:59,5,emergency_block,TDMS-NER-01952,2,1,approved
COA-00906,KZJ-BZA,WR,2027-01-06,01:00,05:59,4,power_block,TDMS-SECR-02515,1,1,approved
COA-01207,BRC-ST,SER,2027-01-06,02:00,07:59,5,power_block,SMMS-SR-00566,3,0,approved
COA-01407,ALD-CNB,ECoR,2027-01-06,02:00,06:59,4,engineering_block,"TMS-ER-01253,SMMS-SCR-00204,TMS-SWR-02109",2,1,pending
COA-01535,KYN-IGP,SCR,2027-01-06,02:00,06:59,4,engineering_block,TDMS-NCR-01885,2,2,approved
COA-01819,BZA-MAS,NCR,2027-01-06,02:00,06:59,4,emergency_block,TDMS-NER-02158,1,1,pending
COA-00006,SC-KZJ,SWR,2027-01-06,12:00,15:59,3,power_block,TDMS-SCR-01136,1,0,pending
COA-00632,NDLS-UMB,NCR,2027-01-06,12:00,14:59,2,emergency_block,TMS-NCR-04236,1,2,pending
COA-00737,MAS-ED,NER,2027-01-06,12:00,14:59,2,caution_block,"TMS-SR-02876,SMMS-SER-02779,TDMS-WCR-00914",3,1,approved
COA-00782,ED-CBE,NFR,2027-01-06,12:00,15:59,3,engineering_block,"SMMS-SCR-02826,TDMS-ECR-01307,TMS-SECR-00133",0,1,approved
COA-01024,NGP-BZA,NR,2027-01-06,12:00,16:59,4,engineering_block,"SMMS-SECR-01483,TDMS-ER-02200",1,1,approved
COA-00015,BWN-AZ,CR,2027-01-06,13:00,16:59,3,power_block,"TDMS-SER-01710,SMMS-SCR-00626",1,0,pending
COA-00826,CBE-TVC,NWR,2027-01-06,13:00,15:59,2,engineering_block,TDMS-ECoR-01050,2,1,approved
COA-00893,MAS-ED,NER,2027-01-07,01:00,05:59,4,engineering_block,TDMS-NFR-02830,0,0,approved
COA-01396,JHS-BPL,ECR,2027-01-07,01:00,09:59,8,engineering_block,"TMS-SECR-03828,TMS-NFR-00407,TMS-NCR-02745",0,0,approved
COA-00442,BRC-ST,SER,2027-01-07,02:00,06:59,4,engineering_block,"TMS-NFR-02045,TDMS-SCR-02392",3,1,pending
COA-01001,AZ-MGS,ER,2027-01-07,02:00,07:59,5,engineering_block,"SMMS-WR-01194,TMS-WCR-00299",0,1,approved
COA-01737,BWN-AZ,CR,2027-01-07,02:00,06:59,4,engineering_block,"TMS-WR-02319,SMMS-ECoR-01561,TMS-ECoR-00408",0,0,approved
COA-00002,NGP-BZA,NR,2027-01-07,12:00,15:59,3,engineering_block,TMS-SWR-03021,2,0,approved
COA-00074,BWN-AZ,CR,2027-01-08,00:00,06:59,6,engineering_block,"TMS-NFR-03769,TDMS-ECoR-01970",2,0,pending
COA-01979,BZA-MAS,NCR,2027-01-08,00:00,04:59,4,engineering_block,"TMS-NCR-04527,TDMS-NR-01931",0,2,approved
COA-01986,BZA-MAS,NCR,2027-01-08,00:00,05:59,5,engineering_block,TMS-SECR-04563,3,1,approved
COA-00606,BCT-RTM,SWR,2027-01-08,01:00,06:59,5,emergency_block,"TMS-SECR-00035,TMS-CR-03281",5,1,pending
COA-00763,ST-BCT,SECR,2027-01-08,01:00,07:59,6,power_block,"SMMS-NFR-01150,SMMS-ECR-00227",1,0,approved
COA-01261,NDLS-AGC,CR,2027-01-08,01:00,06:59,5,power_block,"TMS-NCR-01836,TDMS-NR-02888",1,0,approved
COA-01962,BCT-RTM,SWR,2027-01-08,01:00,09:59,8,emergency_block,TDMS-SWR-00901,0,0,approved
COA-00694,LDH-ASR,NFR,2027-01-08,02:00,08:59,6,engineering_block,"SMMS-WR-01192,TMS-SECR-02101,SMMS-NCR-01062",1,1,approved
COA-00760,MGS-ALD,ECR,2027-01-08,02:00,06:59,4,engineering_block,"TDMS-ECR-02389,SMMS-WR-00181,TMS-NFR-02045",3,2,pending
COA-00839,NDLS-AGC,CR,2027-01-08,02:00,07:59,5,engineering_block,"TDMS-NCR-02541,TMS-NR-04455,TDMS-ECoR-02274",2,3,pending
COA-01148,NGP-BZA,NR,2027-01-08,02:00,06:59,4,engineering_block,"TDMS-ECR-01645,TMS-SECR-02223,SMMS-NER-00288",3,2,approved
COA-01822,NDLS-UMB,NCR,2027-01-08,02:00,06:59,4,power_block,"TMS-NCR-01836,TMS-SR-02321",3,0,approved
COA-00247,LTT-NED,SER,2027-01-08,12:00,15:59,3,caution_block,"TMS-NR-00624,SMMS-NWR-00898",4,0,pending
COA-01698,ALD-CNB,ECoR,2027-01-08,12:00,14:59,2,engineering_block,"TDMS-NCR-02347,TMS-ER-01253,SMMS-ECR-02410",0,0,approved
COA-00109,JUC-ADI,SR,2027-01-08,13:00,16:59,3,power_block,"TMS-ECR-04182,TDMS-WCR-01965,TMS-ECR-04496",0,1,approved
COA-01021,KYN-IGP,SCR,2027-01-09,00:00,05:59,5,engineering_block,TDMS-NCR-02347,5,0,rejected
COA-01063,JUC-ADI,SR,2027-01-09,00:00,04:59,4,engineering_block,TMS-NWR-01293,0,3,rejected
COA-01439,AZ-MGS,ER,2027-01-09,00:00,05:59,5,power_block,"TMS-SWR-00261,TMS-SER-03478,SMMS-SWR-01536",3,1,pending
COA-01734,KYN-IGP,SCR,2027-01-09,00:00,04:59,4,engineering_block,SMMS-CR-00690,3,2,approved
COA-01828,LTT-NED,SER,2027-01-09,00:00,04:59,4,engineering_block,"TDMS-NCR-00631,TDMS-NER-00606,TMS-CR-04880",0,1,approved
COA-00882,NDLS-UMB,NCR,2027-01-09,01:00,07:59,6,power_block,"TDMS-NWR-02264,TMS-NER-00688,TMS-SER-01750",3,3,pending
COA-01408,KYN-IGP,SCR,2027-01-09,01:00,07:59,6,engineering_block,"TMS-SER-02335,TMS-NWR-02240",0,1,pending
COA-01252,LTT-NED,SER,2027-01-09,02:00,08:59,6,power_block,SMMS-NWR-02519,5,0,rejected
COA-00722,JUC-ADI,SR,2027-01-09,12:00,15:59,3,power_block,"SMMS-WCR-00523,TMS-CR-02569",0,1,approved
COA-00036,BZA-MAS,NCR,2027-01-09,13:00,16:59,3,caution_block,"TMS-ECoR-04136,SMMS-NCR-02075",1,1,pending
COA-00344,KYN-IGP,SCR,2027-01-09,13:00,15:59,2,power_block,"SMMS-SCR-02047,TMS-ECoR-02207,TMS-ECoR-03362",1,1,approved
COA-00060,ALD-CNB,ECoR,2027-01-10,00:00,06:59,6,power_block,TDMS-SECR-01318,0,1,approved
COA-01124,CBE-TVC,NWR,2027-01-10,00:00,03:59,3,engineering_block,TDMS-SER-02029,1,1,approved
COA-01294,JHS-BPL,ECR,2027-01-10,00:00,04:59,4,power_block,TMS-WCR-01088,0,0,approved
COA-00179,CNB-NDLS,NR,2027-01-10,01:00,06:59,5,caution_block,"TDMS-SR-01308,TDMS-SER-01907",0,0,approved
COA-00420,BCT-RTM,SWR,2027-01-10,01:00,05:59,4,power_block,"SMMS-SWR-02462,TDMS-ECR-02642,TMS-SER-04777",0,2,approved
COA-01731,ST-BCT,SECR,2027-01-10,01:00,04:59,3,caution_block,"TDMS-ECR-02889,TMS-SECR-04586,TMS-NR-02519",3,0,approved
COA-00128,SC-KZJ,SWR,2027-01-10,02:00,10:59,8,power_block,"TDMS-NER-00514,TDMS-ER-01468",1,2,approved
COA-00790,ADI-BRC,SCR,2027-01-10,13:00,15:59,2,power_block,"SMMS-ECoR-02592,TDMS-WR-00443",3,3,pending
COA-01037,KYN-IGP,SCR,2027-01-10,13:00,15:59,2,caution_block,"TMS-NFR-00607,TDMS-NCR-01701,TMS-CR-02569",3,2,approved
COA-01977,KYN-IGP,SCR,2027-01-10,13:00,16:59,3,power_block,"TMS-SCR-00458,TMS-WR-02319",1,1,pending
COA-00636,MAS-ED,NER,2027-01-11,00:00,06:59,6,power_block,"SMMS-NER-02205,TMS-NER-02312",1,1,approved
COA-00863,SC-KZJ,SWR,2027-01-11,01:00,09:59,8,engineering_block,SMMS-ECR-01427,1,0,approved
COA-01410,NDLS-UMB,NCR,2027-01-11,01:00,05:59,4,power_block,"TMS-NWR-01021,SMMS-ECR-02308,SMMS-NR-00257",1,0,approved
COA-01739,UMB-LDH,NER,2027-01-11,01:00,05:59,4,emergency_block,"TDMS-NER-02342,TDMS-WR-02563,TMS-NER-03019",1,0,approved
COA-00589,AZ-MGS,ER,2027-01-12,01:00,07:59,6,engineering_block,TDMS-ER-01923,4,0,pending
COA-00621,MAS-ED,NER,2027-01-12,01:00,06:59,5,engineering_block,"TDMS-SR-01587,TMS-NWR-03108",0,2,approved
COA-00869,CNB-NDLS,NR,2027-01-12,01:00,05:59,4,engineering_block,"TMS-WR-01173,TMS-SCR-03816,TMS-ECR-01983",1,0,approved
COA-01229,BRC-ST,SER,2027-01-12,01:00,07:59,6,emergency_block,"TMS-CR-01445,TDMS-NR-02111",1,0,approved
COA-01972,ED-CBE,NFR,2027-01-12,01:00,07:59,6,engineering_block,"TDMS-WCR-01567,TDMS-NFR-01197",1,0,approved
COA-00720,AWB-SC,SECR,2027-01-12,02:00,07:59,5,emergency_block,TMS-SWR-02171,3,1,approved
COA-01839,NDLS-AGC,CR,2027-01-12,13:00,15:59,2,engineering_block,TMS-NER-00568,1,1,approved
COA-00242,BCT-RTM,SWR,2027-01-13,00:00,04:59,4,engineering_block,"TDMS-SER-00480,TMS-SR-00697,TMS-SECR-00796",1,3,pending
COA-00725,ST-BCT,SECR,2027-01-13,00:00,05:59,5,engineering_block,"TDMS-SWR-00076,TDMS-NCR-02934",1,1,approved
COA-00680,BWN-AZ,CR,2027-01-13,01:00,05:59,4,caution_block,"TMS-SECR-02428,TDMS-CR-02649,TMS-NWR-02126",0,0,approved
COA-01937,NDLS-UMB,NCR,2027-01-13,01:00,07:59,6,engineering_block,"TMS-NR-01597,TDMS-WR-00195",2,1,approved
COA-00072,LDH-ASR,NFR,2027-01-13,02:00,07:59,5,power_block,"TDMS-SR-00072,TMS-NR-01349,TMS-ER-02215",1,2,approved
COA-00193,NDLS-UMB,NCR,2027-01-13,02:00,06:59,4,power_block,"TDMS-SCR-02183,TDMS-ECoR-01669,TDMS-WR-00675",0,1,approved
COA-00217,MAS-ED,NER,2027-01-13,02:00,06:59,4,engineering_block,"SMMS-WCR-00685,TMS-SECR-02464",1,2,approved
COA-00274,AZ-MGS,ER,2027-01-13,02:00,06:59,4,caution_block,"TDMS-NER-00820,TMS-SCR-00458,TMS-SWR-00822",2,1,approved
COA-01492,JUC-ADI,SR,2027-01-13,02:00,08:59,6,power_block,"TDMS-SER-02249,TMS-SER-01105,SMMS-NCR-02177",4,1,rejected
COA-00201,NDLS-AGC,CR,2027-01-13,12:00,15:59,3,power_block,SMMS-SWR-00588,1,1,approved
COA-00900,CBE-TVC,NWR,2027-01-13,12:00,14:59,2,emergency_block,"SMMS-ECR-00441,SMMS-NR-02364,SMMS-NR-02976",2,1,approved
COA-00150,BRC-ST,SER,2027-01-13,13:00,15:59,2,power_block,TMS-NCR-01836,0,3,pending
COA-01056,NGP-BZA,NR,2027-01-13,13:00,16:59,3,engineering_block,"TMS-WCR-03050,TMS-NER-04688",4,0,rejected
COA-00857,UMB-LDH,NER,2027-01-14,00:00,06:59,6,engineering_block,"TMS-NR-03836,TMS-NCR-00979,TMS-SWR-01107",0,2,approved
COA-00329,KYN-IGP,SCR,2027-01-14,01:00,05:59,4,engineering_block,SMMS-ECR-02667,2,0,approved
COA-01568,CNB-NDLS,NR,2027-01-14,01:00,06:59,5,power_block,"TMS-WCR-04770,TDMS-WCR-00914,SMMS-WR-01126",5,0,pending
COA-01617,AWB-SC,SECR,2027-01-14,01:00,07:59,6,engineering_block,TDMS-SCR-01136,5,1,pending
COA-01760,ST-BCT,SECR,2027-01-14,01:00,06:59,5,engineering_block,"SMMS-ECR-01281,TMS-SER-02814",2,1,approved
COA-01750,BRC-ST,SER,2027-01-14,02:00,08:59,6,power_block,"TMS-WR-02535,TMS-ECoR-02207,TDMS-NR-00315",1,2,approved
COA-00183,AGC-JHS,ER,2027-01-14,12:00,14:59,2,caution_block,SMMS-SWR-00851,1,1,pending
COA-00821,SC-KZJ,SWR,2027-01-14,12:00,15:59,3,engineering_block,"TMS-SER-03658,TDMS-NER-01644,SMMS-ECR-02957",0,2,pending
COA-01137,LTT-NED,SER,2027-01-14,12:00,15:59,3,power_block,"SMMS-NWR-01664,TMS-NER-04082",2,0,approved
COA-01636,JUC-ADI,SR,2027-01-14,12:00,16:59,4,engineering_block,"TDMS-SECR-01501,TMS-NER-04082,SMMS-SECR-00452",2,0,approved
COA-01538,BWN-AZ,CR,2027-01-15,00:00,05:59,5,engineering_block,TDMS-SER-00680,2,3,pending
COA-00450,JUC-ADI,SR,2027-01-15,01:00,05:59,4,engineering_block,"SMMS-ER-00990,TDMS-NR-02726,TMS-ECoR-01953",4,0,rejected
COA-00497,CNB-NDLS,NR,2027-01-15,01:00,06:59,5,power_block,TDMS-SER-02249,2,3,pending
COA-00051,KYN-IGP,SCR,2027-01-15,02:00,05:59,3,emergency_block,"TMS-ECoR-02399,TDMS-WCR-02378,TMS-NR-00180",3,2,approved
COA-00261,ASR-JUC,NWR,2027-01-15,02:00,08:59,6,engineering_block,"TMS-WCR-00506,TMS-ECoR-00408,TMS-SR-03084",1,1,approved
COA-00404,NGP-BZA,NR,2027-01-15,02:00,07:59,5,power_block,"TMS-ER-01963,TMS-WCR-01275",2,0,pending
COA-00559,AGC-JHS,ER,2027-01-15,02:00,07:59,5,power_block,TDMS-CR-01325,2,0,approved
COA-00578,ADI-BRC,SCR,2027-01-15,02:00,07:59,5,emergency_block,SMMS-CR-01546,2,1,approved
COA-00613,KZJ-BZA,WR,2027-01-15,02:00,05:59,3,engineering_block,TDMS-NR-00186,0,1,approved
COA-00923,BPL-NGP,ECoR,2027-01-15,02:00,05:59,3,power_block,"TDMS-ER-00730,SMMS-WCR-02580,TMS-SER-00376",1,0,pending
COA-01226,AWB-SC,SECR,2027-01-15,02:00,08:59,6,engineering_block,TDMS-SR-00822,0,2,approved
COA-01281,UMB-LDH,NER,2027-01-15,02:00,07:59,5,caution_block,TDMS-NCR-00631,0,0,approved
COA-00666,AGC-JHS,ER,2027-01-15,12:00,14:59,2,engineering_block,"TDMS-NWR-00477,TMS-SR-01270,TDMS-CR-02649",0,2,approved
COA-01442,BCT-RTM,SWR,2027-01-15,12:00,15:59,3,power_block,"TDMS-NFR-00030,SMMS-NWR-01085",1,0,approved
COA-01646,UMB-LDH,NER,2027-01-15,12:00,15:59,3,engineering_block,"SMMS-NR-00979,TMS-NR-00432",1,3,pending
COA-01907,KYN-IGP,SCR,2027-01-15,13:00,15:59,2,engineering_block,"TDMS-NFR-02218,TMS-NWR-01110",1,1,approved
COA-00609,CSTM-KYN,SR,2027-01-16,00:00,06:59,6,power_block,SMMS-NER-01513,3,2,approved
COA-00878,KYN-IGP,SCR,2027-01-16,00:00,05:59,5,power_block,SMMS-WR-00352,1,1,pending
COA-01232,BZA-MAS,NCR,2027-01-16,00:00,05:59,5,emergency_block,SMMS-NR-00067,1,1,approved
COA-01285,AWB-SC,SECR,2027-01-16,00:00,04:59,4,power_block,"TMS-SR-04754,TMS-CR-04245,TDMS-WCR-01995",0,1,approved
COA-01753,NGP-BZA,NR,2027-01-16,00:00,05:59,5,engineering_block,"SMMS-SECR-00321,SMMS-ER-02589,TMS-ER-04945",5,3,pending
COA-00447,KYN-IGP,SCR,2027-01-16,01:00,05:59,4,engineering_block,"TMS-SECR-01322,TDMS-SER-00802",2,0,approved
COA-01144,JUC-ADI,SR,2027-01-16,01:00,09:59,8,power_block,"TMS-NER-01702,SMMS-WCR-00523",1,0,pending
COA-01061,BZA-MAS,NCR,2027-01-16,02:00,07:59,5,engineering_block,"TDMS-SCR-00000,TMS-ER-01127",3,1,approved
COA-00089,NDLS-UMB,NCR,2027-01-16,12:00,15:59,3,caution_block,"TDMS-SER-00680,TMS-NFR-04515",1,3,pending
COA-00547,KZJ-BZA,WR,2027-01-16,13:00,17:59,4,engineering_block,"TMS-WR-02536,SMMS-ECR-00441,TDMS-WR-00611",1,0,approved
COA-00816,UMB-LDH,NER,2027-01-17,00:00,05:59,5,engineering_block,SMMS-CR-02619,1,0,pending
COA-01186,MGS-ALD,ECR,2027-01-17,01:00,04:59,3,power_block,"TMS-SR-02412,TDMS-ECoR-02961",3,0,approved
COA-01276,ED-CBE,NFR,2027-01-17,01:00,05:59,4,power_block,"SMMS-SCR-02117,TMS-NFR-00407",1,1,approved
COA-01526,HWH-BWN,WCR,2027-01-17,01:00,05:59,4,engineering_block,SMMS-WCR-02227,2,2,approved
COA-01435,AGC-JHS,ER,2027-01-17,13:00,16:59,3,emergency_block,SMMS-NFR-02521,1,0,approved
COA-00773,HWH-BWN,WCR,2027-01-18,00:00,06:59,6,engineering_block,"TDMS-CR-01325,SMMS-WR-02849",2,1,approved
COA-00799,MGS-ALD,ECR,2027-01-18,00:00,05:59,5,engineering_block,TMS-ECoR-01529,0,1,approved
COA-01611,MGS-ALD,ECR,2027-01-18,00:00,06:59,6,caution_block,"TMS-NWR-04461,TMS-ECR-04182",1,3,pending
COA-01205,BZA-MAS,NCR,2027-01-18,01:00,04:59,3,power_block,"TMS-SER-04564,TDMS-ECoR-02845",1,1,approved
COA-01280,SC-KZJ,SWR,2027-01-18,01:00,06:59,5,engineering_block,"TDMS-SECR-02063,TMS-NFR-02063,TDMS-ER-00974",0,1,approved
COA-00091,ADI-BRC,SCR,2027-01-18,02:00,08:59,6,power_block,TMS-NR-04366,0,1,approved
COA-00926,SC-KZJ,SWR,2027-01-18,02:00,07:59,5,emergency_block,"TDMS-ECR-00184,SMMS-ER-00937,TMS-SR-03526",1,1,approved
COA-01810,MAS-ED,NER,2027-01-18,02:00,07:59,5,caution_block,"TDMS-WR-01956,TDMS-NER-01952",2,2,pending
COA-00460,KYN-IGP,SCR,2027-01-18,12:00,14:59,2,engineering_block,"TMS-SCR-03926,TMS-CR-04309,TMS-SWR-04272",4,0,pending
COA-00020,NDLS-UMB,NCR,2027-01-18,13:00,15:59,2,engineering_block,"TMS-WCR-03523,TMS-NFR-04444,TMS-NWR-02502",2,3,pending
COA-01167,ADI-BRC,SCR,2027-01-18,13:00,17:59,4,engineering_block,TMS-SCR-02762,1,1,pending
COA-01258,LTT-NED,SER,2027-01-18,13:00,15:59,2,engineering_block,"SMMS-SECR-02232,TDMS-CR-01704,SMMS-NWR-02951",0,3,pending
COA-00380,BPL-NGP,ECoR,2027-01-19,00:00,04:59,4,engineering_block,"SMMS-NWR-02951,TDMS-SCR-01874,TMS-WR-02516",1,1,approved
COA-00811,LTT-NED,SER,2027-01-19,01:00,04:59,3,engineering_block,"TMS-NCR-00902,TMS-SCR-01579,TDMS-ECR-02613",2,1,approved
COA-00911,BRC-ST,SER,2027-01-19,01:00,05:59,4,engineering_block,"TMS-SR-00623,SMMS-NER-00758",1,1,approved
COA-00367,NDLS-UMB,NCR,2027-01-19,02:00,08:59,6,emergency_block,"TMS-ECR-01013,TMS-SR-04186",5,0,pending
COA-00638,AZ-MGS,ER,2027-01-19,02:00,07:59,5,power_block,"SMMS-SER-02539,SMMS-CR-00776",1,3,pending
COA-01192,BRC-ST,SER,2027-01-19,13:00,16:59,3,caution_block,TMS-NR-04395,1,0,pending
COA-00240,NDLS-UMB,NCR,2027-01-20,00:00,04:59,4,emergency_block,"SMMS-NER-02453,SMMS-ECR-02410,TMS-ER-02337",4,0,pending
COA-01288,ADI-BRC,SCR,2027-01-20,00:00,06:59,6,power_block,"TMS-WR-04379,SMMS-NWR-00063,TMS-SER-03244",2,1,approved
COA-01405,JHS-BPL,ECR,2027-01-20,00:00,06:59,6,caution_block,"TDMS-ECR-00184,SMMS-SWR-00211,SMMS-WR-00352",0,0,approved
COA-00177,NDLS-UMB,NCR,2027-01-20,01:00,05:59,4,emergency_block,"TDMS-ECoR-02386,TMS-SR-04978",2,1,pending
COA-00808,CNB-NDLS,NR,2027-01-20,01:00,07:59,6,engineering_block,TDMS-SCR-02525,0,1,approved
COA-00880,ED-CBE,NFR,2027-01-20,01:00,06:59,5,engineering_block,"SMMS-NWR-00136,SMMS-SECR-00338,TMS-ER-03304",0,0,approved
COA-01251,AZ-MGS,ER,2027-01-20,01:00,04:59,3,engineering_block,"SMMS-NWR-00898,SMMS-SR-02143,TDMS-NR-00975",2,1,approved
COA-01647,SC-KZJ,SWR,2027-01-20,01:00,05:59,4,caution_block,"TMS-SER-03658,TDMS-NFR-02218",2,0,approved
COA-01668,SC-KZJ,SWR,2027-01-20,02:00,06:59,4,engineering_block,TDMS-NFR-02993,0,0,approved
COA-01464,NDLS-UMB,NCR,2027-01-20,12:00,15:59,3,power_block,"TDMS-SCR-02183,TMS-SCR-03616",1,0,approved
COA-01911,MGS-ALD,ECR,2027-01-20,12:00,16:59,4,power_block,TDMS-NWR-01054,0,0,approved
COA-01799,BRC-ST,SER,2027-01-20,13:00,17:59,4,engineering_block,"TDMS-SWR-02580,TDMS-ER-00405",0,1,approved
COA-00340,BPL-NGP,ECoR,2027-01-21,00:00,06:59,6,power_block,"SMMS-WR-00076,TDMS-ECoR-01195",0,3,rejected
COA-00905,ED-CBE,NFR,2027-01-21,00:00,05:59,5,engineering_block,"SMMS-CR-01279,SMMS-SWR-00066",3,0,approved
COA-01361,ALD-CNB,ECoR,2027-01-21,00:00,03:59,3,emergency_block,TMS-NCR-02745,1,1,pending
COA-01848,ASR-JUC,NWR,2027-01-21,00:00,03:59,3,caution_block,"TDMS-SR-01895,TMS-WR-02516",4,0,rejected
COA-00422,NDLS-AGC,CR,2027-01-21,01:00,05:59,4,emergency_block,"SMMS-SECR-00338,TMS-ECR-00832,TMS-ECR-01983",0,1,pending
COA-00827,NDLS-UMB,NCR,2027-01-21,01:00,09:59,8,engineering_block,TDMS-CR-02252,3,0,approved
COA-01120,AWB-SC,SECR,2027-01-21,01:00,06:59,5,power_block,"TMS-SWR-02277,SMMS-ER-00028",2,1,approved
COA-01385,HWH-BWN,WCR,2027-01-21,02:00,07:59,5,engineering_block,"TDMS-NCR-01885,TMS-SER-01981",0,0,approved
COA-01831,ST-BCT,SECR,2027-01-21,02:00,10:59,8,caution_block,"TDMS-ER-02361,TMS-NER-04688",1,0,pending
COA-01899,BPL-NGP,ECoR,2027-01-21,02:00,06:59,4,engineering_block,"TDMS-NR-01182,TDMS-SR-00072,TDMS-WCR-01936",0,1,approved
COA-00745,LDH-ASR,NFR,2027-01-21,12:00,16:59,4,power_block,TMS-WR-01116,0,1,approved
COA-01079,NDLS-AGC,CR,2027-01-21,12:00,16:59,4,engineering_block,"SMMS-WCR-00572,TDMS-NWR-01230,TMS-NCR-04236",4,0,pending
COA-01249,ST-BCT,SECR,2027-01-21,12:00,15:59,3,power_block,"TMS-SR-02672,TMS-WR-01274",1,0,approved
COA-01304,BPL-NGP,ECoR,2027-01-21,12:00,14:59,2,engineering_block,"TDMS-ER-01629,TMS-SCR-01525,TDMS-NR-00975",1,1,pending
COA-00208,BZA-MAS,NCR,2027-01-21,13:00,17:59,4,power_block,"SMMS-NCR-02959,TMS-NWR-04279",5,1,pending
COA-00622,ST-BCT,SECR,2027-01-21,13:00,15:59,2,power_block,"SMMS-SR-01363,SMMS-WCR-02580,SMMS-ECR-00159",4,0,rejected
COA-01762,ADI-BRC,SCR,2027-01-21,13:00,16:59,3,power_block,"TDMS-ER-00708,TMS-SER-01105,TDMS-ECR-01089",0,1,approved
COA-00691,MGS-ALD,ECR,2027-01-22,00:00,04:59,4,engineering_block,SMMS-NFR-02795,0,0,approved
COA-00701,AWB-SC,SECR,2027-01-22,00:00,04:59,4,engineering_block,"TDMS-ER-01633,TDMS-WR-00611,SMMS-CR-00037",0,2,approved
COA-00916,AWB-SC,SECR,2027-01-22,00:00,06:59,6,engineering_block,"TDMS-ECoR-02845,TDMS-ER-01468,TMS-CR-03451",1,1,approved
COA-01260,MAS-ED,NER,2027-01-22,00:00,05:59,5,engineering_block,"SMMS-NER-01879,TMS-WCR-00701",0,3,rejected
COA-01287,BCT-RTM,SWR,2027-01-22,00:00,05:59,5,engineering_block,"TMS-SWR-02038,TMS-WCR-02392,SMMS-NFR-02077",2,1,approved
COA-00029,BPL-NGP,ECoR,2027-01-22,01:00,09:59,8,engineering_block,SMMS-SCR-00313,1,0,approved
COA-00037,HWH-BWN,WCR,2027-01-22,01:00,06:59,5,emergency_block,"TDMS-SWR-02916,TDMS-NR-01931,SMMS-SER-01567",3,0,approved
COA-00358,AWB-SC,SECR,2027-01-22,01:00,04:59,3,engineering_block,"TMS-SECR-02223,TMS-NR-00209",1,0,approved
COA-01730,NDLS-UMB,NCR,2027-01-22,01:00,05:59,4,engineering_block,TMS-WCR-00791,0,3,pending
COA-00432,KZJ-BZA,WR,2027-01-22,02:00,08:59,6,engineering_block,"TMS-WR-00327,SMMS-SER-02779",4,1,rejected
COA-01310,UMB-LDH,NER,2027-01-22,02:00,07:59,5,caution_block,"TMS-SWR-02555,SMMS-ER-01109,SMMS-SCR-02826",4,0,pending
COA-01606,NDLS-AGC,CR,2027-01-22,02:00,07:59,5,engineering_block,"TDMS-ECoR-01970,TMS-WCR-03668,SMMS-NR-02908",0,1,approved
COA-00075,HWH-BWN,WCR,2027-01-22,12:00,14:59,2,engineering_block,SMMS-SECR-00510,0,0,approved
COA-00870,ST-BCT,SECR,2027-01-22,12:00,14:59,2,engineering_block,"SMMS-SWR-02749,TMS-ECR-00255,TDMS-NER-00924",2,0,pending
COA-01724,ALD-CNB,ECoR,2027-01-22,12:00,16:59,4,power_block,"TDMS-NR-02317,TMS-SER-03658",0,1,approved
COA-00449,CNB-NDLS,NR,2027-01-22,13:00,16:59,3,power_block,"TMS-ER-04337,TMS-ECoR-01358",0,1,approved
COA-00599,KYN-IGP,SCR,2027-01-22,13:00,15:59,2,power_block,TMS-NFR-02169,0,0,approved
COA-01553,LDH-ASR,NFR,2027-01-22,13:00,17:59,4,caution_block,"TMS-ECoR-04254,TMS-NR-03618,SMMS-NER-00650",0,0,approved
COA-00101,AWB-SC,SECR,2027-01-23,00:00,03:59,3,power_block,"TDMS-NWR-01230,TMS-NFR-01160,SMMS-NFR-01150",2,0,approved
COA-00228,HWH-BWN,WCR,2027-01-23,00:00,04:59,4,power_block,TDMS-ECoR-01431,0,1,approved
COA-01212,NDLS-UMB,NCR,2027-01-23,00:00,04:59,4,engineering_block,"TMS-SECR-01322,SMMS-NER-02059,TDMS-SER-02394",3,0,approved
COA-01133,BCT-RTM,SWR,2027-01-23,01:00,06:59,5,caution_block,"SMMS-SR-02682,TMS-NWR-01853",1,1,approved
COA-00660,AWB-SC,SECR,2027-01-23,02:00,06:59,4,engineering_block,TDMS-NER-02841,0,0,approved
COA-00735,CBE-TVC,NWR,2027-01-23,02:00,05:59,3,power_block,"SMMS-ECR-00657,SMMS-NER-01921,TMS-WR-01116",2,2,approved
COA-01147,KYN-IGP,SCR,2027-01-23,12:00,14:59,2,engineering_block,TDMS-NER-01200,1,1,pending
COA-00412,BRC-ST,SER,2027-01-23,13:00,16:59,3,engineering_block,TMS-ECoR-02499,0,2,approved
COA-00568,CNB-NDLS,NR,2027-01-24,00:00,06:59,6,emergency_block,"SMMS-SWR-01607,TMS-NWR-02023,SMMS-SER-02779",0,3,pending
COA-00925,CBE-TVC,NWR,2027-01-24,01:00,04:59,3,engineering_block,TMS-CR-04880,2,1,approved
COA-01035,AWB-SC,SECR,2027-01-24,01:00,07:59,6,caution_block,SMMS-WR-00384,1,1,pending
COA-01223,BWN-AZ,CR,2027-01-24,01:00,06:59,5,engineering_block,"TMS-SCR-04769,TMS-NR-02161",2,1,approved
COA-00296,AGC-JHS,ER,2027-01-24,02:00,05:59,3,engineering_block,"TDMS-SECR-01875,SMMS-NFR-00270",2,1,approved
COA-00338,ADI-BRC,SCR,2027-01-24,02:00,05:59,3,engineering_block,"TDMS-ECoR-02386,TMS-NFR-03087,TMS-SECR-00926",1,1,pending
COA-00848,BPL-NGP,ECoR,2027-01-24,02:00,10:59,8,emergency_block,TMS-ECoR-03657,0,1,approved
COA-01221,ED-CBE,NFR,2027-01-24,02:00,05:59,3,emergency_block,"SMMS-NWR-01110,SMMS-WCR-00959",1,3,rejected
COA-01591,BPL-NGP,ECoR,2027-01-24,02:00,08:59,6,engineering_block,"SMMS-NCR-01062,TMS-SWR-04608,TMS-NWR-04279",0,1,pending
COA-01793,CSTM-KYN,SR,2027-01-24,02:00,08:59,6,engineering_block,TMS-NWR-01051,0,0,approved
COA-00985,AGC-JHS,ER,2027-01-24,12:00,14:59,2,engineering_block,"SMMS-ER-00990,SMMS-WR-00982",4,0,pending
COA-01097,SC-KZJ,SWR,2027-01-24,12:00,15:59,3,engineering_block,SMMS-NR-01371,3,3,rejected
COA-01084,MAS-ED,NER,2027-01-24,13:00,15:59,2,engineering_block,"TMS-WR-02535,TMS-NWR-02911",2,1,approved
COA-01301,BZA-MAS,NCR,2027-01-25,00:00,05:59,5,power_block,"TDMS-NR-02717,SMMS-SECR-01483,TDMS-NWR-02990",2,3,rejected
COA-01787,MAS-ED,NER,2027-01-25,00:00,05:59,5,engineering_block,"TMS-NCR-04744,TMS-NWR-00873",3,1,pending
COA-00087,MAS-ED,NER,2027-01-25,01:00,09:59,8,engineering_block,SMMS-SECR-00510,0,3,pending
COA-00093,HWH-BWN,WCR,2027-01-25,01:00,06:59,5,engineering_block,"TDMS-ECR-00114,TDMS-NCR-02789",2,0,approved
COA-01190,KZJ-BZA,WR,2027-01-25,01:00,07:59,6,engineering_block,TDMS-SR-00593,1,0,pending
COA-01333,KZJ-BZA,WR,2027-01-25,01:00,06:59,5,power_block,"TDMS-ER-02615,TDMS-ER-02361,TMS-WCR-01847",3,1,approved
COA-00959,KZJ-BZA,WR,2027-01-25,02:00,07:59,5,emergency_block,"SMMS-ECR-02410,SMMS-WCR-02188,TMS-NR-01063",2,3,rejected
COA-01201,MAS-ED,NER,2027-01-25,12:00,14:59,2,caution_block,"TMS-NER-00628,SMMS-NWR-00637",1,0,approved
COA-00815,BPL-NGP,ECoR,2027-01-25,13:00,16:59,3,engineering_block,"SMMS-NWR-00063,SMMS-WCR-00523",0,0,approved
COA-01198,KZJ-BZA,WR,2027-01-25,13:00,16:59,3,engineering_block,"TMS-SR-00042,SMMS-SER-02565,TMS-ECoR-03657",3,3,pending
COA-01677,JHS-BPL,ECR,2027-01-25,13:00,15:59,2,engineering_block,"SMMS-NFR-00553,TDMS-NFR-00176,TMS-SR-02414",0,1,pending
COA-00598,AGC-JHS,ER,2027-01-26,00:00,03:59,3,engineering_block,SMMS-NR-00265,4,0,pending
COA-01714,NDLS-AGC,CR,2027-01-26,00:00,03:59,3,engineering_block,"TMS-CR-00505,TDMS-SECR-00103,SMMS-NR-00238",3,0,approved
COA-00160,CNB-NDLS,NR,2027-01-26,01:00,05:59,4,emergency_block,"TMS-ECR-00811,TMS-SR-00634",5,0,pending
COA-00579,ED-CBE,NFR,2027-01-26,01:00,04:59,3,power_block,SMMS-CR-02687,0,1,approved
COA-00645,UMB-LDH,NER,2027-01-26,01:00,06:59,5,engineering_block,"TMS-SR-02412,TMS-NER-03973",1,1,approved
COA-01392,NDLS-AGC,CR,2027-01-26,01:00,04:59,3,power_block,TDMS-SR-01308,2,2,approved
COA-01772,SC-KZJ,SWR,2027-01-26,01:00,06:59,5,emergency_block,"SMMS-ECR-00159,SMMS-ECR-02957",3,0,approved
COA-00656,NGP-BZA,NR,2027-01-26,02:00,07:59,5,engineering_block,"SMMS-NCR-02233,SMMS-SWR-01607,SMMS-NER-01879",0,0,approved
COA-01908,BCT-RTM,SWR,2027-01-26,02:00,07:59,5,engineering_block,"TDMS-SER-02394,TDMS-NER-00801,SMMS-WR-00982",5,1,pending
COA-01875,BPL-NGP,ECoR,2027-01-26,12:00,14:59,2,engineering_block,"SMMS-WCR-00685,TMS-NR-01597,TMS-NER-00311",0,0,approved
COA-01733,CSTM-KYN,SR,2027-01-26,13:00,15:59,2,power_block,TMS-SER-03261,1,3,pending
COA-00272,CSTM-KYN,SR,2027-01-27,00:00,04:59,4,caution_block,TMS-SCR-02251,2,0,approved
COA-00847,BWN-AZ,CR,2027-01-27,00:00,04:59,4,engineering_block,"TMS-WCR-02323,TDMS-SECR-01129",3,0,approved
COA-00138,LDH-ASR,NFR,2027-01-27,01:00,06:59,5,power_block,SMMS-ER-02246,1,1,approved
COA-01551,MGS-ALD,ECR,2027-01-27,01:00,04:59,3,power_block,"TDMS-ECR-02039,TDMS-NER-00601,SMMS-SER-01290",0,1,approved
COA-01710,AZ-MGS,ER,2027-01-27,01:00,05:59,4,emergency_block,"SMMS-CR-01691,TMS-ECoR-04532,TDMS-ECoR-00412",2,0,approved
COA-00013,NDLS-UMB,NCR,2027-01-27,02:00,06:59,4,engineering_block,"TMS-SWR-03021,TMS-NWR-03680",4,0,pending
COA-01379,KZJ-BZA,WR,2027-01-27,02:00,06:59,4,engineering_block,"SMMS-NER-01921,TMS-WCR-00443",0,0,approved
COA-01931,CSTM-KYN,SR,2027-01-27,02:00,08:59,6,emergency_block,TMS-SER-04816,5,3,rejected
COA-00187,ST-BCT,SECR,2027-01-27,12:00,15:59,3,emergency_block,"TMS-ECoR-02944,TMS-NFR-02045",0,2,approved
COA-00648,BZA-MAS,NCR,2027-01-27,12:00,14:59,2,engineering_block,TDMS-SER-01255,0,3,rejected
COA-00802,AGC-JHS,ER,2027-01-27,12:00,15:59,3,power_block,"TDMS-ECoR-00717,TDMS-ECR-02290",1,0,approved
COA-01896,AZ-MGS,ER,2027-01-27,13:00,15:59,2,emergency_block,"TDMS-NR-01339,SMMS-SECR-01758",3,1,approved
COA-01368,UMB-LDH,NER,2027-01-28,00:00,03:59,3,emergency_block,"SMMS-ECoR-02512,TDMS-NCR-01701,SMMS-ECR-02555",2,2,pending
COA-01696,ASR-JUC,NWR,2027-01-28,00:00,08:59,8,engineering_block,"TMS-NER-02656,TDMS-NCR-01127",1,0,approved
COA-01786,ALD-CNB,ECoR,2027-01-28,00:00,04:59,4,emergency_block,TDMS-CR-00112,5,1,rejected
COA-01952,KYN-IGP,SCR,2027-01-28,00:00,05:59,5,engineering_block,SMMS-NFR-00966,3,0,approved
COA-01036,NGP-BZA,NR,2027-01-28,01:00,07:59,6,engineering_block,"TMS-NR-02455,TMS-NCR-00026,TMS-ECoR-02944",3,3,pending
COA-01088,NGP-BZA,NR,2027-01-28,01:00,06:59,5,emergency_block,TMS-NWR-01021,1,0,approved
COA-01550,CSTM-KYN,SR,2027-01-28,01:00,04:59,3,engineering_block,"SMMS-CR-00397,TDMS-ECoR-00152",1,0,approved
COA-01900,JUC-ADI,SR,2027-01-28,01:00,09:59,8,engineering_block,"TDMS-CR-02246,TDMS-NFR-02609",4,0,pending
COA-00825,HWH-BWN,WCR,2027-01-28,02:00,08:59,6,engineering_block,TMS-SR-04754,0,0,approved
COA-01292,AWB-SC,SECR,2027-01-28,02:00,07:59,5,power_block,"SMMS-NCR-01056,TDMS-SECR-02796,TMS-ECoR-01950",0,1,approved
COA-01892,ADI-BRC,SCR,2027-01-28,02:00,07:59,5,engineering_block,"SMMS-WR-01192,TDMS-ER-01739,TDMS-ER-00272",0,0,approved
COA-00887,ED-CBE,NFR,2027-01-28,12:00,14:59,2,emergency_block,"TMS-SECR-00926,SMMS-ECoR-02592",1,1,approved
COA-00965,HWH-BWN,WCR,2027-01-28,12:00,14:59,2,power_block,SMMS-WR-00677,4,0,pending
COA-00265,CBE-TVC,NWR,2027-01-29,00:00,03:59,3,engineering_block,SMMS-NWR-01085,1,1,pending
COA-01437,MAS-ED,NER,2027-01-29,00:00,04:59,4,power_block,SMMS-ECR-02259,1,3,pending
COA-00050,JUC-ADI,SR,2027-01-29,01:00,06:59,5,engineering_block,SMMS-NFR-02764,1,2,approved
COA-00550,BCT-RTM,SWR,2027-01-29,01:00,05:59,4,engineering_block,SMMS-NCR-01144,0,2,approved
COA-00703,JUC-ADI,SR,2027-01-29,01:00,06:59,5,power_block,TDMS-WCR-00968,2,0,approved
COA-01349,NDLS-AGC,CR,2027-01-29,01:00,04:59,3,caution_block,SMMS-SER-00096,4,0,pending
COA-01957,CBE-TVC,NWR,2027-01-29,01:00,04:59,3,engineering_block,TDMS-NR-00186,1,1,approved
COA-01338,NGP-BZA,NR,2027-01-29,02:00,08:59,6,power_block,TMS-ECoR-01292,1,1,approved
COA-01351,NGP-BZA,NR,2027-01-29,12:00,14:59,2,engineering_block,SMMS-WCR-01312,0,1,approved
COA-00244,ASR-JUC,NWR,2027-01-30,01:00,06:59,5,power_block,"TMS-CR-00178,SMMS-SR-00316,TDMS-ECR-01804",3,1,pending
COA-01390,KZJ-BZA,WR,2027-01-30,01:00,05:59,4,emergency_block,SMMS-SWR-00570,0,0,approved
COA-01879,ASR-JUC,NWR,2027-01-30,01:00,05:59,4,emergency_block,"SMMS-NFR-01927,SMMS-SCR-01203,TDMS-NWR-01912",0,0,approved
COA-01216,ST-BCT,SECR,2027-01-30,02:00,10:59,8,emergency_block,"SMMS-SCR-01282,TDMS-CR-02184",2,1,approved
COA-00353,HWH-BWN,WCR,2027-01-30,12:00,14:59,2,engineering_block,"SMMS-ECR-01830,TMS-NCR-02560,SMMS-NR-02364",1,1,pending
COA-00931,NDLS-UMB,NCR,2027-01-30,12:00,15:59,3,engineering_block,TDMS-WCR-00892,1,2,pending
COA-01058,JHS-BPL,ECR,2027-01-31,00:00,04:59,4,engineering_block,"SMMS-SCR-00164,TDMS-ECR-02140",2,0,approved
COA-00476,ASR-JUC,NWR,2027-01-31,01:00,06:59,5,power_block,"TDMS-SECR-00592,SMMS-ECR-02667,TMS-SR-02672",1,0,pending
COA-01228,UMB-LDH,NER,2027-01-31,01:00,05:59,4,power_block,TDMS-NER-00820,0,0,approved
COA-01467,BRC-ST,SER,2027-01-31,01:00,05:59,4,caution_block,"TMS-ECR-01427,TMS-SR-02412",2,1,approved
COA-00254,MAS-ED,NER,2027-01-31,02:00,07:59,5,power_block,"TDMS-SR-01895,TMS-ECoR-02944",2,2,approved
COA-00787,MAS-ED,NER,2027-01-31,02:00,06:59,4,engineering_block,TDMS-SCR-02183,1,0,approved
COA-01358,BRC-ST,SER,2027-01-31,02:00,08:59,6,engineering_block,"TDMS-SR-01756,TDMS-WR-02328,TMS-WCR-00651",1,2,pending
COA-01605,BRC-ST,SER,2027-01-31,02:00,06:59,4,caution_block,"TMS-NR-02161,TMS-CR-00276,TMS-NFR-00407",2,2,approved
COA-00251,JHS-BPL,ECR,2027-01-31,12:00,16:59,4,engineering_block,"TDMS-ECoR-02755,SMMS-SWR-02472",1,0,approved
COA-00601,CNB-NDLS,NR,2027-01-31,12:00,15:59,3,caution_block,TMS-WCR-00701,1,0,approved
COA-01971,ST-BCT,SECR,2027-01-31,12:00,14:59,2,power_block,"SMMS-NWR-00063,TDMS-NCR-02871",0,0,approved
COA-01976,BRC-ST,SER,2027-01-31,13:00,16:59,3,engineering_block,"TMS-NFR-02166,TDMS-ECoR-00434",1,1,pending
COA-00117,JUC-ADI,SR,2027-02-01,00:00,08:59,8,power_block,"TMS-NER-04082,TDMS-ECoR-00434,SMMS-ER-00023",2,0,approved
COA-00498,AWB-SC,SECR,2027-02-01,00:00,03:59,3,power_block,TMS-ECR-04496,0,1,approved
COA-00817,JUC-ADI,SR,2027-02-01,00:00,06:59,6,engineering_block,"TMS-SER-02561,TDMS-SWR-01853",1,0,approved
COA-01604,ASR-JUC,NWR,2027-02-01,00:00,04:59,4,engineering_block,"TDMS-NWR-00580,TMS-WR-04379",0,1,approved
COA-00682,ADI-BRC,SCR,2027-02-01,01:00,05:59,4,caution_block,"TDMS-NFR-00521,TDMS-NR-02888",1,1,approved
COA-01571,LTT-NED,SER,2027-02-01,01:00,05:59,4,engineering_block,SMMS-ECoR-02887,2,2,approved
COA-00132,LTT-NED,SER,2027-02-01,02:00,10:59,8,engineering_block,SMMS-NER-02937,0,2,approved
COA-00544,BPL-NGP,ECoR,2027-02-01,02:00,07:59,5,power_block,"TMS-WCR-01275,TDMS-ECR-01903,TDMS-ECR-02376",1,1,approved
COA-01027,KYN-IGP,SCR,2027-02-01,02:00,07:59,5,engineering_block,SMMS-ECoR-02535,2,3,pending
COA-01682,JUC-ADI,SR,2027-02-01,02:00,06:59,4,engineering_block,SMMS-CR-00397,3,0,approved
COA-01835,LTT-NED,SER,2027-02-01,02:00,08:59,6,caution_block,TDMS-NER-02936,3,1,approved
COA-01748,LDH-ASR,NFR,2027-02-02,01:00,04:59,3,caution_block,"TMS-NR-00675,TMS-WR-04379,TDMS-NER-01274",2,1,approved
COA-01998,LTT-NED,SER,2027-02-02,01:00,05:59,4,engineering_block,TDMS-WCR-02161,3,2,pending
COA-00047,NDLS-UMB,NCR,2027-02-02,02:00,08:59,6,engineering_block,"TMS-ER-03408,TDMS-WR-00884,SMMS-NR-00736",4,1,pending
COA-00127,SC-KZJ,SWR,2027-02-02,02:00,08:59,6,engineering_block,"SMMS-WR-00384,TMS-SECR-00926,TDMS-ER-02406",0,2,approved
COA-00457,HWH-BWN,WCR,2027-02-02,02:00,07:59,5,engineering_block,"SMMS-NFR-01003,TMS-NCR-04817",1,0,approved
COA-00690,UMB-LDH,NER,2027-02-02,02:00,05:59,3,engineering_block,TDMS-WCR-02545,0,1,pending
COA-01123,ALD-CNB,ECoR,2027-02-02,02:00,05:59,3,emergency_block,"TMS-NR-04226,TMS-NWR-03307,TMS-SR-03617",2,0,approved
COA-01884,MAS-ED,NER,2027-02-02,02:00,10:59,8,engineering_block,"SMMS-NR-00238,TMS-NER-03973,TMS-NER-00568",0,3,pending
COA-01941,HWH-BWN,WCR,2027-02-02,02:00,08:59,6,power_block,"TDMS-ER-01739,SMMS-ER-00960",1,0,approved
COA-00890,BWN-AZ,CR,2027-02-02,12:00,15:59,3,power_block,"TMS-SCR-03616,TMS-NFR-03087,SMMS-SECR-01070",1,0,approved
COA-00443,NDLS-UMB,NCR,2027-02-03,00:00,03:59,3,power_block,SMMS-NFR-01701,1,1,approved
COA-00523,LTT-NED,SER,2027-02-03,00:00,05:59,5,caution_block,"TDMS-CR-00624,SMMS-ER-00561",4,3,pending
COA-00776,UMB-LDH,NER,2027-02-03,00:00,03:59,3,caution_block,"TDMS-NFR-02450,SMMS-CR-02444",5,1,rejected
COA-00239,NGP-BZA,NR,2027-02-03,01:00,04:59,3,power_block,SMMS-SCR-00521,2,0,approved
COA-00256,NGP-BZA,NR,2027-02-03,01:00,07:59,6,power_block,"SMMS-NER-02560,SMMS-NER-00750,TMS-NR-03033",0,2,pending
COA-00635,SC-KZJ,SWR,2027-02-03,01:00,07:59,6,power_block,"TMS-ECoR-01529,TMS-WCR-00506",0,0,approved
COA-01179,CNB-NDLS,NR,2027-02-03,01:00,07:59,6,engineering_block,"TMS-SER-01105,TMS-NR-01063,SMMS-WR-00182",0,0,approved
COA-00614,KZJ-BZA,WR,2027-02-03,02:00,07:59,5,engineering_block,"TDMS-NER-00820,TMS-ECR-03223,TDMS-NFR-00394",4,0,pending
COA-00771,BWN-AZ,CR,2027-02-03,02:00,06:59,4,engineering_block,"SMMS-SCR-00626,TDMS-ECR-02642,TDMS-ECoR-00721",1,0,approved
COA-00999,LDH-ASR,NFR,2027-02-03,02:00,07:59,5,caution_block,"TDMS-NER-00924,TMS-ECoR-02794",2,0,approved
COA-01235,NGP-BZA,NR,2027-02-03,02:00,07:59,5,power_block,"SMMS-WCR-00523,SMMS-NR-01140,SMMS-SCR-00383",1,3,rejected
COA-01284,MAS-ED,NER,2027-02-03,02:00,05:59,3,engineering_block,TMS-SER-00994,4,0,pending
COA-00424,UMB-LDH,NER,2027-02-03,12:00,14:59,2,power_block,"TDMS-NCR-00631,TMS-SECR-01470",0,0,approved
COA-01496,BRC-ST,SER,2027-02-03,12:00,14:59,2,power_block,"TMS-NWR-00873,SMMS-ECoR-00447,SMMS-SR-00566",4,0,pending
COA-01075,BWN-AZ,CR,2027-02-04,00:00,03:59,3,power_block,"TMS-SR-02998,TDMS-SER-02494",1,1,approved
COA-00357,ST-BCT,SECR,2027-02-04,01:00,06:59,5,emergency_block,"TDMS-WR-00195,SMMS-NR-02908,TDMS-SWR-01598",2,2,approved
COA-00552,ED-CBE,NFR,2027-02-04,01:00,09:59,8,power_block,SMMS-NCR-00920,3,2,approved
COA-01473,AZ-MGS,ER,2027-02-04,01:00,06:59,5,caution_block,"TMS-SWR-04869,SMMS-CR-00223,TDMS-SCR-02711",3,1,approved
COA-00231,AWB-SC,SECR,2027-02-04,02:00,08:59,6,engineering_block,"TMS-NER-03972,TMS-SCR-03566,SMMS-ER-00960",0,1,approved
COA-00555,ED-CBE,NFR,2027-02-04,02:00,10:59,8,power_block,"SMMS-NR-02364,SMMS-ECoR-02887",0,1,approved
COA-00118,AGC-JHS,ER,2027-02-05,01:00,06:59,5,power_block,SMMS-CR-02444,0,3,rejected
COA-00205,BRC-ST,SER,2027-02-05,01:00,06:59,5,power_block,"TMS-SR-02414,TMS-SECR-00133",5,0,pending
COA-00488,ADI-BRC,SCR,2027-02-05,01:00,07:59,6,engineering_block,"TMS-SER-03418,TMS-WR-00585",1,0,approved
COA-00726,NDLS-UMB,NCR,2027-02-05,02:00,08:59,6,caution_block,"SMMS-ER-02017,TDMS-WCR-01661",0,0,approved
COA-00989,LDH-ASR,NFR,2027-02-05,02:00,05:59,3,power_block,TDMS-ECoR-02586,2,0,approved
COA-01070,ED-CBE,NFR,2027-02-05,12:00,15:59,3,power_block,"TDMS-SER-01255,TDMS-ER-01468",2,1,approved
COA-01927,BRC-ST,SER,2027-02-05,12:00,15:59,3,power_block,TMS-SWR-01707,0,0,approved
COA-00173,BPL-NGP,ECoR,2027-02-05,13:00,17:59,4,power_block,"TDMS-SWR-02535,SMMS-NER-01513,SMMS-SER-00862",3,1,approved
COA-00674,KYN-IGP,SCR,2027-02-06,00:00,04:59,4,engineering_block,"TMS-SR-02781,SMMS-ER-00278,TDMS-SWR-01566",1,1,approved
COA-00069,ADI-BRC,SCR,2027-02-06,01:00,09:59,8,engineering_block,"TMS-NER-04750,TDMS-NFR-02876",0,0,approved
COA-01231,NDLS-AGC,CR,2027-02-06,01:00,06:59,5,power_block,TMS-ER-01253,1,0,pending
COA-00197,NDLS-UMB,NCR,2027-02-06,02:00,10:59,8,engineering_block,"SMMS-WCR-02116,SMMS-ER-00960",0,1,approved
COA-01632,KYN-IGP,SCR,2027-02-06,02:00,07:59,5,engineering_block,"TMS-NCR-02745,SMMS-NCR-00956",3,1,pending
COA-01859,JUC-ADI,SR,2027-02-06,02:00,06:59,4,engineering_block,TMS-NCR-01015,2,0,approved
COA-01072,JUC-ADI,SR,2027-02-06,12:00,14:59,2,power_block,"TMS-SCR-03566,TMS-SWR-00640,SMMS-CR-01593",4,3,rejected
COA-01913,KZJ-BZA,WR,2027-02-06,12:00,15:59,3,power_block,"SMMS-SWR-02816,SMMS-SR-02143,SMMS-ECoR-00165",1,0,approved
COA-00913,ALD-CNB,ECoR,2027-02-06,13:00,16:59,3,emergency_block,"SMMS-CR-00037,SMMS-ECR-01281,TDMS-ER-01468",2,2,approved
COA-01200,ALD-CNB,ECoR,2027-02-06,13:00,16:59,3,engineering_block,"TMS-NWR-02126,TDMS-NR-01137",2,0,approved
COA-00232,NDLS-UMB,NCR,2027-02-07,00:00,08:59,8,engineering_block,TMS-NR-00305,4,1,pending
COA-00696,KZJ-BZA,WR,2027-02-07,00:00,05:59,5,engineering_block,"TMS-ECoR-01468,TDMS-WCR-01896",0,0,approved
COA-01155,BPL-NGP,ECoR,2027-02-07,00:00,05:59,5,power_block,"SMMS-SECR-00321,SMMS-NCR-00233,TDMS-SCR-02087",0,0,approved
COA-00755,KZJ-BZA,WR,2027-02-07,01:00,06:59,5,power_block,"TMS-NR-01437,SMMS-ECoR-00485",0,0,approved
COA-01954,BZA-MAS,NCR,2027-02-07,01:00,04:59,3,power_block,TMS-WR-01510,0,1,approved
COA-00045,LTT-NED,SER,2027-02-07,02:00,08:59,6,power_block,"TDMS-SCR-02392,TDMS-WCR-00211",1,0,pending
COA-00689,UMB-LDH,NER,2027-02-07,02:00,05:59,3,emergency_block,"TDMS-NER-02936,TMS-NR-04455",2,2,pending
COA-01447,MAS-ED,NER,2027-02-07,12:00,15:59,3,power_block,SMMS-SECR-00819,1,1,approved
COA-01589,HWH-BWN,WCR,2027-02-07,12:00,15:59,3,engineering_block,"TMS-SCR-03816,TMS-SER-00595,SMMS-NR-00736",0,0,approved
COA-00711,BRC-ST,SER,2027-02-07,13:00,15:59,2,engineering_block,"TDMS-ECoR-00721,TDMS-WR-02858",2,3,rejected
COA-01403,LTT-NED,SER,2027-02-07,13:00,15:59,2,caution_block,"TDMS-SWR-00638,TDMS-ECR-02376",0,0,approved
COA-00094,NDLS-AGC,CR,2027-02-08,00:00,05:59,5,power_block,SMMS-SER-02565,2,0,pending
COA-00345,ED-CBE,NFR,2027-02-08,00:00,05:59,5,power_block,TDMS-SER-02638,1,2,approved
COA-01663,MGS-ALD,ECR,2027-02-08,00:00,04:59,4,engineering_block,"SMMS-WCR-01312,TMS-NWR-01644,SMMS-ECoR-00850",0,1,approved
COA-01990,ST-BCT,SECR,2027-02-08,00:00,04:59,4,emergency_block,"TDMS-ECR-00444,SMMS-CR-01013,TMS-CR-01522",3,0,approved
COA-00140,ASR-JUC,NWR,2027-02-08,01:00,05:59,4,engineering_block,"SMMS-SR-02516,TMS-ECR-04182",3,1,approved
COA-00990,CNB-NDLS,NR,2027-02-08,02:00,08:59,6,engineering_block,TMS-ECR-01703,0,2,approved
COA-01856,UMB-LDH,NER,2027-02-08,02:00,06:59,4,power_block,"TDMS-SECR-00103,TDMS-NFR-02609,SMMS-ECR-01787",0,1,pending
COA-01669,BRC-ST,SER,2027-02-08,13:00,15:59,2,power_block,"TDMS-ER-02615,TMS-SCR-02047",0,2,approved
COA-00245,NDLS-UMB,NCR,2027-02-09,00:00,04:59,4,engineering_block,"SMMS-ER-02589,TMS-ECoR-03657",2,1,approved
COA-01330,HWH-BWN,WCR,2027-02-09,00:00,03:59,3,engineering_block,"SMMS-SWR-01369,SMMS-ECoR-02371",1,0,approved
COA-01406,UMB-LDH,NER,2027-02-09,00:00,04:59,4,emergency_block,SMMS-ECR-02259,4,1,rejected
COA-01815,ADI-BRC,SCR,2027-02-09,00:00,04:59,4,engineering_block,"SMMS-WCR-01523,TDMS-SCR-01360",2,2,approved
COA-00633,CNB-NDLS,NR,2027-02-09,01:00,06:59,5,engineering_block,"SMMS-SER-02941,TDMS-SR-01308",0,0,approved
COA-00706,AGC-JHS,ER,2027-02-09,01:00,09:59,8,engineering_block,"TDMS-SER-00480,TDMS-WCR-00115",0,1,approved
COA-00238,KZJ-BZA,WR,2027-02-09,02:00,06:59,4,engineering_block,"TMS-NCR-04817,TDMS-WCR-00168",0,1,approved
COA-01493,JHS-BPL,ECR,2027-02-09,02:00,07:59,5,engineering_block,TMS-NR-00180,0,1,approved
COA-00237,ST-BCT,SECR,2027-02-09,12:00,16:59,4,engineering_block,"TDMS-SR-01052,TMS-ER-03408,TMS-NER-03102",1,1,approved
COA-01082,UMB-LDH,NER,2027-02-09,13:00,15:59,2,engineering_block,"TMS-WCR-00639,TDMS-NWR-00671",0,0,approved
COA-01468,SC-KZJ,SWR,2027-02-09,13:00,17:59,4,emergency_block,"TDMS-SWR-00022,TDMS-SER-00802",0,0,approved
COA-01817,UMB-LDH,NER,2027-02-09,13:00,16:59,3,engineering_block,"TMS-ECoR-02207,SMMS-ER-01623",0,2,approved
COA-00022,LDH-ASR,NFR,2027-02-10,00:00,05:59,5,power_block,SMMS-WR-00181,0,1,approved
COA-00054,NGP-BZA,NR,2027-02-10,00:00,05:59,5,engineering_block,"TMS-CR-01386,TDMS-ECoR-01431",0,0,approved
COA-00166,BCT-RTM,SWR,2027-02-10,00:00,08:59,8,engineering_block,"TMS-NWR-00389,SMMS-NCR-02101,SMMS-NFR-00099",1,2,approved
COA-00865,BCT-RTM,SWR,2027-02-10,00:00,05:59,5,power_block,TMS-ECoR-01950,5,0,pending
COA-01665,ALD-CNB,ECoR,2027-02-10,00:00,03:59,3,engineering_block,TMS-NR-04850,1,0,approved
COA-00605,MAS-ED,NER,2027-02-10,01:00,07:59,6,power_block,TMS-WR-02319,5,1,rejected
COA-00894,MAS-ED,NER,2027-02-10,01:00,06:59,5,engineering_block,"TDMS-ECoR-01669,TMS-WR-01173,TDMS-ECR-01307",1,1,approved
COA-01430,CNB-NDLS,NR,2027-02-10,01:00,07:59,6,engineering_block,"TMS-NR-04395,TDMS-SCR-00739",4,1,rejected
COA-00042,JUC-ADI,SR,2027-02-10,02:00,08:59,6,emergency_block,TMS-SER-03443,1,1,pending
COA-01919,JHS-BPL,ECR,2027-02-10,02:00,08:59,6,engineering_block,"SMMS-ECoR-00850,TMS-WR-02536",1,2,approved
COA-00035,ED-CBE,NFR,2027-02-10,12:00,15:59,3,engineering_block,"TDMS-SCR-02525,TMS-SECR-01298",2,0,approved
COA-01278,ST-BCT,SECR,2027-02-10,13:00,15:59,2,caution_block,"SMMS-NWR-02844,SMMS-SR-02302,TDMS-ER-02135",0,2,approved
COA-01486,CBE-TVC,NWR,2027-02-10,13:00,16:59,3,power_block,"TDMS-SCR-02485,TMS-SER-03443",0,0,approved
COA-01943,JUC-ADI,SR,2027-02-10,13:00,16:59,3,engineering_block,"TMS-WCR-01392,TDMS-ECoR-00412,TMS-SCR-04803",1,0,approved
COA-00290,KYN-IGP,SCR,2027-02-11,00:00,04:59,4,power_block,"TDMS-SECR-01501,TMS-SR-04524,TMS-NCR-01520",0,1,approved
COA-00416,JHS-BPL,ECR,2027-02-11,01:00,09:59,8,power_block,"TMS-NCR-04094,TDMS-CR-02252,SMMS-ER-01446",1,1,approved
COA-00391,NDLS-UMB,NCR,2027-02-11,12:00,14:59,2,engineering_block,"SMMS-NR-02617,TMS-ECoR-01138",0,2,approved
COA-00960,ED-CBE,NFR,2027-02-11,12:00,15:59,3,engineering_block,"SMMS-SECR-01298,TDMS-SCR-02633,TDMS-ECoR-00703",2,0,approved
COA-01914,ASR-JUC,NWR,2027-02-11,12:00,15:59,3,power_block,SMMS-SCR-00608,0,1,approved
COA-00580,NGP-BZA,NR,2027-02-12,00:00,04:59,4,power_block,"TMS-ECoR-00395,TDMS-SER-01255",1,0,approved
COA-00655,AZ-MGS,ER,2027-02-12,00:00,06:59,6,emergency_block,TMS-WR-00327,0,1,approved
COA-01100,ADI-BRC,SCR,2027-02-12,00:00,06:59,6,engineering_block,"SMMS-SER-00096,TDMS-ER-02838,SMMS-SR-02409",2,0,approved
COA-01101,KYN-IGP,SCR,2027-02-12,00:00,05:59,5,engineering_block,"TDMS-NR-02111,TMS-NFR-03569",0,0,approved
COA-01607,KYN-IGP,SCR,2027-02-12,00:00,06:59,6,power_block,SMMS-NER-02272,2,0,pending
COA-00281,NGP-BZA,NR,2027-02-12,01:00,06:59,5,engineering_block,SMMS-ECoR-01226,3,1,pending
COA-00525,AGC-JHS,ER,2027-02-12,01:00,05:59,4,engineering_block,"SMMS-NFR-02120,TMS-SER-04777,SMMS-SWR-01224",3,0,pending
COA-01290,SC-KZJ,SWR,2027-02-12,01:00,04:59,3,engineering_block,"TMS-NCR-00577,TMS-NFR-00140,TDMS-NR-02726",1,2,approved
COA-01494,CNB-NDLS,NR,2027-02-12,02:00,06:59,4,power_block,"TMS-ER-02337,TDMS-SECR-00180",0,1,approved
COA-01556,AWB-SC,SECR,2027-02-12,02:00,10:59,8,power_block,TMS-NCR-00026,1,1,approved
COA-01834,KZJ-BZA,WR,2027-02-12,02:00,06:59,4,engineering_block,"TDMS-ECoR-01050,TDMS-NR-01339",4,2,pending
COA-01649,NDLS-AGC,CR,2027-02-12,13:00,17:59,4,power_block,TDMS-NFR-00030,0,3,rejected
COA-01098,ST-BCT,SECR,2027-02-13,00:00,03:59,3,engineering_block,SMMS-WCR-00959,1,0,approved
COA-01131,AZ-MGS,ER,2027-02-13,00:00,06:59,6,engineering_block,TMS-SWR-03021,4,1,pending
COA-01912,BCT-RTM,SWR,2027-02-13,00:00,03:59,3,power_block,"TMS-SECR-02223,SMMS-NWR-02951",0,0,approved
COA-00325,CSTM-KYN,SR,2027-02-13,01:00,06:59,5,engineering_block,"TMS-WR-00585,TDMS-CR-01723",3,1,approved
COA-00716,UMB-LDH,NER,2027-02-13,01:00,06:59,5,engineering_block,SMMS-NER-02266,4,0,rejected
COA-01313,MGS-ALD,ECR,2027-02-13,01:00,05:59,4,emergency_block,"SMMS-NER-02059,TMS-NR-02008",4,0,pending
COA-01479,JUC-ADI,SR,2027-02-13,01:00,07:59,6,engineering_block,"TMS-NCR-03106,SMMS-NER-02453",4,3,pending
COA-00222,ALD-CNB,ECoR,2027-02-13,02:00,10:59,8,engineering_block,TMS-CR-00403,1,1,pending
COA-00961,ADI-BRC,SCR,2027-02-13,02:00,10:59,8,power_block,SMMS-NR-01140,1,2,pending
COA-01004,ALD-CNB,ECoR,2027-02-13,02:00,10:59,8,power_block,TDMS-SER-02638,0,0,approved
COA-01618,NGP-BZA,NR,2027-02-13,02:00,07:59,5,power_block,SMMS-NCR-02959,1,0,approved
COA-01882,NDLS-UMB,NCR,2027-02-13,02:00,10:59,8,emergency_block,TMS-NER-02128,0,1,pending
COA-01865,BCT-RTM,SWR,2027-02-13,12:00,14:59,2,caution_block,"SMMS-WCR-01312,TMS-CR-04245",1,2,approved
COA-01048,AZ-MGS,ER,2027-02-13,13:00,16:59,3,power_block,SMMS-ER-01655,1,1,approved
COA-01871,JHS-BPL,ECR,2027-02-13,13:00,16:59,3,emergency_block,"TDMS-NCR-02699,SMMS-CR-01106",4,1,pending
COA-00921,ST-BCT,SECR,2027-02-14,00:00,04:59,4,emergency_block,TMS-ECR-00302,3,1,approved
COA-01686,BPL-NGP,ECoR,2027-02-14,00:00,03:59,3,caution_block,SMMS-SCR-00418,1,1,pending
COA-01134,ALD-CNB,ECoR,2027-02-14,01:00,09:59,8,engineering_block,"TMS-ER-02927,TMS-SECR-01298",4,3,pending
COA-00053,ST-BCT,SECR,2027-02-14,02:00,06:59,4,engineering_block,TMS-SER-03443,0,2,pending
COA-00379,ST-BCT,SECR,2027-02-14,02:00,06:59,4,power_block,SMMS-ER-01542,2,0,approved
COA-00120,BWN-AZ,CR,2027-02-14,13:00,16:59,3,engineering_block,"SMMS-SCR-00204,TMS-ECoR-01806",0,0,approved
COA-01218,ASR-JUC,NWR,2027-02-14,13:00,15:59,2,emergency_block,"TMS-SR-04969,SMMS-SER-01108,TMS-SR-04186",0,3,rejected
COA-01509,AWB-SC,SECR,2027-02-14,13:00,17:59,4,power_block,"TMS-SECR-01470,TMS-NWR-03307,TMS-NFR-04444",1,1,approved
COA-01521,UMB-LDH,NER,2027-02-14,13:00,16:59,3,caution_block,"SMMS-WR-00076,TMS-WR-00585,TDMS-ECR-02613",1,1,approved
COA-00361,CSTM-KYN,SR,2027-02-15,01:00,04:59,3,engineering_block,"TDMS-NER-00601,SMMS-NER-00359,SMMS-SCR-01380",1,0,pending
COA-00658,CNB-NDLS,NR,2027-02-15,01:00,04:59,3,caution_block,"TDMS-NWR-00671,SMMS-NFR-00815,SMMS-ER-00028",4,3,rejected
COA-01222,LDH-ASR,NFR,2027-02-15,01:00,06:59,5,power_block,"SMMS-WCR-02188,SMMS-NWR-02844,TDMS-SER-00171",1,1,pending
COA-01557,ST-BCT,SECR,2027-02-15,01:00,05:59,4,engineering_block,"TMS-NR-03966,SMMS-NR-00257",2,1,approved
COA-01620,HWH-BWN,WCR,2027-02-15,01:00,05:59,4,power_block,"TMS-SER-04777,TMS-NER-04082",4,0,pending
COA-00149,ADI-BRC,SCR,2027-02-15,02:00,08:59,6,caution_block,"TMS-NER-03612,TDMS-SCR-02027",0,0,approved
COA-00789,NGP-BZA,NR,2027-02-15,02:00,05:59,3,engineering_block,TMS-NER-04955,1,0,pending
COA-00855,BPL-NGP,ECoR,2027-02-15,12:00,15:59,3,caution_block,TMS-ECoR-02399,1,2,approved
COA-00898,HWH-BWN,WCR,2027-02-15,12:00,16:59,4,power_block,"TDMS-NFR-00521,TMS-ECoR-02794,TDMS-NFR-02495",1,1,approved
COA-01327,CNB-NDLS,NR,2027-02-15,12:00,14:59,2,engineering_block,SMMS-ER-00880,4,2,rejected
COA-01152,JUC-ADI,SR,2027-02-15,13:00,15:59,2,engineering_block,"TDMS-ECR-02376,TMS-NFR-03769,TDMS-ECoR-01206",0,1,approved
COA-00184,ADI-BRC,SCR,2027-02-16,00:00,05:59,5,power_block,"TDMS-ECR-02613,TMS-SCR-02047",0,1,approved
COA-00286,BWN-AZ,CR,2027-02-16,00:00,08:59,8,power_block,"SMMS-NFR-02077,TMS-CR-01002",2,0,pending
COA-00602,LTT-NED,SER,2027-02-16,02:00,06:59,4,engineering_block,SMMS-CR-01963,2,1,approved
COA-00624,LTT-NED,SER,2027-02-16,02:00,08:59,6,power_block,"TMS-NER-00688,TDMS-SWR-02776",1,1,pending
COA-01022,AWB-SC,SECR,2027-02-16,02:00,06:59,4,power_block,"TDMS-SCR-00175,TDMS-CR-01325,TDMS-ER-01897",1,2,approved
COA-01202,JHS-BPL,ECR,2027-02-16,12:00,14:59,2,engineering_block,SMMS-ECoR-00591,0,1,approved
COA-01581,HWH-BWN,WCR,2027-02-16,12:00,14:59,2,power_block,"SMMS-SCR-01318,SMMS-SCR-00596,TMS-NCR-01624",3,1,approved
COA-01600,KZJ-BZA,WR,2027-02-16,12:00,15:59,3,caution_block,TDMS-WR-02328,0,0,approved
COA-00000,SC-KZJ,SWR,2027-02-16,13:00,17:59,4,power_block,"TMS-NFR-03977,TMS-SWR-03341,SMMS-ER-00026",0,1,approved
COA-01363,BRC-ST,SER,2027-02-16,13:00,15:59,2,engineering_block,"TMS-SCR-00587,SMMS-SCR-02972",4,1,rejected
COA-00320,BWN-AZ,CR,2027-02-17,00:00,05:59,5,emergency_block,"SMMS-NWR-01259,TMS-NR-00589,TMS-NWR-04737",2,0,approved
COA-01139,BRC-ST,SER,2027-02-17,00:00,04:59,4,power_block,"TDMS-SECR-01875,TMS-WR-01173,TMS-NWR-01051",0,1,approved
COA-01681,BCT-RTM,SWR,2027-02-17,00:00,05:59,5,emergency_block,"SMMS-NWR-00232,SMMS-WR-02382,SMMS-ER-01749",0,1,pending
COA-01416,AZ-MGS,ER,2027-02-17,01:00,05:59,4,power_block,"TMS-WCR-00373,TDMS-ER-02326",0,0,approved
COA-00723,BWN-AZ,CR,2027-02-17,02:00,07:59,5,power_block,"TDMS-WCR-00994,SMMS-CR-01279",2,1,approved
COA-01051,SC-KZJ,SWR,2027-02-17,02:00,07:59,5,engineering_block,"TMS-WCR-00299,SMMS-WCR-01608,SMMS-WCR-00105",1,1,approved
COA-01891,BRC-ST,SER,2027-02-17,02:00,07:59,5,engineering_block,"TMS-ECoR-04776,SMMS-ER-00960",1,1,approved
COA-01275,ALD-CNB,ECoR,2027-02-17,12:00,16:59,4,engineering_block,TDMS-NER-00924,0,0,approved
COA-01455,CBE-TVC,NWR,2027-02-17,12:00,15:59,3,engineering_block,"TDMS-NWR-00023,TMS-CR-00889",4,0,rejected
COA-00012,BWN-AZ,CR,2027-02-17,13:00,15:59,2,power_block,TMS-WCR-02267,2,1,approved
COA-01590,BWN-AZ,CR,2027-02-17,13:00,16:59,3,emergency_block,SMMS-CR-01106,3,2,approved
COA-00481,BCT-RTM,SWR,2027-02-18,00:00,04:59,4,engineering_block,"TDMS-NR-00315,TMS-WCR-00648,TMS-NCR-04817",1,1,approved
COA-01609,NGP-BZA,NR,2027-02-18,00:00,04:59,4,engineering_block,TMS-SECR-04586,4,3,pending
COA-01974,UMB-LDH,NER,2027-02-18,00:00,04:59,4,emergency_block,"TMS-NWR-04461,TDMS-SR-00822,SMMS-ECoR-02535",0,1,approved
COA-00309,BZA-MAS,NCR,2027-02-18,01:00,04:59,3,engineering_block,"TDMS-WCR-01896,TDMS-NCR-01127",1,3,pending
COA-00838,SC-KZJ,SWR,2027-02-18,01:00,04:59,3,power_block,"TDMS-SCR-00739,TDMS-SWR-00638,TMS-NR-04226",3,0,approved
COA-01375,CBE-TVC,NWR,2027-02-18,02:00,06:59,4,engineering_block,SMMS-ECoR-02256,4,0,pending
COA-01858,MAS-ED,NER,2027-02-18,02:00,07:59,5,engineering_block,"TDMS-NWR-02990,TMS-NER-02312,SMMS-SR-00022",5,0,rejected
COA-01488,KYN-IGP,SCR,2027-02-18,12:00,15:59,3,engineering_block,SMMS-NER-01513,1,1,approved
COA-00258,ADI-BRC,SCR,2027-02-19,00:00,05:59,5,power_block,"TMS-NFR-02815,SMMS-SCR-02117",2,0,approved
COA-00707,JHS-BPL,ECR,2027-02-19,01:00,07:59,6,caution_block,"SMMS-NR-02617,TDMS-ER-02568",1,2,approved
COA-01495,KYN-IGP,SCR,2027-02-19,01:00,05:59,4,emergency_block,SMMS-SER-01567,0,3,pending
COA-01425,ED-CBE,NFR,2027-02-19,02:00,05:59,3,emergency_block,TDMS-SWR-00862,0,2,pending
COA-00631,AWB-SC,SECR,2027-02-19,12:00,15:59,3,caution_block,TMS-NWR-03108,0,0,approved
COA-01780,ED-CBE,NFR,2027-02-19,12:00,14:59,2,engineering_block,TMS-NR-04878,0,2,approved
COA-00334,MAS-ED,NER,2027-02-20,00:00,06:59,6,engineering_block,"TDMS-NFR-00341,TMS-SR-03617",1,3,pending
COA-00395,LTT-NED,SER,2027-02-20,00:00,05:59,5,power_block,"SMMS-SECR-02232,TMS-SECR-04087,SMMS-NCR-01056",0,1,approved
COA-00917,BZA-MAS,NCR,2027-02-20,00:00,08:59,8,engineering_block,"TMS-NR-01349,TDMS-WCR-00892,TMS-NER-00710",5,1,rejected
COA-01219,ED-CBE,NFR,2027-02-20,00:00,05:59,5,emergency_block,"TDMS-NWR-02990,TMS-NWR-04279,SMMS-SR-02584",0,0,approved
COA-01253,AZ-MGS,ER,2027-02-20,01:00,05:59,4,caution_block,"SMMS-NFR-01003,TMS-WR-03610,SMMS-WR-01452",1,3,pending
COA-00683,ST-BCT,SECR,2027-02-20,02:00,08:59,6,engineering_block,"SMMS-NR-00257,TDMS-NCR-02947",0,2,approved
COA-00253,ED-CBE,NFR,2027-02-20,12:00,16:59,4,power_block,TMS-NWR-01051,2,1,approved
COA-00369,ASR-JUC,NWR,2027-02-20,13:00,15:59,2,engineering_block,"SMMS-SR-01552,TMS-NCR-04360,SMMS-WR-00046",2,0,approved
COA-00637,MAS-ED,NER,2027-02-20,13:00,15:59,2,engineering_block,"SMMS-CR-00397,SMMS-SECR-01298,TMS-SER-02609",2,2,approved
COA-00435,MGS-ALD,ECR,2027-02-21,00:00,06:59,6,engineering_block,"TMS-SCR-01171,TMS-SR-02672",1,1,approved
COA-00955,ALD-CNB,ECoR,2027-02-21,00:00,05:59,5,engineering_block,"TMS-ECR-01983,TMS-SCR-00587",1,3,pending
COA-00017,KYN-IGP,SCR,2027-02-21,01:00,06:59,5,power_block,"TMS-NWR-00834,SMMS-SER-00603,TMS-SECR-02101",3,2,pending
COA-00695,UMB-LDH,NER,2027-02-21,01:00,06:59,5,power_block,TDMS-WCR-02812,2,1,pending
COA-01771,KZJ-BZA,WR,2027-02-21,01:00,06:59,5,caution_block,"TDMS-SWR-02580,TDMS-SWR-00139",1,3,rejected
COA-01608,BCT-RTM,SWR,2027-02-21,02:00,06:59,4,emergency_block,"TDMS-ECR-00500,SMMS-SCR-00626",2,0,pending
COA-01905,NGP-BZA,NR,2027-02-21,02:00,10:59,8,engineering_block,TMS-WCR-03634,1,1,approved
COA-01093,AWB-SC,SECR,2027-02-21,12:00,16:59,4,engineering_block,"TDMS-NFR-00341,TMS-CR-01416",0,0,approved
COA-01191,KZJ-BZA,WR,2027-02-21,12:00,16:59,4,engineering_block,"SMMS-NER-01879,TMS-CR-00428",1,0,approved
COA-01307,JHS-BPL,ECR,2027-02-21,12:00,14:59,2,emergency_block,"TMS-SECR-04866,TMS-NWR-00127",1,0,pending
COA-01727,BRC-ST,SER,2027-02-21,12:00,16:59,4,engineering_block,"TMS-NER-00568,TDMS-NER-00685",2,0,approved
COA-01745,MAS-ED,NER,2027-02-21,12:00,16:59,4,power_block,"TMS-NFR-04593,TMS-SR-00634",0,3,rejected
COA-00610,ASR-JUC,NWR,2027-02-21,13:00,16:59,3,caution_block,TMS-NER-02312,2,0,approved
COA-01712,CNB-NDLS,NR,2027-02-21,13:00,16:59,3,power_block,"TDMS-NR-02293,TMS-SR-02781,SMMS-NWR-01571",1,2,approved
COA-00669,MAS-ED,NER,2027-02-22,00:00,05:59,5,engineering_block,TDMS-NR-02111,0,0,approved
COA-01489,ASR-JUC,NWR,2027-02-22,00:00,05:59,5,engineering_block,"TMS-ECoR-01950,TDMS-SECR-02483",1,0,approved
COA-01898,CSTM-KYN,SR,2027-02-22,00:00,03:59,3,caution_block,TDMS-NER-01441,0,2,approved
COA-00425,JHS-BPL,ECR,2027-02-22,01:00,06:59,5,emergency_block,TMS-SR-02321,0,2,approved
COA-00608,BWN-AZ,CR,2027-02-22,01:00,07:59,6,power_block,SMMS-WCR-01535,3,0,approved
COA-00612,KYN-IGP,SCR,2027-02-22,01:00,07:59,6,power_block,"TDMS-WCR-01194,TDMS-SER-02494,TMS-ER-01369",2,1,approved
COA-00786,NDLS-UMB,NCR,2027-02-22,01:00,06:59,5,engineering_block,"TDMS-NER-01952,TMS-NFR-04739,TMS-ECoR-02794",3,2,approved
COA-01211,BCT-RTM,SWR,2027-02-22,01:00,05:59,4,emergency_block,"SMMS-SCR-02732,TMS-NR-01801,TMS-WR-03250",3,2,approved
COA-00215,ADI-BRC,SCR,2027-02-22,02:00,08:59,6,emergency_block,"SMMS-SWR-02472,TDMS-ECR-00114",4,2,rejected
COA-01851,KYN-IGP,SCR,2027-02-22,02:00,08:59,6,power_block,TDMS-NER-02169,2,2,approved
COA-00067,KYN-IGP,SCR,2027-02-22,13:00,17:59,4,engineering_block,"TMS-SCR-02251,SMMS-NCR-00920",1,0,pending
COA-00384,SC-KZJ,SWR,2027-02-22,13:00,17:59,4,engineering_block,"TDMS-SCR-00739,TMS-CR-03697",3,0,approved
COA-00939,BZA-MAS,NCR,2027-02-22,13:00,15:59,2,engineering_block,SMMS-ECoR-01041,1,2,approved
COA-01983,LTT-NED,SER,2027-02-23,00:00,05:59,5,power_block,"SMMS-NR-01371,TMS-SWR-02216,TMS-NR-00675",1,0,pending
COA-01906,KYN-IGP,SCR,2027-02-23,01:00,04:59,3,caution_block,"TMS-SR-03673,SMMS-WCR-01312,SMMS-CR-01963",1,0,approved
COA-00283,MAS-ED,NER,2027-02-23,02:00,08:59,6,power_block,"SMMS-CR-01593,TMS-SWR-04272,TDMS-ER-02361",1,1,pending
COA-00073,BWN-AZ,CR,2027-02-23,12:00,14:59,2,engineering_block,TMS-WCR-03413,0,2,approved
COA-00474,MGS-ALD,ECR,2027-02-23,12:00,15:59,3,power_block,TDMS-ECR-00500,3,3,rejected
COA-00566,LDH-ASR,NFR,2027-02-23,12:00,14:59,2,power_block,"SMMS-WR-00046,TMS-WCR-00791",2,0,approved
COA-01000,ASR-JUC,NWR,2027-02-23,12:00,16:59,4,power_block,"SMMS-SR-01757,SMMS-SCR-00418",5,2,pending
COA-01003,MGS-ALD,ECR,2027-02-23,12:00,14:59,2,power_block,TDMS-SWR-00871,2,1,pending
COA-01227,MGS-ALD,ECR,2027-02-23,12:00,14:59,2,power_block,"SMMS-SECR-00912,SMMS-ER-01894",0,2,pending
COA-00299,NGP-BZA,NR,2027-02-23,13:00,15:59,2,engineering_block,TDMS-SR-01091,0,1,pending
COA-00676,ASR-JUC,NWR,2027-02-23,13:00,17:59,4,emergency_block,TMS-SER-04683,2,1,approved
COA-00326,NGP-BZA,NR,2027-02-24,00:00,04:59,4,engineering_block,"TDMS-SER-02394,TMS-NR-04226",1,2,approved
COA-01262,ED-CBE,NFR,2027-02-24,00:00,03:59,3,engineering_block,TDMS-NFR-02880,3,0,approved
COA-01457,KYN-IGP,SCR,2027-02-24,00:00,05:59,5,engineering_block,"TMS-WCR-02785,TMS-ECoR-03125",3,1,approved
COA-00156,JUC-ADI,SR,2027-02-24,02:00,06:59,4,caution_block,"TDMS-ECR-01645,SMMS-SECR-00517",0,3,rejected
COA-01864,CNB-NDLS,NR,2027-02-24,12:00,15:59,3,engineering_block,"TDMS-ECoR-00152,TDMS-CR-00772",0,1,approved
COA-00152,LDH-ASR,NFR,2027-02-24,13:00,15:59,2,engineering_block,TMS-NR-03836,1,2,pending
COA-01015,ASR-JUC,NWR,2027-02-24,13:00,16:59,3,power_block,SMMS-WCR-00523,1,0,pending
COA-00634,BRC-ST,SER,2027-02-25,00:00,05:59,5,engineering_block,"TDMS-WR-00195,TDMS-NWR-02264",3,0,approved
COA-00750,MAS-ED,NER,2027-02-25,00:00,05:59,5,power_block,"TMS-WR-04690,SMMS-WCR-00959",0,1,pending
COA-01672,BZA-MAS,NCR,2027-02-25,00:00,04:59,4,engineering_block,"TDMS-SCR-00769,TDMS-SWR-02849,SMMS-WCR-02497",0,0,approved
COA-01723,NDLS-AGC,CR,2027-02-25,00:00,05:59,5,engineering_block,TMS-WCR-01088,1,0,approved
COA-01334,MGS-ALD,ECR,2027-02-25,01:00,06:59,5,engineering_block,SMMS-NFR-00753,2,2,approved
COA-00048,BWN-AZ,CR,2027-02-25,02:00,06:59,4,engineering_block,"SMMS-ECoR-00845,TMS-NFR-03977,SMMS-NFR-02521",0,2,approved
COA-00477,ST-BCT,SECR,2027-02-25,12:00,15:59,3,caution_block,"SMMS-WR-01452,SMMS-SECR-01672",5,0,rejected
COA-01412,AZ-MGS,ER,2027-02-25,12:00,16:59,4,emergency_block,TMS-ER-01127,2,1,approved
COA-00697,LTT-NED,SER,2027-02-25,13:00,15:59,2,emergency_block,"TDMS-NFR-00390,TDMS-SCR-00484",1,1,approved
COA-00225,ASR-JUC,NWR,2027-02-26,00:00,05:59,5,engineering_block,"SMMS-CR-00037,SMMS-NER-02560",1,3,rejected
COA-00677,BRC-ST,SER,2027-02-26,00:00,08:59,8,engineering_block,TDMS-WCR-02940,4,1,rejected
COA-01415,BPL-NGP,ECoR,2027-02-26,00:00,05:59,5,emergency_block,"SMMS-CR-02444,TDMS-SECR-01421",1,3,pending
COA-01852,MGS-ALD,ECR,2027-02-26,00:00,05:59,5,engineering_block,"SMMS-NER-00359,TMS-SCR-03592",0,1,approved
COA-00686,CBE-TVC,NWR,2027-02-26,01:00,07:59,6,power_block,"TDMS-SWR-00862,SMMS-WR-00352",3,0,approved
COA-00979,ADI-BRC,SCR,2027-02-26,01:00,05:59,4,power_block,"SMMS-SER-01834,TMS-NCR-03802",1,1,pending
COA-01184,UMB-LDH,NER,2027-02-26,01:00,05:59,4,power_block,"TMS-NR-04455,TDMS-NR-00186",4,1,pending
COA-00769,JUC-ADI,SR,2027-02-26,02:00,10:59,8,power_block,"TMS-ER-01127,TDMS-NCR-00923",0,0,approved
COA-00119,JHS-BPL,ECR,2027-02-26,13:00,17:59,4,power_block,SMMS-ER-01542,2,1,approved
COA-01592,MAS-ED,NER,2027-02-26,13:00,15:59,2,power_block,"SMMS-SECR-02232,TMS-NFR-02258,TDMS-SECR-01129",1,1,pending
COA-00079,ED-CBE,NFR,2027-02-27,00:00,08:59,8,power_block,TMS-NFR-04639,0,1,approved
COA-01297,MGS-ALD,ECR,2027-02-27,01:00,06:59,5,engineering_block,"TDMS-NCR-02699,SMMS-NFR-02250,TMS-NER-02656",2,0,approved
COA-00409,ALD-CNB,ECoR,2027-02-27,02:00,07:59,5,engineering_block,"TMS-NCR-00026,SMMS-SECR-00387",2,1,approved
COA-00935,KYN-IGP,SCR,2027-02-27,02:00,07:59,5,power_block,"TMS-SECR-02101,SMMS-WCR-02580",1,0,approved
COA-01680,CBE-TVC,NWR,2027-02-27,02:00,07:59,5,engineering_block,"SMMS-SCR-00052,TMS-SER-04777",1,1,pending
COA-01830,BRC-ST,SER,2027-02-27,02:00,10:59,8,engineering_block,"SMMS-NWR-01110,TDMS-NCR-00631,TDMS-CR-00788",0,0,approved
COA-01925,KZJ-BZA,WR,2027-02-27,02:00,07:59,5,engineering_block,TMS-NCR-01573,0,0,approved
COA-00454,AGC-JHS,ER,2027-02-28,00:00,04:59,4,engineering_block,"TMS-SER-04777,TDMS-ECR-01903,TMS-ER-04945",0,1,approved
COA-01242,CSTM-KYN,SR,2027-02-28,00:00,03:59,3,engineering_block,TMS-SER-03478,0,1,approved
COA-01323,BPL-NGP,ECoR,2027-02-28,00:00,03:59,3,emergency_block,"TMS-ECoR-02207,SMMS-CR-01171,TDMS-ECR-02376",5,1,pending
COA-01722,AZ-MGS,ER,2027-02-28,00:00,04:59,4,engineering_block,"SMMS-WR-02528,TMS-NWR-01644,TMS-CR-00428",0,0,approved
COA-01775,ASR-JUC,NWR,2027-02-28,01:00,06:59,5,engineering_block,"TMS-WR-01429,TMS-NER-04955,TMS-SR-01270",0,0,approved
COA-00058,AGC-JHS,ER,2027-02-28,02:00,07:59,5,power_block,TMS-NER-00688,4,2,pending
COA-00736,ED-CBE,NFR,2027-02-28,02:00,07:59,5,power_block,"TMS-ECR-03613,TDMS-NR-02293",2,3,pending
COA-00778,SC-KZJ,SWR,2027-02-28,02:00,06:59,4,engineering_block,"TDMS-WR-00195,SMMS-NER-00758,SMMS-SR-02143",0,0,approved
COA-01367,JHS-BPL,ECR,2027-02-28,02:00,06:59,4,engineering_block,SMMS-SER-01834,0,0,approved
COA-01583,AGC-JHS,ER,2027-02-28,13:00,15:59,2,engineering_block,"SMMS-ER-01935,TMS-SCR-01046,SMMS-WCR-02211",0,0,approved
COA-00163,JUC-ADI,SR,2027-03-01,00:00,06:59,6,power_block,SMMS-SER-02445,1,3,rejected
COA-00411,JUC-ADI,SR,2027-03-01,00:00,04:59,4,power_block,TDMS-NCR-02871,0,1,approved
COA-00418,HWH-BWN,WCR,2027-03-01,00:00,04:59,4,engineering_block,"SMMS-CR-00742,TMS-NCR-04817,TMS-SCR-04769",0,1,approved
COA-00508,CSTM-KYN,SR,2027-03-01,00:00,05:59,5,engineering_block,"TMS-NER-03171,TMS-WCR-00701",5,3,rejected
COA-00629,ADI-BRC,SCR,2027-03-01,00:00,05:59,5,power_block,"TMS-NCR-01691,TMS-SWR-01911,TMS-NCR-04527",0,3,rejected
COA-00381,AGC-JHS,ER,2027-03-01,01:00,04:59,3,engineering_block,TMS-SR-00939,0,0,approved
COA-00639,ADI-BRC,SCR,2027-03-01,01:00,05:59,4,engineering_block,"TDMS-ER-00696,SMMS-WR-02494,SMMS-SER-01553",2,1,approved
COA-01866,CSTM-KYN,SR,2027-03-01,01:00,04:59,3,caution_block,"TMS-ECoR-01623,SMMS-NWR-01664",1,0,approved
COA-00881,BZA-MAS,NCR,2027-03-01,02:00,06:59,4,power_block,"SMMS-SR-01757,TMS-CR-03451",3,2,approved
COA-01409,BCT-RTM,SWR,2027-03-01,02:00,06:59,4,emergency_block,"TMS-SECR-00133,TMS-SER-04777,TMS-SER-01750",4,1,pending
COA-01766,CSTM-KYN,SR,2027-03-01,02:00,08:59,6,engineering_block,"TDMS-CR-01723,SMMS-ECR-00159",1,0,approved
COA-01076,ED-CBE,NFR,2027-03-01,12:00,16:59,4,engineering_block,"TDMS-WCR-02112,TDMS-ER-02615,TDMS-NR-01784",1,0,approved
COA-01470,JUC-ADI,SR,2027-03-01,13:00,15:59,2,engineering_block,SMMS-SCR-01265,0,0,approved
COA-01543,HWH-BWN,WCR,2027-03-01,13:00,15:59,2,caution_block,"SMMS-NR-00979,TMS-NFR-02072",3,3,pending
COA-00078,KZJ-BZA,WR,2027-03-02,00:00,04:59,4,engineering_block,"TDMS-NER-00601,TMS-SR-00697,SMMS-SWR-00570",2,2,pending
COA-01090,AZ-MGS,ER,2027-03-02,00:00,05:59,5,power_block,"SMMS-NER-01373,TDMS-SECR-01318,SMMS-WR-02528",2,0,pending
COA-01195,BWN-AZ,CR,2027-03-02,00:00,05:59,5,engineering_block,"SMMS-NCR-01748,SMMS-SCR-01203,TMS-CR-00505",1,1,pending
COA-01594,LTT-NED,SER,2027-03-02,00:00,08:59,8,engineering_block,"TMS-SWR-03021,TDMS-SR-02172",4,0,pending
COA-00076,NDLS-UMB,NCR,2027-03-02,01:00,05:59,4,engineering_block,"TDMS-ECR-00114,TMS-SECR-00133,TDMS-ECoR-01431",3,1,approved
COA-00371,MAS-ED,NER,2027-03-02,01:00,06:59,5,engineering_block,"TDMS-SWR-00901,TDMS-SECR-01129,TMS-CR-04663",0,1,approved
COA-00375,KYN-IGP,SCR,2027-03-02,01:00,09:59,8,power_block,"TMS-NER-04955,TDMS-SER-00178,TMS-NR-02008",0,2,approved
COA-00440,BWN-AZ,CR,2027-03-02,01:00,04:59,3,power_block,TDMS-SECR-02796,5,1,pending
COA-00995,MAS-ED,NER,2027-03-02,01:00,07:59,6,engineering_block,"SMMS-NCR-00956,TDMS-ER-01133",0,3,rejected
COA-01461,KZJ-BZA,WR,2027-03-02,01:00,06:59,5,engineering_block,"SMMS-NFR-01460,TDMS-NER-00801",0,0,approved
COA-01623,AWB-SC,SECR,2027-03-02,02:00,07:59,5,caution_block,"TDMS-SCR-00125,TDMS-SWR-02916,TMS-ECR-01988",3,0,pending
COA-00335,KYN-IGP,SCR,2027-03-02,12:00,15:59,3,emergency_block,"TDMS-ECR-00039,TDMS-SER-00928,SMMS-SWR-01592",0,1,pending
COA-01916,ALD-CNB,ECoR,2027-03-02,12:00,15:59,3,caution_block,SMMS-NCR-01197,1,1,approved
COA-00080,ST-BCT,SECR,2027-03-02,13:00,17:59,4,emergency_block,SMMS-SER-02287,2,1,pending
COA-00388,MAS-ED,NER,2027-03-02,13:00,15:59,2,engineering_block,"TDMS-ECoR-02845,TMS-ECoR-01806,TMS-NER-01516",0,1,approved
COA-00668,HWH-BWN,WCR,2027-03-03,00:00,06:59,6,engineering_block,TMS-ECR-01703,3,0,approved
COA-00854,ALD-CNB,ECoR,2027-03-03,00:00,04:59,4,power_block,SMMS-WCR-01608,4,0,pending
COA-00186,JHS-BPL,ECR,2027-03-03,01:00,05:59,4,power_block,"TMS-SR-02876,SMMS-SCR-02588,TDMS-CR-00112",1,2,approved
COA-01344,ADI-BRC,SCR,2027-03-03,01:00,09:59,8,engineering_block,"SMMS-ER-00246,TMS-NR-04226,TDMS-ECR-02692",0,0,approved
COA-01446,ST-BCT,SECR,2027-03-03,01:00,07:59,6,engineering_block,"TMS-SR-02876,TDMS-SER-02320",0,1,approved
COA-01517,BZA-MAS,NCR,2027-03-03,01:00,05:59,4,power_block,"TMS-NFR-02774,TMS-NR-01029",3,1,approved
COA-00028,SC-KZJ,SWR,2027-03-03,02:00,06:59,4,engineering_block,"SMMS-SER-01120,TDMS-CR-00189",2,1,pending
COA-00352,AZ-MGS,ER,2027-03-03,02:00,07:59,5,power_block,"SMMS-ER-00380,SMMS-ECoR-00845",5,0,rejected
COA-01279,NDLS-UMB,NCR,2027-03-03,02:00,05:59,3,power_block,SMMS-WCR-00105,1,0,approved
COA-01910,BPL-NGP,ECoR,2027-03-03,02:00,10:59,8,engineering_block,"TDMS-SECR-02875,TMS-NFR-00090",4,1,rejected
COA-01984,ADI-BRC,SCR,2027-03-03,02:00,06:59,4,caution_block,"TMS-WCR-00806,TMS-NWR-03108,TMS-SECR-02428",0,0,approved
COA-01193,ALD-CNB,ECoR,2027-03-03,13:00,16:59,3,caution_block,"SMMS-ECR-01427,TMS-WCR-00648,SMMS-NR-01371",0,3,rejected
COA-01597,KZJ-BZA,WR,2027-03-03,13:00,17:59,4,engineering_block,"SMMS-NWR-02578,TMS-WR-04354,SMMS-SECR-00819",0,0,approved
COA-00158,ST-BCT,SECR,2027-03-04,00:00,03:59,3,engineering_block,SMMS-CR-02619,0,0,approved
COA-00513,HWH-BWN,WCR,2027-03-04,00:00,05:59,5,engineering_block,"TMS-SR-00623,TDMS-SER-02320,TDMS-ECoR-01669",1,3,pending
COA-01014,AZ-MGS,ER,2027-03-04,00:00,04:59,4,engineering_block,"TDMS-WR-00884,TDMS-ECR-02376,TMS-NWR-02205",1,1,pending
COA-01316,NDLS-UMB,NCR,2027-03-04,00:00,03:59,3,emergency_block,TDMS-ECR-01307,0,2,pending
COA-01561,LDH-ASR,NFR,2027-03-04,00:00,05:59,5,engineering_block,SMMS-CR-01171,2,2,approved
COA-00213,UMB-LDH,NER,2027-03-04,01:00,06:59,5,power_block,"TDMS-NR-02757,TDMS-SCR-02087",0,2,approved
COA-01296,BPL-NGP,ECoR,2027-03-04,01:00,09:59,8,engineering_block,TDMS-SECR-00592,1,3,pending
COA-01422,NGP-BZA,NR,2027-03-04,01:00,06:59,5,engineering_block,"TMS-WCR-02323,SMMS-NER-00750",0,2,approved
COA-00623,BZA-MAS,NCR,2027-03-04,02:00,05:59,3,engineering_block,"TMS-ECR-03223,SMMS-NER-02205,TMS-SWR-02555",4,1,pending
COA-01768,AZ-MGS,ER,2027-03-04,02:00,06:59,4,power_block,"SMMS-NCR-00233,TDMS-CR-02649,SMMS-SCR-00147",2,1,approved
COA-00188,MGS-ALD,ECR,2027-03-04,12:00,14:59,2,emergency_block,"TMS-WCR-03400,TMS-ER-02273,SMMS-NER-02366",2,0,pending
COA-00679,ADI-BRC,SCR,2027-03-04,12:00,14:59,2,engineering_block,"TDMS-SR-02379,SMMS-NWR-00637,TDMS-NER-00088",4,0,pending
COA-00832,AZ-MGS,ER,2027-03-04,13:00,16:59,3,power_block,"TDMS-ECoR-01206,SMMS-ER-00278",3,0,approved
COA-01993,NDLS-AGC,CR,2027-03-04,13:00,16:59,3,engineering_block,"TDMS-NCR-01885,TMS-NER-03973,TDMS-WCR-00211",3,2,pending
COA-00986,SC-KZJ,SWR,2027-03-05,00:00,05:59,5,engineering_block,"TMS-WCR-03547,SMMS-WCR-02326",0,0,approved
COA-01767,LTT-NED,SER,2027-03-05,00:00,04:59,4,power_block,"TDMS-NER-00820,SMMS-ECoR-00351",1,3,pending
COA-01501,NDLS-AGC,CR,2027-03-05,01:00,05:59,4,engineering_block,TDMS-ECoR-02961,4,1,pending
COA-00136,ADI-BRC,SCR,2027-03-05,02:00,07:59,5,engineering_block,"TMS-ER-03304,TDMS-WCR-00115,TMS-CR-04663",1,0,approved
COA-01064,ALD-CNB,ECoR,2027-03-05,02:00,06:59,4,engineering_block,"TDMS-SR-01895,TDMS-WCR-01965",0,0,approved
COA-01638,BRC-ST,SER,2027-03-05,02:00,08:59,6,engineering_block,"SMMS-SCR-02972,TMS-ER-01026,TMS-WCR-01847",1,0,approved
COA-00950,BZA-MAS,NCR,2027-03-05,12:00,16:59,4,emergency_block,"TMS-SR-04684,TMS-CR-03198",4,0,pending
COA-01749,ALD-CNB,ECoR,2027-03-05,12:00,16:59,4,engineering_block,"TDMS-ECR-02039,TMS-NER-03612,TDMS-WCR-01705",0,1,approved
COA-00415,ALD-CNB,ECoR,2027-03-05,13:00,16:59,3,engineering_block,SMMS-SCR-00626,1,0,approved
COA-00110,LTT-NED,SER,2027-03-06,00:00,03:59,3,power_block,"TDMS-SWR-00568,TDMS-SR-01175",1,1,approved
COA-00534,SC-KZJ,SWR,2027-03-06,00:00,03:59,3,engineering_block,"TDMS-NWR-00580,TDMS-NR-00084,TDMS-SWR-00018",0,0,approved
COA-00130,AZ-MGS,ER,2027-03-06,01:00,05:59,4,power_block,"SMMS-ECoR-00351,SMMS-WR-02382,TMS-NWR-03814",2,1,approved
COA-00539,ADI-BRC,SCR,2027-03-06,01:00,05:59,4,engineering_block,"TDMS-ER-02135,TMS-SCR-03816",0,2,approved
COA-00957,HWH-BWN,WCR,2027-03-06,01:00,06:59,5,engineering_block,"TMS-NR-02974,TMS-NR-02838",1,1,approved
COA-01673,MAS-ED,NER,2027-03-06,01:00,09:59,8,emergency_block,"TMS-SECR-01867,TMS-SR-02321",1,1,approved
COA-01804,LTT-NED,SER,2027-03-06,01:00,07:59,6,emergency_block,"TMS-SR-00939,SMMS-SWR-00570",2,0,approved
COA-00103,JHS-BPL,ECR,2027-03-06,02:00,10:59,8,engineering_block,"TDMS-SER-02029,TDMS-NER-02936,TDMS-SCR-02183",0,2,pending
COA-00303,ED-CBE,NFR,2027-03-06,02:00,08:59,6,power_block,TMS-SER-02984,2,0,pending
COA-00583,NGP-BZA,NR,2027-03-06,02:00,05:59,3,power_block,SMMS-NR-00617,0,3,rejected
COA-01033,MAS-ED,NER,2027-03-06,02:00,10:59,8,power_block,"TDMS-ECR-01183,SMMS-NER-02266,TMS-SCR-02852",2,0,approved
COA-00229,BRC-ST,SER,2027-03-06,12:00,14:59,2,emergency_block,SMMS-SWR-00211,1,0,pending
COA-00234,CSTM-KYN,SR,2027-03-06,13:00,16:59,3,engineering_block,"TMS-ER-03408,TDMS-WCR-01936",2,1,pending
COA-00062,BZA-MAS,NCR,2027-03-07,00:00,03:59,3,power_block,"TDMS-SCR-00358,TDMS-ER-02615,TMS-SECR-02464",4,1,rejected
COA-00414,AGC-JHS,ER,2027-03-07,01:00,07:59,6,power_block,"SMMS-ECR-00657,TMS-WCR-01275,SMMS-SR-02143",2,3,pending
COA-01045,ST-BCT,SECR,2027-03-07,01:00,06:59,5,power_block,"TMS-ER-01369,TDMS-WCR-01513,TMS-SECR-00796",1,1,approved
COA-01615,LDH-ASR,NFR,2027-03-07,01:00,06:59,5,emergency_block,"SMMS-ECoR-00447,TMS-SCR-02047,SMMS-ECR-00522",2,1,approved
COA-01880,NGP-BZA,NR,2027-03-07,01:00,05:59,4,engineering_block,"TDMS-NR-02619,TDMS-NER-01042",0,0,approved
COA-01110,BPL-NGP,ECoR,2027-03-07,02:00,08:59,6,caution_block,"TDMS-NR-02884,TDMS-WCR-00994",4,1,pending
COA-01988,LDH-ASR,NFR,2027-03-07,02:00,08:59,6,engineering_block,TDMS-NWR-01185,2,1,approved
COA-01688,BCT-RTM,SWR,2027-03-07,12:00,15:59,3,engineering_block,SMMS-NFR-02764,4,3,pending
COA-00542,ST-BCT,SECR,2027-03-07,13:00,15:59,2,caution_block,TMS-SECR-00751,2,1,approved
COA-00875,NGP-BZA,NR,2027-03-07,13:00,16:59,3,engineering_block,"SMMS-ER-00026,TMS-NFR-01160",2,2,approved
COA-01046,NDLS-AGC,CR,2027-03-08,00:00,06:59,6,engineering_block,"TMS-CR-00276,SMMS-ECR-00657,SMMS-ECR-02555",2,0,approved
COA-01085,BRC-ST,SER,2027-03-08,00:00,03:59,3,caution_block,TDMS-NFR-02876,4,1,rejected
COA-01637,BRC-ST,SER,2027-03-08,01:00,05:59,4,emergency_block,TMS-NFR-01424,1,0,approved
COA-01742,MGS-ALD,ECR,2027-03-08,01:00,04:59,3,power_block,"TDMS-NR-01784,SMMS-SCR-00626,TMS-SECR-04866",2,0,approved
COA-00657,JUC-ADI,SR,2027-03-08,02:00,08:59,6,power_block,"TMS-WCR-00639,TDMS-WR-00611,TMS-WCR-01847",1,0,approved
COA-00846,BRC-ST,SER,2027-03-08,02:00,06:59,4,engineering_block,SMMS-ECoR-00351,3,2,approved
COA-00933,JUC-ADI,SR,2027-03-08,02:00,06:59,4,power_block,TDMS-ECR-02389,1,2,approved
COA-01909,AWB-SC,SECR,2027-03-08,02:00,07:59,5,power_block,SMMS-NFR-02621,2,3,pending
COA-00464,SC-KZJ,SWR,2027-03-08,12:00,15:59,3,emergency_block,"TDMS-WR-00611,SMMS-NFR-02621,TMS-SECR-03305",1,1,approved
COA-01650,BWN-AZ,CR,2027-03-08,12:00,15:59,3,engineering_block,TMS-NER-00820,2,3,rejected
COA-01873,KZJ-BZA,WR,2027-03-08,12:00,16:59,4,power_block,SMMS-CR-00732,0,0,approved
COA-01918,JHS-BPL,ECR,2027-03-08,12:00,14:59,2,emergency_block,"SMMS-SWR-00588,SMMS-SCR-00204,TDMS-NR-01708",4,2,pending
COA-00662,JHS-BPL,ECR,2027-03-08,13:00,15:59,2,power_block,"SMMS-SECR-00510,SMMS-ECoR-00165,TMS-ECoR-01953",3,1,approved
COA-00958,KYN-IGP,SCR,2027-03-08,13:00,16:59,3,engineering_block,"TDMS-WR-00611,TDMS-NER-00606",3,0,pending
COA-01756,CBE-TVC,NWR,2027-03-08,13:00,15:59,2,power_block,"TDMS-NER-00924,TMS-NFR-04515,SMMS-WR-01809",4,2,rejected
COA-00994,BCT-RTM,SWR,2027-03-09,00:00,08:59,8,engineering_block,"TDMS-NR-00876,TMS-NFR-01928",0,1,approved
COA-01034,AGC-JHS,ER,2027-03-09,00:00,08:59,8,caution_block,"TMS-WR-04130,TMS-ECR-03744",1,1,approved
COA-01128,KYN-IGP,SCR,2027-03-09,00:00,08:59,8,power_block,"SMMS-NCR-01144,TMS-SCR-02596,SMMS-NCR-01197",2,1,approved
COA-00709,MGS-ALD,ECR,2027-03-09,01:00,04:59,3,power_block,"TDMS-ECoR-02274,TMS-SCR-02047",0,1,approved
COA-01306,NGP-BZA,NR,2027-03-09,01:00,07:59,6,power_block,"TMS-CR-00505,TMS-SECR-01322,SMMS-SWR-00855",1,0,approved
COA-01350,BCT-RTM,SWR,2027-03-09,01:00,04:59,3,engineering_block,"TMS-SER-04434,TMS-SWR-01025,TMS-ECoR-01292",2,1,approved
COA-01809,ED-CBE,NFR,2027-03-09,01:00,05:59,4,engineering_block,"TDMS-ER-00303,TMS-NCR-04345,SMMS-NFR-02120",5,0,pending
COA-00009,KYN-IGP,SCR,2027-03-09,02:00,06:59,4,engineering_block,"TDMS-CR-00624,SMMS-CR-02507",1,2,approved
COA-01481,SC-KZJ,SWR,2027-03-09,02:00,07:59,5,engineering_block,TDMS-ECR-02376,2,0,approved
COA-00362,BZA-MAS,NCR,2027-03-09,12:00,14:59,2,power_block,"TMS-NCR-01573,TDMS-WCR-02112,TMS-WCR-00601",0,0,approved
COA-00491,ALD-CNB,ECoR,2027-03-09,13:00,15:59,2,engineering_block,"TDMS-SER-01907,TMS-NWR-01638,TMS-NWR-04737",0,0,approved
COA-00146,BCT-RTM,SWR,2027-03-10,00:00,05:59,5,engineering_block,TMS-SECR-01548,0,0,approved
COA-00746,BPL-NGP,ECoR,2027-03-10,00:00,03:59,3,caution_block,TMS-NWR-01853,0,1,pending
COA-01752,CNB-NDLS,NR,2027-03-10,00:00,05:59,5,engineering_block,SMMS-NFR-00099,0,0,approved
COA-01759,KZJ-BZA,WR,2027-03-10,00:00,03:59,3,engineering_block,"TDMS-WCR-01915,TDMS-NCR-00798",0,2,approved
COA-01877,ASR-JUC,NWR,2027-03-10,00:00,08:59,8,engineering_block,SMMS-NFR-01150,2,0,pending
COA-01763,MGS-ALD,ECR,2027-03-10,01:00,04:59,3,power_block,SMMS-NER-02453,2,0,pending
COA-00370,ALD-CNB,ECoR,2027-03-10,02:00,07:59,5,engineering_block,"TDMS-SCR-00484,SMMS-WR-00181,SMMS-SECR-00172",1,0,approved
COA-00390,ALD-CNB,ECoR,2027-03-10,02:00,08:59,6,power_block,"SMMS-SECR-00452,SMMS-NWR-01259",2,1,approved
COA-00452,ASR-JUC,NWR,2027-03-10,13:00,15:59,2,engineering_block,"TDMS-NWR-00197,TDMS-NR-02052",1,0,approved
COA-00538,ALD-CNB,ECoR,2027-03-10,13:00,17:59,4,caution_block,"TDMS-CR-02496,SMMS-CR-01572",2,1,approved
COA-00548,ST-BCT,SECR,2027-03-10,13:00,15:59,2,engineering_block,"TDMS-NER-00064,TMS-NFR-03598",0,1,pending
COA-00748,SC-KZJ,SWR,2027-03-11,00:00,06:59,6,power_block,"TMS-ER-03304,TDMS-NWR-02123",0,0,approved
COA-01374,ADI-BRC,SCR,2027-03-11,00:00,04:59,4,power_block,TDMS-SECR-02515,0,0,approved
COA-00068,KYN-IGP,SCR,2027-03-11,02:00,08:59,6,caution_block,TMS-NR-04878,2,0,approved
COA-01528,LTT-NED,SER,2027-03-11,02:00,06:59,4,engineering_block,"TDMS-SECR-00842,TDMS-SR-01175,TMS-SWR-02912",4,0,pending
COA-01225,BPL-NGP,ECoR,2027-03-11,12:00,15:59,3,engineering_block,"TMS-NR-02455,TMS-SCR-02762,TMS-NR-00624",1,0,approved
COA-01785,AZ-MGS,ER,2027-03-11,12:00,14:59,2,engineering_block,"TDMS-NCR-00355,TMS-SCR-03038",4,0,pending
COA-01895,AZ-MGS,ER,2027-03-11,13:00,15:59,2,engineering_block,"SMMS-NFR-02250,SMMS-ECoR-01704,TDMS-NER-02158",4,1,rejected
COA-00246,NDLS-AGC,CR,2027-03-12,00:00,04:59,4,power_block,"SMMS-NR-00731,TMS-SWR-01783,SMMS-SR-02381",1,0,approved
COA-00033,MAS-ED,NER,2027-03-12,02:00,06:59,4,engineering_block,TDMS-ER-00906,2,2,approved
COA-00533,ED-CBE,NFR,2027-03-12,02:00,06:59,4,power_block,"TDMS-WCR-02940,TDMS-WR-02508,TDMS-SECR-02063",0,1,approved
COA-00172,NDLS-UMB,NCR,2027-03-12,13:00,17:59,4,power_block,"SMMS-NER-02560,TMS-SR-02781",2,3,pending
COA-00070,ADI-BRC,SCR,2027-03-13,00:00,04:59,4,power_block,"TMS-SR-00623,TDMS-SER-00802,TMS-SWR-00640",3,1,approved
COA-01975,BZA-MAS,NCR,2027-03-13,00:00,04:59,4,power_block,"TDMS-WR-00136,SMMS-WCR-00572",2,1,pending
COA-00822,LDH-ASR,NFR,2027-03-13,01:00,04:59,3,engineering_block,SMMS-ECoR-01041,0,1,pending
COA-01563,BPL-NGP,ECoR,2027-03-13,02:00,07:59,5,power_block,TDMS-SER-01907,2,1,approved
COA-01764,CBE-TVC,NWR,2027-03-13,02:00,08:59,6,engineering_block,"TMS-WR-03250,SMMS-ECR-01787,SMMS-SCR-02771",2,0,approved
COA-01800,LDH-ASR,NFR,2027-03-13,02:00,07:59,5,engineering_block,"SMMS-SR-00316,SMMS-WR-02382",0,1,pending
COA-01939,AZ-MGS,ER,2027-03-13,02:00,06:59,4,engineering_block,"SMMS-SECR-00819,TMS-SWR-01783",1,0,approved
COA-01059,BRC-ST,SER,2027-03-13,12:00,14:59,2,caution_block,TDMS-NCR-02947,0,1,approved
COA-01806,ST-BCT,SECR,2027-03-13,13:00,17:59,4,emergency_block,"SMMS-NWR-01085,SMMS-ECoR-00845,TMS-WCR-03050",2,3,pending
COA-00998,AZ-MGS,ER,2027-03-14,00:00,06:59,6,power_block,"SMMS-NCR-01854,TDMS-SER-01907",2,0,approved
COA-00096,CBE-TVC,NWR,2027-03-14,01:00,06:59,5,power_block,"TMS-NR-03618,SMMS-ECoR-00256",1,3,pending
COA-00210,BRC-ST,SER,2027-03-14,01:00,07:59,6,power_block,"TDMS-NFR-00176,TMS-CR-04245",3,1,approved
COA-00363,LTT-NED,SER,2027-03-14,01:00,04:59,3,power_block,TDMS-NFR-00578,1,0,pending
COA-00860,NDLS-AGC,CR,2027-03-14,01:00,07:59,6,engineering_block,SMMS-ER-00960,0,3,pending
COA-00980,NGP-BZA,NR,2027-03-14,01:00,06:59,5,emergency_block,"TDMS-SWR-02580,TMS-SR-00697,TDMS-NCR-01093",4,0,rejected
COA-01388,JUC-ADI,SR,2027-03-14,01:00,05:59,4,engineering_block,"SMMS-ECoR-00485,TDMS-ECR-01576",3,1,approved
COA-01645,BCT-RTM,SWR,2027-03-14,01:00,07:59,6,engineering_block,"TDMS-CR-01066,SMMS-WCR-00685",0,1,approved
COA-00313,BCT-RTM,SWR,2027-03-14,02:00,07:59,5,engineering_block,TMS-SR-02626,2,1,approved
COA-00408,ED-CBE,NFR,2027-03-14,02:00,07:59,5,engineering_block,"TDMS-SCR-02183,TDMS-WCR-02879",1,1,approved
COA-00967,CSTM-KYN,SR,2027-03-14,02:00,07:59,5,engineering_block,"TDMS-ER-02406,TMS-NFR-03279,SMMS-WR-00156",0,1,approved
COA-00996,HWH-BWN,WCR,2027-03-14,02:00,05:59,3,caution_block,"TMS-WR-00945,TDMS-ECR-01307,SMMS-SECR-00912",2,1,pending
COA-01782,SC-KZJ,SWR,2027-03-14,02:00,05:59,3,engineering_block,TDMS-SECR-00180,0,3,rejected
COA-00168,LDH-ASR,NFR,2027-03-14,12:00,15:59,3,power_block,"SMMS-NFR-01150,TMS-NWR-00834,SMMS-SWR-01401",0,0,approved
COA-00046,SC-KZJ,SWR,2027-03-14,13:00,16:59,3,engineering_block,"SMMS-SR-02841,TDMS-WCR-00914,TMS-SCR-00004",1,3,pending
COA-01394,NGP-BZA,NR,2027-03-14,13:00,16:59,3,power_block,"TDMS-NR-01560,SMMS-WCR-00630",1,2,approved
COA-00034,ED-CBE,NFR,2027-03-15,00:00,06:59,6,engineering_block,"SMMS-SWR-00644,TMS-NER-00355,TDMS-NER-02256",0,1,pending
COA-00732,MAS-ED,NER,2027-03-15,00:00,08:59,8,caution_block,"TDMS-SCR-02027,SMMS-ECoR-02256,TDMS-WR-00884",1,0,approved
COA-01507,AWB-SC,SECR,2027-03-15,00:00,08:59,8,engineering_block,SMMS-SCR-01318,0,0,approved
COA-01183,CNB-NDLS,NR,2027-03-15,01:00,05:59,4,engineering_block,"TDMS-SWR-01598,TDMS-NR-01784",1,3,rejected
COA-00924,MGS-ALD,ECR,2027-03-15,02:00,08:59,6,emergency_block,"TDMS-SR-02989,TDMS-ER-02568,TDMS-SWR-00901",0,2,pending
COA-01757,BRC-ST,SER,2027-03-15,13:00,16:59,3,engineering_block,SMMS-ER-00008,2,1,pending
COA-01149,HWH-BWN,WCR,2027-03-16,00:00,04:59,4,emergency_block,"TMS-NER-01504,TMS-NFR-04739",1,0,approved
COA-01700,KZJ-BZA,WR,2027-03-16,00:00,06:59,6,emergency_block,"TMS-NR-00209,TDMS-NER-00606,TMS-SR-02626",3,1,approved
COA-00423,CNB-NDLS,NR,2027-03-16,02:00,08:59,6,engineering_block,TMS-NCR-03106,2,2,pending
COA-00502,SC-KZJ,SWR,2027-03-16,02:00,08:59,6,engineering_block,"TMS-WCR-00299,SMMS-NWR-01323,SMMS-ER-02246",3,0,pending
COA-01746,KYN-IGP,SCR,2027-03-16,12:00,14:59,2,engineering_block,TMS-CR-03778,0,0,approved
COA-00116,KYN-IGP,SCR,2027-03-17,00:00,05:59,5,engineering_block,"TDMS-ER-00974,TMS-CR-02761,TMS-CR-02842",1,1,pending
COA-00459,KZJ-BZA,WR,2027-03-17,00:00,04:59,4,engineering_block,SMMS-NR-01371,1,2,approved
COA-00531,JUC-ADI,SR,2027-03-17,00:00,05:59,5,power_block,TMS-NFR-00407,1,0,pending
COA-01224,MGS-ALD,ECR,2027-03-17,00:00,04:59,4,power_block,TMS-NFR-01928,2,3,pending
COA-01705,JHS-BPL,ECR,2027-03-17,00:00,05:59,5,engineering_block,"TMS-WCR-00046,TMS-ER-01369",2,1,pending
COA-01709,BCT-RTM,SWR,2027-03-17,00:00,05:59,5,power_block,"TMS-NER-00682,TMS-ECR-04182",0,1,approved
COA-01956,KZJ-BZA,WR,2027-03-17,00:00,05:59,5,engineering_block,"TMS-NWR-00057,SMMS-SECR-02319",0,1,approved
COA-00918,NGP-BZA,NR,2027-03-17,01:00,06:59,5,power_block,TMS-WCR-04770,2,3,pending
COA-01160,NGP-BZA,NR,2027-03-17,01:00,09:59,8,engineering_block,SMMS-SR-00022,0,0,approved
COA-01172,CSTM-KYN,SR,2027-03-17,01:00,06:59,5,engineering_block,TDMS-ECoR-02274,3,1,approved
COA-01862,ASR-JUC,NWR,2027-03-17,01:00,04:59,3,emergency_block,TDMS-NWR-00671,0,2,approved
COA-00144,LTT-NED,SER,2027-03-17,02:00,07:59,5,power_block,TMS-WR-04690,1,0,pending
COA-00382,AWB-SC,SECR,2027-03-17,02:00,10:59,8,power_block,TDMS-NER-01188,1,0,approved
COA-01042,BCT-RTM,SWR,2027-03-17,02:00,07:59,5,engineering_block,TDMS-SR-00822,0,0,approved
COA-01641,CNB-NDLS,NR,2027-03-17,02:00,05:59,3,emergency_block,TMS-NER-01504,1,1,pending
COA-01874,ASR-JUC,NWR,2027-03-17,02:00,10:59,8,engineering_block,"TDMS-SR-00072,TDMS-WCR-01466",1,1,pending
COA-00805,BWN-AZ,CR,2027-03-17,13:00,17:59,4,caution_block,"TDMS-WCR-02940,TMS-SWR-04869,TDMS-NER-02747",0,3,rejected
COA-01157,ADI-BRC,SCR,2027-03-17,13:00,15:59,2,caution_block,TDMS-NR-02619,2,0,approved
COA-01812,ADI-BRC,SCR,2027-03-17,13:00,16:59,3,engineering_block,SMMS-CR-00690,1,1,pending
COA-01164,CBE-TVC,NWR,2027-03-18,00:00,08:59,8,emergency_block,"TDMS-SR-02172,TMS-SR-02414,SMMS-SECR-00140",2,3,rejected
COA-01402,ED-CBE,NFR,2027-03-18,00:00,04:59,4,power_block,"TMS-NCR-04094,TMS-NWR-01638,TMS-SER-02803",2,3,pending
COA-00174,KZJ-BZA,WR,2027-03-18,01:00,06:59,5,power_block,"TMS-WCR-03634,SMMS-NFR-02795,SMMS-CR-01963",1,0,approved
COA-00337,ST-BCT,SECR,2027-03-18,01:00,06:59,5,engineering_block,"SMMS-ER-00278,TDMS-WCR-01194,TDMS-CR-02587",0,1,approved
COA-00849,LTT-NED,SER,2027-03-18,01:00,09:59,8,power_block,"TMS-WCR-03413,SMMS-CR-01963",1,1,approved
COA-01317,ST-BCT,SECR,2027-03-18,01:00,06:59,5,engineering_block,"TMS-SER-01750,TMS-NWR-02240,TDMS-ER-01950",1,1,approved
COA-01587,ALD-CNB,ECoR,2027-03-18,01:00,06:59,5,emergency_block,TMS-SWR-03341,5,0,pending
COA-00844,CBE-TVC,NWR,2027-03-18,02:00,06:59,4,engineering_block,"SMMS-ER-00008,TMS-NER-02640",0,1,approved
COA-00862,MGS-ALD,ECR,2027-03-18,02:00,06:59,4,power_block,"TMS-SECR-02223,TMS-NR-01029",2,1,approved
COA-01693,ASR-JUC,NWR,2027-03-18,02:00,10:59,8,power_block,TDMS-ECR-00184,2,2,pending
COA-01902,BZA-MAS,NCR,2027-03-18,02:00,10:59,8,power_block,"TMS-WCR-00778,TMS-NWR-00057,TDMS-WR-01299",1,2,approved
COA-01238,CBE-TVC,NWR,2027-03-18,12:00,15:59,3,engineering_block,"TDMS-ECR-01183,TDMS-SR-01589",0,1,approved
COA-01127,BPL-NGP,ECoR,2027-03-18,13:00,16:59,3,engineering_block,TMS-NER-00628,1,0,approved
COA-01783,MGS-ALD,ECR,2027-03-18,13:00,16:59,3,emergency_block,SMMS-ECoR-00157,1,1,approved
COA-00014,NDLS-UMB,NCR,2027-03-19,00:00,03:59,3,power_block,"TMS-ECoR-01292,SMMS-NFR-01406",5,0,pending
COA-00203,NGP-BZA,NR,2027-03-19,00:00,04:59,4,caution_block,TMS-WCR-01056,1,2,pending
COA-00430,UMB-LDH,NER,2027-03-19,01:00,04:59,3,caution_block,"TMS-NCR-01044,SMMS-ER-02589",0,2,approved
COA-00318,KZJ-BZA,WR,2027-03-19,02:00,07:59,5,emergency_block,"SMMS-CR-01546,TMS-NCR-04360",2,1,approved
COA-00532,BPL-NGP,ECoR,2027-03-19,02:00,08:59,6,power_block,"TMS-SER-03443,TMS-NFR-03569,TMS-SWR-03489",3,1,approved
COA-00757,ST-BCT,SECR,2027-03-19,02:00,05:59,3,engineering_block,"TDMS-SCR-02485,SMMS-ER-00023,TDMS-SER-01797",4,0,pending
COA-00784,UMB-LDH,NER,2027-03-19,02:00,06:59,4,engineering_block,"TDMS-WCR-00092,SMMS-SWR-00588",0,2,approved
COA-01028,KYN-IGP,SCR,2027-03-19,02:00,08:59,6,power_block,"TMS-ECoR-00408,TMS-SECR-01470",3,2,pending
COA-01163,NDLS-AGC,CR,2027-03-19,02:00,06:59,4,engineering_block,TDMS-NR-01484,0,0,approved
COA-01189,AZ-MGS,ER,2027-03-19,02:00,07:59,5,caution_block,SMMS-ER-01542,4,0,rejected
COA-01269,BCT-RTM,SWR,2027-03-19,02:00,08:59,6,engineering_block,SMMS-WR-02528,0,1,approved
COA-01826,ASR-JUC,NWR,2027-03-19,02:00,08:59,6,engineering_block,"TMS-NCR-01502,TMS-ER-02273",4,0,pending
COA-00540,ED-CBE,NFR,2027-03-19,12:00,14:59,2,power_block,"TDMS-WCR-02378,TMS-NER-01516",0,1,approved
COA-01335,JHS-BPL,ECR,2027-03-19,12:00,14:59,2,power_block,SMMS-WR-01168,0,1,approved
COA-00892,CBE-TVC,NWR,2027-03-19,13:00,16:59,3,emergency_block,TMS-SCR-02047,1,2,approved
COA-00169,BZA-MAS,NCR,2027-03-20,00:00,04:59,4,power_block,"SMMS-ER-01620,SMMS-SECR-00338,SMMS-WCR-02188",5,0,pending
COA-00368,CSTM-KYN,SR,2027-03-20,00:00,03:59,3,engineering_block,"SMMS-ER-00246,SMMS-WCR-02651",0,1,approved
COA-00219,NDLS-AGC,CR,2027-03-20,01:00,04:59,3,engineering_block,"TMS-SR-01570,SMMS-SER-01199,TDMS-WR-01992",0,2,approved
COA-01243,KZJ-BZA,WR,2027-03-20,01:00,07:59,6,power_block,TMS-SR-01606,0,1,approved
COA-01510,KZJ-BZA,WR,2027-03-20,01:00,07:59,6,engineering_block,TMS-WCR-01056,4,0,pending
COA-01841,BWN-AZ,CR,2027-03-20,01:00,05:59,4,power_block,"SMMS-ER-00278,TDMS-WCR-01466",3,0,approved
COA-00417,JUC-ADI,SR,2027-03-20,02:00,07:59,5,power_block,"SMMS-NER-02937,TDMS-WR-00600,SMMS-NER-00359",5,1,pending
COA-00664,CNB-NDLS,NR,2027-03-20,02:00,08:59,6,caution_block,"TDMS-NER-01200,SMMS-SR-01363",4,1,rejected
COA-01476,CSTM-KYN,SR,2027-03-20,02:00,06:59,4,power_block,TMS-SER-03333,2,0,approved
COA-00675,NGP-BZA,NR,2027-03-20,12:00,14:59,2,power_block,TMS-ECoR-01623,0,2,approved
COA-00947,ST-BCT,SECR,2027-03-20,12:00,15:59,3,engineering_block,"SMMS-SCR-01203,TMS-NER-00682",2,1,approved
COA-00704,KZJ-BZA,WR,2027-03-21,00:00,03:59,3,power_block,"TMS-NER-00568,TDMS-NCR-01093",1,1,pending
COA-00590,ASR-JUC,NWR,2027-03-21,01:00,06:59,5,emergency_block,SMMS-SCR-00204,1,0,approved
COA-01417,HWH-BWN,WCR,2027-03-21,01:00,06:59,5,power_block,"TDMS-NER-01042,TDMS-SR-00775",1,1,pending
COA-01456,LTT-NED,SER,2027-03-21,01:00,07:59,6,power_block,TDMS-NR-02111,2,1,approved
COA-00224,BCT-RTM,SWR,2027-03-21,02:00,06:59,4,power_block,TDMS-CR-02252,1,3,pending
COA-00260,ST-BCT,SECR,2027-03-21,02:00,06:59,4,power_block,"SMMS-NFR-00966,TDMS-SR-01589,TMS-NR-01831",1,1,approved
COA-00856,ED-CBE,NFR,2027-03-21,02:00,10:59,8,power_block,"SMMS-WCR-00959,TDMS-CR-02332,TMS-SR-02719",0,1,approved
COA-01194,KZJ-BZA,WR,2027-03-21,02:00,06:59,4,power_block,SMMS-NWR-00136,3,1,pending
COA-01445,MAS-ED,NER,2027-03-21,02:00,07:59,5,engineering_block,"TDMS-ER-01897,TDMS-WR-00416,TMS-NFR-03769",1,1,pending
COA-00482,CSTM-KYN,SR,2027-03-21,12:00,14:59,2,emergency_block,"TDMS-ECR-00500,SMMS-CR-01405",2,1,approved
COA-01662,ADI-BRC,SCR,2027-03-21,12:00,14:59,2,emergency_block,"TMS-NWR-02205,SMMS-CR-01494,TMS-NCR-01891",4,0,pending
COA-00700,NGP-BZA,NR,2027-03-21,13:00,16:59,3,caution_block,TMS-SER-02926,2,0,approved
COA-01719,CBE-TVC,NWR,2027-03-21,13:00,15:59,2,engineering_block,TDMS-ER-00696,2,0,approved
COA-00715,MAS-ED,NER,2027-03-22,00:00,06:59,6,caution_block,"TDMS-SWR-00076,TDMS-SECR-00592",3,0,approved
COA-00744,JHS-BPL,ECR,2027-03-22,00:00,03:59,3,engineering_block,"TDMS-ECoR-01275,SMMS-ECR-02935,TDMS-SER-02320",0,1,approved
COA-00331,MAS-ED,NER,2027-03-22,12:00,14:59,2,power_block,"SMMS-ER-00561,TDMS-SWR-00871,TMS-WCR-00601",3,0,approved
COA-01320,AWB-SC,SECR,2027-03-22,13:00,15:59,2,engineering_block,"TMS-NWR-01472,TMS-NER-01516",0,2,approved
COA-00275,BCT-RTM,SWR,2027-03-23,00:00,03:59,3,engineering_block,TDMS-ECoR-00721,0,1,approved
COA-01215,ED-CBE,NFR,2027-03-23,00:00,08:59,8,engineering_block,TDMS-ECR-01089,1,0,pending
COA-00289,NGP-BZA,NR,2027-03-23,01:00,09:59,8,power_block,"TDMS-SER-02394,TMS-NER-01516",1,0,approved
COA-01008,BWN-AZ,CR,2027-03-23,01:00,07:59,6,engineering_block,"TMS-SER-02803,SMMS-SCR-01630",2,2,approved
COA-01204,NDLS-AGC,CR,2027-03-23,01:00,07:59,6,engineering_block,"SMMS-ER-01446,TDMS-ER-02135",1,2,approved
COA-01621,BPL-NGP,ECoR,2027-03-23,01:00,06:59,5,emergency_block,"SMMS-CR-00397,SMMS-ER-00880,SMMS-NFR-00753",1,3,pending
COA-01664,LDH-ASR,NFR,2027-03-23,01:00,04:59,3,engineering_block,"TDMS-SWR-01243,TMS-NFR-02063,TMS-SECR-04586",1,1,approved
COA-00785,NDLS-UMB,NCR,2027-03-23,02:00,06:59,4,caution_block,TMS-NR-02455,3,0,approved
COA-00903,AWB-SC,SECR,2027-03-23,02:00,07:59,5,emergency_block,"TDMS-WCR-01661,TDMS-NWR-01581,TMS-SER-01981",1,2,approved
COA-01654,ALD-CNB,ECoR,2027-03-23,02:00,08:59,6,caution_block,"SMMS-SECR-00819,SMMS-NFR-01927",2,1,pending
COA-01694,SC-KZJ,SWR,2027-03-23,02:00,05:59,3,engineering_block,"TDMS-NCR-00798,TDMS-SECR-01870",2,0,approved
COA-00055,MGS-ALD,ECR,2027-03-23,12:00,16:59,4,engineering_block,"TMS-NFR-02166,TDMS-WCR-01567,SMMS-CR-01691",3,3,rejected
COA-00316,ED-CBE,NFR,2027-03-23,12:00,15:59,3,engineering_block,"SMMS-NFR-02795,SMMS-NCR-02695",1,0,approved
COA-01490,JHS-BPL,ECR,2027-03-23,13:00,16:59,3,power_block,"TDMS-WCR-01194,TDMS-ER-02829",1,2,approved
COA-00112,SC-KZJ,SWR,2027-03-24,00:00,08:59,8,power_block,"SMMS-SECR-00912,TMS-WCR-02921,SMMS-ER-00023",1,3,pending
COA-00779,KZJ-BZA,WR,2027-03-24,00:00,05:59,5,power_block,"TMS-SWR-04608,SMMS-NCR-00550",1,1,approved
COA-01095,ST-BCT,SECR,2027-03-24,00:00,04:59,4,engineering_block,SMMS-NFR-01701,1,0,approved
COA-00565,BCT-RTM,SWR,2027-03-24,01:00,06:59,5,emergency_block,"TMS-NCR-03802,SMMS-SWR-02309,TDMS-ECoR-01669",0,0,approved
COA-00806,ED-CBE,NFR,2027-03-24,02:00,07:59,5,engineering_block,"SMMS-NER-01778,TMS-NCR-02745",1,0,approved
COA-01233,AGC-JHS,ER,2027-03-24,12:00,15:59,3,power_block,"TDMS-ER-01133,TMS-NER-03972,TMS-WCR-02267",1,0,approved
COA-00376,NDLS-UMB,NCR,2027-03-25,00:00,06:59,6,engineering_block,"SMMS-WR-00982,TMS-SECR-03828,TMS-SR-00042",1,0,pending
COA-00758,AZ-MGS,ER,2027-03-25,00:00,05:59,5,power_block,"TMS-NWR-02502,TMS-NFR-03087,TDMS-SWR-00568",0,1,approved
COA-00964,ALD-CNB,ECoR,2027-03-25,00:00,08:59,8,engineering_block,"SMMS-SECR-02232,SMMS-SCR-00052,TMS-CR-02842",1,1,pending
COA-01151,AGC-JHS,ER,2027-03-25,00:00,06:59,6,engineering_block,TDMS-NR-00186,0,1,pending
COA-01676,MGS-ALD,ECR,2027-03-25,00:00,06:59,6,engineering_block,"TDMS-SCR-02633,SMMS-WR-00046",0,1,approved
COA-01576,LTT-NED,SER,2027-03-25,01:00,06:59,5,caution_block,TMS-ECR-04376,3,3,pending
COA-00295,AWB-SC,SECR,2027-03-25,02:00,06:59,4,engineering_block,"TMS-ECR-02598,TDMS-ER-00708,SMMS-NR-02976",0,0,approved
COA-00867,AGC-JHS,ER,2027-03-25,02:00,08:59,6,power_block,"TMS-WCR-04770,SMMS-SWR-00851,TMS-NWR-03814",0,0,approved
COA-01707,HWH-BWN,WCR,2027-03-25,02:00,05:59,3,power_block,TMS-NWR-01021,2,1,approved
COA-01991,JHS-BPL,ECR,2027-03-25,02:00,07:59,5,caution_block,"TMS-NR-04850,TDMS-ER-02829",3,0,approved
COA-01721,NGP-BZA,NR,2027-03-25,12:00,15:59,3,engineering_block,TDMS-NFR-00341,3,3,rejected
COA-00100,UMB-LDH,NER,2027-03-25,13:00,16:59,3,power_block,"TMS-WCR-01846,TMS-SR-00573",1,0,pending
COA-01213,ED-CBE,NFR,2027-03-25,13:00,16:59,3,power_block,TMS-NFR-02063,0,0,approved
COA-01453,LDH-ASR,NFR,2027-03-25,13:00,17:59,4,emergency_block,"TMS-NFR-03202,TMS-SCR-04031,TDMS-WR-01364",2,0,approved
