asset_id,asset_type,track_section,zone,installation_year,asset_age_years,fault_count_6m,last_serviced_days,component_wear_pct,cable_insulation_resistance,signal_aspect_failure_count,battery_backup_hrs,est_maintenance_hrs,risk_label
SMMS-NER-00000,BPAC_panel,KYN-IGP,NER,2001,24,4,5,57.0,6.14,0,39.5,5.9,1
SMMS-WR-00001,axle_counter,LTT-NED,WR,2017,8,1,43,25.7,9.95,0,45.2,3.8,0
SMMS-SECR-00002,data_logger,AGC-JHS,SECR,2012,13,0,56,19.0,7.52,0,42.9,2.3,0
SMMS-NR-00003,track_circuit,SC-KZJ,NR,1994,31,3,5,61.7,3.41,0,26.5,4.7,0
SMMS-NER-00004,point_machine,CNB-NDLS,NER,2012,13,2,5,31.7,5.3,0,43.6,3.7,0
SMMS-SR-00005,data_logger,NGP-BZA,SR,2013,12,0,69,24.2,7.65,1,43.9,2.2,0
SMMS-ECR-00006,track_circuit,BZA-MAS,ECR,2006,19,0,53,46.0,5.57,0,37.0,4.5,0
SMMS-NCR-00007,axle_counter,AGC-JHS,NCR,1993,32,3,5,69.7,2.96,0,29.0,6.1,0
SMMS-ER-00008,relay_room,SC-KZJ,ER,2006,19,0,21,38.3,6.03,0,36.4,3.3,1
SMMS-CR-00009,colour_light_signal,KZJ-BZA,CR,2019,6,1,14,5.6,9.07,1,44.5,2.6,0
SMMS-ER-00010,track_circuit,BCT-RTM,ER,2014,11,0,7,19.8,7.11,0,44.5,2.8,0
SMMS-ECoR-00011,track_circuit,BCT-RTM,ECoR,2006,19,0,23,38.4,5.77,1,38.9,4.1,0
SMMS-SCR-00012,OFC_cable,CBE-TVC,SCR,2003,22,2,76,39.8,5.86,0,38.3,4.0,0
SMMS-SR-00013,relay_room,AZ-MGS,SR,2012,13,1,67,21.6,7.89,0,36.7,2.2,0
SMMS-NCR-00014,level_crossing_gate,BWN-AZ,NCR,2013,12,1,35,24.9,7.97,0,46.3,2.7,0
SMMS-SCR-00015,OFC_cable,ALD-CNB,SCR,2006,19,0,32,29.0,5.72,0,37.0,2.5,0
SMMS-NR-00016,point_machine,AGC-JHS,NR,2006,19,5,42,49.0,8.99,0,37.6,5.8,1
SMMS-NFR-00017,point_machine,UMB-LDH,NFR,2003,22,0,148,38.1,3.76,0,35.3,3.2,0
SMMS-ER-00018,colour_light_signal,BPL-NGP,ER,2004,21,0,69,35.4,5.44,0,37.8,3.2,0
SMMS-WCR-00019,data_logger,HWH-BWN,WCR,2008,17,0,9,37.5,4.97,1,42.7,2.8,0
SMMS-ECR-00020,BPAC_panel,AGC-JHS,ECR,1994,31,4,25,68.5,3.87,0,31.7,7.1,1
SMMS-ER-00021,telecom_tower,JUC-ADI,ER,2006,19,2,54,41.0,6.44,0,38.1,4.3,1
SMMS-SR-00022,relay_room,CNB-NDLS,SR,2022,3,2,75,13.4,9.83,0,49.0,2.5,0
SMMS-ER-00023,point_machine,AWB-SC,ER,1995,30,0,5,57.7,4.41,0,33.7,4.3,0
SMMS-ECoR-00024,data_logger,ASR-JUC,ECoR,2014,11,0,47,17.7,8.21,1,36.0,1.7,0
SMMS-SER-00025,point_machine,SC-KZJ,SER,2006,19,0,6,28.2,2.96,0,36.5,2.6,0
SMMS-ER-00026,track_circuit,ALD-CNB,ER,2022,3,1,5,0.0,9.9,0,48.9,1.7,0
SMMS-WR-00027,colour_light_signal,ADI-BRC,WR,2000,25,1,74,48.6,6.17,0,37.5,4.4,0
SMMS-ER-00028,axle_counter,NDLS-AGC,ER,2022,3,0,61,10.8,8.47,0,47.5,2.5,0
SMMS-ECR-00029,track_circuit,LDH-ASR,ECR,2017,8,2,54,14.9,6.82,1,42.5,3.0,0
SMMS-SECR-00030,relay_room,LDH-ASR,SECR,1994,31,0,5,54.3,5.27,0,34.0,4.2,0
SMMS-CR-00031,level_crossing_gate,SC-KZJ,CR,2010,15,0,11,35.3,10.0,0,37.3,3.2,0
SMMS-NR-00032,colour_light_signal,CSTM-KYN,NR,2019,6,1,22,11.5,7.89,0,42.0,2.3,0
SMMS-SCR-00033,colour_light_signal,CSTM-KYN,SCR,2015,10,0,84,23.1,8.03,1,40.3,2.5,0
SMMS-ECoR-00034,axle_counter,CNB-NDLS,ECoR,1992,33,0,29,62.9,4.11,4,23.1,4.8,1
SMMS-SCR-00035,level_crossing_gate,BCT-RTM,SCR,2010,15,3,27,32.5,7.68,0,42.8,4.1,0
SMMS-SCR-00036,point_machine,ED-CBE,SCR,2001,24,2,5,55.7,5.46,0,34.6,4.3,0
SMMS-CR-00037,axle_counter,BCT-RTM,CR,1996,29,3,70,59.9,4.56,1,33.6,5.2,0
SMMS-NCR-00038,point_machine,NDLS-AGC,NCR,2015,10,2,35,28.9,9.77,1,40.8,4.1,0
SMMS-NER-00039,axle_counter,AZ-MGS,NER,2002,23,0,18,43.6,4.48,0,39.9,4.0,1
SMMS-SECR-00040,colour_light_signal,BCT-RTM,SECR,2003,22,1,6,47.5,5.37,1,35.4,4.2,0
SMMS-WR-00041,colour_light_signal,HWH-BWN,WR,2014,11,1,21,22.0,8.45,0,36.0,2.5,0
SMMS-ECoR-00042,point_machine,ALD-CNB,ECoR,2006,19,4,10,39.9,6.85,0,34.8,4.1,1
SMMS-ECR-00043,telecom_tower,JHS-BPL,ECR,2005,20,0,23,35.1,6.01,0,37.2,3.2,0
SMMS-NWR-00044,relay_room,SC-KZJ,NWR,2017,8,3,14,20.9,8.88,0,45.5,2.6,0
SMMS-SCR-00045,track_circuit,JHS-BPL,SCR,2007,18,0,5,35.2,7.56,0,45.0,2.9,0
SMMS-WR-00046,relay_room,BRC-ST,WR,1993,32,0,195,55.1,4.0,0,37.2,3.8,1
SMMS-ECR-00047,colour_light_signal,CBE-TVC,ECR,2006,19,9,23,60.8,4.94,0,40.2,7.1,1
SMMS-NR-00048,relay_room,CBE-TVC,NR,2022,3,0,67,5.6,9.04,0,42.4,2.5,0
SMMS-NR-00049,telecom_tower,LDH-ASR,NR,2013,12,1,5,33.3,7.36,0,42.2,3.0,0
SMMS-NER-00050,telecom_tower,KYN-IGP,NER,2008,17,0,37,32.1,7.77,0,38.4,2.7,0
SMMS-CR-00051,axle_counter,MAS-ED,CR,2019,6,0,29,8.1,8.98,0,39.3,1.8,0
SMMS-SCR-00052,data_logger,SC-KZJ,SCR,2020,5,1,122,12.7,10.0,0,48.2,1.8,0
SMMS-ECR-00053,track_circuit,SC-KZJ,ECR,1991,34,0,65,58.8,2.56,0,30.6,4.2,0
SMMS-ECR-00054,data_logger,LDH-ASR,ECR,2004,21,5,21,46.6,5.74,4,36.9,4.3,1
SMMS-WR-00055,point_machine,KYN-IGP,WR,1999,26,1,63,48.8,4.07,0,34.2,4.1,0
SMMS-SR-00056,OFC_cable,BPL-NGP,SR,1995,30,1,20,44.9,5.1,0,35.0,4.1,0
SMMS-SR-00057,telecom_tower,MAS-ED,SR,2022,3,0,57,6.1,7.79,0,45.4,2.1,1
SMMS-NFR-00058,axle_counter,ADI-BRC,NFR,2012,13,5,13,37.2,6.23,3,38.3,5.3,1
SMMS-ECR-00059,point_machine,ED-CBE,ECR,1994,31,3,18,67.6,4.9,2,36.0,5.3,0
SMMS-NER-00060,relay_room,ALD-CNB,NER,2020,5,0,37,9.3,10.0,0,41.7,1.2,0
SMMS-SECR-00061,colour_light_signal,HWH-BWN,SECR,2003,22,0,31,34.8,6.16,2,37.1,3.2,0
SMMS-WR-00062,point_machine,BRC-ST,WR,1995,30,1,20,52.6,4.99,0,38.0,4.9,0
SMMS-NWR-00063,data_logger,CNB-NDLS,NWR,2022,3,0,110,8.2,9.2,0,45.4,1.9,0
SMMS-NFR-00064,OFC_cable,ED-CBE,NFR,2021,4,0,28,0.0,9.52,0,41.9,0.5,0
SMMS-NCR-00065,colour_light_signal,SC-KZJ,NCR,2001,24,0,51,37.7,5.71,0,38.7,3.1,0
SMMS-SWR-00066,axle_counter,SC-KZJ,SWR,2011,14,2,21,25.8,7.19,1,40.7,3.3,0
SMMS-NR-00067,point_machine,AWB-SC,NR,2003,22,2,51,53.8,6.44,0,28.2,5.5,0
SMMS-NER-00068,colour_light_signal,AGC-JHS,NER,2013,12,0,62,21.6,6.67,4,42.9,3.7,1
SMMS-NWR-00069,point_machine,BPL-NGP,NWR,2004,21,1,31,39.8,5.35,0,37.3,3.8,0
SMMS-SER-00070,OFC_cable,BPL-NGP,SER,2002,23,1,5,37.1,3.49,1,34.3,3.7,0
SMMS-NCR-00071,track_circuit,CSTM-KYN,NCR,2010,15,1,28,21.2,8.41,1,44.5,3.0,0
SMMS-SCR-00072,point_machine,ST-BCT,SCR,1992,33,2,91,69.5,3.58,0,29.1,6.0,0
SMMS-WR-00073,level_crossing_gate,BPL-NGP,WR,1997,28,0,5,45.5,3.17,0,35.6,3.4,0
SMMS-SCR-00074,axle_counter,BWN-AZ,SCR,2003,22,0,35,36.8,4.3,0,41.3,3.1,0
SMMS-ER-00075,point_machine,BZA-MAS,ER,1999,26,3,5,61.1,5.71,0,36.6,5.3,0
SMMS-WR-00076,point_machine,KYN-IGP,WR,2022,3,0,26,4.7,9.38,0,49.6,1.9,0
SMMS-NFR-00077,colour_light_signal,JHS-BPL,NFR,1997,28,4,47,60.0,4.32,0,42.6,5.8,1
SMMS-ECoR-00078,axle_counter,AGC-JHS,ECoR,1993,32,1,19,54.7,4.46,0,31.7,4.4,0
SMMS-NCR-00079,data_logger,AWB-SC,NCR,1998,27,3,5,63.6,3.74,1,33.0,5.8,1
SMMS-SWR-00080,data_logger,ADI-BRC,SWR,1990,35,1,117,57.8,4.32,0,24.9,4.6,0
SMMS-ER-00081,telecom_tower,JUC-ADI,ER,2012,13,1,108,38.7,7.08,1,40.9,3.8,0
SMMS-SECR-00082,colour_light_signal,LDH-ASR,SECR,2002,23,0,63,40.0,3.59,0,36.1,4.0,0
SMMS-NCR-00083,axle_counter,UMB-LDH,NCR,2018,7,0,9,15.2,8.67,0,43.0,2.0,0
SMMS-ER-00084,telecom_tower,UMB-LDH,ER,2019,6,1,59,13.0,10.0,2,47.8,2.6,0
SMMS-CR-00085,telecom_tower,MAS-ED,CR,2012,13,1,16,36.2,6.18,0,41.4,3.6,0
SMMS-SCR-00086,point_machine,AGC-JHS,SCR,2010,15,2,37,28.0,6.9,0,39.8,4.7,0
SMMS-NR-00087,axle_counter,ST-BCT,NR,2002,23,0,23,34.6,4.65,0,34.0,3.5,0
SMMS-ECoR-00088,colour_light_signal,CNB-NDLS,ECoR,2020,5,0,11,6.3,10.0,0,44.4,1.7,0
SMMS-WCR-00089,point_machine,NDLS-AGC,WCR,2002,23,0,42,40.6,5.52,0,37.8,3.6,0
SMMS-SCR-00090,level_crossing_gate,AZ-MGS,SCR,2015,10,1,50,13.2,7.9,0,39.2,2.6,0
SMMS-SECR-00091,axle_counter,JUC-ADI,SECR,2013,12,0,30,21.8,7.04,0,43.6,3.0,0
SMMS-WR-00092,level_crossing_gate,BWN-AZ,WR,2014,11,0,7,17.7,9.42,0,47.5,3.8,0
SMMS-ECoR-00093,colour_light_signal,LTT-NED,ECoR,1993,32,5,27,71.8,1.79,0,30.5,6.1,0
SMMS-CR-00094,level_crossing_gate,BZA-MAS,CR,2010,15,4,58,45.2,6.62,0,37.8,5.1,1
SMMS-NWR-00095,track_circuit,ST-BCT,NWR,1996,29,1,74,57.4,4.82,1,32.0,4.3,0
SMMS-SER-00096,colour_light_signal,ASR-JUC,SER,1995,30,1,5,50.5,4.31,0,33.7,4.6,0
SMMS-SWR-00097,colour_light_signal,LDH-ASR,SWR,1995,30,1,8,52.8,2.33,0,35.5,4.7,0
SMMS-SCR-00098,point_machine,BZA-MAS,SCR,2020,5,0,106,4.9,9.67,2,46.8,2.1,0
SMMS-NFR-00099,track_circuit,UMB-LDH,NFR,1998,27,0,60,60.6,3.63,0,35.6,4.8,0
SMMS-WCR-00100,colour_light_signal,MGS-ALD,WCR,1991,34,0,50,62.4,4.06,0,35.1,4.6,0
SMMS-CR-00101,data_logger,CSTM-KYN,CR,2010,15,0,5,19.0,7.79,0,45.1,1.9,0
SMMS-NR-00102,track_circuit,AGC-JHS,NR,1996,29,0,5,53.5,2.85,0,34.0,4.5,0
SMMS-SCR-00103,track_circuit,ED-CBE,SCR,1990,35,0,35,64.7,2.79,0,31.4,4.4,0
SMMS-SER-00104,axle_counter,NGP-BZA,SER,1996,29,2,80,60.5,3.38,1,33.4,4.9,0
SMMS-WCR-00105,track_circuit,UMB-LDH,WCR,1998,27,3,5,50.8,4.09,2,39.5,4.8,0
SMMS-NWR-00106,colour_light_signal,BPL-NGP,NWR,2014,11,2,5,33.0,7.65,0,41.6,4.1,0
SMMS-WCR-00107,colour_light_signal,BPL-NGP,WCR,2002,23,2,261,53.3,3.75,0,29.3,4.7,0
SMMS-CR-00108,relay_room,KZJ-BZA,CR,2020,5,2,10,10.8,7.7,0,45.5,2.9,0
SMMS-SR-00109,track_circuit,AWB-SC,SR,1995,30,1,43,57.4,4.17,0,34.5,4.6,0
SMMS-SR-00110,colour_light_signal,NGP-BZA,SR,2003,22,1,32,46.0,4.58,0,37.8,4.6,0
SMMS-ECR-00111,relay_room,KZJ-BZA,ECR,2019,6,0,21,10.8,9.78,2,42.0,2.4,0
SMMS-SCR-00112,OFC_cable,ALD-CNB,SCR,2011,14,0,64,20.6,6.76,0,35.2,2.7,0
SMMS-SER-00113,level_crossing_gate,CNB-NDLS,SER,1993,32,2,10,68.8,3.01,0,32.2,5.5,0
SMMS-SER-00114,relay_room,MAS-ED,SER,2018,7,2,13,9.3,8.97,0,44.0,2.1,0
SMMS-ECoR-00115,point_machine,SC-KZJ,ECoR,1991,34,0,12,60.8,2.85,1,27.9,5.1,0
SMMS-WCR-00116,point_machine,LTT-NED,WCR,2019,6,0,31,15.5,8.54,0,43.3,2.2,0
SMMS-ER-00117,track_circuit,BZA-MAS,ER,2013,12,6,42,39.4,8.89,0,37.5,6.1,1
SMMS-NWR-00118,colour_light_signal,UMB-LDH,NWR,2005,20,0,5,42.7,4.37,0,36.6,4.9,0
SMMS-CR-00119,track_circuit,MAS-ED,CR,2014,11,1,6,22.6,7.72,0,39.9,3.1,0
SMMS-ECoR-00120,point_machine,ASR-JUC,ECoR,1990,35,2,5,72.2,3.5,0,28.5,4.8,1
SMMS-SR-00121,BPAC_panel,AGC-JHS,SR,2001,24,0,42,41.4,4.87,0,38.5,4.0,0
SMMS-SER-00122,relay_room,AWB-SC,SER,2005,20,0,39,45.0,4.86,0,44.1,4.3,0
SMMS-SECR-00123,point_machine,MGS-ALD,SECR,2016,9,0,70,23.6,7.99,0,42.9,3.3,0
SMMS-ECR-00124,track_circuit,BCT-RTM,ECR,2018,7,2,13,15.7,8.55,1,40.1,2.7,0
SMMS-SR-00125,OFC_cable,MGS-ALD,SR,2018,7,0,52,8.5,8.43,0,43.8,2.4,0
SMMS-NWR-00126,colour_light_signal,KZJ-BZA,NWR,1993,32,2,13,67.1,3.17,1,29.4,5.2,0
SMMS-SECR-00127,level_crossing_gate,ADI-BRC,SECR,2021,4,1,55,10.0,8.07,0,47.6,2.3,0
SMMS-SCR-00128,colour_light_signal,NDLS-UMB,SCR,1993,32,2,37,63.6,2.61,0,31.6,5.4,0
SMMS-ECR-00129,level_crossing_gate,BRC-ST,ECR,1991,34,0,21,60.9,1.79,0,30.7,4.8,0
SMMS-NER-00130,colour_light_signal,BWN-AZ,NER,2017,8,0,40,14.6,8.51,0,40.2,2.4,0
SMMS-SCR-00131,track_circuit,SC-KZJ,SCR,1990,35,0,74,67.1,2.35,0,31.1,5.6,0
SMMS-ER-00132,point_machine,ASR-JUC,ER,2012,13,0,10,10.3,7.41,0,40.6,2.1,0
SMMS-NFR-00133,level_crossing_gate,NGP-BZA,NFR,2008,17,0,38,33.9,8.27,1,37.9,3.7,0
SMMS-ER-00134,data_logger,NDLS-UMB,ER,2016,9,1,200,17.7,8.19,0,44.2,2.8,0
SMMS-SR-00135,telecom_tower,UMB-LDH,SR,2001,24,2,63,51.1,6.63,0,37.8,4.8,0
SMMS-NWR-00136,track_circuit,NDLS-AGC,NWR,1990,35,0,14,63.0,2.01,0,29.2,5.1,0
SMMS-NWR-00137,colour_light_signal,MGS-ALD,NWR,2002,23,0,61,38.1,6.17,0,41.1,3.7,0
SMMS-NWR-00138,point_machine,SC-KZJ,NWR,1990,35,1,27,64.9,2.41,1,28.0,4.3,0
SMMS-SECR-00139,axle_counter,CBE-TVC,SECR,1999,26,0,60,50.9,3.48,2,34.8,4.0,0
SMMS-SECR-00140,track_circuit,CNB-NDLS,SECR,2003,22,0,5,41.4,4.7,0,37.4,3.7,0
SMMS-NCR-00141,point_machine,AZ-MGS,NCR,2011,14,0,77,26.9,6.84,0,36.0,4.0,0
SMMS-NER-00142,point_machine,BCT-RTM,NER,2009,16,0,207,28.3,7.98,2,38.5,2.0,0
SMMS-SER-00143,point_machine,JHS-BPL,SER,2017,8,0,23,15.6,9.3,0,46.7,2.7,0
SMMS-SWR-00144,axle_counter,NDLS-UMB,SWR,2001,24,0,28,46.9,5.56,0,35.9,4.2,0
SMMS-ECoR-00145,relay_room,BRC-ST,ECoR,2005,20,3,8,45.3,6.35,2,38.3,5.3,0
SMMS-WCR-00146,relay_room,MGS-ALD,WCR,1990,35,2,46,63.7,1.94,1,26.3,5.4,0
SMMS-SCR-00147,colour_light_signal,AWB-SC,SCR,2007,18,0,5,30.3,6.79,0,38.1,3.3,0
SMMS-WCR-00148,colour_light_signal,ADI-BRC,WCR,1993,32,0,33,55.0,2.4,0,28.7,4.0,0
SMMS-SCR-00149,colour_light_signal,NDLS-AGC,SCR,1995,30,2,21,60.5,5.08,0,31.1,5.3,0
SMMS-ER-00150,colour_light_signal,NGP-BZA,ER,2001,24,1,8,43.5,5.17,0,33.9,3.6,0
SMMS-ECR-00151,track_circuit,ST-BCT,ECR,2016,9,2,69,28.1,8.4,0,48.5,3.8,0
SMMS-ECR-00152,colour_light_signal,CSTM-KYN,ECR,2018,7,4,55,13.1,8.9,0,43.9,3.5,1
SMMS-SECR-00153,track_circuit,KYN-IGP,SECR,2006,19,0,14,24.6,4.78,0,39.4,2.8,0
SMMS-CR-00154,point_machine,MAS-ED,CR,2016,9,0,19,30.4,9.04,0,42.4,3.0,0
SMMS-ECR-00155,colour_light_signal,ADI-BRC,ECR,1995,30,0,11,52.8,2.79,1,34.2,2.9,0
SMMS-WR-00156,colour_light_signal,KYN-IGP,WR,1996,29,0,9,50.3,4.16,0,29.7,4.6,0
SMMS-ECoR-00157,OFC_cable,HWH-BWN,ECoR,2009,16,0,10,26.4,6.82,0,37.0,2.6,0
SMMS-ECoR-00158,OFC_cable,CNB-NDLS,ECoR,1999,26,0,5,48.8,4.64,0,36.1,4.1,0
SMMS-ECR-00159,point_machine,BWN-AZ,ECR,2004,21,3,16,51.0,4.91,2,35.7,5.2,0
SMMS-WCR-00160,colour_light_signal,AZ-MGS,WCR,2004,21,0,47,43.5,4.84,1,39.4,2.9,0
SMMS-SR-00161,track_circuit,AZ-MGS,SR,2012,13,1,12,30.1,6.59,0,34.8,3.2,0
SMMS-WCR-00162,track_circuit,BRC-ST,WCR,1999,26,0,48,44.4,4.03,0,33.1,2.4,0
SMMS-ECoR-00163,axle_counter,CSTM-KYN,ECoR,1993,32,0,57,48.0,2.86,0,36.6,3.7,0
SMMS-SCR-00164,colour_light_signal,ADI-BRC,SCR,2022,3,2,16,14.6,9.25,1,52.7,3.0,0
SMMS-ECoR-00165,axle_counter,BPL-NGP,ECoR,2001,24,3,5,53.2,4.53,0,35.6,5.0,0
SMMS-ECR-00166,relay_room,ALD-CNB,ECR,1998,27,2,50,48.8,4.55,1,33.3,4.0,0
SMMS-NR-00167,relay_room,BWN-AZ,NR,2016,9,2,5,14.0,8.64,0,45.2,2.5,0
SMMS-SER-00168,relay_room,AGC-JHS,SER,2000,25,0,12,44.4,4.61,1,35.9,4.6,0
SMMS-ECR-00169,level_crossing_gate,BCT-RTM,ECR,2021,4,0,35,14.5,7.64,0,42.9,1.8,0
SMMS-WR-00170,OFC_cable,AZ-MGS,WR,2004,21,0,100,43.0,6.36,1,38.9,4.0,0
SMMS-NFR-00171,point_machine,KYN-IGP,NFR,1996,29,0,56,62.0,3.81,0,32.3,5.1,0
SMMS-SECR-00172,BPAC_panel,NDLS-AGC,SECR,2015,10,0,12,21.2,9.46,1,44.3,1.9,0
SMMS-SCR-00173,track_circuit,CNB-NDLS,SCR,1997,28,6,67,70.4,3.45,0,37.2,7.4,1
SMMS-ECR-00174,colour_light_signal,HWH-BWN,ECR,1994,31,0,21,54.6,3.98,0,30.5,4.6,0
SMMS-WCR-00175,relay_room,CNB-NDLS,WCR,1991,34,1,6,65.9,3.48,0,28.6,4.6,0
SMMS-SR-00176,track_circuit,NGP-BZA,SR,1991,34,1,14,63.3,3.32,0,32.2,5.1,0
SMMS-ECR-00177,telecom_tower,BRC-ST,ECR,1999,26,4,68,67.8,4.91,0,38.8,5.1,1
SMMS-NFR-00178,point_machine,BZA-MAS,NFR,2006,19,2,18,39.2,6.54,0,41.4,3.5,0
SMMS-SER-00179,colour_light_signal,AWB-SC,SER,2002,23,0,19,46.2,5.08,1,31.5,3.9,0
SMMS-CR-00180,telecom_tower,KYN-IGP,CR,1998,27,2,149,49.3,4.9,1,31.8,4.5,0
SMMS-WR-00181,BPAC_panel,CNB-NDLS,WR,2005,20,0,29,37.1,6.78,0,38.8,2.5,0
SMMS-WR-00182,level_crossing_gate,SC-KZJ,WR,1996,29,1,27,60.4,4.1,0,32.3,5.9,1
SMMS-SCR-00183,colour_light_signal,JUC-ADI,SCR,2001,24,1,52,45.2,5.29,0,38.4,4.2,0
SMMS-ECoR-00184,colour_light_signal,MAS-ED,ECoR,1993,32,0,130,61.4,4.34,1,30.6,4.0,0
SMMS-ECR-00185,level_crossing_gate,CBE-TVC,ECR,2020,5,1,181,4.7,8.31,0,49.4,2.1,0
SMMS-CR-00186,OFC_cable,CBE-TVC,CR,2021,4,0,60,11.1,10.0,0,43.7,1.5,0
SMMS-CR-00187,data_logger,JUC-ADI,CR,1992,33,0,82,58.3,2.04,0,31.1,4.8,0
SMMS-NER-00188,colour_light_signal,BWN-AZ,NER,1996,29,0,95,51.1,4.44,0,29.1,3.2,0
SMMS-SCR-00189,relay_room,BZA-MAS,SCR,1991,34,0,54,64.7,3.85,0,25.2,4.9,0
SMMS-ECoR-00190,OFC_cable,MAS-ED,ECoR,2000,25,3,33,53.5,4.15,1,41.4,5.1,0
SMMS-NR-00191,point_machine,ASR-JUC,NR,1996,29,2,11,55.4,4.86,1,35.5,4.1,0
SMMS-ER-00192,track_circuit,CSTM-KYN,ER,2009,16,1,52,30.4,8.06,1,43.4,3.9,0
SMMS-WR-00193,colour_light_signal,ADI-BRC,WR,2011,14,4,27,31.6,8.5,0,36.6,4.5,1
SMMS-ECR-00194,colour_light_signal,BRC-ST,ECR,2011,14,1,99,27.4,6.22,0,42.3,3.6,0
SMMS-SER-00195,BPAC_panel,NGP-BZA,SER,2014,11,1,5,24.4,9.7,0,48.1,2.7,0
SMMS-CR-00196,BPAC_panel,AGC-JHS,CR,2007,18,2,101,49.4,6.57,1,39.7,4.5,0
SMMS-WR-00197,point_machine,JUC-ADI,WR,1999,26,0,119,45.7,4.76,0,38.2,4.1,0
SMMS-ECoR-00198,BPAC_panel,ED-CBE,ECoR,2001,24,0,9,42.4,3.7,0,40.2,4.0,0
SMMS-SCR-00199,track_circuit,NDLS-AGC,SCR,2018,7,1,84,15.9,8.59,0,43.5,3.8,0
SMMS-NFR-00200,point_machine,UMB-LDH,NFR,1992,33,1,35,65.8,3.5,0,33.7,4.4,0
SMMS-SER-00201,OFC_cable,AWB-SC,SER,2015,10,3,13,26.4,6.66,0,46.5,3.6,0
SMMS-SER-00202,OFC_cable,LTT-NED,SER,2006,19,0,45,28.8,4.27,0,38.3,3.7,0
SMMS-SCR-00203,relay_room,BPL-NGP,SCR,2009,16,0,63,36.5,6.26,2,34.0,3.2,0
SMMS-SCR-00204,OFC_cable,CSTM-KYN,SCR,2009,16,1,21,36.5,6.22,2,41.8,4.7,0
SMMS-SECR-00205,data_logger,BZA-MAS,SECR,2003,22,0,38,40.9,4.2,0,34.9,3.6,0
SMMS-ECR-00206,telecom_tower,KZJ-BZA,ECR,2002,23,0,9,38.8,5.89,1,36.4,4.6,0
SMMS-SWR-00207,relay_room,LDH-ASR,SWR,2017,8,1,5,14.4,10.0,0,43.7,2.9,0
SMMS-CR-00208,colour_light_signal,KZJ-BZA,CR,2021,4,0,109,13.5,9.96,0,44.7,1.5,0
SMMS-ECoR-00209,track_circuit,ADI-BRC,ECoR,1991,34,2,6,63.8,2.62,0,33.4,4.4,0
SMMS-NWR-00210,colour_light_signal,MGS-ALD,NWR,2003,22,0,28,41.0,6.32,0,36.3,3.5,0
SMMS-SWR-00211,colour_light_signal,AGC-JHS,SWR,2015,10,0,5,21.2,8.55,0,45.7,2.4,0
SMMS-SR-00212,level_crossing_gate,ED-CBE,SR,1991,34,0,77,57.5,2.06,0,28.3,4.8,0
SMMS-NFR-00213,colour_light_signal,BZA-MAS,NFR,2000,25,0,59,45.6,4.87,0,37.7,3.6,0
SMMS-WR-00214,OFC_cable,KYN-IGP,WR,1998,27,1,8,61.6,4.61,0,31.7,4.8,0
SMMS-SR-00215,OFC_cable,NDLS-UMB,SR,1996,29,1,67,67.4,5.38,1,32.6,5.0,0
SMMS-ECR-00216,track_circuit,ED-CBE,ECR,2006,19,0,16,34.4,5.85,0,37.9,2.7,0
SMMS-ECoR-00217,colour_light_signal,CNB-NDLS,ECoR,2015,10,0,73,18.8,7.66,1,47.8,2.1,0
SMMS-WR-00218,OFC_cable,ADI-BRC,WR,2018,7,2,11,24.1,9.56,0,40.9,3.4,0
SMMS-SCR-00219,level_crossing_gate,CNB-NDLS,SCR,2022,3,0,25,7.8,8.33,0,44.9,2.6,0
SMMS-NR-00220,OFC_cable,MAS-ED,NR,2000,25,0,12,45.4,2.78,1,36.4,4.7,0
SMMS-WR-00221,axle_counter,NDLS-UMB,WR,1995,30,0,44,48.2,2.58,0,32.7,4.0,0
SMMS-NER-00222,axle_counter,MGS-ALD,NER,2007,18,1,5,36.3,7.53,0,41.1,3.4,0
SMMS-CR-00223,colour_light_signal,SC-KZJ,CR,2020,5,0,34,14.9,10.0,0,42.4,2.6,0
SMMS-ECR-00224,data_logger,ALD-CNB,ECR,2004,21,3,53,45.0,5.75,0,41.1,5.1,0
SMMS-SECR-00225,axle_counter,AZ-MGS,SECR,2019,6,0,8,8.0,8.82,0,43.6,1.7,1
SMMS-CR-00226,point_machine,ED-CBE,CR,2002,23,3,10,55.0,5.34,0,35.8,5.1,0
SMMS-ECR-00227,colour_light_signal,BZA-MAS,ECR,1994,31,0,51,51.9,3.85,0,32.3,5.0,0
SMMS-SCR-00228,point_machine,SC-KZJ,SCR,2009,16,0,21,37.1,5.99,1,46.7,3.7,0
SMMS-SCR-00229,OFC_cable,UMB-LDH,SCR,2007,18,0,39,33.4,6.69,0,38.1,2.5,0
SMMS-SECR-00230,level_crossing_gate,NGP-BZA,SECR,1991,34,0,22,52.4,2.97,0,31.6,3.9,0
SMMS-NCR-00231,point_machine,MAS-ED,NCR,2001,24,0,21,49.8,4.18,0,35.0,4.0,0
SMMS-NWR-00232,point_machine,ALD-CNB,NWR,2009,16,0,14,28.6,6.6,0,44.6,2.9,0
SMMS-NCR-00233,BPAC_panel,JUC-ADI,NCR,2013,12,1,35,19.2,7.71,0,43.2,2.3,0
SMMS-NFR-00234,OFC_cable,BPL-NGP,NFR,1998,27,2,36,60.2,4.82,0,31.7,6.0,0
SMMS-SWR-00235,colour_light_signal,ST-BCT,SWR,2020,5,1,55,14.0,7.8,0,44.7,2.6,0
SMMS-ECoR-00236,telecom_tower,KYN-IGP,ECoR,2018,7,0,27,18.9,9.38,0,46.5,1.8,0
SMMS-WR-00237,point_machine,AGC-JHS,WR,2018,7,1,33,20.9,7.87,0,42.8,2.5,0
SMMS-NR-00238,OFC_cable,SC-KZJ,NR,1993,32,0,75,54.9,4.08,2,33.3,3.9,1
SMMS-SECR-00239,relay_room,BCT-RTM,SECR,2003,22,0,5,37.0,5.34,0,33.0,2.6,0
SMMS-NFR-00240,track_circuit,ED-CBE,NFR,2017,8,0,29,13.7,9.7,1,51.7,2.1,1
SMMS-SECR-00241,colour_light_signal,MAS-ED,SECR,2022,3,0,5,4.7,9.05,0,50.0,1.5,0
SMMS-CR-00242,data_logger,ALD-CNB,CR,1997,28,0,46,55.5,5.24,4,35.9,4.3,1
SMMS-NFR-00243,axle_counter,MGS-ALD,NFR,1990,35,1,89,69.0,2.15,0,31.5,5.7,0
SMMS-SWR-00244,colour_light_signal,BWN-AZ,SWR,1993,32,4,22,68.3,2.47,0,29.6,5.6,1
SMMS-WR-00245,track_circuit,AWB-SC,WR,2018,7,0,40,14.9,7.18,0,43.9,2.4,0
SMMS-ER-00246,colour_light_signal,NGP-BZA,ER,2007,18,0,18,36.9,6.93,0,40.2,2.8,0
SMMS-NCR-00247,track_circuit,NDLS-UMB,NCR,2008,17,2,56,46.5,6.83,0,38.5,3.8,0
SMMS-WCR-00248,colour_light_signal,JHS-BPL,WCR,2010,15,0,35,25.2,7.04,1,41.2,3.2,0
SMMS-ECoR-00249,point_machine,KYN-IGP,ECoR,2005,20,1,37,44.7,7.32,1,30.6,3.6,0
SMMS-SER-00250,BPAC_panel,JUC-ADI,SER,1995,30,2,7,60.9,3.58,1,37.9,5.4,0
SMMS-SER-00251,point_machine,SC-KZJ,SER,2015,10,1,5,25.2,9.77,0,44.5,3.5,0
SMMS-SR-00252,relay_room,LTT-NED,SR,1990,35,1,39,71.7,4.22,0,28.9,5.3,1
SMMS-WCR-00253,point_machine,CBE-TVC,WCR,2007,18,0,5,35.2,6.51,1,41.1,3.5,0
SMMS-SECR-00254,axle_counter,SC-KZJ,SECR,1990,35,0,5,57.6,3.49,2,31.6,4.6,0
SMMS-SR-00255,OFC_cable,CSTM-KYN,SR,2016,9,2,7,29.8,9.63,1,45.1,3.7,0
SMMS-ECoR-00256,colour_light_signal,JUC-ADI,ECoR,2008,17,0,20,30.2,6.27,2,36.0,3.0,0
SMMS-NR-00257,BPAC_panel,ASR-JUC,NR,2015,10,0,11,17.3,7.89,1,41.7,2.5,0
SMMS-CR-00258,telecom_tower,NDLS-UMB,CR,2004,21,0,122,22.3,5.83,0,36.9,2.4,0
SMMS-ECoR-00259,track_circuit,NGP-BZA,ECoR,1995,30,0,45,55.3,3.15,1,33.9,3.6,0
SMMS-NFR-00260,data_logger,KZJ-BZA,NFR,2020,5,0,8,8.8,7.19,1,46.6,2.0,0
SMMS-SECR-00261,colour_light_signal,AZ-MGS,SECR,2006,19,0,65,38.2,6.85,1,34.2,3.6,0
SMMS-NWR-00262,track_circuit,HWH-BWN,NWR,1992,33,0,13,60.3,4.96,0,36.0,5.2,0
SMMS-ER-00263,colour_light_signal,BZA-MAS,ER,2009,16,1,64,33.6,5.44,0,38.0,3.2,0
SMMS-NCR-00264,level_crossing_gate,CNB-NDLS,NCR,1991,34,5,25,78.9,3.98,0,27.7,6.7,1
SMMS-NR-00265,OFC_cable,BRC-ST,NR,1998,27,1,26,67.5,4.09,0,35.5,4.4,0
SMMS-NFR-00266,relay_room,MGS-ALD,NFR,2012,13,2,19,31.3,8.34,0,43.6,3.0,0
SMMS-NFR-00267,colour_light_signal,BRC-ST,NFR,2022,3,1,11,4.9,8.41,0,43.9,1.2,0
SMMS-WR-00268,colour_light_signal,ADI-BRC,WR,2020,5,0,46,13.9,9.89,0,42.7,1.4,0
SMMS-SECR-00269,track_circuit,CSTM-KYN,SECR,2008,17,0,27,29.9,6.74,1,40.2,2.7,0
SMMS-NFR-00270,point_machine,JHS-BPL,NFR,1993,32,0,5,54.6,5.9,0,35.1,4.6,0
SMMS-SR-00271,point_machine,HWH-BWN,SR,2004,21,1,15,35.3,5.41,5,40.2,3.7,1
SMMS-CR-00272,level_crossing_gate,BWN-AZ,CR,2018,7,1,58,15.9,7.86,0,43.9,3.4,0
SMMS-SWR-00273,BPAC_panel,ASR-JUC,SWR,1995,30,3,14,67.2,1.71,1,33.6,6.0,0
SMMS-WCR-00274,colour_light_signal,BPL-NGP,WCR,1996,29,0,46,56.5,5.75,0,29.2,3.4,0
SMMS-SR-00275,colour_light_signal,CBE-TVC,SR,2016,9,1,9,14.7,9.76,0,43.4,2.6,0
SMMS-ECoR-00276,colour_light_signal,BPL-NGP,ECoR,2014,11,8,56,49.6,7.13,0,44.8,7.2,1
SMMS-SCR-00277,OFC_cable,CNB-NDLS,SCR,1990,35,1,22,59.5,2.65,0,23.0,4.2,0
SMMS-ER-00278,axle_counter,NGP-BZA,ER,1998,27,2,5,54.6,4.08,0,36.6,5.0,0
SMMS-ECoR-00279,colour_light_signal,BPL-NGP,ECoR,2011,14,0,41,28.1,6.2,0,37.3,2.7,0
SMMS-SECR-00280,telecom_tower,BPL-NGP,SECR,2011,14,1,34,27.8,6.09,0,37.5,3.1,0
SMMS-NCR-00281,point_machine,UMB-LDH,NCR,1991,34,5,33,75.1,3.94,0,32.4,7.3,1
SMMS-ECoR-00282,OFC_cable,HWH-BWN,ECoR,1995,30,0,121,53.5,2.13,0,31.4,4.2,0
SMMS-NR-00283,level_crossing_gate,LTT-NED,NR,2018,7,2,18,23.1,8.55,0,48.4,3.3,0
SMMS-ECR-00284,level_crossing_gate,UMB-LDH,ECR,1990,35,1,92,63.5,2.38,2,24.6,4.8,0
SMMS-SCR-00285,axle_counter,BZA-MAS,SCR,2006,19,0,5,37.5,7.23,3,39.3,4.1,1
SMMS-WCR-00286,colour_light_signal,BCT-RTM,WCR,2021,4,2,131,13.1,10.0,1,52.1,2.6,1
SMMS-ER-00287,level_crossing_gate,MGS-ALD,ER,1993,32,1,32,64.1,4.4,1,35.1,5.0,0
SMMS-NER-00288,OFC_cable,BZA-MAS,NER,1994,31,0,28,62.2,3.9,2,30.4,4.4,0
SMMS-NCR-00289,BPAC_panel,SC-KZJ,NCR,2012,13,0,88,18.6,6.93,1,38.1,2.0,1
SMMS-ECR-00290,level_crossing_gate,CBE-TVC,ECR,2006,19,0,40,38.9,5.19,0,38.8,3.9,0
SMMS-SWR-00291,point_machine,JHS-BPL,SWR,2013,12,0,29,28.8,9.37,0,39.7,3.4,0
SMMS-SR-00292,point_machine,ADI-BRC,SR,1995,30,1,19,47.5,4.82,0,31.0,4.3,0
SMMS-NWR-00293,point_machine,UMB-LDH,NWR,1992,33,0,43,55.6,3.43,0,28.9,4.5,0
SMMS-NCR-00294,level_crossing_gate,KYN-IGP,NCR,2005,20,0,5,41.5,6.4,0,37.8,4.1,0
SMMS-NR-00295,relay_room,CNB-NDLS,NR,2018,7,1,11,20.1,7.84,1,47.3,2.6,0
SMMS-WCR-00296,point_machine,MAS-ED,WCR,1999,26,3,5,44.0,5.29,1,36.0,4.5,0
SMMS-NFR-00297,track_circuit,ST-BCT,NFR,2018,7,3,28,18.0,8.53,0,41.0,2.9,0
SMMS-ER-00298,track_circuit,KYN-IGP,ER,2020,5,2,5,16.1,8.43,0,48.1,3.3,0
SMMS-NCR-00299,track_circuit,AZ-MGS,NCR,1992,33,0,66,54.0,3.4,1,26.3,4.1,0
SMMS-NCR-00300,colour_light_signal,MGS-ALD,NCR,2011,14,0,13,22.7,6.31,0,40.4,2.7,0
SMMS-NER-00301,data_logger,AZ-MGS,NER,1990,35,0,38,62.7,1.9,0,34.2,4.9,0
SMMS-ECR-00302,OFC_cable,JUC-ADI,ECR,2020,5,0,16,8.3,8.49,0,43.0,2.2,1
SMMS-NCR-00303,telecom_tower,UMB-LDH,NCR,1994,31,2,48,60.3,3.26,0,28.6,4.5,0
SMMS-ECR-00304,axle_counter,ASR-JUC,ECR,2016,9,1,17,21.2,6.54,0,44.5,3.2,1
SMMS-SWR-00305,relay_room,BRC-ST,SWR,2009,16,2,19,39.7,7.13,1,39.2,5.1,1
SMMS-SECR-00306,OFC_cable,KZJ-BZA,SECR,1990,35,0,26,65.6,5.05,2,35.0,4.8,0
SMMS-NFR-00307,axle_counter,MGS-ALD,NFR,2012,13,1,15,25.4,7.32,0,39.3,3.7,1
SMMS-NR-00308,OFC_cable,ADI-BRC,NR,1993,32,0,7,66.2,2.89,0,29.2,4.0,0
SMMS-NCR-00309,axle_counter,ADI-BRC,NCR,2019,6,0,22,9.1,8.27,1,44.5,2.0,0
SMMS-NWR-00310,track_circuit,BRC-ST,NWR,1993,32,0,43,60.0,3.46,0,30.9,3.5,0
SMMS-NWR-00311,level_crossing_gate,HWH-BWN,NWR,1996,29,3,15,52.5,2.17,0,37.3,5.5,0
SMMS-WCR-00312,track_circuit,MAS-ED,WCR,2017,8,0,66,2.9,6.99,1,46.5,1.1,0
SMMS-SCR-00313,BPAC_panel,CSTM-KYN,SCR,2020,5,1,68,6.9,8.84,0,48.5,1.9,0
SMMS-WCR-00314,axle_counter,UMB-LDH,WCR,2006,19,0,9,29.2,6.93,0,38.9,2.5,0
SMMS-NR-00315,point_machine,MGS-ALD,NR,2003,22,0,12,37.4,5.82,0,37.3,3.9,0
SMMS-SR-00316,colour_light_signal,KYN-IGP,SR,2008,17,0,5,39.2,7.32,1,35.7,4.0,0
SMMS-NER-00317,telecom_tower,BRC-ST,NER,1996,29,5,17,78.0,4.34,0,32.5,6.5,1
SMMS-NCR-00318,point_machine,NGP-BZA,NCR,2012,13,1,97,25.9,7.19,2,39.9,3.1,0
SMMS-SWR-00319,point_machine,BRC-ST,SWR,1991,34,0,60,68.1,3.03,0,30.3,4.4,0
SMMS-SR-00320,OFC_cable,BZA-MAS,SR,2001,24,1,129,48.2,4.91,1,32.7,4.2,0
SMMS-SECR-00321,relay_room,BRC-ST,SECR,2000,25,0,9,48.2,4.57,0,37.9,3.2,0
SMMS-ECoR-00322,relay_room,CNB-NDLS,ECoR,2018,7,0,33,6.9,8.7,2,47.9,1.5,1
SMMS-CR-00323,colour_light_signal,ED-CBE,CR,2017,8,3,18,28.5,7.44,1,46.7,3.8,0
SMMS-WR-00324,point_machine,CBE-TVC,WR,2021,4,0,38,4.9,7.83,0,50.7,2.2,0
SMMS-ECoR-00325,track_circuit,BRC-ST,ECoR,1996,29,1,54,51.7,4.29,0,35.1,4.2,0
SMMS-ER-00326,data_logger,LTT-NED,ER,2006,19,0,5,33.7,5.58,0,36.8,3.9,0
SMMS-SECR-00327,track_circuit,BZA-MAS,SECR,1991,34,2,5,79.0,2.55,0,32.5,5.7,1
SMMS-WCR-00328,colour_light_signal,KYN-IGP,WCR,2011,14,1,5,31.4,7.48,0,47.5,2.5,0
SMMS-WCR-00329,track_circuit,AGC-JHS,WCR,2017,8,0,13,11.7,6.91,0,42.2,1.4,0
SMMS-NFR-00330,point_machine,AGC-JHS,NFR,1991,34,0,54,60.1,2.17,0,35.0,4.2,0
SMMS-ER-00331,level_crossing_gate,ALD-CNB,ER,2017,8,0,40,15.7,9.16,1,47.2,3.6,0
SMMS-NWR-00332,track_circuit,JUC-ADI,NWR,2009,16,0,14,36.9,6.78,1,40.5,3.2,0
SMMS-SR-00333,axle_counter,JHS-BPL,SR,2000,25,2,77,48.1,4.86,0,34.5,4.2,0
SMMS-SWR-00334,axle_counter,MAS-ED,SWR,2010,15,2,52,30.3,7.0,0,39.4,3.8,0
SMMS-NCR-00335,colour_light_signal,BRC-ST,NCR,2007,18,3,144,32.0,6.31,2,44.1,4.7,0
SMMS-NR-00336,colour_light_signal,LTT-NED,NR,2020,5,0,46,11.3,8.73,1,42.8,2.3,0
SMMS-SECR-00337,colour_light_signal,BPL-NGP,SECR,1992,33,0,50,54.1,3.09,0,31.8,4.1,0
SMMS-SECR-00338,colour_light_signal,MGS-ALD,SECR,2008,17,0,69,37.2,5.99,0,35.7,4.4,0
SMMS-NWR-00339,OFC_cable,AZ-MGS,NWR,1996,29,0,103,48.7,2.88,0,30.2,4.4,0
SMMS-WR-00340,relay_room,BPL-NGP,WR,2019,6,0,12,10.6,9.57,1,48.3,2.1,0
SMMS-ER-00341,point_machine,KZJ-BZA,ER,2000,25,1,41,46.7,5.35,0,38.1,4.8,0
SMMS-CR-00342,point_machine,NGP-BZA,CR,2000,25,1,21,47.9,4.34,0,34.5,4.2,0
SMMS-NWR-00343,colour_light_signal,BPL-NGP,NWR,2006,19,0,10,27.2,5.13,0,40.1,2.8,0
SMMS-SR-00344,point_machine,JUC-ADI,SR,2021,4,3,8,11.1,9.72,0,44.1,2.6,0
SMMS-ECoR-00345,point_machine,CBE-TVC,ECoR,1993,32,2,5,67.5,3.95,2,31.2,5.0,0
SMMS-ER-00346,data_logger,HWH-BWN,ER,1995,30,0,75,57.8,4.5,0,29.2,4.4,0
SMMS-NCR-00347,colour_light_signal,BWN-AZ,NCR,2019,6,1,5,15.6,8.58,0,42.7,2.1,0
SMMS-WCR-00348,point_machine,CBE-TVC,WCR,2002,23,1,209,44.1,5.61,0,40.8,4.7,0
SMMS-CR-00349,level_crossing_gate,SC-KZJ,CR,1990,35,0,133,59.6,5.91,0,29.8,4.6,1
SMMS-SCR-00350,data_logger,KZJ-BZA,SCR,2000,25,4,30,54.5,3.6,0,33.6,5.3,1
SMMS-ECoR-00351,data_logger,LDH-ASR,ECoR,2005,20,1,54,39.2,5.3,0,36.3,3.8,0
SMMS-WR-00352,colour_light_signal,AWB-SC,WR,2014,11,1,24,29.6,8.91,0,41.2,3.9,0
SMMS-SER-00353,track_circuit,ASR-JUC,SER,1991,34,3,9,67.3,4.0,0,29.7,5.8,1
SMMS-SCR-00354,track_circuit,ADI-BRC,SCR,2016,9,6,53,28.9,7.88,0,43.8,4.7,1
SMMS-WR-00355,colour_light_signal,JHS-BPL,WR,2009,16,0,23,30.2,7.57,0,41.4,4.2,0
SMMS-ECoR-00356,colour_light_signal,ASR-JUC,ECoR,2019,6,0,80,7.9,10.0,0,46.9,1.5,0
SMMS-SR-00357,track_circuit,CBE-TVC,SR,2006,19,0,78,48.5,6.4,0,41.0,3.8,0
SMMS-SCR-00358,telecom_tower,AGC-JHS,SCR,2014,11,0,127,19.1,10.0,0,45.1,1.7,0
SMMS-NER-00359,track_circuit,MGS-ALD,NER,2005,20,0,47,37.1,5.01,0,36.1,3.9,0
SMMS-ECR-00360,OFC_cable,LDH-ASR,ECR,2010,15,0,27,24.7,7.18,0,39.4,2.8,0
SMMS-SCR-00361,axle_counter,UMB-LDH,SCR,2007,18,0,32,28.3,6.31,0,39.4,3.6,0
SMMS-NFR-00362,data_logger,AZ-MGS,NFR,1999,26,0,17,44.3,3.88,0,36.0,4.1,0
SMMS-ER-00363,point_machine,BCT-RTM,ER,1995,30,1,43,62.5,4.45,1,28.8,4.2,0
SMMS-ECoR-00364,colour_light_signal,JUC-ADI,ECoR,2006,19,0,5,33.0,5.35,1,38.0,2.8,1
SMMS-NFR-00365,colour_light_signal,ASR-JUC,NFR,2001,24,4,191,51.0,5.33,0,30.5,4.5,1
SMMS-ECoR-00366,colour_light_signal,AZ-MGS,ECoR,2022,3,0,5,4.0,9.98,0,47.8,1.3,0
SMMS-SWR-00367,BPAC_panel,BCT-RTM,SWR,2019,6,2,36,17.6,8.16,0,46.8,1.7,0
SMMS-NR-00368,axle_counter,BWN-AZ,NR,2012,13,0,13,26.0,6.52,0,39.5,2.8,0
SMMS-SR-00369,axle_counter,CBE-TVC,SR,1992,33,1,69,65.9,2.5,0,32.2,5.3,0
SMMS-WR-00370,colour_light_signal,BPL-NGP,WR,1998,27,0,39,40.1,4.01,0,33.5,3.4,0
SMMS-WCR-00371,colour_light_signal,KYN-IGP,WCR,1992,33,1,37,63.1,3.72,0,32.3,5.2,0
SMMS-NFR-00372,point_machine,ST-BCT,NFR,1998,27,2,55,50.3,3.84,2,33.8,4.3,0
SMMS-NFR-00373,OFC_cable,BZA-MAS,NFR,2008,17,3,5,38.2,5.76,0,44.2,4.4,0
SMMS-SER-00374,relay_room,ADI-BRC,SER,2011,14,1,14,29.5,8.01,0,41.4,2.6,0
SMMS-NR-00375,axle_counter,CNB-NDLS,NR,2003,22,1,28,43.6,4.95,1,38.4,4.1,0
SMMS-SECR-00376,colour_light_signal,KZJ-BZA,SECR,2020,5,1,15,18.2,9.5,2,44.8,2.9,0
SMMS-WCR-00377,colour_light_signal,BPL-NGP,WCR,2012,13,1,5,23.6,8.13,0,40.6,3.0,0
SMMS-NCR-00378,point_machine,BPL-NGP,NCR,2022,3,0,14,2.4,8.72,1,48.5,1.5,0
SMMS-NWR-00379,BPAC_panel,MGS-ALD,NWR,2017,8,0,24,14.1,7.77,0,42.7,2.7,0
SMMS-ER-00380,OFC_cable,BPL-NGP,ER,2010,15,0,6,32.1,6.06,0,42.3,3.1,0
SMMS-SECR-00381,telecom_tower,BPL-NGP,SECR,2015,10,5,43,28.1,8.43,0,43.0,4.6,1
SMMS-ECR-00382,colour_light_signal,UMB-LDH,ECR,1999,26,0,5,42.5,4.93,0,36.3,4.0,0
SMMS-SCR-00383,BPAC_panel,ASR-JUC,SCR,2012,13,0,88,30.2,5.86,0,40.4,3.5,0
SMMS-WR-00384,colour_light_signal,KZJ-BZA,WR,1992,33,1,18,59.9,3.02,0,31.6,4.5,0
SMMS-NWR-00385,relay_room,BRC-ST,NWR,1999,26,0,17,51.2,4.58,1,32.5,4.6,0
SMMS-SWR-00386,relay_room,JUC-ADI,SWR,1990,35,0,9,62.4,2.51,0,32.9,4.6,0
SMMS-SECR-00387,point_machine,BPL-NGP,SECR,2017,8,2,26,21.7,10.0,0,42.7,3.8,0
SMMS-ECR-00388,OFC_cable,BCT-RTM,ECR,2002,23,0,71,43.2,6.27,0,33.2,3.9,0
SMMS-NR-00389,track_circuit,NDLS-UMB,NR,2003,22,1,35,35.5,5.87,0,34.4,3.5,0
SMMS-ECR-00390,relay_room,NDLS-UMB,ECR,1990,35,0,66,60.8,2.9,0,29.3,4.4,0
SMMS-WR-00391,relay_room,KZJ-BZA,WR,1991,34,3,138,71.3,3.48,1,33.0,5.4,1
SMMS-SR-00392,data_logger,SC-KZJ,SR,1995,30,0,39,53.7,3.46,0,35.7,4.2,0
SMMS-ECoR-00393,relay_room,KZJ-BZA,ECoR,2007,18,0,7,38.0,7.69,0,38.9,2.6,0
SMMS-ECR-00394,relay_room,CNB-NDLS,ECR,2007,18,4,14,37.1,5.83,0,33.4,4.3,1
SMMS-SR-00395,axle_counter,KYN-IGP,SR,2011,14,0,43,27.7,7.72,1,39.4,2.8,0
SMMS-ECoR-00396,colour_light_signal,CNB-NDLS,ECoR,2001,24,1,60,55.6,5.97,0,35.2,3.9,0
SMMS-CR-00397,point_machine,CBE-TVC,CR,2000,25,0,42,48.4,4.23,0,30.5,3.2,0
SMMS-SER-00398,track_circuit,LTT-NED,SER,1998,27,1,34,55.5,4.73,1,30.7,4.5,0
SMMS-NFR-00399,point_machine,AZ-MGS,NFR,2017,8,4,104,25.1,8.68,1,44.9,3.2,1
SMMS-SR-00400,colour_light_signal,NDLS-UMB,SR,2008,17,5,27,49.0,5.55,0,41.8,4.4,1
SMMS-SWR-00401,axle_counter,ASR-JUC,SWR,2009,16,0,43,35.9,6.83,1,42.1,3.5,0
SMMS-SCR-00402,BPAC_panel,SC-KZJ,SCR,1993,32,0,14,59.5,4.13,2,35.3,4.6,0
SMMS-WCR-00403,relay_room,JHS-BPL,WCR,2016,9,0,19,18.8,8.08,2,46.0,2.5,0
SMMS-NER-00404,relay_room,ALD-CNB,NER,1990,35,3,10,71.7,1.97,0,28.7,6.0,1
SMMS-NCR-00405,colour_light_signal,BZA-MAS,NCR,2016,9,1,64,19.7,7.66,1,41.5,3.0,0
SMMS-NER-00406,OFC_cable,UMB-LDH,NER,2017,8,0,8,20.3,9.88,0,44.9,2.2,0
SMMS-NFR-00407,colour_light_signal,BCT-RTM,NFR,1990,35,1,10,66.1,3.5,1,29.0,4.7,0
SMMS-CR-00408,point_machine,JHS-BPL,CR,1992,33,4,5,65.5,3.15,1,31.3,7.1,1
SMMS-SECR-00409,data_logger,LDH-ASR,SECR,1993,32,0,53,55.5,5.3,0,35.9,4.5,0
SMMS-NER-00410,telecom_tower,ASR-JUC,NER,2016,9,0,5,9.6,9.49,0,39.0,1.6,0
SMMS-SWR-00411,colour_light_signal,AGC-JHS,SWR,2012,13,0,5,27.4,7.26,2,33.6,3.3,0
SMMS-NWR-00412,colour_light_signal,KYN-IGP,NWR,2016,9,0,39,13.2,8.23,0,49.6,2.2,0
SMMS-ECoR-00413,track_circuit,UMB-LDH,ECoR,2014,11,1,18,25.7,7.7,0,41.9,2.9,0
SMMS-ER-00414,OFC_cable,LTT-NED,ER,2007,18,4,104,36.8,6.86,1,38.5,4.4,0
SMMS-CR-00415,colour_light_signal,HWH-BWN,CR,1991,34,0,83,50.3,2.91,0,26.6,3.4,0
SMMS-NFR-00416,colour_light_signal,UMB-LDH,NFR,1999,26,1,27,43.2,5.85,0,29.3,3.8,1
SMMS-NWR-00417,axle_counter,ST-BCT,NWR,2015,10,0,5,26.6,6.72,0,41.2,2.9,0
SMMS-SCR-00418,axle_counter,AWB-SC,SCR,2016,9,2,31,19.6,9.89,2,44.6,3.5,0
SMMS-SER-00419,colour_light_signal,HWH-BWN,SER,2021,4,3,207,24.3,9.99,1,42.3,3.2,0
SMMS-ECR-00420,track_circuit,MGS-ALD,ECR,2000,25,0,43,42.7,5.62,2,31.5,3.9,0
SMMS-NFR-00421,OFC_cable,AGC-JHS,NFR,2018,7,0,63,25.8,8.18,1,41.4,2.9,0
SMMS-SWR-00422,point_machine,BCT-RTM,SWR,2002,23,1,20,46.1,5.93,0,35.9,4.8,0
SMMS-WR-00423,point_machine,CBE-TVC,WR,1997,28,0,5,54.1,4.06,1,30.7,4.2,0
SMMS-WR-00424,colour_light_signal,UMB-LDH,WR,2013,12,0,112,30.1,8.77,0,46.6,3.3,1
SMMS-NFR-00425,track_circuit,BPL-NGP,NFR,2018,7,1,15,21.1,7.97,1,41.9,3.2,0
SMMS-SCR-00426,telecom_tower,KYN-IGP,SCR,1990,35,0,6,62.4,3.15,0,30.8,4.3,0
SMMS-SER-00427,axle_counter,BRC-ST,SER,2002,23,0,6,40.4,6.59,0,39.6,3.2,0
SMMS-CR-00428,colour_light_signal,CSTM-KYN,CR,2014,11,0,5,21.9,8.17,0,46.5,2.1,0
SMMS-NFR-00429,point_machine,CNB-NDLS,NFR,1996,29,0,22,55.9,3.88,0,29.7,3.8,0
SMMS-ER-00430,OFC_cable,MAS-ED,ER,2011,14,0,78,27.4,5.42,0,33.7,2.8,0
SMMS-ER-00431,OFC_cable,ASR-JUC,ER,2022,3,1,6,18.8,8.84,2,43.6,2.8,0
SMMS-SER-00432,track_circuit,NGP-BZA,SER,2004,21,1,56,34.5,6.7,1,34.3,4.3,0
SMMS-ECoR-00433,colour_light_signal,HWH-BWN,ECoR,1992,33,0,5,61.8,5.64,0,25.9,4.5,0
SMMS-SR-00434,axle_counter,MAS-ED,SR,1997,28,0,5,51.1,3.99,0,35.5,3.2,0
SMMS-NER-00435,OFC_cable,BWN-AZ,NER,1990,35,0,5,70.6,0.53,0,31.7,5.6,1
SMMS-ER-00436,point_machine,CNB-NDLS,ER,2001,24,3,29,51.7,4.39,0,29.5,5.5,0
SMMS-SWR-00437,OFC_cable,KYN-IGP,SWR,2020,5,0,84,10.7,9.83,0,42.3,1.8,0
SMMS-NR-00438,point_machine,ED-CBE,NR,2017,8,1,54,11.1,8.69,0,43.0,1.6,0
SMMS-ECoR-00439,colour_light_signal,AGC-JHS,ECoR,2008,17,0,79,22.9,7.75,1,42.0,2.6,0
SMMS-NCR-00440,OFC_cable,ED-CBE,NCR,2007,18,2,79,37.1,7.9,0,38.2,3.7,0
SMMS-ECR-00441,colour_light_signal,HWH-BWN,ECR,2002,23,2,5,47.6,4.82,3,45.5,5.0,1
SMMS-NWR-00442,point_machine,NGP-BZA,NWR,2011,14,1,32,27.2,8.69,1,39.3,4.3,0
SMMS-CR-00443,data_logger,ED-CBE,CR,2002,23,0,62,44.0,6.44,2,39.4,3.9,0
SMMS-SECR-00444,axle_counter,AGC-JHS,SECR,1995,30,2,119,62.6,3.25,0,32.6,5.4,0
SMMS-NFR-00445,colour_light_signal,LDH-ASR,NFR,1997,28,0,46,44.5,6.07,0,38.6,3.9,0
SMMS-NCR-00446,axle_counter,CNB-NDLS,NCR,2013,12,0,77,19.6,8.37,0,40.7,2.6,0
SMMS-ECoR-00447,axle_counter,ALD-CNB,ECoR,2005,20,0,18,35.2,5.97,0,38.0,2.6,0
SMMS-NWR-00448,axle_counter,AWB-SC,NWR,2008,17,1,48,36.4,7.95,0,44.5,3.2,1
SMMS-CR-00449,point_machine,ASR-JUC,CR,1992,33,0,18,65.3,3.94,0,29.1,4.7,0
SMMS-NWR-00450,track_circuit,LTT-NED,NWR,2011,14,0,8,17.4,8.35,0,46.8,2.3,0
SMMS-ER-00451,OFC_cable,JHS-BPL,ER,2011,14,4,5,27.4,6.29,0,42.8,4.2,1
SMMS-SECR-00452,telecom_tower,JHS-BPL,SECR,2012,13,3,86,28.7,8.55,0,42.7,3.6,0
SMMS-NCR-00453,axle_counter,LDH-ASR,NCR,1990,35,1,5,61.1,3.66,0,26.8,4.1,0
SMMS-WCR-00454,telecom_tower,ADI-BRC,WCR,2011,14,0,324,17.2,7.45,0,38.0,2.4,0
SMMS-SCR-00455,colour_light_signal,AGC-JHS,SCR,2005,20,1,28,35.7,6.74,0,39.2,4.4,0
SMMS-NFR-00456,point_machine,SC-KZJ,NFR,1992,33,2,28,61.4,5.12,0,34.5,4.9,0
SMMS-WCR-00457,BPAC_panel,SC-KZJ,WCR,1991,34,0,5,69.7,2.07,0,26.0,5.2,0
SMMS-ER-00458,level_crossing_gate,JHS-BPL,ER,1999,26,0,5,43.5,4.13,0,31.5,4.5,0
SMMS-SER-00459,data_logger,ST-BCT,SER,2005,20,7,50,56.3,5.11,0,37.3,7.5,1
SMMS-WR-00460,track_circuit,BRC-ST,WR,2002,23,0,23,45.0,8.25,0,40.7,3.5,0
SMMS-WR-00461,BPAC_panel,ED-CBE,WR,2011,14,2,7,41.0,7.59,1,38.2,4.4,0
SMMS-WR-00462,point_machine,ASR-JUC,WR,2008,17,9,9,57.2,8.53,2,35.4,6.7,1
SMMS-WCR-00463,point_machine,BCT-RTM,WCR,2007,18,0,10,45.6,7.53,0,39.5,3.9,0
SMMS-NR-00464,level_crossing_gate,KYN-IGP,NR,1999,26,0,66,42.9,4.53,0,37.8,3.2,0
SMMS-SR-00465,colour_light_signal,KZJ-BZA,SR,2008,17,3,37,35.9,7.16,4,31.7,4.1,1
SMMS-SR-00466,point_machine,BWN-AZ,SR,2016,9,0,5,15.8,8.73,0,39.4,3.2,0
SMMS-SECR-00467,OFC_cable,LDH-ASR,SECR,2003,22,0,46,36.5,7.0,0,33.7,4.1,0
SMMS-SWR-00468,relay_room,KZJ-BZA,SWR,2001,24,4,29,55.5,3.95,0,36.3,6.1,1
SMMS-ECoR-00469,OFC_cable,CSTM-KYN,ECoR,2001,24,1,34,47.7,5.98,0,31.9,4.2,0
SMMS-NR-00470,level_crossing_gate,MAS-ED,NR,2011,14,1,14,25.0,8.04,0,46.1,3.5,0
SMMS-SECR-00471,colour_light_signal,BCT-RTM,SECR,1998,27,1,5,63.6,5.32,1,30.2,5.6,0
SMMS-SER-00472,axle_counter,BCT-RTM,SER,2003,22,1,28,33.4,6.98,0,43.1,3.6,0
SMMS-WCR-00473,point_machine,HWH-BWN,WCR,2013,12,3,36,33.2,8.42,0,42.7,3.2,0
SMMS-SR-00474,track_circuit,HWH-BWN,SR,1992,33,0,41,54.8,1.34,1,34.7,4.1,0
SMMS-ECoR-00475,point_machine,AZ-MGS,ECoR,2015,10,0,23,17.5,9.02,1,41.5,1.9,0
SMMS-WR-00476,telecom_tower,BCT-RTM,WR,2015,10,0,32,17.1,7.37,0,44.1,2.1,0
SMMS-ECR-00477,telecom_tower,NDLS-AGC,ECR,1996,29,3,31,57.8,4.03,0,32.2,4.4,0
SMMS-ECoR-00478,track_circuit,KZJ-BZA,ECoR,2018,7,1,18,18.0,8.4,0,49.2,2.1,0
SMMS-SCR-00479,OFC_cable,MAS-ED,SCR,1994,31,1,65,60.6,4.82,0,34.7,4.0,0
SMMS-NR-00480,point_machine,ED-CBE,NR,2019,6,5,22,31.5,9.54,1,46.0,4.8,1
SMMS-WR-00481,point_machine,AWB-SC,WR,2001,24,2,10,56.0,5.5,0,38.2,6.1,0
SMMS-CR-00482,relay_room,NDLS-AGC,CR,2014,11,1,5,24.6,8.42,0,42.5,2.3,0
SMMS-SECR-00483,relay_room,BPL-NGP,SECR,2003,22,0,13,34.6,4.61,1,38.3,3.4,0
SMMS-SCR-00484,telecom_tower,JHS-BPL,SCR,2020,5,0,5,14.2,9.77,0,44.6,1.9,0
SMMS-ECoR-00485,OFC_cable,CNB-NDLS,ECoR,2001,24,1,27,41.4,5.29,0,34.7,4.1,0
SMMS-SCR-00486,BPAC_panel,ASR-JUC,SCR,1992,33,0,19,64.2,3.6,0,23.6,4.8,1
SMMS-NWR-00487,BPAC_panel,LTT-NED,NWR,2014,11,1,11,15.2,8.29,0,38.7,2.4,0
SMMS-NFR-00488,point_machine,BWN-AZ,NFR,2012,13,2,5,29.3,6.34,0,40.7,3.6,0
SMMS-NR-00489,BPAC_panel,MGS-ALD,NR,2019,6,0,65,4.8,8.64,0,46.2,1.3,0
SMMS-ECR-00490,point_machine,AZ-MGS,ECR,1994,31,2,167,65.0,5.16,4,38.3,5.6,1
SMMS-ER-00491,colour_light_signal,NDLS-AGC,ER,2022,3,1,79,6.6,10.0,0,49.1,3.0,0
SMMS-NFR-00492,axle_counter,BRC-ST,NFR,2001,24,0,61,40.4,4.8,0,33.1,4.3,0
SMMS-SECR-00493,track_circuit,BZA-MAS,SECR,2019,6,0,30,15.6,9.18,0,47.8,2.3,0
SMMS-NFR-00494,relay_room,BZA-MAS,NFR,2006,19,3,72,41.5,6.68,0,35.3,4.9,0
SMMS-NR-00495,point_machine,ASR-JUC,NR,2004,21,0,30,32.4,6.08,0,40.5,2.9,0
SMMS-SCR-00496,point_machine,BCT-RTM,SCR,1992,33,0,15,66.4,2.0,0,29.9,5.0,0
SMMS-SCR-00497,data_logger,ADI-BRC,SCR,2000,25,0,10,39.3,6.8,0,33.8,3.5,0
SMMS-NER-00498,relay_room,BRC-ST,NER,2003,22,0,9,35.8,5.05,0,38.7,3.3,0
SMMS-CR-00499,colour_light_signal,KZJ-BZA,CR,2006,19,3,24,46.5,5.93,0,38.1,4.9,0
SMMS-WR-00500,track_circuit,LDH-ASR,WR,2021,4,0,40,7.0,9.62,0,48.3,2.1,0
SMMS-NCR-00501,relay_room,AZ-MGS,NCR,2019,6,3,6,23.3,7.73,0,39.9,3.9,1
SMMS-SR-00502,OFC_cable,KYN-IGP,SR,1994,31,2,5,66.9,3.03,0,31.9,5.2,0
SMMS-SCR-00503,track_circuit,ASR-JUC,SCR,2002,23,2,5,45.4,5.38,1,35.6,4.6,0
SMMS-NWR-00504,point_machine,NDLS-UMB,NWR,2010,15,0,14,16.4,8.63,1,34.0,2.2,0
SMMS-SCR-00505,relay_room,ST-BCT,SCR,2015,10,0,51,21.6,7.35,0,43.8,2.7,0
SMMS-NER-00506,colour_light_signal,ASR-JUC,NER,1995,30,0,5,50.9,0.58,1,29.5,3.8,1
SMMS-NR-00507,OFC_cable,UMB-LDH,NR,1993,32,1,25,67.9,2.56,0,33.5,5.1,0
SMMS-NCR-00508,OFC_cable,LDH-ASR,NCR,2007,18,1,14,34.5,5.66,1,47.4,2.4,0
SMMS-SWR-00509,point_machine,CSTM-KYN,SWR,2020,5,1,98,10.8,9.51,0,44.7,3.0,0
SMMS-SECR-00510,colour_light_signal,MAS-ED,SECR,2013,12,0,127,18.9,8.79,1,41.7,2.3,0
SMMS-WR-00511,colour_light_signal,SC-KZJ,WR,1998,27,1,20,52.5,3.63,0,34.0,5.1,0
SMMS-NER-00512,track_circuit,LDH-ASR,NER,2016,9,1,151,15.2,9.26,0,47.1,2.6,0
SMMS-SECR-00513,colour_light_signal,ASR-JUC,SECR,1997,28,1,141,57.9,3.86,0,32.7,4.8,0
SMMS-NCR-00514,track_circuit,HWH-BWN,NCR,2015,10,1,34,24.5,7.22,0,43.6,3.9,0
SMMS-NR-00515,colour_light_signal,BZA-MAS,NR,2002,23,0,19,36.6,5.09,0,37.8,3.9,0
SMMS-SER-00516,track_circuit,AWB-SC,SER,1994,31,0,5,54.1,4.54,0,30.9,3.3,1
SMMS-SECR-00517,telecom_tower,JUC-ADI,SECR,2008,17,2,32,30.7,6.58,0,43.1,4.4,0
SMMS-ER-00518,relay_room,UMB-LDH,ER,2003,22,1,72,37.2,4.86,1,40.1,3.1,0
SMMS-SECR-00519,colour_light_signal,AZ-MGS,SECR,2021,4,0,20,10.2,8.95,0,45.8,2.2,0
SMMS-SER-00520,colour_light_signal,UMB-LDH,SER,2004,21,0,28,40.2,3.75,0,36.7,4.0,0
SMMS-SCR-00521,axle_counter,NDLS-AGC,SCR,2016,9,2,20,17.2,8.42,0,46.5,3.1,0
SMMS-ECR-00522,point_machine,KYN-IGP,ECR,2006,19,1,48,32.3,6.29,1,36.6,2.9,0
SMMS-WCR-00523,track_circuit,JUC-ADI,WCR,2016,9,1,32,23.2,8.17,2,38.7,3.3,0
SMMS-ECoR-00524,OFC_cable,BPL-NGP,ECoR,2016,9,3,28,27.3,9.73,0,41.4,3.7,0
SMMS-NR-00525,track_circuit,CSTM-KYN,NR,1997,28,2,9,50.6,3.67,0,36.2,5.4,0
SMMS-CR-00526,point_machine,BCT-RTM,CR,2015,10,2,35,29.3,8.77,0,46.3,3.8,0
SMMS-SR-00527,data_logger,BRC-ST,SR,2003,22,0,27,39.4,5.8,0,39.4,3.8,0
SMMS-SECR-00528,OFC_cable,JHS-BPL,SECR,1998,27,1,48,56.0,5.87,0,35.8,4.9,0
SMMS-SER-00529,relay_room,KZJ-BZA,SER,2001,24,1,40,49.5,5.5,0,31.5,4.7,0
SMMS-NER-00530,colour_light_signal,ST-BCT,NER,2004,21,0,13,32.4,7.1,1,39.1,3.1,0
SMMS-SWR-00531,axle_counter,BCT-RTM,SWR,2011,14,1,39,27.9,6.46,0,42.7,3.7,0
SMMS-NFR-00532,data_logger,ALD-CNB,NFR,2001,24,2,57,44.7,4.88,0,38.6,5.5,0
SMMS-SECR-00533,BPAC_panel,BRC-ST,SECR,2014,11,0,42,20.7,9.5,0,45.1,3.3,0
SMMS-SER-00534,colour_light_signal,NGP-BZA,SER,2022,3,1,27,11.1,9.15,0,44.2,2.6,0
SMMS-NER-00535,OFC_cable,HWH-BWN,NER,1993,32,0,43,60.3,2.55,0,35.7,4.5,0
SMMS-NR-00536,data_logger,CSTM-KYN,NR,1994,31,0,25,59.5,2.75,0,36.3,4.4,0
SMMS-CR-00537,point_machine,HWH-BWN,CR,2005,20,1,16,40.9,5.34,0,34.8,3.7,0
SMMS-SWR-00538,axle_counter,KZJ-BZA,SWR,1993,32,1,38,55.1,4.17,1,34.8,5.0,0
SMMS-NWR-00539,data_logger,ALD-CNB,NWR,2008,17,1,5,37.1,8.32,0,40.4,3.5,0
SMMS-ER-00540,data_logger,BPL-NGP,ER,2002,23,0,5,46.1,4.05,0,36.7,3.7,0
SMMS-WCR-00541,track_circuit,LDH-ASR,WCR,1992,33,0,8,61.3,3.77,0,33.5,3.6,0
SMMS-SR-00542,axle_counter,AWB-SC,SR,1994,31,3,154,64.1,3.7,0,31.3,6.1,0
SMMS-SER-00543,colour_light_signal,AZ-MGS,SER,2004,21,0,13,36.4,6.1,1,36.9,3.7,0
SMMS-CR-00544,axle_counter,BWN-AZ,CR,2016,9,3,27,18.4,6.23,0,46.0,3.6,0
SMMS-ER-00545,data_logger,LDH-ASR,ER,2022,3,0,33,9.8,10.0,0,50.0,2.2,0
SMMS-ECoR-00546,colour_light_signal,BCT-RTM,ECoR,2009,16,1,5,30.8,7.71,1,35.2,3.9,0
SMMS-SWR-00547,track_circuit,HWH-BWN,SWR,2006,19,0,5,37.5,5.43,4,35.7,2.8,1
SMMS-ER-00548,relay_room,BRC-ST,ER,1996,29,0,6,48.7,2.86,0,29.1,3.3,0
SMMS-WCR-00549,colour_light_signal,KYN-IGP,WCR,2004,21,0,9,49.5,4.33,0,34.8,3.9,0
SMMS-NCR-00550,colour_light_signal,ST-BCT,NCR,1992,33,0,5,62.9,3.48,0,29.5,4.7,0
SMMS-NFR-00551,BPAC_panel,MAS-ED,NFR,1991,34,0,42,59.9,2.6,0,33.8,4.8,0
SMMS-NWR-00552,level_crossing_gate,BRC-ST,NWR,2009,16,0,5,21.3,7.75,0,38.9,2.4,0
SMMS-NFR-00553,OFC_cable,AGC-JHS,NFR,2006,19,0,90,37.0,7.66,1,40.3,2.9,0
SMMS-SWR-00554,level_crossing_gate,MGS-ALD,SWR,2020,5,0,27,8.9,8.03,4,44.2,2.2,1
SMMS-SECR-00555,colour_light_signal,KZJ-BZA,SECR,2006,19,0,8,22.1,6.78,0,42.2,2.9,0
SMMS-SCR-00556,data_logger,NDLS-AGC,SCR,1999,26,0,10,41.7,4.34,1,31.6,4.0,0
SMMS-NFR-00557,telecom_tower,ADI-BRC,NFR,2012,13,3,41,30.1,7.97,0,41.3,3.8,0
SMMS-NWR-00558,point_machine,NDLS-UMB,NWR,2019,6,1,5,21.3,10.0,0,38.8,3.0,0
SMMS-SWR-00559,relay_room,BCT-RTM,SWR,1991,34,0,5,61.6,2.88,0,29.5,3.7,0
SMMS-NFR-00560,point_machine,ALD-CNB,NFR,1995,30,0,64,59.3,4.58,0,33.9,4.5,0
SMMS-ER-00561,colour_light_signal,LDH-ASR,ER,2002,23,2,27,49.3,3.91,1,42.2,5.5,0
SMMS-NER-00562,BPAC_panel,MGS-ALD,NER,2013,12,0,75,25.7,7.77,0,48.4,3.1,0
SMMS-ECR-00563,telecom_tower,BWN-AZ,ECR,1992,33,1,120,66.6,4.6,0,35.8,4.7,0
SMMS-CR-00564,colour_light_signal,JUC-ADI,CR,2018,7,3,24,31.3,7.57,1,43.7,3.5,0
SMMS-WR-00565,relay_room,NDLS-AGC,WR,2005,20,0,14,24.6,5.97,0,33.8,3.1,0
SMMS-SR-00566,level_crossing_gate,BZA-MAS,SR,2013,12,3,18,30.3,6.67,1,40.1,4.5,0
SMMS-NWR-00567,point_machine,MAS-ED,NWR,1993,32,0,89,60.3,3.59,1,35.7,3.9,0
SMMS-NFR-00568,OFC_cable,SC-KZJ,NFR,1996,29,1,259,61.0,5.44,0,30.3,4.1,0
SMMS-SWR-00569,track_circuit,LDH-ASR,SWR,2009,16,0,19,30.2,6.1,0,40.3,2.6,0
SMMS-SWR-00570,colour_light_signal,NDLS-AGC,SWR,2004,21,0,133,34.6,4.54,1,38.2,3.9,0
SMMS-NCR-00571,relay_room,KZJ-BZA,NCR,1998,27,4,28,56.9,6.47,0,36.7,6.1,1
SMMS-WCR-00572,point_machine,HWH-BWN,WCR,1992,33,2,5,63.7,4.6,0,27.9,4.9,0
SMMS-SER-00573,axle_counter,NGP-BZA,SER,2014,11,1,9,25.0,7.27,1,35.7,3.7,0
SMMS-ER-00574,colour_light_signal,NGP-BZA,ER,1992,33,0,19,59.4,3.65,0,31.0,4.3,0
SMMS-SCR-00575,colour_light_signal,NDLS-UMB,SCR,2004,21,3,17,45.4,5.35,0,33.4,5.4,0
SMMS-CR-00576,colour_light_signal,ASR-JUC,CR,2000,25,0,67,44.5,5.82,1,32.5,4.2,0
SMMS-SR-00577,point_machine,MGS-ALD,SR,2013,12,1,61,31.3,8.11,0,40.4,4.3,0
SMMS-NCR-00578,colour_light_signal,KYN-IGP,NCR,1995,30,0,5,47.8,4.43,0,36.3,3.3,0
SMMS-NR-00579,point_machine,NDLS-AGC,NR,2010,15,0,5,30.6,7.15,4,37.2,3.3,1
SMMS-ER-00580,point_machine,KZJ-BZA,ER,2003,22,0,49,32.7,5.91,0,36.9,2.6,0
SMMS-CR-00581,point_machine,MGS-ALD,CR,2016,9,1,22,18.3,7.78,0,40.1,1.9,0
SMMS-SECR-00582,colour_light_signal,ED-CBE,SECR,2002,23,0,7,38.8,6.07,1,40.1,3.5,0
SMMS-ECR-00583,colour_light_signal,CSTM-KYN,ECR,2012,13,0,5,15.6,8.26,1,39.8,2.0,0
SMMS-NR-00584,point_machine,KZJ-BZA,NR,1991,34,0,9,56.6,2.36,1,26.5,3.8,0
SMMS-NWR-00585,track_circuit,ADI-BRC,NWR,2020,5,3,127,28.7,10.0,0,41.2,4.2,0
SMMS-NFR-00586,point_machine,MGS-ALD,NFR,2002,23,1,5,43.8,4.79,1,38.1,3.7,0
SMMS-SECR-00587,colour_light_signal,UMB-LDH,SECR,2005,20,2,32,27.0,5.66,2,37.9,3.2,0
SMMS-SWR-00588,relay_room,CBE-TVC,SWR,1990,35,0,5,63.0,4.54,1,28.2,4.3,0
SMMS-NWR-00589,track_circuit,ED-CBE,NWR,1991,34,0,93,65.9,3.1,0,27.1,4.7,0
SMMS-NR-00590,axle_counter,ADI-BRC,NR,2021,4,0,28,9.4,10.0,1,42.8,2.2,0
SMMS-ECoR-00591,track_circuit,ADI-BRC,ECoR,1991,34,1,110,57.9,2.83,0,37.9,5.7,0
SMMS-ECR-00592,track_circuit,NGP-BZA,ECR,1993,32,0,15,44.6,3.63,0,27.9,3.3,0
SMMS-ECR-00593,track_circuit,AWB-SC,ECR,1991,34,0,20,59.5,2.8,0,31.4,4.6,0
SMMS-SCR-00594,data_logger,KYN-IGP,SCR,1993,32,0,55,57.3,1.67,0,31.6,5.2,0
SMMS-ECoR-00595,track_circuit,KYN-IGP,ECoR,2002,23,2,113,40.4,5.82,1,36.2,4.0,0
SMMS-SCR-00596,axle_counter,LDH-ASR,SCR,1990,35,3,6,68.4,2.56,1,24.0,6.3,0
SMMS-NR-00597,track_circuit,SC-KZJ,NR,1992,33,0,20,52.0,2.3,0,37.3,4.2,0
SMMS-SWR-00598,axle_counter,NDLS-AGC,SWR,2004,21,3,141,58.9,5.55,0,40.1,5.3,0
SMMS-SR-00599,colour_light_signal,AZ-MGS,SR,1992,33,2,15,65.8,2.68,0,32.2,5.2,0
SMMS-SWR-00600,colour_light_signal,AWB-SC,SWR,2022,3,0,110,0.7,8.99,2,45.5,1.2,0
SMMS-WR-00601,axle_counter,BRC-ST,WR,2003,22,0,38,38.0,3.81,0,34.0,3.3,0
SMMS-WCR-00602,level_crossing_gate,MGS-ALD,WCR,1999,26,1,26,50.5,7.19,0,38.2,5.0,0
SMMS-SER-00603,point_machine,BPL-NGP,SER,2012,13,3,16,27.7,6.12,0,41.9,3.7,1
SMMS-NER-00604,colour_light_signal,NDLS-AGC,NER,1997,28,1,28,54.2,5.53,1,34.3,3.8,0
SMMS-SER-00605,telecom_tower,LDH-ASR,SER,1990,35,4,42,78.6,3.54,0,29.1,6.8,1
SMMS-NWR-00606,colour_light_signal,HWH-BWN,NWR,2017,8,4,49,28.6,8.24,0,40.6,3.7,1
SMMS-SER-00607,data_logger,BPL-NGP,SER,2000,25,3,5,56.6,4.05,0,29.8,5.9,0
SMMS-SCR-00608,axle_counter,MAS-ED,SCR,1998,27,2,40,56.3,4.79,0,35.4,4.5,0
SMMS-SER-00609,colour_light_signal,CSTM-KYN,SER,2000,25,0,89,31.6,5.25,1,38.4,2.7,0
SMMS-ECoR-00610,colour_light_signal,AGC-JHS,ECoR,1990,35,3,22,59.8,3.2,1,31.9,5.2,0
SMMS-NR-00611,axle_counter,BZA-MAS,NR,1992,33,0,11,63.3,2.99,0,27.9,4.8,0
SMMS-NR-00612,OFC_cable,CBE-TVC,NR,2012,13,0,48,25.2,7.54,0,40.2,2.4,0
SMMS-SWR-00613,BPAC_panel,ST-BCT,SWR,2008,17,4,5,41.0,7.64,0,35.5,5.3,1
SMMS-ECoR-00614,point_machine,MAS-ED,ECoR,1998,27,1,107,44.6,3.68,0,33.8,4.5,0
SMMS-ECR-00615,OFC_cable,MAS-ED,ECR,1995,30,0,28,49.9,3.61,0,31.5,3.9,0
SMMS-NER-00616,track_circuit,MGS-ALD,NER,2005,20,0,43,40.8,4.4,0,32.8,3.7,0
SMMS-NR-00617,relay_room,MAS-ED,NR,2008,17,5,17,45.0,6.05,0,38.6,5.5,1
SMMS-ER-00618,colour_light_signal,BRC-ST,ER,2008,17,0,22,27.5,6.3,0,36.4,2.4,0
SMMS-SECR-00619,track_circuit,HWH-BWN,SECR,1992,33,0,34,59.7,5.55,0,32.1,5.4,0
SMMS-NWR-00620,colour_light_signal,ASR-JUC,NWR,2002,23,0,174,42.4,4.62,0,42.3,3.6,0
SMMS-CR-00621,axle_counter,UMB-LDH,CR,2015,10,0,48,16.6,7.04,0,42.2,3.1,0
SMMS-WR-00622,colour_light_signal,AZ-MGS,WR,2009,16,2,109,35.8,6.06,0,40.6,4.3,0
SMMS-SER-00623,colour_light_signal,MAS-ED,SER,2012,13,2,124,34.7,7.77,1,40.1,4.2,0
SMMS-ECoR-00624,point_machine,BCT-RTM,ECoR,2008,17,1,60,34.0,5.83,0,42.4,3.5,0
SMMS-WR-00625,axle_counter,JUC-ADI,WR,2020,5,0,5,9.7,8.63,0,48.8,2.6,0
SMMS-SCR-00626,colour_light_signal,ASR-JUC,SCR,1995,30,1,12,57.6,2.53,0,27.8,5.2,0
SMMS-SWR-00627,data_logger,HWH-BWN,SWR,1995,30,0,65,60.5,4.39,0,30.7,4.7,0
SMMS-NER-00628,point_machine,UMB-LDH,NER,2006,19,0,5,39.5,5.08,0,39.9,3.9,0
SMMS-SWR-00629,axle_counter,BWN-AZ,SWR,1990,35,0,26,63.6,4.0,0,27.8,4.5,0
SMMS-WCR-00630,colour_light_signal,UMB-LDH,WCR,2017,8,3,58,27.5,8.75,0,42.7,3.0,0
SMMS-NFR-00631,OFC_cable,NDLS-AGC,NFR,2020,5,0,106,12.5,7.84,1,47.6,2.3,0
SMMS-SR-00632,axle_counter,LTT-NED,SR,2005,20,0,23,35.4,5.52,0,41.6,3.4,1
SMMS-SCR-00633,telecom_tower,AGC-JHS,SCR,1993,32,0,70,56.9,2.62,2,30.6,3.6,0
SMMS-SCR-00634,relay_room,CBE-TVC,SCR,1992,33,1,24,55.4,3.23,0,30.3,4.5,0
SMMS-NCR-00635,level_crossing_gate,MGS-ALD,NCR,1996,29,0,6,44.9,3.61,0,37.0,3.4,0
SMMS-NER-00636,BPAC_panel,LDH-ASR,NER,2012,13,0,24,27.7,5.83,0,41.4,2.0,0
SMMS-NWR-00637,axle_counter,NDLS-AGC,NWR,1993,32,1,23,70.2,4.28,0,36.4,5.1,1
SMMS-NCR-00638,point_machine,ASR-JUC,NCR,2009,16,0,29,30.8,6.94,0,35.8,3.2,0
SMMS-NER-00639,point_machine,LTT-NED,NER,2002,23,2,106,46.4,5.59,0,37.2,3.8,0
SMMS-SWR-00640,track_circuit,SC-KZJ,SWR,1997,28,0,38,51.1,3.73,0,33.5,3.7,0
SMMS-ER-00641,telecom_tower,AWB-SC,ER,1993,32,0,5,58.1,3.76,0,33.3,4.7,0
SMMS-NER-00642,point_machine,CSTM-KYN,NER,2015,10,0,22,11.1,7.26,0,44.2,2.1,0
SMMS-NER-00643,OFC_cable,NDLS-UMB,NER,2009,16,2,24,38.1,5.21,1,40.0,4.7,0
SMMS-SWR-00644,axle_counter,NDLS-AGC,SWR,1999,26,0,69,48.6,6.3,2,34.1,3.8,0
SMMS-WR-00645,colour_light_signal,UMB-LDH,WR,1995,30,0,29,44.7,3.53,1,34.6,3.9,0
SMMS-WR-00646,point_machine,BRC-ST,WR,2019,6,0,22,12.9,8.63,0,42.6,1.3,0
SMMS-ER-00647,point_machine,CNB-NDLS,ER,1992,33,0,5,62.4,3.32,0,33.5,3.8,0
SMMS-NR-00648,colour_light_signal,CNB-NDLS,NR,2009,16,3,60,30.6,7.91,0,38.5,4.1,0
SMMS-ECoR-00649,OFC_cable,ST-BCT,ECoR,1992,33,1,59,66.6,3.77,0,31.0,6.0,0
SMMS-NER-00650,point_machine,CBE-TVC,NER,2005,20,0,8,33.9,6.55,1,37.8,4.1,0
SMMS-ECoR-00651,axle_counter,KZJ-BZA,ECoR,1993,32,2,43,67.6,3.11,0,32.9,4.6,0
SMMS-NWR-00652,OFC_cable,HWH-BWN,NWR,2006,19,0,5,33.3,6.22,0,39.9,3.9,0
SMMS-NWR-00653,level_crossing_gate,NDLS-UMB,NWR,2018,7,0,34,21.3,7.94,0,42.8,1.9,0
SMMS-SECR-00654,telecom_tower,ASR-JUC,SECR,1993,32,1,31,59.7,2.31,0,30.1,5.4,0
SMMS-NR-00655,point_machine,LTT-NED,NR,1999,26,0,5,48.6,4.87,0,32.1,3.7,0
SMMS-NFR-00656,data_logger,AZ-MGS,NFR,1998,27,1,43,41.0,3.06,0,31.7,3.8,0
SMMS-ECR-00657,BPAC_panel,BPL-NGP,ECR,2000,25,0,5,40.2,4.17,0,35.3,3.9,0
SMMS-ECoR-00658,colour_light_signal,KZJ-BZA,ECoR,1990,35,2,67,72.0,2.71,0,26.3,6.0,1
SMMS-SECR-00659,data_logger,HWH-BWN,SECR,2020,5,1,6,17.3,10.0,0,44.2,3.0,0
SMMS-ER-00660,axle_counter,AWB-SC,ER,2006,19,0,22,25.4,6.42,1,35.3,3.0,0
SMMS-SCR-00661,colour_light_signal,NDLS-UMB,SCR,2007,18,1,76,33.8,5.67,0,36.0,4.0,0
SMMS-WCR-00662,level_crossing_gate,MGS-ALD,WCR,1996,29,4,5,71.3,3.49,0,34.4,6.1,1
SMMS-WCR-00663,point_machine,JUC-ADI,WCR,2015,10,1,64,19.7,8.1,0,39.8,3.3,0
SMMS-ECR-00664,colour_light_signal,LTT-NED,ECR,2013,12,5,55,33.6,6.85,1,42.5,4.3,1
SMMS-SER-00665,colour_light_signal,CSTM-KYN,SER,2022,3,0,13,0.0,10.0,1,42.3,1.4,0
SMMS-SER-00666,axle_counter,JHS-BPL,SER,2015,10,0,90,16.9,6.76,1,44.9,3.0,1
SMMS-ECoR-00667,colour_light_signal,AWB-SC,ECoR,2018,7,3,98,26.7,8.7,1,38.3,3.9,0
SMMS-NWR-00668,axle_counter,LTT-NED,NWR,2013,12,1,52,27.5,7.28,0,41.8,3.6,0
SMMS-WR-00669,OFC_cable,CSTM-KYN,WR,2001,24,2,70,51.0,4.42,0,33.6,4.8,0
SMMS-ECoR-00670,telecom_tower,JUC-ADI,ECoR,2017,8,0,6,21.7,8.09,1,43.2,2.2,0
SMMS-CR-00671,track_circuit,KZJ-BZA,CR,2015,10,1,23,24.9,6.21,0,47.4,2.3,0
SMMS-SECR-00672,level_crossing_gate,BWN-AZ,SECR,2014,11,4,140,31.4,8.12,0,40.4,4.3,1
SMMS-WR-00673,level_crossing_gate,NGP-BZA,WR,2004,21,2,5,43.9,5.77,1,39.1,4.7,0
SMMS-ER-00674,axle_counter,NDLS-UMB,ER,2020,5,0,21,3.9,8.87,1,46.2,1.6,0
SMMS-WR-00675,point_machine,BPL-NGP,WR,1997,28,1,130,50.5,5.91,0,27.4,4.0,0
SMMS-NER-00676,data_logger,AWB-SC,NER,2016,9,1,35,9.7,8.42,0,39.4,2.6,0
SMMS-WR-00677,colour_light_signal,SC-KZJ,WR,1993,32,1,5,65.8,4.97,0,37.3,4.2,0
SMMS-ER-00678,track_circuit,HWH-BWN,ER,2001,24,0,76,52.5,5.39,0,34.1,3.6,1
SMMS-SCR-00679,relay_room,ASR-JUC,SCR,2020,5,0,15,18.7,8.18,0,46.7,2.3,0
SMMS-WR-00680,level_crossing_gate,NDLS-UMB,WR,2010,15,1,5,29.0,6.16,0,40.4,4.2,0
SMMS-WCR-00681,relay_room,JHS-BPL,WCR,2009,16,0,71,27.4,7.03,0,42.8,3.1,0
SMMS-ECR-00682,point_machine,BCT-RTM,ECR,2006,19,1,54,38.2,6.04,0,43.3,3.7,0
SMMS-WR-00683,data_logger,MAS-ED,WR,2020,5,1,30,16.0,8.18,0,44.1,3.1,0
SMMS-SCR-00684,relay_room,CNB-NDLS,SCR,2004,21,0,18,29.2,6.22,0,35.7,2.2,0
SMMS-WCR-00685,data_logger,HWH-BWN,WCR,2021,4,0,56,0.0,9.3,1,42.9,1.3,0
SMMS-SR-00686,relay_room,ASR-JUC,SR,1991,34,0,36,53.5,3.66,1,35.5,4.1,0
SMMS-ECR-00687,point_machine,ADI-BRC,ECR,2017,8,0,10,12.1,7.67,1,42.8,2.0,0
SMMS-NFR-00688,colour_light_signal,NGP-BZA,NFR,2010,15,1,84,27.2,8.05,0,45.0,3.7,0
SMMS-NER-00689,relay_room,KYN-IGP,NER,2002,23,1,30,49.3,6.61,0,37.3,4.2,0
SMMS-CR-00690,point_machine,MAS-ED,CR,2022,3,0,78,0.5,10.0,0,49.5,2.0,0
SMMS-NFR-00691,colour_light_signal,NDLS-UMB,NFR,2016,9,0,5,9.4,8.5,0,40.5,2.5,0
SMMS-ECR-00692,point_machine,LTT-NED,ECR,2015,10,0,10,16.0,9.21,0,38.2,2.8,0
SMMS-NR-00693,point_machine,CSTM-KYN,NR,2007,18,0,15,32.9,6.82,0,37.1,3.1,0
SMMS-NER-00694,level_crossing_gate,SC-KZJ,NER,1999,26,1,74,46.3,4.42,0,36.1,4.3,0
SMMS-ECR-00695,axle_counter,MGS-ALD,ECR,2008,17,0,82,32.6,6.43,2,40.3,2.8,0
SMMS-WR-00696,level_crossing_gate,CSTM-KYN,WR,2001,24,0,58,36.5,3.87,0,35.1,3.8,0
SMMS-NFR-00697,OFC_cable,HWH-BWN,NFR,2013,12,4,34,23.6,8.21,0,43.5,3.1,1
SMMS-WCR-00698,track_circuit,UMB-LDH,WCR,1990,35,1,24,68.8,2.14,0,30.7,5.3,0
SMMS-NFR-00699,point_machine,BPL-NGP,NFR,1998,27,1,5,49.8,4.67,0,34.2,3.5,0
SMMS-NWR-00700,point_machine,BZA-MAS,NWR,2018,7,2,42,11.0,7.08,0,46.7,3.1,0
SMMS-NCR-00701,point_machine,BZA-MAS,NCR,2017,8,0,72,8.2,8.94,0,45.9,2.3,0
SMMS-ER-00702,data_logger,MGS-ALD,ER,2007,18,0,78,26.3,8.32,0,41.9,3.5,0
SMMS-NFR-00703,track_circuit,AZ-MGS,NFR,2008,17,1,11,34.2,7.32,2,37.6,3.5,0
SMMS-SWR-00704,track_circuit,JHS-BPL,SWR,2011,14,1,35,31.3,7.49,0,43.2,3.7,0
SMMS-WR-00705,axle_counter,ED-CBE,WR,2007,18,0,114,27.0,7.6,0,42.3,2.6,0
SMMS-SR-00706,colour_light_signal,BWN-AZ,SR,2001,24,0,76,46.0,5.03,0,33.9,3.0,0
SMMS-ER-00707,track_circuit,ADI-BRC,ER,1998,27,1,6,44.2,5.34,0,37.3,4.1,1
SMMS-NWR-00708,colour_light_signal,JHS-BPL,NWR,2004,21,1,19,37.7,3.87,0,35.1,4.0,0
SMMS-ER-00709,OFC_cable,BZA-MAS,ER,1998,27,2,5,54.2,3.55,0,36.9,5.1,0
SMMS-WCR-00710,colour_light_signal,ST-BCT,WCR,1998,27,0,71,52.5,3.71,0,36.8,4.2,0
SMMS-WR-00711,OFC_cable,AWB-SC,WR,2020,5,0,37,9.0,6.94,0,41.5,2.9,0
SMMS-NER-00712,point_machine,BRC-ST,NER,1995,30,0,48,58.3,3.17,1,32.2,4.5,0
SMMS-SER-00713,BPAC_panel,BRC-ST,SER,2004,21,3,7,55.9,6.97,0,32.4,5.5,0
SMMS-WCR-00714,point_machine,UMB-LDH,WCR,1999,26,0,51,51.7,3.85,0,34.8,4.0,0
SMMS-ECR-00715,telecom_tower,BRC-ST,ECR,1990,35,4,10,76.3,2.54,0,31.8,6.7,1
SMMS-CR-00716,OFC_cable,JUC-ADI,CR,1997,28,0,144,46.4,3.96,0,36.0,4.2,0
SMMS-NFR-00717,point_machine,BRC-ST,NFR,2013,12,1,83,29.7,9.62,0,39.4,3.1,0
SMMS-SCR-00718,data_logger,ALD-CNB,SCR,2010,15,0,5,23.4,7.38,0,43.6,2.2,0
SMMS-SECR-00719,colour_light_signal,HWH-BWN,SECR,2019,6,0,44,15.7,9.29,1,51.7,2.7,0
SMMS-NER-00720,relay_room,LDH-ASR,NER,1992,33,0,16,58.1,3.36,0,30.0,4.4,0
SMMS-ECR-00721,BPAC_panel,AWB-SC,ECR,1995,30,1,46,50.1,5.36,2,37.2,4.2,0
SMMS-CR-00722,colour_light_signal,KYN-IGP,CR,2014,11,0,7,15.4,9.09,0,41.7,3.0,0
SMMS-SER-00723,colour_light_signal,ED-CBE,SER,2022,3,4,12,1.8,9.11,1,51.5,2.8,1
SMMS-SER-00724,data_logger,BCT-RTM,SER,2000,25,0,5,46.9,5.72,0,40.2,3.8,0
SMMS-SR-00725,point_machine,BPL-NGP,SR,2001,24,2,18,44.9,3.58,0,35.3,4.1,0
SMMS-ECoR-00726,relay_room,ALD-CNB,ECoR,1990,35,2,36,57.7,5.45,0,29.6,5.0,0
SMMS-WCR-00727,BPAC_panel,KYN-IGP,WCR,1993,32,0,80,57.1,4.4,1,32.8,4.2,0
SMMS-NR-00728,colour_light_signal,AWB-SC,NR,1994,31,0,9,56.0,3.47,0,31.8,4.8,0
SMMS-SECR-00729,track_circuit,SC-KZJ,SECR,2000,25,0,84,41.0,3.92,1,38.1,4.0,0
SMMS-ECR-00730,OFC_cable,CNB-NDLS,ECR,2019,6,0,65,7.2,8.55,0,45.5,2.3,0
SMMS-NR-00731,colour_light_signal,MGS-ALD,NR,2022,3,0,41,11.2,9.77,0,43.4,2.1,0
SMMS-CR-00732,OFC_cable,ST-BCT,CR,2010,15,0,78,27.4,6.41,2,37.6,3.0,1
SMMS-WR-00733,data_logger,NDLS-UMB,WR,2011,14,3,15,24.5,6.62,0,39.2,4.0,0
SMMS-NER-00734,OFC_cable,ST-BCT,NER,2014,11,0,113,18.7,8.93,0,44.7,2.3,0
SMMS-ER-00735,point_machine,ASR-JUC,ER,1993,32,0,7,56.1,4.3,0,31.7,4.8,0
SMMS-NR-00736,BPAC_panel,AGC-JHS,NR,2001,24,1,34,37.3,3.89,1,33.7,3.0,0
SMMS-SR-00737,relay_room,MGS-ALD,SR,1993,32,2,25,60.6,3.2,0,36.7,4.6,0
SMMS-SWR-00738,OFC_cable,HWH-BWN,SWR,2012,13,0,55,12.8,7.27,0,43.9,2.2,0
SMMS-ER-00739,OFC_cable,CSTM-KYN,ER,1995,30,0,17,45.3,4.32,2,33.1,3.9,0
SMMS-NFR-00740,track_circuit,KYN-IGP,NFR,2022,3,1,100,0.0,10.0,0,43.0,2.5,0
SMMS-ECR-00741,telecom_tower,BWN-AZ,ECR,2022,3,0,5,0.0,10.0,0,44.7,2.1,0
SMMS-CR-00742,colour_light_signal,NDLS-UMB,CR,1995,30,2,38,67.4,6.74,0,27.1,6.6,0
SMMS-NCR-00743,level_crossing_gate,ADI-BRC,NCR,1996,29,0,5,54.7,4.35,0,34.3,3.9,0
SMMS-WR-00744,colour_light_signal,ADI-BRC,WR,2010,15,0,142,29.6,7.95,0,39.2,2.8,0
SMMS-SCR-00745,OFC_cable,MGS-ALD,SCR,2004,21,3,9,44.8,5.0,0,38.9,5.1,0
SMMS-WCR-00746,colour_light_signal,BWN-AZ,WCR,1991,34,5,59,74.8,2.66,0,37.5,6.4,1
SMMS-SECR-00747,colour_light_signal,SC-KZJ,SECR,2012,13,1,52,30.9,6.52,0,40.2,3.5,0
SMMS-SWR-00748,track_circuit,ST-BCT,SWR,1992,33,2,149,67.2,2.48,2,30.2,5.2,0
SMMS-NFR-00749,axle_counter,UMB-LDH,NFR,2001,24,0,108,48.2,4.53,0,37.8,3.3,0
SMMS-NER-00750,relay_room,KZJ-BZA,NER,2004,21,6,82,50.2,5.08,0,35.6,5.2,1
SMMS-NCR-00751,axle_counter,BRC-ST,NCR,2022,3,0,41,9.1,10.0,1,42.5,0.7,0
SMMS-NR-00752,colour_light_signal,BZA-MAS,NR,2002,23,2,29,57.6,5.46,0,32.1,5.2,0
SMMS-NFR-00753,point_machine,CSTM-KYN,NFR,2002,23,0,9,38.9,7.93,1,33.9,3.5,0
SMMS-SR-00754,OFC_cable,JUC-ADI,SR,2017,8,3,40,21.3,8.52,0,43.0,3.5,0
SMMS-WR-00755,telecom_tower,UMB-LDH,WR,2002,23,0,50,44.3,6.87,0,37.2,2.7,0
SMMS-SWR-00756,OFC_cable,MAS-ED,SWR,2013,12,5,114,42.8,8.62,0,45.4,5.3,1
SMMS-ECoR-00757,level_crossing_gate,AZ-MGS,ECoR,2019,6,0,13,8.8,7.14,0,45.0,2.3,0
SMMS-NER-00758,colour_light_signal,BPL-NGP,NER,1993,32,1,17,51.8,4.46,0,32.6,4.1,0
SMMS-ER-00759,level_crossing_gate,CNB-NDLS,ER,2002,23,0,23,37.9,5.27,1,39.4,3.9,0
SMMS-NWR-00760,track_circuit,ASR-JUC,NWR,2001,24,0,47,38.1,5.7,2,37.8,2.9,0
SMMS-NFR-00761,axle_counter,HWH-BWN,NFR,1990,35,0,73,49.3,3.29,0,29.7,4.2,0
SMMS-SER-00762,level_crossing_gate,KYN-IGP,SER,2006,19,1,11,41.1,7.04,3,42.4,2.8,1
SMMS-SER-00763,track_circuit,KYN-IGP,SER,2013,12,0,31,17.3,7.6,0,38.9,2.2,1
SMMS-ECoR-00764,point_machine,ED-CBE,ECoR,1996,29,5,11,68.6,4.0,0,32.5,6.6,1
SMMS-SECR-00765,OFC_cable,ED-CBE,SECR,2012,13,7,24,53.1,5.35,1,43.3,6.0,1
SMMS-NER-00766,OFC_cable,AWB-SC,NER,2010,15,0,108,16.3,9.18,0,44.4,2.2,0
SMMS-CR-00767,colour_light_signal,ASR-JUC,CR,2013,12,0,85,21.0,6.23,0,42.0,3.2,0
SMMS-NR-00768,track_circuit,MAS-ED,NR,1992,33,1,24,64.3,2.94,0,27.6,4.5,0
SMMS-ER-00769,telecom_tower,BCT-RTM,ER,2018,7,2,18,15.9,8.84,0,47.7,1.9,0
SMMS-SWR-00770,axle_counter,KYN-IGP,SWR,2017,8,0,31,14.0,10.0,0,44.6,2.6,0
SMMS-ER-00771,axle_counter,BZA-MAS,ER,1991,34,1,52,63.3,3.64,0,29.2,4.2,1
SMMS-ER-00772,track_circuit,CBE-TVC,ER,1993,32,2,5,55.7,5.01,0,32.1,4.7,0
SMMS-ER-00773,axle_counter,NGP-BZA,ER,2006,19,2,10,45.2,4.67,1,38.1,3.8,0
SMMS-NR-00774,point_machine,CNB-NDLS,NR,2009,16,2,5,35.9,6.83,1,39.9,4.1,0
SMMS-ECoR-00775,point_machine,ST-BCT,ECoR,2015,10,2,5,21.1,8.96,0,40.9,3.6,0
SMMS-CR-00776,track_circuit,MGS-ALD,CR,2011,14,2,61,26.5,6.63,0,39.5,2.9,0
SMMS-SCR-00777,point_machine,ASR-JUC,SCR,2008,17,0,18,23.4,5.78,0,42.4,3.2,0
SMMS-NCR-00778,telecom_tower,AZ-MGS,NCR,2020,5,1,57,13.4,8.44,0,43.2,2.0,0
SMMS-ECR-00779,colour_light_signal,CSTM-KYN,ECR,2014,11,0,27,21.5,8.98,0,44.8,2.8,0
SMMS-NFR-00780,point_machine,MGS-ALD,NFR,2019,6,0,46,13.8,9.49,0,44.1,1.8,0
SMMS-ER-00781,OFC_cable,BPL-NGP,ER,1998,27,0,27,57.2,4.06,0,32.6,5.0,0
SMMS-NFR-00782,colour_light_signal,BRC-ST,NFR,2019,6,1,26,13.7,8.09,1,43.8,0.9,0
SMMS-NCR-00783,OFC_cable,ST-BCT,NCR,2021,4,0,87,6.3,9.64,2,45.2,1.0,0
SMMS-NR-00784,axle_counter,BWN-AZ,NR,2004,21,1,40,36.2,7.2,0,35.2,3.5,0
SMMS-WCR-00785,track_circuit,AGC-JHS,WCR,1990,35,1,5,73.7,2.44,0,29.2,4.8,1
SMMS-SR-00786,data_logger,NGP-BZA,SR,2010,15,0,33,36.7,6.67,0,42.2,3.9,0
SMMS-NCR-00787,track_circuit,BZA-MAS,NCR,1992,33,0,6,49.6,3.26,0,31.7,3.1,0
SMMS-SECR-00788,point_machine,BZA-MAS,SECR,2004,21,1,34,37.5,6.28,0,35.3,3.5,0
SMMS-NCR-00789,axle_counter,JHS-BPL,NCR,2013,12,0,43,34.6,8.21,1,37.8,5.1,0
SMMS-ECoR-00790,axle_counter,BPL-NGP,ECoR,2005,20,1,8,27.3,5.43,0,39.6,3.6,0
SMMS-CR-00791,colour_light_signal,KZJ-BZA,CR,1996,29,0,6,47.8,4.85,2,32.8,2.9,0
SMMS-ER-00792,OFC_cable,ADI-BRC,ER,2005,20,2,8,44.5,5.19,1,38.0,5.7,0
SMMS-WCR-00793,track_circuit,CBE-TVC,WCR,2017,8,0,69,23.3,8.26,0,48.5,3.6,0
SMMS-NFR-00794,colour_light_signal,NDLS-AGC,NFR,2001,24,0,6,51.7,4.47,0,36.7,3.7,0
SMMS-NWR-00795,colour_light_signal,HWH-BWN,NWR,2014,11,4,60,33.6,7.89,0,41.0,4.5,1
SMMS-ECoR-00796,axle_counter,ASR-JUC,ECoR,2019,6,0,5,10.3,9.31,0,45.4,1.3,0
SMMS-SCR-00797,track_circuit,ED-CBE,SCR,1997,28,2,69,60.7,4.93,3,32.3,5.2,1
SMMS-SWR-00798,point_machine,BPL-NGP,SWR,2000,25,3,11,59.0,4.92,0,38.5,5.5,0
SMMS-WR-00799,track_circuit,BPL-NGP,WR,2019,6,1,8,12.0,10.0,1,46.4,2.3,0
SMMS-NFR-00800,OFC_cable,CNB-NDLS,NFR,1995,30,0,39,58.2,4.16,0,31.8,4.6,0
SMMS-SR-00801,colour_light_signal,KYN-IGP,SR,2019,6,0,82,9.3,10.0,0,47.2,2.5,0
SMMS-NCR-00802,colour_light_signal,JUC-ADI,NCR,2003,22,0,50,32.5,5.68,1,37.9,3.0,0
SMMS-WR-00803,data_logger,AZ-MGS,WR,2017,8,0,32,20.6,7.48,0,44.7,1.7,0
SMMS-SCR-00804,BPAC_panel,UMB-LDH,SCR,1994,31,2,10,72.3,3.36,1,32.3,5.3,1
SMMS-CR-00805,colour_light_signal,AZ-MGS,CR,2010,15,6,21,41.4,8.73,0,40.8,5.3,1
SMMS-NCR-00806,axle_counter,UMB-LDH,NCR,1995,30,2,77,55.6,3.79,0,34.7,4.7,0
SMMS-NER-00807,axle_counter,LTT-NED,NER,2013,12,2,64,10.6,6.18,0,39.6,2.9,0
SMMS-SWR-00808,OFC_cable,NGP-BZA,SWR,2005,20,0,10,38.7,5.84,1,42.2,3.7,0
SMMS-CR-00809,point_machine,MAS-ED,CR,1996,29,2,83,64.7,3.97,0,33.0,4.9,0
SMMS-SCR-00810,colour_light_signal,KZJ-BZA,SCR,2015,10,0,10,15.3,8.51,0,41.7,1.8,0
SMMS-SER-00811,colour_light_signal,BWN-AZ,SER,2010,15,1,162,34.7,7.1,0,38.7,5.0,0
SMMS-NWR-00812,point_machine,HWH-BWN,NWR,2007,18,0,54,26.7,6.8,2,37.8,2.8,0
SMMS-NCR-00813,track_circuit,CBE-TVC,NCR,2006,19,1,49,33.0,5.09,2,40.8,4.1,0
SMMS-NFR-00814,axle_counter,AWB-SC,NFR,2010,15,1,35,18.1,5.91,0,40.4,1.7,0
SMMS-NFR-00815,point_machine,BPL-NGP,NFR,1995,30,1,77,57.0,3.74,0,32.0,5.8,0
SMMS-SECR-00816,point_machine,JUC-ADI,SECR,2008,17,0,85,30.9,7.39,0,41.3,2.8,1
SMMS-NWR-00817,OFC_cable,KYN-IGP,NWR,1991,34,1,11,63.4,3.37,0,30.4,4.2,1
SMMS-CR-00818,colour_light_signal,BCT-RTM,CR,2008,17,0,62,34.6,6.3,1,38.5,3.3,0
SMMS-SECR-00819,OFC_cable,SC-KZJ,SECR,2011,14,1,7,35.7,7.65,0,37.7,4.7,0
SMMS-NCR-00820,level_crossing_gate,KZJ-BZA,NCR,2005,20,0,20,34.4,5.17,0,35.9,4.3,0
SMMS-NWR-00821,OFC_cable,ED-CBE,NWR,2014,11,0,98,29.3,8.45,2,41.6,2.9,0
SMMS-NFR-00822,telecom_tower,BZA-MAS,NFR,2000,25,0,14,43.6,6.77,1,32.4,3.6,0
SMMS-ECoR-00823,point_machine,BPL-NGP,ECoR,2001,24,1,22,44.6,3.32,0,40.3,3.3,0
SMMS-NR-00824,axle_counter,JUC-ADI,NR,2017,8,0,21,13.5,9.32,1,45.5,3.1,0
SMMS-NWR-00825,track_circuit,LDH-ASR,NWR,1991,34,1,33,74.1,2.23,3,30.2,6.2,1
SMMS-NR-00826,point_machine,ASR-JUC,NR,2001,24,0,71,39.7,4.97,0,38.4,4.3,0
SMMS-NWR-00827,colour_light_signal,CNB-NDLS,NWR,2014,11,3,31,32.4,9.11,1,41.3,3.7,0
SMMS-WCR-00828,OFC_cable,ST-BCT,WCR,1991,34,1,112,64.4,3.43,0,37.8,5.6,0
SMMS-CR-00829,OFC_cable,CSTM-KYN,CR,2022,3,1,83,10.5,9.7,1,49.7,2.0,0
SMMS-SR-00830,axle_counter,LDH-ASR,SR,2002,23,0,38,37.2,5.03,0,39.2,4.4,0
SMMS-NWR-00831,level_crossing_gate,ALD-CNB,NWR,2013,12,0,22,15.0,7.04,1,44.3,1.7,1
SMMS-SR-00832,data_logger,CSTM-KYN,SR,2009,16,0,15,34.0,7.59,2,35.3,3.0,0
SMMS-NWR-00833,axle_counter,ALD-CNB,NWR,2009,16,1,37,32.7,7.01,0,39.5,3.8,0
SMMS-NCR-00834,telecom_tower,ASR-JUC,NCR,2001,24,1,66,42.7,5.5,0,30.8,3.2,0
SMMS-NER-00835,axle_counter,MAS-ED,NER,1997,28,0,28,41.1,3.02,2,35.3,3.5,0
SMMS-NCR-00836,BPAC_panel,NGP-BZA,NCR,2022,3,0,85,2.6,10.0,0,46.8,1.0,0
SMMS-ECoR-00837,axle_counter,MAS-ED,ECoR,2020,5,0,13,6.7,8.6,1,49.5,1.6,0
SMMS-NER-00838,BPAC_panel,KZJ-BZA,NER,2018,7,2,78,25.5,9.04,0,47.2,2.9,0
SMMS-SCR-00839,track_circuit,BCT-RTM,SCR,2007,18,0,43,25.3,6.68,0,36.5,3.0,0
SMMS-ER-00840,axle_counter,BRC-ST,ER,2009,16,3,13,41.2,7.23,1,34.3,4.9,0
SMMS-ECR-00841,colour_light_signal,BWN-AZ,ECR,1997,28,0,21,57.3,3.36,0,32.9,4.3,0
SMMS-SCR-00842,axle_counter,ADI-BRC,SCR,2013,12,1,5,20.7,7.11,1,39.4,3.7,0
SMMS-SER-00843,OFC_cable,AZ-MGS,SER,1990,35,1,98,57.0,1.93,0,29.9,4.5,0
SMMS-SER-00844,BPAC_panel,ALD-CNB,SER,1992,33,0,58,65.6,3.23,0,29.5,4.4,0
SMMS-ECoR-00845,OFC_cable,JUC-ADI,ECoR,2000,25,0,37,57.7,3.45,0,38.2,4.2,0
SMMS-ECR-00846,colour_light_signal,AGC-JHS,ECR,1992,33,3,141,64.4,3.32,0,34.7,5.3,0
SMMS-NWR-00847,telecom_tower,AWB-SC,NWR,2010,15,0,101,24.3,7.01,0,38.1,1.7,0
SMMS-WCR-00848,colour_light_signal,NDLS-UMB,WCR,1994,31,2,99,58.0,3.63,0,40.5,5.7,0
SMMS-SECR-00849,OFC_cable,AZ-MGS,SECR,1990,35,1,14,63.3,3.86,0,29.6,4.4,0
SMMS-ECoR-00850,BPAC_panel,ED-CBE,ECoR,2003,22,0,10,38.1,4.05,0,34.6,3.3,0
SMMS-SWR-00851,OFC_cable,KYN-IGP,SWR,1993,32,4,54,71.0,4.73,1,36.1,6.7,1
SMMS-SR-00852,OFC_cable,UMB-LDH,SR,2008,17,0,15,23.7,5.46,0,43.8,2.6,0
SMMS-CR-00853,point_machine,CNB-NDLS,CR,2009,16,0,12,30.9,5.85,1,40.3,3.1,0
SMMS-SER-00854,colour_light_signal,JUC-ADI,SER,1996,29,0,11,45.0,4.76,4,36.8,3.5,1
SMMS-SWR-00855,track_circuit,ADI-BRC,SWR,1998,27,2,5,61.4,4.5,0,32.7,5.8,0
SMMS-SER-00856,relay_room,LTT-NED,SER,2002,23,5,51,65.4,5.48,1,35.2,6.5,1
SMMS-SWR-00857,BPAC_panel,BWN-AZ,SWR,1993,32,0,5,61.5,4.05,1,33.2,3.8,1
SMMS-NFR-00858,track_circuit,ADI-BRC,NFR,2008,17,0,33,23.4,5.06,0,39.5,3.5,0
SMMS-ECoR-00859,BPAC_panel,LDH-ASR,ECoR,2006,19,3,12,45.2,6.33,0,36.1,4.4,0
SMMS-SECR-00860,axle_counter,BPL-NGP,SECR,2014,11,1,44,20.7,7.78,0,43.1,3.4,0
SMMS-NWR-00861,OFC_cable,ALD-CNB,NWR,2003,22,2,116,44.5,4.68,0,37.2,4.5,0
SMMS-SER-00862,point_machine,BPL-NGP,SER,1994,31,0,46,47.6,4.52,1,31.9,3.1,0
SMMS-NWR-00863,OFC_cable,BWN-AZ,NWR,1996,29,0,19,52.7,3.39,0,35.8,4.2,0
SMMS-NWR-00864,point_machine,CSTM-KYN,NWR,2003,22,0,7,42.7,6.92,1,41.8,4.0,0
SMMS-SCR-00865,colour_light_signal,JUC-ADI,SCR,2022,3,1,16,12.5,9.77,0,43.4,2.6,0
SMMS-NWR-00866,OFC_cable,HWH-BWN,NWR,2001,24,0,24,47.4,5.26,0,38.7,4.2,0
SMMS-SECR-00867,OFC_cable,KZJ-BZA,SECR,1993,32,0,85,53.5,1.54,0,39.0,4.1,0
SMMS-SECR-00868,colour_light_signal,AGC-JHS,SECR,1995,30,3,151,61.8,4.25,0,27.9,4.4,0
SMMS-SECR-00869,track_circuit,SC-KZJ,SECR,1990,35,0,104,61.9,1.51,0,32.8,4.1,0
SMMS-SECR-00870,colour_light_signal,ADI-BRC,SECR,2009,16,0,27,28.4,7.4,1,41.2,3.4,0
SMMS-NER-00871,OFC_cable,UMB-LDH,NER,2015,10,0,25,17.3,8.49,0,42.7,2.3,0
SMMS-SER-00872,OFC_cable,BWN-AZ,SER,2012,13,0,12,23.3,7.77,0,38.3,3.3,0
SMMS-NWR-00873,relay_room,CNB-NDLS,NWR,2001,24,3,19,52.6,6.41,1,37.6,5.0,0
SMMS-NER-00874,axle_counter,ASR-JUC,NER,2002,23,1,99,42.2,4.74,1,38.9,4.9,0
SMMS-SCR-00875,colour_light_signal,ED-CBE,SCR,2007,18,2,79,39.3,6.08,0,38.3,4.0,0
SMMS-SER-00876,level_crossing_gate,ED-CBE,SER,2020,5,5,6,15.3,10.0,1,45.6,4.0,0
SMMS-WR-00877,point_machine,SC-KZJ,WR,2017,8,0,17,10.1,8.52,0,38.0,2.9,0
SMMS-WCR-00878,BPAC_panel,NGP-BZA,WCR,1994,31,0,34,60.9,4.09,1,34.2,4.0,0
SMMS-NFR-00879,colour_light_signal,ALD-CNB,NFR,2009,16,1,5,31.1,9.03,2,37.4,3.5,0
SMMS-ER-00880,colour_light_signal,CSTM-KYN,ER,2009,16,4,17,41.3,5.92,1,39.4,4.4,1
SMMS-SER-00881,relay_room,ST-BCT,SER,2003,22,0,35,35.9,4.33,0,34.2,2.4,0
SMMS-ECoR-00882,colour_light_signal,AZ-MGS,ECoR,2004,21,2,24,51.8,5.79,1,36.0,4.8,0
SMMS-ECoR-00883,colour_light_signal,NDLS-AGC,ECoR,2019,6,0,79,8.5,10.0,0,47.3,2.4,0
SMMS-ECoR-00884,axle_counter,AGC-JHS,ECoR,2007,18,0,36,18.2,4.86,1,35.2,2.0,0
SMMS-ECR-00885,relay_room,MAS-ED,ECR,2015,10,1,44,17.3,7.12,1,42.6,3.7,0
SMMS-SECR-00886,OFC_cable,BZA-MAS,SECR,2008,17,2,29,41.9,8.95,0,38.1,4.2,0
SMMS-CR-00887,data_logger,MAS-ED,CR,1993,32,1,14,61.8,4.28,0,35.8,4.8,0
SMMS-NCR-00888,point_machine,KZJ-BZA,NCR,2016,9,2,36,12.1,8.93,0,43.1,2.6,0
SMMS-NR-00889,colour_light_signal,CSTM-KYN,NR,1992,33,0,247,57.5,2.4,0,27.8,4.3,0
SMMS-WR-00890,track_circuit,SC-KZJ,WR,2001,24,1,8,37.8,3.07,0,36.1,5.2,0
SMMS-SCR-00891,point_machine,JHS-BPL,SCR,1991,34,0,51,56.8,2.02,0,26.6,4.6,0
SMMS-ECR-00892,level_crossing_gate,CNB-NDLS,ECR,2020,5,0,49,4.5,8.9,0,47.3,2.3,0
SMMS-SER-00893,point_machine,JHS-BPL,SER,1994,31,2,60,70.0,3.0,0,27.2,5.1,0
SMMS-NER-00894,relay_room,CBE-TVC,NER,2009,16,0,23,23.4,7.36,2,40.2,3.1,1
SMMS-NCR-00895,telecom_tower,ED-CBE,NCR,2000,25,2,5,46.4,5.21,0,37.8,4.8,0
SMMS-WR-00896,relay_room,MAS-ED,WR,2020,5,2,93,6.0,8.47,0,43.5,2.4,0
SMMS-ECoR-00897,colour_light_signal,NDLS-UMB,ECoR,2014,11,1,11,13.1,6.65,1,47.1,1.7,0
SMMS-NWR-00898,telecom_tower,SC-KZJ,NWR,1993,32,0,20,53.5,2.88,0,32.1,4.1,0
SMMS-WCR-00899,colour_light_signal,BPL-NGP,WCR,2010,15,0,71,24.6,6.37,0,35.2,2.2,0
SMMS-ECoR-00900,colour_light_signal,ALD-CNB,ECoR,1990,35,0,82,62.0,0.31,0,28.7,4.7,1
SMMS-NWR-00901,OFC_cable,AZ-MGS,NWR,2017,8,1,46,27.4,8.44,0,47.8,2.9,0
SMMS-ECR-00902,track_circuit,BRC-ST,ECR,1990,35,2,23,71.8,1.68,0,30.9,6.7,1
SMMS-SWR-00903,OFC_cable,ADI-BRC,SWR,2005,20,0,41,28.1,7.67,0,29.0,2.3,0
SMMS-SWR-00904,colour_light_signal,KZJ-BZA,SWR,1991,34,0,22,67.9,4.32,0,34.3,4.5,0
SMMS-NER-00905,data_logger,BZA-MAS,NER,1991,34,0,9,61.9,1.49,1,30.8,4.0,0
SMMS-NER-00906,point_machine,BZA-MAS,NER,2006,19,0,16,31.3,6.27,1,39.2,3.9,0
SMMS-WR-00907,axle_counter,JUC-ADI,WR,2011,14,2,37,33.0,6.55,0,37.9,3.4,0
SMMS-CR-00908,colour_light_signal,AGC-JHS,CR,2005,20,0,5,33.2,6.86,0,37.2,3.0,0
SMMS-CR-00909,track_circuit,UMB-LDH,CR,2002,23,0,5,39.3,5.68,1,34.9,3.2,0
SMMS-ER-00910,track_circuit,ST-BCT,ER,1996,29,0,5,53.6,5.14,0,34.0,4.6,0
SMMS-ECoR-00911,level_crossing_gate,JUC-ADI,ECoR,2006,19,0,5,38.3,4.36,0,38.9,4.3,0
SMMS-SECR-00912,BPAC_panel,KZJ-BZA,SECR,2010,15,2,5,30.1,7.15,0,44.2,4.3,0
SMMS-ER-00913,colour_light_signal,ALD-CNB,ER,2020,5,2,45,20.9,9.9,0,47.3,3.0,0
SMMS-SR-00914,point_machine,ST-BCT,SR,2004,21,1,20,39.0,5.44,0,39.1,2.9,0
SMMS-SR-00915,point_machine,BZA-MAS,SR,2012,13,3,5,36.0,8.3,0,42.4,3.4,0
SMMS-SECR-00916,point_machine,KYN-IGP,SECR,2015,10,1,8,19.0,8.18,0,43.4,2.9,0
SMMS-NR-00917,colour_light_signal,HWH-BWN,NR,2019,6,0,28,8.5,8.58,0,49.5,1.4,0
SMMS-ER-00918,OFC_cable,HWH-BWN,ER,2000,25,1,38,51.9,6.05,0,34.8,4.4,1
SMMS-NFR-00919,colour_light_signal,BRC-ST,NFR,2015,10,1,169,13.6,7.48,0,39.5,1.9,0
SMMS-NCR-00920,point_machine,LTT-NED,NCR,1995,30,0,29,53.0,5.17,0,27.9,4.8,0
SMMS-WCR-00921,relay_room,BZA-MAS,WCR,1992,33,3,5,61.7,3.1,1,28.2,4.7,0
SMMS-ECR-00922,relay_room,MAS-ED,ECR,2014,11,2,41,25.4,8.64,0,46.0,3.1,0
SMMS-ER-00923,BPAC_panel,LTT-NED,ER,2004,21,1,37,49.4,4.46,0,37.2,3.4,0
SMMS-SWR-00924,colour_light_signal,MGS-ALD,SWR,2010,15,0,16,29.0,8.07,1,41.5,2.4,0
SMMS-WR-00925,point_machine,NGP-BZA,WR,1995,30,3,43,65.4,3.0,0,31.6,6.2,0
SMMS-SWR-00926,data_logger,CNB-NDLS,SWR,2012,13,2,106,23.1,7.99,0,41.7,3.5,0
SMMS-NWR-00927,relay_room,BPL-NGP,NWR,2001,24,4,5,51.7,5.37,2,34.6,5.4,1
SMMS-CR-00928,colour_light_signal,JUC-ADI,CR,2016,9,3,9,25.5,7.34,0,43.0,3.2,0
SMMS-NCR-00929,colour_light_signal,JUC-ADI,NCR,2004,21,3,5,43.2,5.48,0,38.0,4.0,0
SMMS-NER-00930,axle_counter,SC-KZJ,NER,1997,28,0,48,50.0,3.95,0,34.6,3.3,0
SMMS-WR-00931,OFC_cable,BRC-ST,WR,2014,11,3,43,33.0,9.32,0,38.3,4.4,0
SMMS-SECR-00932,relay_room,CSTM-KYN,SECR,2008,17,1,5,32.0,7.7,2,39.5,3.5,0
SMMS-NWR-00933,relay_room,ADI-BRC,NWR,2010,15,0,5,24.3,6.5,0,37.5,2.7,0
SMMS-NER-00934,axle_counter,MAS-ED,NER,2007,18,2,76,46.0,7.55,1,35.6,5.6,0
SMMS-ECoR-00935,data_logger,NGP-BZA,ECoR,2018,7,3,35,15.2,8.72,1,44.8,2.6,0
SMMS-SER-00936,data_logger,JHS-BPL,SER,2016,9,0,28,9.1,7.35,1,39.9,2.3,0
SMMS-ER-00937,axle_counter,ALD-CNB,ER,1999,26,4,29,57.3,5.89,0,31.4,4.9,1
SMMS-NCR-00938,OFC_cable,AGC-JHS,NCR,1994,31,2,7,56.9,3.34,0,30.0,5.2,0
SMMS-SER-00939,track_circuit,BRC-ST,SER,2011,14,1,20,33.8,7.74,0,37.6,4.7,0
SMMS-SER-00940,point_machine,JHS-BPL,SER,2003,22,0,34,41.0,3.09,0,29.5,3.6,0
SMMS-SWR-00941,relay_room,NGP-BZA,SWR,1990,35,0,27,68.3,3.05,0,30.4,5.8,0
SMMS-SR-00942,BPAC_panel,KZJ-BZA,SR,2002,23,0,22,48.5,6.04,0,37.4,3.3,0
SMMS-SER-00943,point_machine,NDLS-AGC,SER,2016,9,1,13,22.1,8.84,0,47.3,3.0,0
SMMS-WR-00944,relay_room,BRC-ST,WR,2006,19,0,18,40.8,6.92,0,38.1,4.1,0
SMMS-SCR-00945,relay_room,HWH-BWN,SCR,1997,28,1,45,52.1,4.66,0,33.0,4.9,0
SMMS-NER-00946,telecom_tower,BRC-ST,NER,2017,8,3,143,23.2,6.74,0,44.8,3.9,0
SMMS-SWR-00947,OFC_cable,ALD-CNB,SWR,2015,10,1,90,23.4,7.57,0,45.7,1.7,0
SMMS-NCR-00948,BPAC_panel,BRC-ST,NCR,2009,16,3,64,47.8,6.24,1,44.2,5.4,0
SMMS-ECoR-00949,axle_counter,CNB-NDLS,ECoR,2008,17,0,50,31.8,6.26,0,40.3,3.8,0
SMMS-WCR-00950,OFC_cable,KZJ-BZA,WCR,2003,22,0,23,37.1,6.03,0,41.7,3.5,0
SMMS-SECR-00951,point_machine,CNB-NDLS,SECR,2014,11,1,20,22.2,8.91,0,46.7,3.8,1
SMMS-SCR-00952,axle_counter,LDH-ASR,SCR,2017,8,4,42,17.6,8.03,1,42.2,3.2,1
SMMS-NER-00953,relay_room,JHS-BPL,NER,1997,28,5,8,59.6,5.1,0,25.6,6.8,0
SMMS-SR-00954,BPAC_panel,CBE-TVC,SR,2022,3,0,106,0.0,10.0,1,43.4,1.3,0
SMMS-NCR-00955,colour_light_signal,BPL-NGP,NCR,1995,30,2,5,60.5,3.75,0,31.5,5.1,0
SMMS-NCR-00956,point_machine,ADI-BRC,NCR,2014,11,2,5,25.6,5.92,1,40.6,3.0,0
SMMS-ER-00957,OFC_cable,AWB-SC,ER,1990,35,0,8,63.4,3.67,0,29.4,3.9,0
SMMS-SCR-00958,track_circuit,CSTM-KYN,SCR,2019,6,0,5,17.9,8.76,0,41.8,2.2,0
SMMS-WCR-00959,track_circuit,SC-KZJ,WCR,1994,31,0,5,55.4,2.46,0,34.2,4.1,0
SMMS-ER-00960,axle_counter,KZJ-BZA,ER,1998,27,1,6,55.0,5.85,0,32.4,4.6,0
SMMS-SECR-00961,OFC_cable,AWB-SC,SECR,1997,28,3,15,65.1,5.41,2,33.4,5.3,1
SMMS-NCR-00962,point_machine,CNB-NDLS,NCR,2013,12,0,33,17.5,7.63,0,41.6,2.5,0
SMMS-CR-00963,data_logger,AGC-JHS,CR,2014,11,0,31,14.2,8.54,1,43.7,2.3,0
SMMS-NFR-00964,track_circuit,AZ-MGS,NFR,1997,28,3,5,57.9,5.91,0,35.8,5.8,0
SMMS-NWR-00965,point_machine,KYN-IGP,NWR,2010,15,2,48,34.0,7.53,0,42.5,4.5,0
SMMS-NFR-00966,relay_room,CBE-TVC,NFR,2008,17,0,13,23.7,9.71,2,41.6,2.8,0
SMMS-SR-00967,track_circuit,CBE-TVC,SR,1992,33,3,21,52.8,4.37,0,37.3,5.1,0
SMMS-NCR-00968,axle_counter,KZJ-BZA,NCR,2005,20,3,18,48.9,5.88,1,38.1,5.3,0
SMMS-SECR-00969,point_machine,AWB-SC,SECR,1990,35,2,27,61.7,3.68,1,31.0,5.4,0
SMMS-WCR-00970,data_logger,AZ-MGS,WCR,1999,26,0,5,41.4,5.18,0,35.2,3.9,0
SMMS-SR-00971,track_circuit,ST-BCT,SR,1995,30,1,8,59.9,4.92,0,33.1,4.5,0
SMMS-CR-00972,colour_light_signal,NDLS-AGC,CR,1994,31,0,6,50.9,3.5,1,31.9,3.5,0
SMMS-SECR-00973,colour_light_signal,BWN-AZ,SECR,2006,19,0,64,22.6,4.07,0,36.4,3.4,0
SMMS-NFR-00974,track_circuit,LTT-NED,NFR,2010,15,0,32,27.3,7.8,0,37.6,2.6,0
SMMS-ER-00975,track_circuit,ASR-JUC,ER,2018,7,0,57,15.6,8.81,1,45.4,2.8,0
SMMS-ECoR-00976,colour_light_signal,BCT-RTM,ECoR,2020,5,0,49,15.3,9.8,0,41.9,2.1,0
SMMS-CR-00977,data_logger,BRC-ST,CR,1992,33,2,12,69.0,2.64,0,30.3,4.5,0
SMMS-CR-00978,axle_counter,CNB-NDLS,CR,2017,8,1,28,23.8,9.22,0,46.9,2.9,0
SMMS-NR-00979,axle_counter,MGS-ALD,NR,2017,8,1,6,11.1,7.86,1,43.7,2.2,1
SMMS-SER-00980,relay_room,NDLS-AGC,SER,1990,35,0,60,71.9,2.88,2,29.5,5.3,1
SMMS-SER-00981,point_machine,BPL-NGP,SER,2001,24,1,9,41.5,5.55,1,36.8,3.7,0
SMMS-WR-00982,axle_counter,ADI-BRC,WR,2005,20,2,167,38.2,5.13,0,40.6,4.0,0
SMMS-SWR-00983,point_machine,MGS-ALD,SWR,2014,11,3,144,28.5,7.37,0,39.0,4.1,0
SMMS-NCR-00984,track_circuit,CNB-NDLS,NCR,2007,18,0,7,32.9,4.99,0,39.3,3.9,0
SMMS-SCR-00985,relay_room,JUC-ADI,SCR,1997,28,2,5,51.3,5.84,0,28.3,4.4,0
SMMS-NWR-00986,point_machine,LDH-ASR,NWR,1995,30,2,5,62.8,3.53,0,35.1,5.6,0
SMMS-ECR-00987,data_logger,MAS-ED,ECR,1998,27,1,21,53.0,6.44,0,34.0,4.1,0
SMMS-SER-00988,point_machine,KYN-IGP,SER,2007,18,2,60,37.4,7.1,0,42.6,4.5,0
SMMS-SECR-00989,point_machine,CNB-NDLS,SECR,2019,6,0,74,12.4,9.07,0,48.5,2.4,0
SMMS-ER-00990,telecom_tower,JUC-ADI,ER,2009,16,0,26,25.6,5.86,0,39.7,2.7,0
SMMS-SWR-00991,track_circuit,HWH-BWN,SWR,2007,18,0,82,35.2,7.04,0,36.7,4.0,0
SMMS-ER-00992,colour_light_signal,SC-KZJ,ER,2018,7,4,86,24.6,10.0,0,45.0,2.6,1
SMMS-NFR-00993,track_circuit,MGS-ALD,NFR,2000,25,1,37,44.2,5.21,0,36.1,3.7,0
SMMS-NWR-00994,point_machine,ST-BCT,NWR,2007,18,2,16,38.2,6.09,0,38.4,3.0,0
SMMS-WR-00995,track_circuit,NGP-BZA,WR,2022,3,0,54,3.5,10.0,2,48.8,0.7,0
SMMS-NFR-00996,axle_counter,LTT-NED,NFR,1992,33,2,44,61.5,5.51,0,36.2,5.3,0
SMMS-SER-00997,point_machine,AWB-SC,SER,2017,8,0,25,17.3,7.95,1,45.4,1.8,0
SMMS-ECR-00998,OFC_cable,ADI-BRC,ECR,1994,31,0,58,55.6,4.41,0,33.5,4.7,0
SMMS-WR-00999,point_machine,KYN-IGP,WR,2005,20,2,68,45.9,7.71,0,42.5,4.9,0
SMMS-SECR-01000,BPAC_panel,NDLS-AGC,SECR,1993,32,0,41,57.5,3.65,3,33.6,4.8,1
SMMS-SR-01001,level_crossing_gate,JHS-BPL,SR,2007,18,1,5,34.5,6.85,0,39.3,2.7,0
SMMS-SR-01002,colour_light_signal,AZ-MGS,SR,2016,9,2,25,23.7,8.53,0,42.8,3.3,0
SMMS-NFR-01003,colour_light_signal,NDLS-AGC,NFR,2007,18,2,22,39.5,6.01,0,34.9,4.0,0
SMMS-SR-01004,axle_counter,NGP-BZA,SR,1991,34,5,89,73.7,1.52,0,33.4,6.8,1
SMMS-SWR-01005,relay_room,NDLS-AGC,SWR,1995,30,0,28,47.1,4.13,0,36.0,4.4,0
SMMS-SCR-01006,telecom_tower,AGC-JHS,SCR,2008,17,1,18,22.3,7.45,0,36.6,3.1,0
SMMS-SWR-01007,relay_room,NDLS-AGC,SWR,2018,7,0,15,15.8,8.8,1,42.5,1.5,0
SMMS-NCR-01008,data_logger,JUC-ADI,NCR,2000,25,0,36,45.4,4.91,0,30.5,3.7,0
SMMS-NCR-01009,axle_counter,LDH-ASR,NCR,1990,35,2,5,63.9,3.9,0,29.2,5.5,0
SMMS-SWR-01010,relay_room,ED-CBE,SWR,2010,15,1,83,33.8,7.24,0,42.9,3.6,0
SMMS-NWR-01011,telecom_tower,AWB-SC,NWR,1997,28,5,38,58.0,5.95,0,34.7,5.8,1
SMMS-NFR-01012,relay_room,NDLS-AGC,NFR,1992,33,4,11,73.4,2.22,1,33.3,6.9,1
SMMS-CR-01013,track_circuit,MAS-ED,CR,2004,21,0,13,36.0,7.6,0,36.0,3.5,0
SMMS-NER-01014,axle_counter,JHS-BPL,NER,2006,19,2,93,39.5,6.65,0,36.5,3.8,0
SMMS-NCR-01015,track_circuit,MGS-ALD,NCR,2017,8,0,5,12.0,9.44,0,46.4,1.0,1
SMMS-NR-01016,colour_light_signal,AGC-JHS,NR,2003,22,0,14,44.8,4.86,0,36.3,3.8,0
SMMS-ECR-01017,OFC_cable,AGC-JHS,ECR,2006,19,0,13,38.1,7.09,0,36.8,3.5,0
SMMS-CR-01018,track_circuit,JUC-ADI,CR,2009,16,0,54,20.0,6.65,0,40.2,3.0,0
SMMS-NFR-01019,colour_light_signal,BZA-MAS,NFR,1995,30,2,9,62.1,1.82,3,29.9,4.5,1
SMMS-WR-01020,OFC_cable,CNB-NDLS,WR,1995,30,2,5,59.6,4.86,0,34.8,4.4,0
SMMS-SER-01021,OFC_cable,NDLS-UMB,SER,2002,23,3,19,49.3,5.77,0,35.5,5.4,0
SMMS-ECR-01022,colour_light_signal,JUC-ADI,ECR,2016,9,0,50,15.1,9.38,2,40.8,2.4,1
SMMS-SWR-01023,track_circuit,JHS-BPL,SWR,2021,4,0,5,3.7,9.89,0,39.5,1.7,0
SMMS-NER-01024,track_circuit,UMB-LDH,NER,1992,33,0,7,60.4,4.38,2,30.7,4.1,0
SMMS-NCR-01025,point_machine,ADI-BRC,NCR,2021,4,2,40,6.6,10.0,1,45.3,2.6,0
SMMS-ER-01026,OFC_cable,CSTM-KYN,ER,1996,29,0,49,60.9,3.85,0,32.6,5.3,0
SMMS-ER-01027,axle_counter,BPL-NGP,ER,2010,15,2,5,30.0,7.8,0,35.7,3.1,0
SMMS-SCR-01028,axle_counter,BCT-RTM,SCR,2018,7,0,110,14.6,9.64,1,45.2,1.7,0
SMMS-WCR-01029,track_circuit,AGC-JHS,WCR,1993,32,0,19,54.8,2.64,1,33.9,2.9,0
SMMS-ECR-01030,point_machine,MAS-ED,ECR,1993,32,0,17,54.3,1.98,1,27.8,4.4,0
SMMS-ECR-01031,BPAC_panel,ALD-CNB,ECR,1990,35,1,72,68.7,2.89,0,29.4,5.1,0
SMMS-ER-01032,axle_counter,NDLS-AGC,ER,2020,5,2,5,14.3,9.26,0,42.1,2.5,0
SMMS-WR-01033,point_machine,CBE-TVC,WR,2006,19,2,10,39.4,5.71,0,37.0,4.6,1
SMMS-SECR-01034,track_circuit,ADI-BRC,SECR,1996,29,1,76,62.2,4.69,0,29.4,5.0,0
SMMS-SWR-01035,axle_counter,NDLS-AGC,SWR,2010,15,0,33,28.5,5.38,0,43.1,2.4,1
SMMS-NFR-01036,axle_counter,NDLS-AGC,NFR,2012,13,0,38,18.4,6.32,1,37.4,2.1,1
SMMS-CR-01037,axle_counter,UMB-LDH,CR,2002,23,1,14,40.7,6.07,0,34.1,3.5,0
SMMS-ECR-01038,colour_light_signal,MAS-ED,ECR,1994,31,0,30,58.2,3.98,0,30.2,3.5,0
SMMS-WCR-01039,axle_counter,CBE-TVC,WCR,2020,5,0,73,11.4,8.27,0,47.2,2.6,0
SMMS-CR-01040,point_machine,ST-BCT,CR,2001,24,1,161,47.3,5.66,1,38.2,4.3,0
SMMS-ECoR-01041,axle_counter,CNB-NDLS,ECoR,2017,8,1,19,16.1,9.21,1,45.2,2.8,0
SMMS-CR-01042,relay_room,HWH-BWN,CR,2017,8,0,6,13.3,8.75,0,42.2,1.8,0
SMMS-CR-01043,point_machine,BCT-RTM,CR,1996,29,1,17,54.0,5.59,0,27.6,4.8,0
SMMS-SER-01044,colour_light_signal,AZ-MGS,SER,2011,14,0,17,35.6,6.34,0,39.5,3.8,0
SMMS-ECoR-01045,axle_counter,BRC-ST,ECoR,2013,12,0,17,21.9,6.85,0,37.8,2.7,0
SMMS-NCR-01046,relay_room,LDH-ASR,NCR,2003,22,1,11,48.5,5.84,0,36.8,4.6,0
SMMS-SCR-01047,data_logger,MGS-ALD,SCR,2005,20,1,31,37.1,7.11,1,38.4,3.2,0
SMMS-NCR-01048,point_machine,SC-KZJ,NCR,2000,25,6,139,69.0,3.84,0,31.1,7.8,1
SMMS-SER-01049,colour_light_signal,SC-KZJ,SER,2019,6,0,5,8.3,8.85,1,47.6,2.2,0
SMMS-ECoR-01050,level_crossing_gate,ST-BCT,ECoR,1996,29,1,33,49.2,3.74,0,35.5,5.1,0
SMMS-NER-01051,colour_light_signal,NGP-BZA,NER,1992,33,2,124,58.5,4.88,0,31.2,5.3,0
SMMS-NFR-01052,track_circuit,BZA-MAS,NFR,2004,21,0,21,33.0,6.04,2,38.3,3.0,0
SMMS-ER-01053,track_circuit,MGS-ALD,ER,2019,6,0,31,7.9,8.53,0,48.7,1.7,0
SMMS-NWR-01054,OFC_cable,BZA-MAS,NWR,2022,3,2,5,4.6,8.82,0,45.3,2.1,0
SMMS-NR-01055,BPAC_panel,NGP-BZA,NR,2006,19,1,36,37.2,5.87,1,41.7,3.6,0
SMMS-NCR-01056,axle_counter,KYN-IGP,NCR,2009,16,0,19,31.2,6.85,0,39.5,3.2,0
SMMS-CR-01057,colour_light_signal,MAS-ED,CR,2022,3,1,51,6.4,8.74,0,42.6,2.4,0
SMMS-SECR-01058,level_crossing_gate,CSTM-KYN,SECR,2016,9,0,27,13.5,7.84,0,42.6,2.2,0
SMMS-WR-01059,relay_room,AZ-MGS,WR,2009,16,1,5,26.3,8.24,0,41.3,2.3,0
SMMS-ECoR-01060,BPAC_panel,ED-CBE,ECoR,2020,5,0,6,6.4,9.86,0,44.0,1.1,0
SMMS-NER-01061,track_circuit,NDLS-UMB,NER,1994,31,1,85,62.9,2.94,0,39.4,5.0,0
SMMS-NCR-01062,colour_light_signal,NDLS-AGC,NCR,2007,18,0,36,35.8,7.59,1,42.0,2.9,0
SMMS-WR-01063,colour_light_signal,KZJ-BZA,WR,2008,17,4,5,43.8,6.25,0,42.6,5.9,1
SMMS-SWR-01064,OFC_cable,ADI-BRC,SWR,2006,19,0,14,39.6,7.94,0,45.5,3.9,0
SMMS-ER-01065,point_machine,KYN-IGP,ER,2012,13,0,56,30.5,6.62,0,41.3,3.1,0
SMMS-NER-01066,data_logger,AZ-MGS,NER,1991,34,0,34,61.2,4.98,1,30.0,4.0,0
SMMS-SWR-01067,point_machine,ST-BCT,SWR,2013,12,1,84,31.6,6.27,1,44.6,3.4,0
SMMS-NWR-01068,point_machine,JHS-BPL,NWR,1990,35,5,13,72.2,2.75,2,30.9,6.4,1
SMMS-NWR-01069,colour_light_signal,BCT-RTM,NWR,2011,14,0,82,31.5,5.57,0,39.0,2.4,1
SMMS-SECR-01070,colour_light_signal,MGS-ALD,SECR,2003,22,0,22,36.2,4.14,1,35.7,4.0,0
SMMS-SWR-01071,colour_light_signal,AWB-SC,SWR,2002,23,0,141,44.6,4.93,1,30.8,3.5,0
SMMS-ECR-01072,colour_light_signal,JUC-ADI,ECR,2001,24,4,75,60.4,4.29,1,37.3,5.9,0
SMMS-NCR-01073,point_machine,MGS-ALD,NCR,1996,29,4,101,59.2,3.84,0,35.8,5.2,1
SMMS-CR-01074,colour_light_signal,KYN-IGP,CR,1991,34,6,72,77.0,4.52,0,36.2,7.5,1
SMMS-ECoR-01075,OFC_cable,NGP-BZA,ECoR,1992,33,2,54,69.8,3.88,0,35.7,5.5,1
SMMS-NR-01076,axle_counter,ASR-JUC,NR,2002,23,1,64,41.5,5.78,1,42.3,3.7,0
SMMS-NWR-01077,colour_light_signal,ST-BCT,NWR,2019,6,5,32,30.0,7.09,1,45.2,4.1,1
SMMS-ECR-01078,data_logger,NDLS-UMB,ECR,2003,22,1,19,34.4,6.59,0,37.9,3.4,0
SMMS-NWR-01079,point_machine,AWB-SC,NWR,2015,10,1,20,15.6,7.66,0,41.7,2.2,0
SMMS-SWR-01080,axle_counter,ASR-JUC,SWR,1996,29,0,22,57.6,3.47,1,33.6,4.4,0
SMMS-NR-01081,BPAC_panel,JHS-BPL,NR,2017,8,0,28,9.7,8.83,0,45.1,2.3,0
SMMS-WCR-01082,track_circuit,ASR-JUC,WCR,1997,28,2,45,58.6,3.84,3,35.5,5.2,1
SMMS-ECR-01083,point_machine,ALD-CNB,ECR,2004,21,0,18,45.1,4.98,0,35.3,3.2,0
SMMS-ER-01084,data_logger,UMB-LDH,ER,1994,31,1,45,64.9,2.54,0,33.2,4.6,1
SMMS-NWR-01085,colour_light_signal,BWN-AZ,NWR,2022,3,5,16,9.8,10.0,1,42.9,3.7,1
SMMS-SCR-01086,relay_room,JUC-ADI,SCR,1992,33,0,33,51.7,1.77,0,33.1,4.5,0
SMMS-WR-01087,BPAC_panel,JHS-BPL,WR,2011,14,2,43,19.8,6.25,0,42.9,2.8,0
SMMS-SER-01088,OFC_cable,BPL-NGP,SER,2011,14,0,19,20.1,6.81,1,44.3,2.4,0
SMMS-SECR-01089,track_circuit,BRC-ST,SECR,2021,4,1,31,12.6,9.34,0,44.6,2.3,0
SMMS-SCR-01090,level_crossing_gate,LDH-ASR,SCR,2012,13,1,5,21.5,9.74,0,46.6,3.1,0
SMMS-SECR-01091,colour_light_signal,NDLS-AGC,SECR,2010,15,0,25,24.6,6.2,0,36.1,2.3,0
SMMS-NCR-01092,OFC_cable,MAS-ED,NCR,1993,32,1,68,66.9,4.45,0,29.6,5.4,0
SMMS-NCR-01093,OFC_cable,ALD-CNB,NCR,2004,21,0,14,36.5,5.47,0,41.6,3.4,0
SMMS-WR-01094,axle_counter,SC-KZJ,WR,2010,15,1,12,30.2,7.99,0,39.3,3.2,0
SMMS-ER-01095,track_circuit,KYN-IGP,ER,2009,16,1,59,38.7,6.97,0,42.3,3.9,0
SMMS-NFR-01096,level_crossing_gate,MGS-ALD,NFR,2009,16,0,15,23.0,8.76,0,40.6,2.7,1
SMMS-NR-01097,track_circuit,AWB-SC,NR,2014,11,2,19,27.7,7.13,0,42.7,3.2,0
SMMS-SR-01098,point_machine,ED-CBE,SR,2020,5,0,68,6.6,7.48,0,50.5,1.5,0
SMMS-NCR-01099,axle_counter,NGP-BZA,NCR,1993,32,1,5,63.3,3.4,0,28.1,5.1,0
SMMS-NWR-01100,BPAC_panel,NDLS-UMB,NWR,2018,7,1,109,17.0,8.27,0,46.3,2.6,0
SMMS-NFR-01101,colour_light_signal,AZ-MGS,NFR,2019,6,1,8,18.9,9.77,0,43.7,2.9,0
SMMS-NWR-01102,track_circuit,SC-KZJ,NWR,1998,27,0,9,42.7,4.15,0,35.2,3.4,0
SMMS-NER-01103,axle_counter,BWN-AZ,NER,1994,31,1,59,54.1,3.62,1,29.9,4.6,0
SMMS-CR-01104,BPAC_panel,LTT-NED,CR,2007,18,0,5,30.6,5.57,0,39.1,3.1,0
SMMS-SER-01105,track_circuit,UMB-LDH,SER,2022,3,0,6,8.2,9.99,0,48.3,2.6,0
SMMS-CR-01106,axle_counter,ED-CBE,CR,2002,23,1,5,50.7,5.42,1,39.5,3.8,0
SMMS-ECoR-01107,colour_light_signal,ST-BCT,ECoR,2022,3,1,37,4.2,9.57,0,45.9,2.1,0
SMMS-SER-01108,colour_light_signal,JHS-BPL,SER,1991,34,0,73,63.7,3.16,0,29.0,4.9,0
SMMS-ER-01109,point_machine,BZA-MAS,ER,2001,24,0,7,36.4,7.06,0,33.8,4.0,0
SMMS-NWR-01110,relay_room,LTT-NED,NWR,2018,7,1,20,20.8,8.58,0,48.1,3.2,1
SMMS-ECoR-01111,point_machine,BWN-AZ,ECoR,2018,7,0,45,16.4,8.87,2,44.4,2.9,0
SMMS-NR-01112,data_logger,BPL-NGP,NR,2012,13,5,14,32.1,6.8,0,40.3,4.2,1
SMMS-ER-01113,data_logger,BRC-ST,ER,1994,31,0,8,54.4,3.88,0,34.9,4.5,0
SMMS-WR-01114,point_machine,AGC-JHS,WR,2020,5,3,94,12.1,8.08,2,45.6,3.6,0
SMMS-NWR-01115,colour_light_signal,NDLS-AGC,NWR,2012,13,1,48,32.6,6.15,0,39.3,3.1,0
SMMS-WCR-01116,track_circuit,BRC-ST,WCR,2005,20,0,103,36.8,4.84,0,37.5,3.3,0
SMMS-NFR-01117,OFC_cable,MGS-ALD,NFR,1997,28,2,60,58.1,4.65,0,33.9,5.5,0
SMMS-SWR-01118,colour_light_signal,ADI-BRC,SWR,1998,27,9,17,66.4,4.06,1,27.7,7.3,1
SMMS-NER-01119,colour_light_signal,AZ-MGS,NER,1991,34,1,5,66.2,1.06,0,29.7,5.4,0
SMMS-SER-01120,point_machine,CNB-NDLS,SER,2007,18,1,25,29.9,7.47,0,35.2,3.2,0
SMMS-NER-01121,relay_room,ASR-JUC,NER,2008,17,1,18,43.2,6.22,0,41.5,4.5,0
SMMS-WCR-01122,track_circuit,LDH-ASR,WCR,1997,28,0,28,50.0,6.57,0,34.5,4.0,0
SMMS-SER-01123,OFC_cable,BRC-ST,SER,2006,19,0,5,36.7,6.6,0,38.4,3.1,0
SMMS-WR-01124,track_circuit,AGC-JHS,WR,1994,31,0,30,54.0,4.31,1,37.3,4.5,0
SMMS-NFR-01125,colour_light_signal,MAS-ED,NFR,1997,28,0,21,54.4,4.01,0,36.0,3.7,0
SMMS-WR-01126,level_crossing_gate,KYN-IGP,WR,1999,26,5,45,61.3,3.76,1,30.1,5.7,1
SMMS-SR-01127,relay_room,BCT-RTM,SR,1992,33,0,12,61.9,2.71,0,30.8,4.4,0
SMMS-WR-01128,relay_room,LTT-NED,WR,1992,33,0,68,62.3,5.05,1,31.5,4.3,0
SMMS-SR-01129,track_circuit,MGS-ALD,SR,2020,5,1,106,5.6,9.79,0,48.5,1.6,0
SMMS-NER-01130,colour_light_signal,BZA-MAS,NER,2016,9,0,7,18.2,8.6,0,44.7,2.8,0
SMMS-SR-01131,level_crossing_gate,BRC-ST,SR,2017,8,0,41,17.3,8.72,1,44.9,2.1,0
SMMS-NER-01132,track_circuit,CBE-TVC,NER,2016,9,2,40,20.3,9.95,1,45.3,3.1,0
SMMS-NCR-01133,colour_light_signal,HWH-BWN,NCR,2005,20,0,16,46.8,6.34,0,31.1,3.4,0
SMMS-NWR-01134,point_machine,MGS-ALD,NWR,2004,21,0,5,37.1,6.06,2,34.1,3.6,0
SMMS-ECoR-01135,colour_light_signal,JUC-ADI,ECoR,1997,28,4,44,66.6,5.46,0,37.3,6.0,1
SMMS-NR-01136,axle_counter,JUC-ADI,NR,2017,8,0,24,9.9,8.11,0,43.5,2.0,0
SMMS-NCR-01137,OFC_cable,KZJ-BZA,NCR,2004,21,2,8,42.7,5.42,0,35.1,3.9,0
SMMS-NER-01138,level_crossing_gate,AGC-JHS,NER,2013,12,1,5,30.8,8.9,0,42.1,3.5,0
SMMS-NR-01139,BPAC_panel,SC-KZJ,NR,1994,31,1,116,57.2,4.26,1,36.7,5.0,0
SMMS-NR-01140,point_machine,AZ-MGS,NR,1995,30,0,21,50.6,3.67,1,32.6,3.5,0
SMMS-SR-01141,point_machine,NGP-BZA,SR,1994,31,0,55,58.7,3.13,0,35.0,5.0,0
SMMS-SR-01142,axle_counter,BZA-MAS,SR,2014,11,1,5,30.6,6.87,0,39.6,3.0,0
SMMS-SWR-01143,relay_room,ALD-CNB,SWR,1996,29,1,39,56.8,2.76,0,35.7,3.8,0
SMMS-NCR-01144,OFC_cable,BZA-MAS,NCR,2020,5,0,5,10.1,9.74,0,41.9,2.4,0
SMMS-SR-01145,BPAC_panel,ALD-CNB,SR,1992,33,1,21,68.4,3.88,1,22.6,5.0,0
SMMS-NWR-01146,point_machine,LTT-NED,NWR,2007,18,0,11,26.8,6.38,0,44.3,2.0,0
SMMS-NCR-01147,colour_light_signal,NGP-BZA,NCR,2018,7,4,16,26.0,9.7,0,43.9,3.9,1
SMMS-WR-01148,colour_light_signal,MAS-ED,WR,1990,35,2,39,65.6,2.46,0,36.4,5.3,0
SMMS-SWR-01149,telecom_tower,NDLS-UMB,SWR,2018,7,0,17,18.5,8.99,0,45.6,1.9,0
SMMS-NFR-01150,colour_light_signal,AGC-JHS,NFR,2022,3,1,11,7.5,8.76,1,47.0,2.2,0
SMMS-ECoR-01151,point_machine,CBE-TVC,ECoR,2013,12,1,50,26.6,6.39,0,36.7,3.5,0
SMMS-WCR-01152,colour_light_signal,JUC-ADI,WCR,1996,29,1,31,52.6,3.73,0,34.4,4.3,0
SMMS-NER-01153,colour_light_signal,NGP-BZA,NER,2022,3,1,39,0.8,9.53,0,53.4,3.0,0
SMMS-NR-01154,axle_counter,CBE-TVC,NR,1993,32,0,19,69.0,4.62,0,33.6,4.6,0
SMMS-ECoR-01155,track_circuit,CNB-NDLS,ECoR,1999,26,3,11,48.9,3.49,0,40.7,5.1,0
SMMS-SECR-01156,OFC_cable,MGS-ALD,SECR,1999,26,0,11,53.1,3.09,0,37.9,4.0,0
SMMS-SER-01157,track_circuit,MAS-ED,SER,2009,16,0,194,29.3,6.79,1,41.1,3.2,0
SMMS-ER-01158,axle_counter,LTT-NED,ER,2006,19,0,43,39.9,5.41,0,31.3,3.5,0
SMMS-NWR-01159,BPAC_panel,ED-CBE,NWR,2002,23,1,5,39.0,6.2,0,31.8,4.1,1
SMMS-NR-01160,axle_counter,LTT-NED,NR,1996,29,0,41,52.7,4.76,0,33.0,3.4,0
SMMS-SCR-01161,track_circuit,NGP-BZA,SCR,2019,6,1,5,6.7,9.11,0,48.3,2.6,0
SMMS-SECR-01162,colour_light_signal,HWH-BWN,SECR,2011,14,2,14,38.3,7.5,2,40.9,4.1,0
SMMS-NCR-01163,axle_counter,CBE-TVC,NCR,2000,25,1,74,55.0,4.89,2,38.8,4.2,0
SMMS-CR-01164,colour_light_signal,JHS-BPL,CR,2002,23,0,98,36.5,6.59,0,32.2,3.6,0
SMMS-ECoR-01165,colour_light_signal,ED-CBE,ECoR,2012,13,0,78,25.4,6.44,1,44.0,2.3,0
SMMS-NR-01166,track_circuit,KYN-IGP,NR,1999,26,0,32,50.0,4.64,0,33.8,5.6,0
SMMS-WR-01167,axle_counter,AZ-MGS,WR,2017,8,0,24,18.0,7.43,0,42.7,2.1,0
SMMS-WR-01168,OFC_cable,CSTM-KYN,WR,2006,19,3,11,44.9,5.46,0,39.8,4.7,0
SMMS-ECoR-01169,track_circuit,NDLS-AGC,ECoR,2019,6,0,64,12.2,7.21,0,37.3,1.8,0
SMMS-ER-01170,relay_room,KZJ-BZA,ER,2011,14,0,38,27.5,8.19,0,37.6,3.0,0
SMMS-CR-01171,telecom_tower,UMB-LDH,CR,2009,16,0,30,26.0,4.54,2,47.9,3.0,0
SMMS-NWR-01172,telecom_tower,CSTM-KYN,NWR,1995,30,0,11,57.4,4.61,1,33.0,4.5,0
SMMS-WR-01173,point_machine,LTT-NED,WR,2007,18,0,14,31.8,6.22,0,43.5,2.9,1
SMMS-SECR-01174,track_circuit,CNB-NDLS,SECR,2020,5,1,11,22.0,9.94,0,42.4,3.9,0
SMMS-ECoR-01175,axle_counter,BRC-ST,ECoR,2015,10,0,40,22.4,7.36,1,39.4,3.2,0
SMMS-NFR-01176,track_circuit,UMB-LDH,NFR,1991,34,0,37,55.2,3.18,0,31.4,4.9,0
SMMS-SCR-01177,level_crossing_gate,MGS-ALD,SCR,2020,5,1,7,14.2,8.6,0,43.5,3.2,0
SMMS-NFR-01178,point_machine,JHS-BPL,NFR,2002,23,1,16,48.6,3.32,0,36.9,4.3,0
SMMS-SER-01179,axle_counter,ST-BCT,SER,2014,11,0,5,24.5,8.34,1,44.9,2.6,0
SMMS-SER-01180,colour_light_signal,NDLS-AGC,SER,2021,4,2,7,16.0,9.44,0,51.8,3.3,0
SMMS-SWR-01181,relay_room,JHS-BPL,SWR,2018,7,0,30,17.0,8.18,0,44.0,2.5,0
SMMS-WR-01182,point_machine,NDLS-AGC,WR,2017,8,0,18,17.1,7.86,0,46.8,2.4,0
SMMS-ECoR-01183,BPAC_panel,BPL-NGP,ECoR,2008,17,4,35,42.7,8.54,2,40.2,4.9,1
SMMS-NFR-01184,colour_light_signal,BCT-RTM,NFR,2008,17,1,21,34.8,7.32,0,38.4,3.8,0
SMMS-SER-01185,data_logger,BCT-RTM,SER,1996,29,0,5,57.6,6.13,0,31.4,4.3,0
SMMS-ECoR-01186,track_circuit,JUC-ADI,ECoR,2008,17,0,43,38.4,5.78,0,40.1,3.1,0
SMMS-NCR-01187,track_circuit,CNB-NDLS,NCR,1997,28,0,115,54.4,4.89,0,32.0,4.5,0
SMMS-SECR-01188,OFC_cable,CSTM-KYN,SECR,2003,22,5,12,52.0,6.25,1,36.6,5.3,1
SMMS-NR-01189,point_machine,KZJ-BZA,NR,1997,28,0,9,52.9,5.15,0,34.7,4.3,0
SMMS-SCR-01190,data_logger,CBE-TVC,SCR,1991,34,1,72,63.6,5.3,0,24.1,4.1,0
SMMS-SWR-01191,point_machine,SC-KZJ,SWR,2018,7,0,12,11.0,7.96,0,41.1,2.1,0
SMMS-WR-01192,OFC_cable,BWN-AZ,WR,2013,12,0,18,23.1,6.75,1,44.9,3.1,0
SMMS-CR-01193,colour_light_signal,LDH-ASR,CR,2004,21,2,10,47.4,5.57,0,37.5,4.4,0
SMMS-WR-01194,OFC_cable,ALD-CNB,WR,1997,28,0,39,54.8,4.37,0,36.4,4.2,0
SMMS-NWR-01195,point_machine,ALD-CNB,NWR,1992,33,0,23,53.4,2.11,0,28.4,3.4,0
SMMS-SCR-01196,OFC_cable,NDLS-AGC,SCR,2000,25,0,18,46.9,3.84,0,35.2,4.3,0
SMMS-NCR-01197,BPAC_panel,LTT-NED,NCR,1996,29,0,12,60.5,3.76,2,28.9,5.6,0
SMMS-SWR-01198,colour_light_signal,LDH-ASR,SWR,1994,31,5,123,58.9,4.68,2,36.4,5.4,1
SMMS-SER-01199,colour_light_signal,CNB-NDLS,SER,2010,15,0,5,33.5,8.56,0,44.5,3.0,0
SMMS-SR-01200,OFC_cable,MGS-ALD,SR,2011,14,8,12,42.4,7.56,0,39.9,5.7,1
SMMS-WR-01201,colour_light_signal,NGP-BZA,WR,2021,4,2,16,10.4,6.85,0,39.4,2.7,0
SMMS-SECR-01202,colour_light_signal,UMB-LDH,SECR,1996,29,1,68,52.6,5.66,1,41.3,4.4,0
SMMS-SCR-01203,colour_light_signal,HWH-BWN,SCR,2015,10,0,121,22.9,9.26,0,45.8,3.5,0
SMMS-NWR-01204,colour_light_signal,CBE-TVC,NWR,2016,9,3,5,11.6,8.16,0,45.4,3.3,0
SMMS-ECoR-01205,telecom_tower,SC-KZJ,ECoR,1993,32,1,128,66.0,2.26,0,35.0,5.3,0
SMMS-ECoR-01206,data_logger,ADI-BRC,ECoR,2007,18,0,130,36.3,6.53,0,40.2,3.4,0
SMMS-SWR-01207,axle_counter,CBE-TVC,SWR,1991,34,1,96,62.3,3.21,0,29.8,4.4,0
SMMS-ECoR-01208,axle_counter,SC-KZJ,ECoR,2022,3,0,100,9.7,8.04,0,43.0,1.0,0
SMMS-WCR-01209,point_machine,ST-BCT,WCR,1990,35,0,64,68.6,3.6,1,34.0,4.6,0
SMMS-ER-01210,track_circuit,SC-KZJ,ER,2019,6,2,14,16.9,8.19,0,43.3,2.4,0
SMMS-ECR-01211,telecom_tower,MAS-ED,ECR,2014,11,3,64,23.2,9.38,0,38.6,3.7,0
SMMS-SECR-01212,axle_counter,CBE-TVC,SECR,2015,10,0,26,17.4,7.61,0,41.5,1.9,1
SMMS-NR-01213,colour_light_signal,LTT-NED,NR,2020,5,3,31,25.5,9.18,2,44.9,2.4,0
SMMS-SECR-01214,colour_light_signal,CBE-TVC,SECR,2005,20,0,5,34.2,5.22,0,39.3,2.7,0
SMMS-WR-01215,data_logger,ST-BCT,WR,1993,32,0,25,49.5,5.09,0,32.9,5.0,0
SMMS-ECoR-01216,point_machine,SC-KZJ,ECoR,2002,23,0,12,40.4,5.67,1,38.5,4.2,0
SMMS-CR-01217,colour_light_signal,BRC-ST,CR,2016,9,1,16,18.4,8.18,0,39.5,2.4,0
SMMS-NFR-01218,OFC_cable,MGS-ALD,NFR,2003,22,0,25,41.3,6.23,0,40.1,4.3,0
SMMS-ECoR-01219,BPAC_panel,CNB-NDLS,ECoR,2005,20,3,46,34.1,5.56,0,38.7,3.8,0
SMMS-ECoR-01220,point_machine,AGC-JHS,ECoR,1998,27,4,5,62.0,5.03,0,35.5,5.6,1
SMMS-WCR-01221,BPAC_panel,CSTM-KYN,WCR,2019,6,0,37,19.9,9.14,0,48.8,2.6,0
SMMS-NER-01222,BPAC_panel,KZJ-BZA,NER,1998,27,0,14,43.3,5.63,1,33.3,2.8,0
SMMS-NCR-01223,track_circuit,HWH-BWN,NCR,2016,9,0,70,11.4,8.12,1,45.0,3.3,0
SMMS-SWR-01224,telecom_tower,KZJ-BZA,SWR,1996,29,0,89,52.0,2.92,0,35.6,4.2,0
SMMS-ER-01225,BPAC_panel,NGP-BZA,ER,1996,29,2,5,48.7,5.49,0,25.6,4.4,0
SMMS-ECoR-01226,colour_light_signal,UMB-LDH,ECoR,2008,17,0,83,31.0,8.21,0,36.9,3.2,0
SMMS-SER-01227,data_logger,NGP-BZA,SER,2005,20,2,31,36.3,6.05,0,40.1,4.3,0
SMMS-ER-01228,axle_counter,LDH-ASR,ER,2005,20,1,7,41.3,5.7,2,37.6,3.9,0
SMMS-WCR-01229,track_circuit,JUC-ADI,WCR,2018,7,1,5,8.9,8.84,0,39.4,2.4,0
SMMS-SER-01230,level_crossing_gate,AGC-JHS,SER,2021,4,1,37,21.2,9.94,0,44.6,2.6,0
SMMS-ECR-01231,point_machine,NDLS-UMB,ECR,2004,21,1,30,38.0,7.34,1,40.1,3.5,0
SMMS-SCR-01232,track_circuit,CSTM-KYN,SCR,2022,3,0,50,10.7,9.81,0,47.1,2.0,0
SMMS-SCR-01233,colour_light_signal,ST-BCT,SCR,2010,15,0,28,32.1,8.69,0,37.8,3.0,0
SMMS-SR-01234,data_logger,NDLS-UMB,SR,2020,5,1,5,0.0,9.16,0,44.4,2.1,0
SMMS-NCR-01235,colour_light_signal,BPL-NGP,NCR,2018,7,0,22,18.9,6.59,0,39.6,2.2,0
SMMS-SECR-01236,colour_light_signal,NDLS-AGC,SECR,2005,20,1,73,36.3,4.89,0,35.3,3.5,0
SMMS-SCR-01237,colour_light_signal,BCT-RTM,SCR,2012,13,0,19,27.1,7.94,0,39.3,3.3,0
SMMS-NWR-01238,relay_room,NDLS-UMB,NWR,1996,29,1,12,64.7,5.73,0,38.4,4.6,0
SMMS-SWR-01239,colour_light_signal,ASR-JUC,SWR,2021,4,0,13,14.1,8.39,0,50.3,1.5,0
SMMS-CR-01240,telecom_tower,LTT-NED,CR,2019,6,0,5,13.7,7.89,0,47.5,1.9,0
SMMS-ECoR-01241,relay_room,NDLS-AGC,ECoR,1999,26,0,19,40.1,3.53,1,36.7,2.7,0
SMMS-WCR-01242,relay_room,NDLS-UMB,WCR,2004,21,0,60,40.4,7.4,1,32.8,2.9,1
SMMS-SWR-01243,level_crossing_gate,BRC-ST,SWR,2002,23,2,5,42.2,7.13,1,31.1,4.0,0
SMMS-WCR-01244,colour_light_signal,ALD-CNB,WCR,2011,14,3,99,32.9,6.33,2,43.8,3.9,1
SMMS-NFR-01245,relay_room,CBE-TVC,NFR,2012,13,0,23,21.8,6.28,0,35.3,2.9,0
SMMS-SECR-01246,data_logger,CBE-TVC,SECR,1995,30,1,42,59.1,4.4,0,33.3,5.3,0
SMMS-ECoR-01247,axle_counter,HWH-BWN,ECoR,2021,4,1,18,7.3,8.85,2,42.1,2.0,0
SMMS-WR-01248,track_circuit,UMB-LDH,WR,2001,24,0,12,43.9,5.97,0,37.0,3.6,0
SMMS-NCR-01249,colour_light_signal,NDLS-AGC,NCR,2020,5,1,5,15.4,9.56,0,45.6,2.1,0
SMMS-SCR-01250,colour_light_signal,MGS-ALD,SCR,2004,21,3,25,45.2,6.03,1,39.1,5.0,0
SMMS-WR-01251,telecom_tower,NDLS-AGC,WR,2001,24,1,21,35.8,4.8,0,32.4,3.1,0
SMMS-CR-01252,level_crossing_gate,NGP-BZA,CR,1990,35,0,33,68.2,0.12,0,29.7,5.9,1
SMMS-WCR-01253,track_circuit,UMB-LDH,WCR,2014,11,2,20,27.0,6.62,0,39.4,2.9,0
SMMS-SR-01254,data_logger,CNB-NDLS,SR,1999,26,2,23,51.4,6.01,0,35.6,4.3,0
SMMS-SECR-01255,track_circuit,MGS-ALD,SECR,2022,3,0,62,5.5,10.0,0,49.3,1.6,0
SMMS-ECoR-01256,colour_light_signal,CNB-NDLS,ECoR,2004,21,0,5,43.3,4.05,0,41.8,3.6,0
SMMS-NER-01257,colour_light_signal,CBE-TVC,NER,1997,28,0,20,48.7,3.27,0,27.4,3.9,0
SMMS-NCR-01258,BPAC_panel,MGS-ALD,NCR,2017,8,1,6,10.9,7.27,1,47.1,2.6,0
SMMS-NWR-01259,telecom_tower,SC-KZJ,NWR,1997,28,0,110,47.0,3.28,0,39.1,3.8,0
SMMS-SCR-01260,track_circuit,JUC-ADI,SCR,2013,12,2,70,28.9,8.69,4,34.4,3.7,1
SMMS-ECR-01261,colour_light_signal,NDLS-UMB,ECR,1991,34,0,75,62.2,1.77,2,28.9,4.6,0
SMMS-NR-01262,BPAC_panel,AZ-MGS,NR,1992,33,0,5,51.6,4.26,0,28.4,4.2,0
SMMS-NER-01263,point_machine,BPL-NGP,NER,2014,11,3,83,37.1,9.9,0,41.0,4.2,0
SMMS-SER-01264,track_circuit,UMB-LDH,SER,2006,19,0,6,48.6,6.83,0,42.2,3.7,0
SMMS-SCR-01265,level_crossing_gate,ASR-JUC,SCR,2008,17,2,25,44.9,7.02,0,34.5,4.2,0
SMMS-CR-01266,relay_room,BPL-NGP,CR,2018,7,0,5,14.6,7.45,0,40.5,2.4,0
SMMS-SER-01267,OFC_cable,HWH-BWN,SER,2008,17,0,106,28.3,6.25,0,36.6,3.5,0
SMMS-NWR-01268,point_machine,JUC-ADI,NWR,2019,6,0,164,15.3,9.1,0,51.8,2.3,0
SMMS-WCR-01269,point_machine,AWB-SC,WCR,2000,25,0,22,45.9,5.91,0,32.5,3.6,1
SMMS-SCR-01270,point_machine,JHS-BPL,SCR,1998,27,0,119,47.5,3.93,0,34.0,4.2,0
SMMS-NWR-01271,axle_counter,UMB-LDH,NWR,2009,16,0,5,26.0,5.69,0,36.3,2.8,0
SMMS-ECR-01272,telecom_tower,AZ-MGS,ECR,1993,32,1,96,55.2,4.11,2,31.8,4.5,0
SMMS-NFR-01273,relay_room,BPL-NGP,NFR,1994,31,0,16,57.5,4.27,1,31.5,4.1,0
SMMS-ER-01274,point_machine,NGP-BZA,ER,2002,23,0,44,45.3,5.14,1,35.4,4.1,0
SMMS-ECoR-01275,relay_room,MGS-ALD,ECoR,1993,32,1,17,59.7,2.83,0,28.4,4.6,0
SMMS-NER-01276,colour_light_signal,SC-KZJ,NER,1999,26,0,36,45.4,4.57,1,36.8,3.2,0
SMMS-NWR-01277,track_circuit,CNB-NDLS,NWR,1991,34,0,10,64.3,2.19,0,36.5,4.2,0
SMMS-ECoR-01278,data_logger,AZ-MGS,ECoR,1999,26,1,39,43.9,6.48,2,28.7,3.6,0
SMMS-CR-01279,point_machine,LDH-ASR,CR,1991,34,0,28,57.3,2.65,2,28.2,4.3,0
SMMS-NER-01280,axle_counter,ST-BCT,NER,2005,20,0,17,31.1,6.33,0,39.6,3.1,0
SMMS-ECR-01281,colour_light_signal,HWH-BWN,ECR,1996,29,4,23,69.8,3.32,1,35.1,6.6,1
SMMS-SCR-01282,colour_light_signal,NGP-BZA,SCR,1998,27,0,27,52.6,3.02,0,34.6,4.1,0
SMMS-WCR-01283,colour_light_signal,ED-CBE,WCR,2013,12,0,21,5.8,6.32,0,48.3,1.7,0
SMMS-SR-01284,point_machine,BRC-ST,SR,1998,27,3,5,54.9,4.9,1,31.8,5.6,0
SMMS-NWR-01285,track_circuit,ST-BCT,NWR,2018,7,0,61,18.9,9.71,0,44.4,2.4,0
SMMS-SR-01286,telecom_tower,MGS-ALD,SR,1997,28,0,43,45.3,3.66,0,34.9,4.1,0
SMMS-NWR-01287,point_machine,AZ-MGS,NWR,2001,24,1,45,33.3,4.74,0,41.1,3.8,0
SMMS-ER-01288,relay_room,ASR-JUC,ER,1991,34,1,5,68.7,2.01,1,30.3,5.0,0
SMMS-WCR-01289,axle_counter,NGP-BZA,WCR,1998,27,0,59,50.8,3.31,3,31.3,5.2,1
SMMS-SER-01290,colour_light_signal,SC-KZJ,SER,1996,29,2,59,53.6,3.72,4,32.1,5.8,1
SMMS-NER-01291,track_circuit,LDH-ASR,NER,2018,7,2,63,14.0,8.64,0,45.4,2.7,0
SMMS-SWR-01292,colour_light_signal,CSTM-KYN,SWR,2021,4,1,38,9.5,10.0,3,44.6,2.3,1
SMMS-NFR-01293,point_machine,NGP-BZA,NFR,2009,16,1,28,29.9,8.12,1,33.9,2.0,0
SMMS-SCR-01294,colour_light_signal,AWB-SC,SCR,2012,13,0,82,22.8,6.86,0,41.3,2.5,0
SMMS-CR-01295,point_machine,NDLS-UMB,CR,2014,11,1,34,32.9,7.46,1,46.0,3.0,0
SMMS-WR-01296,track_circuit,LTT-NED,WR,2004,21,0,5,36.6,6.49,0,38.7,3.8,0
SMMS-NR-01297,relay_room,AZ-MGS,NR,2022,3,0,17,0.9,9.56,0,42.7,1.1,1
SMMS-SECR-01298,colour_light_signal,KYN-IGP,SECR,2019,6,0,49,13.1,7.88,0,43.6,2.3,0
SMMS-SCR-01299,axle_counter,NDLS-AGC,SCR,2005,20,0,21,37.9,7.87,1,39.4,4.3,0
SMMS-NFR-01300,point_machine,ST-BCT,NFR,1998,27,2,64,60.1,5.39,0,32.9,5.0,0
SMMS-SECR-01301,colour_light_signal,AGC-JHS,SECR,1999,26,1,25,47.9,5.65,0,31.0,4.4,0
SMMS-SECR-01302,telecom_tower,AGC-JHS,SECR,2021,4,0,19,9.7,8.87,0,42.9,2.3,0
SMMS-SECR-01303,colour_light_signal,AWB-SC,SECR,2003,22,6,17,51.4,7.3,0,43.8,5.7,1
SMMS-SR-01304,BPAC_panel,CBE-TVC,SR,2003,22,1,15,45.7,5.78,1,41.1,3.6,0
SMMS-ER-01305,OFC_cable,UMB-LDH,ER,1990,35,0,26,60.4,2.17,0,31.7,4.8,0
SMMS-CR-01306,point_machine,HWH-BWN,CR,2013,12,0,36,20.0,7.3,0,41.1,1.5,0
SMMS-SWR-01307,OFC_cable,CNB-NDLS,SWR,2001,24,2,103,50.9,5.15,0,32.7,4.5,0
SMMS-SR-01308,point_machine,HWH-BWN,SR,1998,27,1,52,53.6,5.75,0,39.5,3.5,0
SMMS-ECoR-01309,OFC_cable,CBE-TVC,ECoR,2002,23,2,9,43.2,5.96,2,35.4,3.7,0
SMMS-WR-01310,colour_light_signal,LDH-ASR,WR,2015,10,2,24,21.2,8.36,0,39.1,2.7,0
SMMS-WR-01311,colour_light_signal,JUC-ADI,WR,2004,21,0,14,36.9,4.84,0,38.0,3.1,0
SMMS-WCR-01312,colour_light_signal,MAS-ED,WCR,2005,20,1,11,46.1,5.02,1,43.3,3.6,0
SMMS-CR-01313,OFC_cable,CNB-NDLS,CR,1999,26,0,42,52.8,4.62,0,29.4,3.7,0
SMMS-WR-01314,level_crossing_gate,ED-CBE,WR,2006,19,0,5,28.5,5.31,0,34.1,2.4,0
SMMS-SECR-01315,relay_room,CSTM-KYN,SECR,1999,26,0,5,54.1,4.12,0,29.1,3.9,0
SMMS-NR-01316,data_logger,CNB-NDLS,NR,1999,26,2,21,49.1,5.48,0,32.8,4.4,0
SMMS-NFR-01317,colour_light_signal,AWB-SC,NFR,1997,28,0,5,52.0,3.35,0,36.0,3.9,0
SMMS-SCR-01318,track_circuit,KYN-IGP,SCR,1999,26,2,28,45.8,6.38,0,31.7,4.2,0
SMMS-WCR-01319,axle_counter,BRC-ST,WCR,1996,29,1,31,56.2,4.04,0,34.7,3.7,0
SMMS-WR-01320,track_circuit,CNB-NDLS,WR,1990,35,1,7,67.2,2.68,0,32.7,6.0,0
SMMS-NFR-01321,OFC_cable,SC-KZJ,NFR,1994,31,1,47,61.2,5.44,0,30.1,4.5,1
SMMS-WR-01322,point_machine,NGP-BZA,WR,2006,19,0,5,28.4,6.45,0,41.7,1.8,0
SMMS-NWR-01323,point_machine,AZ-MGS,NWR,2009,16,1,38,29.6,5.75,0,38.3,3.0,0
SMMS-NR-01324,axle_counter,HWH-BWN,NR,1993,32,0,41,48.4,2.36,0,33.5,3.3,0
SMMS-NFR-01325,relay_room,ASR-JUC,NFR,1990,35,0,66,68.9,2.16,0,27.5,4.1,0
SMMS-SR-01326,colour_light_signal,JUC-ADI,SR,2018,7,0,87,14.5,10.0,0,46.7,1.5,0
SMMS-NR-01327,point_machine,BZA-MAS,NR,2009,16,0,44,35.3,5.48,0,35.5,2.8,0
SMMS-NER-01328,point_machine,LTT-NED,NER,2018,7,3,38,22.5,9.69,0,49.2,2.9,1
SMMS-SECR-01329,track_circuit,AWB-SC,SECR,2005,20,1,45,36.1,6.5,0,33.3,4.8,0
SMMS-SCR-01330,level_crossing_gate,AGC-JHS,SCR,2005,20,1,29,42.0,6.09,1,39.9,4.5,0
SMMS-WR-01331,track_circuit,BCT-RTM,WR,2013,12,0,38,16.0,8.75,1,43.2,1.7,0
SMMS-NFR-01332,data_logger,BWN-AZ,NFR,2006,19,0,94,31.3,6.4,0,43.3,3.1,0
SMMS-SECR-01333,track_circuit,ALD-CNB,SECR,2016,9,0,47,15.3,8.71,1,45.3,1.6,0
SMMS-SER-01334,point_machine,ALD-CNB,SER,1998,27,4,14,65.0,5.01,0,37.2,5.7,1
SMMS-WR-01335,colour_light_signal,CNB-NDLS,WR,2009,16,1,50,29.4,7.13,0,37.2,3.2,0
SMMS-SER-01336,OFC_cable,BPL-NGP,SER,2013,12,0,5,10.5,8.95,0,40.6,1.9,0
SMMS-SECR-01337,point_machine,NDLS-AGC,SECR,2010,15,0,24,26.8,4.68,1,46.5,2.1,0
SMMS-NFR-01338,OFC_cable,AZ-MGS,NFR,2006,19,0,19,39.5,7.31,1,36.9,4.2,0
SMMS-WR-01339,track_circuit,LTT-NED,WR,2020,5,0,16,11.1,9.31,1,49.6,2.2,1
SMMS-SECR-01340,colour_light_signal,BZA-MAS,SECR,2003,22,1,39,44.5,4.69,1,35.8,4.4,0
SMMS-SER-01341,colour_light_signal,KYN-IGP,SER,2002,23,1,7,42.9,4.39,0,34.1,4.2,0
SMMS-ER-01342,OFC_cable,JUC-ADI,ER,2018,7,0,113,12.2,8.02,0,40.0,2.0,0
SMMS-CR-01343,point_machine,CBE-TVC,CR,2022,3,0,11,4.0,8.71,0,46.3,1.6,0
SMMS-WR-01344,point_machine,ED-CBE,WR,2010,15,0,47,26.6,5.55,0,40.8,3.3,0
SMMS-SER-01345,point_machine,UMB-LDH,SER,1995,30,6,23,75.3,2.83,0,32.0,7.4,1
SMMS-SCR-01346,colour_light_signal,UMB-LDH,SCR,2004,21,0,9,37.9,6.34,0,36.5,3.9,0
SMMS-SER-01347,axle_counter,BWN-AZ,SER,2003,22,1,22,41.3,5.09,0,41.2,5.1,0
SMMS-NFR-01348,axle_counter,NGP-BZA,NFR,2021,4,3,18,20.7,8.77,0,39.2,3.2,0
SMMS-NWR-01349,relay_room,BCT-RTM,NWR,1998,27,0,60,52.7,3.67,0,33.4,3.4,0
SMMS-SER-01350,level_crossing_gate,BPL-NGP,SER,1999,26,0,42,51.3,5.73,1,35.5,4.2,0
SMMS-NER-01351,colour_light_signal,NGP-BZA,NER,2008,17,0,71,39.1,4.51,2,43.9,3.7,0
SMMS-SWR-01352,track_circuit,BRC-ST,SWR,1992,33,1,5,65.6,3.36,0,32.1,4.5,0
SMMS-NFR-01353,track_circuit,KZJ-BZA,NFR,2021,4,0,71,5.8,9.12,0,41.3,1.6,0
SMMS-NWR-01354,telecom_tower,BZA-MAS,NWR,1990,35,0,21,65.6,3.25,0,31.9,4.7,1
SMMS-SR-01355,relay_room,NDLS-UMB,SR,2005,20,3,11,42.4,6.26,1,34.2,4.1,0
SMMS-SR-01356,track_circuit,JUC-ADI,SR,2021,4,0,9,2.4,9.17,0,50.1,2.1,0
SMMS-SECR-01357,colour_light_signal,ST-BCT,SECR,1991,34,0,17,59.3,2.9,0,32.4,3.8,0
SMMS-SR-01358,OFC_cable,ST-BCT,SR,2008,17,1,16,45.7,6.02,1,39.8,4.2,0
SMMS-ECoR-01359,axle_counter,NGP-BZA,ECoR,2004,21,1,6,37.8,4.85,0,40.1,2.7,0
SMMS-ECR-01360,relay_room,AWB-SC,ECR,1994,31,0,36,65.4,1.64,0,29.2,4.2,0
SMMS-WCR-01361,point_machine,MGS-ALD,WCR,2003,22,0,5,36.2,5.48,0,30.7,4.5,0
SMMS-ECoR-01362,point_machine,JHS-BPL,ECoR,1994,31,0,27,57.1,4.26,3,35.7,3.9,1
SMMS-SR-01363,relay_room,ED-CBE,SR,2000,25,3,19,63.7,4.03,0,36.9,6.6,0
SMMS-ECR-01364,track_circuit,SC-KZJ,ECR,2016,9,2,67,17.8,7.06,1,49.9,2.7,0
SMMS-ER-01365,track_circuit,KZJ-BZA,ER,1996,29,0,9,47.2,3.53,0,33.1,3.7,0
SMMS-CR-01366,point_machine,ED-CBE,CR,1991,34,0,32,55.3,2.67,0,27.4,3.5,0
SMMS-ECoR-01367,track_circuit,ST-BCT,ECoR,2012,13,1,5,20.0,6.51,0,36.9,2.8,0
SMMS-SCR-01368,telecom_tower,BRC-ST,SCR,2010,15,1,50,29.7,6.6,0,39.0,2.9,0
SMMS-SWR-01369,colour_light_signal,ED-CBE,SWR,2012,13,0,15,19.0,8.0,0,43.0,3.4,0
SMMS-WR-01370,colour_light_signal,AWB-SC,WR,1990,35,4,127,76.5,3.09,1,33.5,6.0,1
SMMS-NR-01371,axle_counter,ADI-BRC,NR,2018,7,0,94,7.1,5.61,0,47.3,1.6,0
SMMS-NFR-01372,point_machine,UMB-LDH,NFR,2007,18,0,26,31.9,6.29,0,42.2,2.7,1
SMMS-NER-01373,data_logger,ADI-BRC,NER,2022,3,2,62,6.4,8.84,1,47.3,1.9,0
SMMS-SCR-01374,data_logger,NGP-BZA,SCR,1995,30,0,5,56.9,3.37,0,31.7,5.0,0
SMMS-SCR-01375,track_circuit,AWB-SC,SCR,1999,26,0,60,47.4,3.91,0,34.7,3.5,0
SMMS-NCR-01376,relay_room,LTT-NED,NCR,2017,8,1,23,20.0,8.69,0,47.6,3.0,0
SMMS-NCR-01377,OFC_cable,NDLS-UMB,NCR,2001,24,2,5,48.9,5.52,0,34.9,4.1,0
SMMS-SCR-01378,point_machine,BCT-RTM,SCR,1993,32,2,13,61.9,2.37,0,35.5,5.0,0
SMMS-NR-01379,point_machine,NDLS-UMB,NR,2014,11,5,14,36.5,8.36,0,45.1,5.8,1
SMMS-SCR-01380,colour_light_signal,KYN-IGP,SCR,1996,29,1,50,49.6,3.37,1,36.9,4.2,0
SMMS-ECoR-01381,point_machine,KZJ-BZA,ECoR,2009,16,0,61,25.0,6.16,0,40.2,3.2,0
SMMS-NFR-01382,relay_room,ST-BCT,NFR,2012,13,2,30,34.7,6.92,0,44.5,3.2,0
SMMS-NFR-01383,track_circuit,KZJ-BZA,NFR,1997,28,1,16,57.4,3.84,0,32.3,4.1,0
SMMS-SCR-01384,relay_room,ASR-JUC,SCR,2006,19,0,20,36.1,7.09,0,36.0,2.8,0
SMMS-SR-01385,point_machine,CNB-NDLS,SR,2018,7,0,39,6.0,7.59,0,37.7,1.6,0
SMMS-SCR-01386,axle_counter,KYN-IGP,SCR,2015,10,2,39,19.8,6.36,1,36.8,2.3,0
SMMS-ECR-01387,point_machine,UMB-LDH,ECR,1999,26,0,7,53.2,4.78,2,34.7,4.1,0
SMMS-NFR-01388,OFC_cable,CBE-TVC,NFR,2000,25,0,27,46.4,4.19,1,35.6,4.2,0
SMMS-NR-01389,colour_light_signal,ASR-JUC,NR,2004,21,0,33,36.2,5.71,0,45.4,3.0,0
SMMS-CR-01390,point_machine,BWN-AZ,CR,2007,18,1,55,40.7,8.54,1,37.3,4.6,0
SMMS-NFR-01391,point_machine,BRC-ST,NFR,1993,32,2,25,72.3,4.02,0,36.0,5.1,1
SMMS-NER-01392,colour_light_signal,UMB-LDH,NER,2016,9,0,110,20.9,8.34,0,45.9,2.9,0
SMMS-NER-01393,telecom_tower,ST-BCT,NER,1994,31,1,43,62.9,4.55,0,35.8,4.6,0
SMMS-WCR-01394,colour_light_signal,BCT-RTM,WCR,1995,30,2,51,58.8,3.68,0,35.5,5.2,0
SMMS-NR-01395,track_circuit,ASR-JUC,NR,1999,26,3,35,60.8,6.58,1,31.0,5.6,0
SMMS-NR-01396,track_circuit,ALD-CNB,NR,2008,17,0,74,38.8,6.97,4,38.7,3.0,1
SMMS-WCR-01397,colour_light_signal,JHS-BPL,WCR,2001,24,1,17,46.2,4.68,0,38.8,4.7,0
SMMS-WR-01398,track_circuit,NDLS-AGC,WR,2013,12,1,5,22.2,8.35,0,41.8,3.0,0
SMMS-NER-01399,axle_counter,SC-KZJ,NER,2005,20,0,5,35.9,5.64,0,37.0,3.6,0
SMMS-SCR-01400,point_machine,MAS-ED,SCR,1998,27,2,22,55.3,4.49,0,33.6,4.2,0
SMMS-SWR-01401,axle_counter,LDH-ASR,SWR,2002,23,0,19,34.6,6.66,0,40.1,3.1,0
SMMS-NWR-01402,relay_room,ST-BCT,NWR,2007,18,0,23,37.4,6.09,2,35.0,2.4,0
SMMS-SECR-01403,axle_counter,ASR-JUC,SECR,2021,4,4,30,20.2,8.17,1,41.3,3.7,1
SMMS-SR-01404,data_logger,MGS-ALD,SR,2008,17,0,20,23.7,6.78,1,41.8,2.8,0
SMMS-CR-01405,colour_light_signal,MGS-ALD,CR,2010,15,0,5,27.1,6.8,0,40.4,4.1,0
SMMS-NFR-01406,BPAC_panel,NDLS-AGC,NFR,2010,15,0,64,22.1,5.5,0,40.7,3.3,0
SMMS-SWR-01407,colour_light_signal,CNB-NDLS,SWR,1995,30,6,109,68.2,2.79,0,40.1,6.3,1
SMMS-SECR-01408,track_circuit,ED-CBE,SECR,1991,34,0,34,70.9,3.08,1,32.7,5.1,1
SMMS-SCR-01409,colour_light_signal,UMB-LDH,SCR,1995,30,0,25,55.8,3.03,0,32.5,4.3,0
SMMS-WCR-01410,axle_counter,UMB-LDH,WCR,2006,19,1,5,35.1,7.96,1,39.5,3.6,0
SMMS-SWR-01411,point_machine,ALD-CNB,SWR,2019,6,0,102,2.2,9.75,0,45.1,1.9,0
SMMS-SR-01412,track_circuit,BWN-AZ,SR,2000,25,2,17,52.5,5.35,2,37.2,5.2,0
SMMS-WR-01413,colour_light_signal,MAS-ED,WR,2014,11,0,59,20.0,7.55,0,42.8,2.7,0
SMMS-SWR-01414,track_circuit,JHS-BPL,SWR,1998,27,1,8,49.9,3.37,0,30.8,4.0,0
SMMS-NWR-01415,OFC_cable,BRC-ST,NWR,2014,11,1,95,19.6,8.29,0,41.0,3.0,0
SMMS-SWR-01416,telecom_tower,HWH-BWN,SWR,1997,28,1,49,59.8,5.16,0,37.4,4.2,0
SMMS-NER-01417,point_machine,NGP-BZA,NER,1992,33,0,15,64.9,4.46,1,32.8,5.0,0
SMMS-ER-01418,track_circuit,CBE-TVC,ER,2015,10,0,56,21.0,7.2,0,47.3,2.1,0
SMMS-SER-01419,OFC_cable,JHS-BPL,SER,2011,14,0,14,16.5,7.53,1,34.1,2.4,0
SMMS-WCR-01420,axle_counter,LTT-NED,WCR,2013,12,1,9,23.5,7.52,1,44.4,3.1,0
SMMS-NR-01421,OFC_cable,AZ-MGS,NR,2010,15,1,65,37.3,6.27,0,37.4,4.2,0
SMMS-SCR-01422,OFC_cable,LTT-NED,SCR,2005,20,2,106,39.6,5.44,1,42.4,3.6,0
SMMS-SWR-01423,OFC_cable,ADI-BRC,SWR,1999,26,0,5,43.3,4.79,0,32.0,3.8,0
SMMS-SWR-01424,level_crossing_gate,ADI-BRC,SWR,1991,34,0,5,57.1,4.25,0,30.6,3.8,0
SMMS-ECoR-01425,OFC_cable,JUC-ADI,ECoR,2022,3,2,86,18.0,9.06,0,48.2,2.4,0
SMMS-NER-01426,colour_light_signal,ED-CBE,NER,2016,9,0,117,8.9,7.95,0,47.7,1.8,0
SMMS-ECR-01427,BPAC_panel,AGC-JHS,ECR,2006,19,0,49,34.0,6.6,0,41.1,3.4,0
SMMS-NFR-01428,colour_light_signal,NDLS-UMB,NFR,2000,25,1,22,39.9,5.14,0,32.6,3.5,0
SMMS-NR-01429,track_circuit,BZA-MAS,NR,1998,27,0,29,50.4,4.56,0,31.3,3.8,0
SMMS-NCR-01430,track_circuit,KZJ-BZA,NCR,1999,26,0,18,58.0,6.94,0,33.2,3.8,0
SMMS-ECoR-01431,colour_light_signal,AGC-JHS,ECoR,2000,25,1,115,48.0,6.01,1,37.1,5.1,0
SMMS-NER-01432,colour_light_signal,CNB-NDLS,NER,2004,21,1,45,39.6,6.28,1,37.6,3.7,0
SMMS-NWR-01433,point_machine,KYN-IGP,NWR,1991,34,2,118,65.1,2.16,1,37.7,5.0,0
SMMS-ECoR-01434,relay_room,NDLS-AGC,ECoR,2006,19,1,93,36.5,7.63,1,38.3,3.4,0
SMMS-WR-01435,point_machine,AWB-SC,WR,2000,25,5,46,61.2,5.0,4,32.8,6.5,1
SMMS-NCR-01436,level_crossing_gate,KYN-IGP,NCR,2021,4,2,10,16.5,7.94,1,43.5,4.0,0
SMMS-NCR-01437,colour_light_signal,KZJ-BZA,NCR,1994,31,0,23,54.5,2.34,0,32.6,3.9,0
SMMS-CR-01438,axle_counter,LTT-NED,CR,2007,18,0,44,35.1,6.41,0,42.0,3.3,0
SMMS-NWR-01439,axle_counter,UMB-LDH,NWR,1991,34,1,25,63.7,3.73,0,28.5,4.3,0
SMMS-SCR-01440,point_machine,AZ-MGS,SCR,2016,9,0,23,20.1,7.76,0,43.1,2.6,0
SMMS-ER-01441,axle_counter,LTT-NED,ER,1997,28,1,22,58.0,4.16,0,33.0,3.8,1
SMMS-SR-01442,axle_counter,BCT-RTM,SR,2017,8,0,7,12.0,7.73,0,45.1,1.6,0
SMMS-SWR-01443,relay_room,ASR-JUC,SWR,2017,8,1,19,21.2,8.12,0,37.4,1.9,0
SMMS-CR-01444,data_logger,ST-BCT,CR,1994,31,0,176,58.2,3.82,0,32.5,4.9,0
SMMS-NR-01445,colour_light_signal,BRC-ST,NR,2019,6,1,11,19.7,7.64,0,46.3,3.3,0
SMMS-ER-01446,BPAC_panel,BWN-AZ,ER,2016,9,0,14,20.2,8.09,0,47.1,2.5,0
SMMS-SR-01447,colour_light_signal,ALD-CNB,SR,2016,9,0,132,13.3,7.84,0,38.7,2.3,0
SMMS-WR-01448,colour_light_signal,NDLS-UMB,WR,2014,11,0,28,31.4,6.69,0,42.7,3.2,0
SMMS-NR-01449,telecom_tower,MGS-ALD,NR,2016,9,3,59,26.1,8.03,2,48.6,3.5,0
SMMS-SCR-01450,OFC_cable,BZA-MAS,SCR,2001,24,0,11,40.7,6.01,0,39.0,4.2,0
SMMS-CR-01451,relay_room,BPL-NGP,CR,1993,32,1,20,65.2,4.33,0,32.5,5.9,0
SMMS-WR-01452,axle_counter,HWH-BWN,WR,2013,12,0,38,23.9,7.4,0,43.9,3.3,0
SMMS-WR-01453,OFC_cable,SC-KZJ,WR,2006,19,0,11,30.8,5.9,1,37.7,3.9,0
SMMS-NER-01454,OFC_cable,AGC-JHS,NER,2021,4,0,19,8.4,7.84,0,49.3,2.5,0
SMMS-SWR-01455,point_machine,CSTM-KYN,SWR,2001,24,1,25,56.7,3.87,0,38.5,5.4,0
SMMS-ECoR-01456,track_circuit,KYN-IGP,ECoR,1995,30,0,73,49.9,3.42,2,33.2,4.5,0
SMMS-NFR-01457,track_circuit,BCT-RTM,NFR,2021,4,1,47,6.1,10.0,0,46.8,2.5,0
SMMS-SER-01458,track_circuit,CNB-NDLS,SER,1991,34,0,99,71.6,3.02,0,31.4,5.9,1
SMMS-WCR-01459,relay_room,CSTM-KYN,WCR,2005,20,0,136,29.9,5.59,0,37.0,3.0,0
SMMS-NFR-01460,BPAC_panel,HWH-BWN,NFR,2016,9,0,25,11.0,7.18,0,42.3,1.2,0
SMMS-NER-01461,level_crossing_gate,LTT-NED,NER,1993,32,2,21,63.5,2.84,0,34.5,6.2,0
SMMS-CR-01462,track_circuit,ED-CBE,CR,2017,8,1,32,17.6,9.54,2,42.5,2.6,0
SMMS-ECR-01463,relay_room,AGC-JHS,ECR,2005,20,0,91,44.5,6.12,0,37.4,3.7,1
SMMS-NCR-01464,axle_counter,BCT-RTM,NCR,2012,13,1,5,35.2,6.1,0,41.4,2.8,0
SMMS-SER-01465,colour_light_signal,KYN-IGP,SER,1999,26,0,10,56.5,5.03,1,33.2,4.5,0
SMMS-NCR-01466,point_machine,NDLS-UMB,NCR,2007,18,2,72,44.1,4.89,0,38.0,4.8,0
SMMS-NCR-01467,BPAC_panel,LDH-ASR,NCR,1993,32,1,29,56.4,4.87,1,29.7,5.1,0
SMMS-ER-01468,BPAC_panel,BZA-MAS,ER,2010,15,2,71,26.8,4.88,0,43.8,3.9,0
SMMS-WR-01469,data_logger,NGP-BZA,WR,2015,10,2,42,24.6,7.82,1,39.6,3.3,0
SMMS-NFR-01470,colour_light_signal,BCT-RTM,NFR,2005,20,2,67,38.3,6.01,0,42.3,3.6,0
SMMS-ECR-01471,level_crossing_gate,BCT-RTM,ECR,2008,17,0,21,27.3,7.33,0,44.6,3.0,0
SMMS-NR-01472,axle_counter,JHS-BPL,NR,2010,15,1,5,27.4,8.67,1,46.0,3.2,0
SMMS-NWR-01473,axle_counter,LDH-ASR,NWR,2010,15,0,44,28.5,5.49,2,36.4,2.8,0
SMMS-SER-01474,OFC_cable,LTT-NED,SER,2010,15,1,27,36.0,7.7,0,41.9,4.5,0
SMMS-NER-01475,colour_light_signal,JUC-ADI,NER,2002,23,2,163,41.5,5.27,1,33.3,4.2,0
SMMS-NWR-01476,point_machine,LTT-NED,NWR,1990,35,1,5,67.0,3.47,0,28.6,5.2,0
SMMS-SECR-01477,telecom_tower,AGC-JHS,SECR,2022,3,0,38,15.0,10.0,0,46.6,2.3,0
SMMS-ECoR-01478,point_machine,CSTM-KYN,ECoR,1998,27,0,14,39.0,4.93,0,34.1,3.5,1
SMMS-CR-01479,point_machine,CBE-TVC,CR,2020,5,1,27,18.7,9.59,0,46.3,2.0,0
SMMS-WCR-01480,point_machine,ED-CBE,WCR,2011,14,0,5,12.9,6.2,0,46.2,2.3,0
SMMS-SECR-01481,track_circuit,NDLS-UMB,SECR,1995,30,0,78,51.3,3.92,1,35.1,4.5,0
SMMS-SR-01482,BPAC_panel,KZJ-BZA,SR,2016,9,1,88,12.8,6.36,0,38.8,1.2,0
SMMS-SECR-01483,BPAC_panel,ADI-BRC,SECR,2012,13,0,27,23.7,8.74,1,42.4,2.7,0
SMMS-ECR-01484,point_machine,CBE-TVC,ECR,2019,6,0,5,14.3,6.94,0,45.4,2.8,1
SMMS-SCR-01485,colour_light_signal,BZA-MAS,SCR,1992,33,2,34,69.7,3.9,0,33.4,5.9,0
SMMS-WCR-01486,colour_light_signal,LDH-ASR,WCR,2009,16,5,13,38.9,6.58,0,37.0,5.0,1
SMMS-NR-01487,BPAC_panel,LTT-NED,NR,2011,14,0,5,22.5,7.47,1,46.7,2.7,0
SMMS-WCR-01488,track_circuit,LTT-NED,WCR,2010,15,2,70,30.8,4.98,0,45.0,4.4,0
SMMS-SWR-01489,BPAC_panel,CNB-NDLS,SWR,2004,21,3,5,41.5,4.4,0,37.1,5.3,0
SMMS-SWR-01490,colour_light_signal,SC-KZJ,SWR,2004,21,2,103,38.6,5.29,0,34.8,3.4,0
SMMS-SR-01491,colour_light_signal,UMB-LDH,SR,2004,21,0,43,46.1,8.0,0,33.8,3.5,0
SMMS-CR-01492,point_machine,AZ-MGS,CR,1994,31,2,6,58.7,3.98,1,34.1,4.8,0
SMMS-NER-01493,point_machine,BWN-AZ,NER,2009,16,1,12,30.5,8.43,0,41.6,3.2,0
SMMS-CR-01494,relay_room,ED-CBE,CR,2011,14,6,150,56.7,7.26,0,36.8,6.4,1
SMMS-NFR-01495,axle_counter,NGP-BZA,NFR,2017,8,1,41,25.7,7.62,0,41.1,3.2,0
SMMS-WR-01496,data_logger,CBE-TVC,WR,2016,9,3,26,20.9,6.61,1,45.4,3.2,0
SMMS-NER-01497,OFC_cable,MAS-ED,NER,2002,23,0,123,40.0,5.82,0,32.1,4.5,0
SMMS-ER-01498,colour_light_signal,ALD-CNB,ER,2003,22,0,5,29.6,4.5,0,42.8,3.1,0
SMMS-SER-01499,data_logger,NGP-BZA,SER,1999,26,0,19,50.7,4.02,0,32.8,4.2,0
SMMS-SECR-01500,colour_light_signal,MGS-ALD,SECR,1999,26,1,68,56.1,3.76,1,38.0,3.9,0
SMMS-SCR-01501,colour_light_signal,CNB-NDLS,SCR,2008,17,0,124,30.6,6.1,0,40.6,3.6,0
SMMS-WR-01502,axle_counter,CSTM-KYN,WR,2016,9,1,61,18.8,8.62,0,40.7,2.6,0
SMMS-NER-01503,colour_light_signal,BPL-NGP,NER,2013,12,0,40,25.6,8.19,1,41.1,1.7,0
SMMS-SCR-01504,point_machine,JHS-BPL,SCR,1990,35,2,5,76.7,1.08,0,30.2,6.0,1
SMMS-SCR-01505,track_circuit,LDH-ASR,SCR,2016,9,0,30,22.6,8.68,1,44.0,1.8,0
SMMS-NCR-01506,point_machine,BPL-NGP,NCR,1997,28,1,34,53.7,4.39,0,35.2,4.6,0
SMMS-SWR-01507,telecom_tower,JUC-ADI,SWR,2006,19,0,70,39.0,7.36,3,39.0,3.8,1
SMMS-NER-01508,colour_light_signal,ALD-CNB,NER,2017,8,1,44,15.1,7.96,0,44.0,1.4,0
SMMS-CR-01509,axle_counter,SC-KZJ,CR,2016,9,0,74,22.8,7.85,0,46.2,2.2,0
SMMS-NER-01510,track_circuit,ADI-BRC,NER,2022,3,0,34,0.0,9.29,0,45.6,1.8,0
SMMS-NWR-01511,track_circuit,ED-CBE,NWR,2013,12,0,5,8.9,9.85,0,39.0,1.8,0
SMMS-NFR-01512,point_machine,CNB-NDLS,NFR,1990,35,1,55,68.8,2.78,1,33.1,5.3,0
SMMS-NER-01513,colour_light_signal,NGP-BZA,NER,1997,28,0,40,48.5,4.2,0,35.8,5.4,0
SMMS-ER-01514,point_machine,BCT-RTM,ER,1991,34,2,17,58.8,2.22,0,33.7,4.6,1
SMMS-SER-01515,axle_counter,NGP-BZA,SER,2007,18,3,68,39.7,6.54,2,39.3,3.3,0
SMMS-SWR-01516,axle_counter,KYN-IGP,SWR,2004,21,0,85,33.7,6.65,1,33.3,3.0,0
SMMS-SECR-01517,OFC_cable,BZA-MAS,SECR,1993,32,1,52,57.3,5.83,0,32.7,3.8,0
SMMS-NER-01518,point_machine,NGP-BZA,NER,2004,21,0,26,38.4,5.72,0,36.9,3.4,0
SMMS-SCR-01519,OFC_cable,NDLS-AGC,SCR,2015,10,1,14,23.2,8.16,0,39.7,2.7,0
SMMS-ER-01520,data_logger,SC-KZJ,ER,2002,23,4,10,61.4,5.6,0,38.6,5.3,1
SMMS-WCR-01521,data_logger,BWN-AZ,WCR,1999,26,2,71,53.9,5.38,0,35.5,5.6,0
SMMS-ECoR-01522,track_circuit,ST-BCT,ECoR,2016,9,3,42,17.6,7.9,2,45.7,2.8,0
SMMS-WCR-01523,relay_room,NDLS-UMB,WCR,2016,9,0,40,14.2,9.79,1,43.3,1.3,1
SMMS-CR-01524,BPAC_panel,AGC-JHS,CR,2013,12,0,8,3.0,7.22,0,44.6,1.9,0
SMMS-ECR-01525,colour_light_signal,JHS-BPL,ECR,2020,5,0,32,13.4,9.57,0,47.0,2.1,0
SMMS-NR-01526,level_crossing_gate,BZA-MAS,NR,1999,26,0,175,44.9,6.12,0,36.5,3.4,0
SMMS-NCR-01527,axle_counter,AZ-MGS,NCR,2002,23,1,23,47.8,5.48,2,34.0,4.4,0
SMMS-ECR-01528,point_machine,NDLS-UMB,ECR,2008,17,0,32,33.9,5.23,0,45.1,3.5,0
SMMS-ECR-01529,axle_counter,LTT-NED,ECR,1992,33,0,83,60.1,5.59,0,30.3,3.7,0
SMMS-WCR-01530,OFC_cable,BZA-MAS,WCR,2004,21,0,82,42.0,5.36,0,33.1,4.7,0
SMMS-SECR-01531,BPAC_panel,AGC-JHS,SECR,1998,27,1,5,50.3,5.75,1,36.3,4.9,0
SMMS-SWR-01532,point_machine,JUC-ADI,SWR,1992,33,0,93,64.5,2.6,1,30.9,5.1,0
SMMS-SR-01533,point_machine,AZ-MGS,SR,1993,32,0,42,51.9,3.17,0,34.9,4.5,1
SMMS-SECR-01534,BPAC_panel,UMB-LDH,SECR,2018,7,1,16,21.0,9.04,0,45.2,3.3,1
SMMS-WCR-01535,BPAC_panel,AWB-SC,WCR,2018,7,2,58,20.9,8.61,0,44.9,3.0,0
SMMS-SWR-01536,relay_room,BRC-ST,SWR,2020,5,0,26,5.9,6.77,0,44.1,1.8,0
SMMS-NCR-01537,relay_room,HWH-BWN,NCR,2011,14,1,31,27.9,5.38,3,37.3,2.6,1
SMMS-SECR-01538,point_machine,BRC-ST,SECR,2007,18,0,40,24.4,7.81,1,39.2,2.7,0
SMMS-NWR-01539,level_crossing_gate,AWB-SC,NWR,1991,34,1,65,52.4,2.81,0,29.5,3.5,0
SMMS-WR-01540,data_logger,ASR-JUC,WR,2001,24,0,25,43.1,6.98,0,34.7,2.6,0
SMMS-ER-01541,data_logger,BWN-AZ,ER,2011,14,1,12,28.7,6.38,0,43.0,3.6,0
SMMS-ER-01542,colour_light_signal,LDH-ASR,ER,2015,10,0,37,21.6,6.18,2,49.6,2.6,0
SMMS-NER-01543,level_crossing_gate,BPL-NGP,NER,2014,11,1,142,25.7,7.55,0,49.1,2.9,0
SMMS-ECoR-01544,track_circuit,BZA-MAS,ECoR,2021,4,0,5,8.8,8.97,1,49.2,2.0,0
SMMS-SER-01545,relay_room,SC-KZJ,SER,1998,27,1,5,59.3,3.31,0,36.9,5.2,0
SMMS-CR-01546,data_logger,MGS-ALD,CR,1999,26,2,19,57.3,6.56,0,37.0,5.5,0
SMMS-NCR-01547,colour_light_signal,AWB-SC,NCR,2021,4,0,31,7.7,9.03,0,44.8,1.6,0
SMMS-WCR-01548,point_machine,JUC-ADI,WCR,1992,33,0,28,59.3,3.87,1,28.2,5.1,0
SMMS-NWR-01549,track_circuit,KYN-IGP,NWR,2019,6,0,15,19.5,10.0,1,47.3,2.6,0
SMMS-SER-01550,OFC_cable,KZJ-BZA,SER,1994,31,1,108,59.7,4.78,0,30.8,5.1,0
SMMS-SER-01551,point_machine,HWH-BWN,SER,2019,6,0,11,12.2,8.23,0,48.4,2.4,0
SMMS-SR-01552,track_circuit,NDLS-AGC,SR,1990,35,0,5,64.3,4.22,0,29.6,4.3,0
SMMS-SER-01553,track_circuit,BRC-ST,SER,1998,27,1,10,56.5,6.11,1,33.0,3.7,0
SMMS-SECR-01554,telecom_tower,BWN-AZ,SECR,1993,32,1,5,56.6,3.52,0,37.2,3.9,0
SMMS-WR-01555,colour_light_signal,HWH-BWN,WR,2009,16,1,74,32.1,6.4,0,42.9,3.5,0
SMMS-NCR-01556,colour_light_signal,BRC-ST,NCR,2013,12,1,20,18.5,8.29,0,44.1,2.5,0
SMMS-SCR-01557,telecom_tower,NGP-BZA,SCR,2002,23,1,71,40.6,4.66,0,33.7,4.2,0
SMMS-SECR-01558,axle_counter,HWH-BWN,SECR,2002,23,3,40,46.7,4.2,0,35.9,3.8,0
SMMS-WCR-01559,colour_light_signal,SC-KZJ,WCR,2008,17,6,25,43.3,7.78,0,40.9,5.3,1
SMMS-NCR-01560,track_circuit,BPL-NGP,NCR,2006,19,3,5,37.7,6.52,0,30.8,4.7,0
SMMS-ECoR-01561,telecom_tower,KYN-IGP,ECoR,2009,16,0,5,32.0,5.64,0,39.2,3.2,1
SMMS-WCR-01562,OFC_cable,LDH-ASR,WCR,2004,21,1,32,39.5,6.36,1,35.0,3.1,0
SMMS-SCR-01563,point_machine,ADI-BRC,SCR,2022,3,0,8,0.0,9.48,0,49.6,1.5,0
SMMS-CR-01564,track_circuit,JHS-BPL,CR,2018,7,2,23,16.9,7.97,1,45.6,3.0,0
SMMS-NER-01565,track_circuit,MGS-ALD,NER,1997,28,0,117,52.4,4.43,2,31.5,3.9,0
SMMS-ECoR-01566,OFC_cable,AGC-JHS,ECoR,2010,15,1,5,30.0,8.6,0,42.4,3.3,0
SMMS-SER-01567,OFC_cable,ASR-JUC,SER,1999,26,1,49,52.7,3.62,0,39.1,4.5,0
SMMS-NWR-01568,point_machine,CNB-NDLS,NWR,1990,35,0,9,54.9,2.48,0,24.4,4.2,0
SMMS-ECoR-01569,OFC_cable,AWB-SC,ECoR,2021,4,0,11,14.3,10.0,0,44.8,1.8,1
SMMS-SCR-01570,level_crossing_gate,AWB-SC,SCR,2013,12,0,40,22.7,8.87,1,40.2,2.6,0
SMMS-NWR-01571,colour_light_signal,CBE-TVC,NWR,2003,22,1,5,38.2,6.11,0,40.0,3.9,0
SMMS-CR-01572,BPAC_panel,MAS-ED,CR,2017,8,0,19,10.0,9.12,0,45.4,2.2,1
SMMS-SR-01573,axle_counter,LDH-ASR,SR,2016,9,0,19,21.4,9.58,2,49.9,2.0,0
SMMS-WR-01574,track_circuit,LTT-NED,WR,2004,21,1,24,31.8,5.87,0,39.6,3.9,0
SMMS-ECoR-01575,OFC_cable,ST-BCT,ECoR,2014,11,0,15,21.2,7.51,1,45.2,3.1,0
SMMS-ER-01576,point_machine,UMB-LDH,ER,1990,35,1,12,50.1,2.56,2,34.4,3.6,0
SMMS-SCR-01577,point_machine,CNB-NDLS,SCR,1993,32,0,60,48.8,3.13,1,30.6,4.4,0
SMMS-NCR-01578,axle_counter,HWH-BWN,NCR,2016,9,0,5,9.3,9.72,0,47.6,2.4,0
SMMS-SCR-01579,track_circuit,BCT-RTM,SCR,2020,5,0,75,1.1,10.0,0,41.7,1.7,0
SMMS-NWR-01580,colour_light_signal,AZ-MGS,NWR,2009,16,0,72,27.5,7.02,2,40.2,3.3,0
SMMS-ER-01581,colour_light_signal,LDH-ASR,ER,2013,12,0,107,20.6,8.86,0,38.9,1.9,0
SMMS-SER-01582,relay_room,HWH-BWN,SER,2006,19,1,10,31.5,4.67,1,41.4,4.5,0
SMMS-WR-01583,point_machine,BCT-RTM,WR,2019,6,1,99,8.2,7.34,1,44.0,2.1,0
SMMS-SCR-01584,axle_counter,NGP-BZA,SCR,1996,29,1,23,62.1,5.03,0,33.1,5.3,0
SMMS-ER-01585,point_machine,LDH-ASR,ER,2022,3,0,46,5.7,7.09,0,44.9,2.2,0
SMMS-CR-01586,axle_counter,CNB-NDLS,CR,1993,32,1,76,55.7,2.42,0,36.4,4.3,0
SMMS-WR-01587,point_machine,LTT-NED,WR,1997,28,1,5,47.0,5.29,0,34.9,4.6,0
SMMS-WR-01588,axle_counter,ST-BCT,WR,1991,34,2,5,67.7,4.85,0,27.2,5.4,0
SMMS-SECR-01589,relay_room,ST-BCT,SECR,2018,7,0,9,18.3,8.38,0,49.2,2.7,0
SMMS-NWR-01590,colour_light_signal,NDLS-AGC,NWR,2006,19,4,32,43.1,6.56,0,41.1,5.0,0
SMMS-WCR-01591,track_circuit,CSTM-KYN,WCR,2009,16,2,60,37.9,8.4,1,38.6,3.9,0
SMMS-SWR-01592,OFC_cable,CBE-TVC,SWR,2018,7,0,59,21.3,9.4,0,47.3,2.4,0
SMMS-CR-01593,OFC_cable,CNB-NDLS,CR,1995,30,0,89,47.8,4.17,1,31.1,4.5,0
SMMS-ER-01594,track_circuit,AZ-MGS,ER,2009,16,0,32,40.4,6.26,1,40.7,3.6,0
SMMS-NR-01595,BPAC_panel,BCT-RTM,NR,2016,9,1,32,17.2,6.52,0,44.4,2.6,0
SMMS-WCR-01596,relay_room,BPL-NGP,WCR,1995,30,7,5,74.2,4.87,0,31.3,8.2,1
SMMS-SER-01597,level_crossing_gate,NDLS-AGC,SER,1995,30,2,57,69.2,3.96,0,33.8,5.2,0
SMMS-NER-01598,axle_counter,ALD-CNB,NER,1996,29,2,26,61.6,4.42,1,24.2,6.0,0
SMMS-NWR-01599,track_circuit,AWB-SC,NWR,1995,30,0,9,61.2,4.21,1,31.7,4.6,0
SMMS-CR-01600,telecom_tower,NGP-BZA,CR,1990,35,0,5,66.7,1.73,0,26.9,5.1,0
SMMS-SECR-01601,track_circuit,AZ-MGS,SECR,2019,6,0,87,5.8,7.54,0,48.0,1.6,0
SMMS-NFR-01602,relay_room,BZA-MAS,NFR,2011,14,0,34,20.1,6.54,0,34.9,2.0,0
SMMS-SER-01603,BPAC_panel,ALD-CNB,SER,2006,19,0,38,27.9,7.42,0,33.3,2.2,0
SMMS-CR-01604,track_circuit,NGP-BZA,CR,2009,16,2,11,33.1,5.94,0,38.4,4.6,0
SMMS-NWR-01605,track_circuit,LTT-NED,NWR,2021,4,0,31,3.5,9.85,0,45.6,2.6,0
SMMS-SR-01606,point_machine,LTT-NED,SR,2021,4,2,6,20.5,7.48,0,46.4,2.7,0
SMMS-SWR-01607,level_crossing_gate,JUC-ADI,SWR,1995,30,1,21,57.8,3.21,0,40.7,4.7,0
SMMS-WCR-01608,telecom_tower,JUC-ADI,WCR,1995,30,0,11,52.7,4.66,0,31.2,4.2,0
SMMS-ER-01609,track_circuit,AWB-SC,ER,1997,28,0,7,58.6,3.73,0,34.7,4.6,0
SMMS-ECR-01610,point_machine,NGP-BZA,ECR,2000,25,1,64,39.8,5.87,0,32.0,3.5,0
SMMS-SR-01611,colour_light_signal,ALD-CNB,SR,2018,7,0,43,17.2,9.26,1,44.8,2.6,0
SMMS-WR-01612,track_circuit,BCT-RTM,WR,2022,3,0,64,8.2,8.38,0,45.3,1.7,0
SMMS-WR-01613,data_logger,BWN-AZ,WR,1990,35,1,72,69.0,2.74,2,23.0,5.3,0
SMMS-ECoR-01614,data_logger,CNB-NDLS,ECoR,2016,9,0,19,17.0,7.43,0,46.1,2.9,0
SMMS-ECR-01615,colour_light_signal,BPL-NGP,ECR,1997,28,3,56,74.1,4.78,0,33.6,5.8,1
SMMS-ER-01616,track_circuit,NDLS-UMB,ER,2002,23,0,52,34.0,4.98,2,38.9,3.2,0
SMMS-NR-01617,BPAC_panel,MAS-ED,NR,2018,7,0,11,8.8,9.85,0,40.7,2.8,0
SMMS-ER-01618,BPAC_panel,BPL-NGP,ER,2015,10,0,46,16.0,8.31,0,41.2,1.6,0
SMMS-SWR-01619,telecom_tower,ADI-BRC,SWR,2015,10,1,105,13.8,8.02,0,39.9,3.1,0
SMMS-ER-01620,point_machine,SC-KZJ,ER,2021,4,1,46,14.7,9.37,0,43.9,2.4,0
SMMS-NFR-01621,track_circuit,KZJ-BZA,NFR,2013,12,1,15,28.7,7.6,0,41.1,3.3,0
SMMS-SWR-01622,level_crossing_gate,MGS-ALD,SWR,1992,33,0,48,66.7,2.37,0,27.8,4.8,0
SMMS-ER-01623,point_machine,BCT-RTM,ER,2002,23,0,34,43.7,6.46,3,37.0,4.0,1
SMMS-NFR-01624,point_machine,BWN-AZ,NFR,2000,25,0,65,36.4,5.01,0,33.9,2.8,0
SMMS-SWR-01625,point_machine,AZ-MGS,SWR,1994,31,0,12,64.4,4.44,0,28.3,5.0,0
SMMS-NFR-01626,axle_counter,NDLS-AGC,NFR,1990,35,1,7,62.2,1.83,3,30.1,5.2,1
SMMS-CR-01627,axle_counter,CBE-TVC,CR,2021,4,1,22,8.7,9.63,0,46.0,2.9,0
SMMS-SWR-01628,BPAC_panel,HWH-BWN,SWR,2002,23,2,39,53.2,3.73,1,36.2,5.1,0
SMMS-NR-01629,track_circuit,ST-BCT,NR,2006,19,1,5,34.4,5.8,1,47.4,2.7,1
SMMS-SCR-01630,point_machine,ALD-CNB,SCR,1991,34,2,12,62.4,3.89,1,27.7,5.6,0
SMMS-WR-01631,BPAC_panel,UMB-LDH,WR,2010,15,3,7,32.5,8.39,0,40.2,5.1,0
SMMS-NWR-01632,relay_room,BZA-MAS,NWR,2010,15,2,58,34.3,4.0,0,42.7,3.6,0
SMMS-NFR-01633,colour_light_signal,BWN-AZ,NFR,1995,30,6,48,74.9,5.24,0,34.0,7.2,1
SMMS-SECR-01634,axle_counter,SC-KZJ,SECR,2019,6,0,39,12.4,9.29,1,44.3,2.4,0
SMMS-SCR-01635,track_circuit,AZ-MGS,SCR,2004,21,1,24,39.8,5.9,0,35.0,2.9,0
SMMS-SWR-01636,BPAC_panel,BPL-NGP,SWR,2004,21,3,23,50.4,4.76,0,34.1,4.2,0
SMMS-SR-01637,axle_counter,BZA-MAS,SR,1998,27,0,29,47.2,4.33,0,37.3,4.3,0
SMMS-NWR-01638,OFC_cable,CNB-NDLS,NWR,2001,24,1,68,52.8,4.9,0,34.2,3.7,0
SMMS-ECR-01639,track_circuit,MGS-ALD,ECR,1996,29,1,36,48.8,3.35,0,34.4,4.5,0
SMMS-ER-01640,level_crossing_gate,ASR-JUC,ER,2013,12,1,54,32.9,7.58,0,40.8,3.6,0
SMMS-CR-01641,OFC_cable,BCT-RTM,CR,2010,15,0,12,17.1,5.66,1,47.7,3.4,0
SMMS-SCR-01642,axle_counter,LTT-NED,SCR,1998,27,0,25,46.1,4.48,0,35.8,3.9,0
SMMS-NFR-01643,BPAC_panel,KZJ-BZA,NFR,2021,4,0,39,3.2,10.0,0,40.9,1.2,0
SMMS-NFR-01644,point_machine,ADI-BRC,NFR,1991,34,4,15,68.3,2.89,0,29.9,6.4,1
SMMS-NFR-01645,level_crossing_gate,UMB-LDH,NFR,1996,29,0,29,46.5,4.3,0,39.9,3.3,0
SMMS-ECR-01646,track_circuit,NDLS-UMB,ECR,1991,34,2,73,63.3,3.97,2,28.4,5.6,0
SMMS-CR-01647,track_circuit,NGP-BZA,CR,2001,24,1,5,49.7,5.6,1,41.0,4.7,0
SMMS-NWR-01648,OFC_cable,HWH-BWN,NWR,2004,21,0,66,28.5,5.18,5,35.3,2.7,1
SMMS-NER-01649,relay_room,LDH-ASR,NER,1995,30,0,36,63.4,4.86,0,33.1,4.9,0
SMMS-NCR-01650,OFC_cable,LDH-ASR,NCR,1996,29,1,21,53.4,4.59,0,31.2,4.9,0
SMMS-NER-01651,OFC_cable,CSTM-KYN,NER,2000,25,0,32,45.5,7.63,0,37.0,3.6,0
SMMS-NCR-01652,relay_room,BCT-RTM,NCR,1992,33,0,37,51.9,3.43,1,39.9,3.8,0
SMMS-SCR-01653,BPAC_panel,AWB-SC,SCR,2020,5,4,60,12.4,8.79,0,42.0,2.7,1
SMMS-ECoR-01654,OFC_cable,CSTM-KYN,ECoR,2010,15,1,64,19.3,6.95,0,38.5,3.2,0
SMMS-ER-01655,axle_counter,JUC-ADI,ER,2018,7,0,53,16.5,9.16,2,42.6,1.9,0
SMMS-SCR-01656,OFC_cable,JUC-ADI,SCR,2008,17,0,5,38.7,6.73,0,39.7,3.1,0
SMMS-CR-01657,track_circuit,NGP-BZA,CR,1996,29,0,32,43.5,3.84,0,34.0,3.2,0
SMMS-SCR-01658,track_circuit,BWN-AZ,SCR,2000,25,0,22,43.8,4.63,0,34.9,3.6,0
SMMS-NWR-01659,point_machine,MGS-ALD,NWR,1992,33,0,34,54.1,4.53,1,28.6,4.3,0
SMMS-ER-01660,BPAC_panel,ALD-CNB,ER,2022,3,0,37,6.6,9.11,5,47.3,1.7,1
SMMS-NCR-01661,point_machine,BWN-AZ,NCR,2017,8,0,38,9.2,8.71,0,37.8,0.7,0
SMMS-NFR-01662,point_machine,NDLS-AGC,NFR,2021,4,0,17,6.0,10.0,0,45.6,1.7,0
SMMS-NER-01663,point_machine,ALD-CNB,NER,1993,32,0,23,62.9,3.3,0,29.1,4.8,0
SMMS-NWR-01664,relay_room,ALD-CNB,NWR,2006,19,3,5,36.1,6.57,2,38.4,4.2,0
SMMS-NWR-01665,colour_light_signal,MAS-ED,NWR,2015,10,2,109,20.6,7.41,0,43.5,2.6,0
SMMS-ECoR-01666,data_logger,ADI-BRC,ECoR,2006,19,1,176,40.9,7.1,1,41.3,4.0,1
SMMS-SWR-01667,relay_room,BZA-MAS,SWR,1997,28,0,20,43.7,3.08,2,30.1,4.0,0
SMMS-WR-01668,OFC_cable,NDLS-AGC,WR,1998,27,0,21,52.8,2.9,0,35.0,3.8,0
SMMS-NWR-01669,colour_light_signal,KYN-IGP,NWR,1996,29,3,24,65.2,4.37,0,34.5,6.2,1
SMMS-SECR-01670,colour_light_signal,BWN-AZ,SECR,1990,35,0,13,62.2,2.37,0,30.6,3.8,0
SMMS-WR-01671,colour_light_signal,NDLS-UMB,WR,2005,20,1,22,45.2,5.14,0,39.1,3.7,0
SMMS-SECR-01672,relay_room,SC-KZJ,SECR,1991,34,1,17,72.2,3.52,0,29.0,5.3,1
SMMS-SER-01673,colour_light_signal,LTT-NED,SER,1997,28,1,5,50.3,2.87,0,38.0,4.4,0
SMMS-SR-01674,track_circuit,UMB-LDH,SR,2011,14,3,5,31.3,9.27,0,39.4,3.8,0
SMMS-ER-01675,BPAC_panel,AZ-MGS,ER,2016,9,0,5,18.9,8.1,0,46.3,1.9,0
SMMS-WCR-01676,track_circuit,MGS-ALD,WCR,2007,18,0,10,28.0,6.09,0,39.1,2.9,0
SMMS-WR-01677,colour_light_signal,ADI-BRC,WR,2005,20,1,5,35.1,5.38,0,37.6,4.3,0
SMMS-CR-01678,data_logger,AZ-MGS,CR,2015,10,3,10,34.9,8.58,0,40.6,4.4,0
SMMS-SER-01679,OFC_cable,NDLS-UMB,SER,2011,14,5,5,34.8,5.52,2,43.2,4.8,1
SMMS-NCR-01680,colour_light_signal,BWN-AZ,NCR,1990,35,2,179,63.9,3.12,3,29.5,4.3,1
SMMS-ECoR-01681,point_machine,UMB-LDH,ECoR,2021,4,1,5,10.2,10.0,0,52.7,2.2,0
SMMS-ECoR-01682,track_circuit,JUC-ADI,ECoR,2011,14,0,73,20.1,8.31,0,34.9,3.0,0
SMMS-SECR-01683,data_logger,BCT-RTM,SECR,2016,9,1,5,13.8,9.65,0,51.1,2.4,0
SMMS-SWR-01684,colour_light_signal,AGC-JHS,SWR,2022,3,1,14,0.0,9.67,0,45.4,1.9,0
SMMS-SR-01685,OFC_cable,HWH-BWN,SR,2019,6,0,113,7.4,8.47,0,45.6,2.7,0
SMMS-SWR-01686,level_crossing_gate,CNB-NDLS,SWR,2008,17,0,14,32.0,6.88,0,41.3,3.1,0
SMMS-SECR-01687,track_circuit,BWN-AZ,SECR,2022,3,0,42,7.5,9.67,1,53.5,1.3,0
SMMS-SR-01688,colour_light_signal,CSTM-KYN,SR,2014,11,0,15,14.5,8.85,1,40.4,1.6,0
SMMS-SCR-01689,point_machine,BCT-RTM,SCR,1995,30,3,114,58.4,6.38,0,36.2,5.3,1
SMMS-WR-01690,colour_light_signal,BCT-RTM,WR,2018,7,0,5,15.3,10.0,1,46.9,3.3,0
SMMS-CR-01691,OFC_cable,JUC-ADI,CR,2004,21,0,11,45.2,5.01,0,38.7,3.6,0
SMMS-NCR-01692,track_circuit,MAS-ED,NCR,2001,24,1,21,41.4,4.54,0,36.8,2.9,0
SMMS-ECR-01693,data_logger,NGP-BZA,ECR,2004,21,0,69,42.5,7.89,0,39.3,3.2,0
SMMS-NER-01694,telecom_tower,CNB-NDLS,NER,2020,5,4,34,23.4,8.19,2,47.0,3.2,1
SMMS-SWR-01695,track_circuit,LDH-ASR,SWR,1990,35,1,90,64.0,3.33,1,30.1,5.1,0
SMMS-CR-01696,axle_counter,ED-CBE,CR,2009,16,0,86,24.7,8.95,0,39.8,3.4,0
SMMS-NFR-01697,telecom_tower,ST-BCT,NFR,2018,7,1,124,11.5,9.3,0,46.3,1.5,0
SMMS-NWR-01698,colour_light_signal,LDH-ASR,NWR,2000,25,2,8,55.1,4.16,0,35.4,4.5,0
SMMS-ECoR-01699,OFC_cable,LTT-NED,ECoR,1998,27,0,21,43.0,5.18,0,34.2,4.0,0
SMMS-NR-01700,colour_light_signal,JHS-BPL,NR,2005,20,3,22,45.6,5.55,0,36.5,4.9,0
SMMS-NFR-01701,track_circuit,LDH-ASR,NFR,2005,20,0,5,33.6,3.67,1,44.5,3.6,0
SMMS-NR-01702,axle_counter,CNB-NDLS,NR,2022,3,0,116,2.0,9.54,1,48.5,1.7,0
SMMS-SR-01703,axle_counter,NDLS-AGC,SR,2008,17,1,18,29.7,8.08,0,43.2,4.2,0
SMMS-ECoR-01704,BPAC_panel,BPL-NGP,ECoR,2014,11,0,40,24.7,10.0,0,41.4,2.6,0
SMMS-NR-01705,point_machine,KYN-IGP,NR,2013,12,1,37,31.7,7.21,0,43.4,3.7,0
SMMS-ER-01706,track_circuit,BRC-ST,ER,2021,4,2,10,3.9,10.0,0,47.9,1.9,0
SMMS-SR-01707,point_machine,NGP-BZA,SR,1992,33,0,33,60.5,2.82,0,31.9,4.8,0
SMMS-ER-01708,axle_counter,ED-CBE,ER,2002,23,1,11,52.4,5.12,2,35.9,4.7,0
SMMS-SECR-01709,axle_counter,JUC-ADI,SECR,2019,6,0,13,15.5,8.38,0,39.3,2.3,0
SMMS-CR-01710,OFC_cable,AGC-JHS,CR,2012,13,1,31,28.2,7.44,0,41.8,3.3,0
SMMS-ECoR-01711,colour_light_signal,BZA-MAS,ECoR,2019,6,1,24,9.5,7.62,0,41.0,2.8,0
SMMS-SER-01712,BPAC_panel,BPL-NGP,SER,2001,24,0,22,42.0,5.01,0,34.8,3.0,0
SMMS-SR-01713,point_machine,MGS-ALD,SR,2013,12,0,19,22.7,8.24,0,41.4,3.5,0
SMMS-NFR-01714,axle_counter,KYN-IGP,NFR,2013,12,0,56,23.7,7.35,0,44.7,2.8,0
SMMS-SR-01715,point_machine,CBE-TVC,SR,2019,6,3,13,30.4,8.4,0,44.4,4.1,0
SMMS-SR-01716,track_circuit,NGP-BZA,SR,2006,19,0,14,29.2,6.58,0,39.9,2.1,0
SMMS-SR-01717,colour_light_signal,AZ-MGS,SR,2004,21,0,34,26.0,5.94,1,40.0,3.3,0
SMMS-SR-01718,relay_room,JHS-BPL,SR,2013,12,0,133,25.8,7.91,1,41.5,2.3,0
SMMS-WR-01719,colour_light_signal,ASR-JUC,WR,2021,4,0,13,8.4,7.9,2,46.3,1.7,0
SMMS-ER-01720,axle_counter,ED-CBE,ER,2013,12,0,21,20.2,7.93,0,40.5,2.8,0
SMMS-SWR-01721,OFC_cable,BRC-ST,SWR,1992,33,0,5,67.7,3.6,0,39.2,4.9,0
SMMS-NER-01722,data_logger,BZA-MAS,NER,1990,35,0,40,66.6,3.01,0,28.2,5.1,0
SMMS-WR-01723,BPAC_panel,ED-CBE,WR,2009,16,1,11,28.8,6.83,1,44.1,3.1,0
SMMS-SER-01724,data_logger,BWN-AZ,SER,2010,15,0,29,24.0,6.73,0,38.3,3.0,0
SMMS-NFR-01725,axle_counter,AGC-JHS,NFR,2001,24,0,21,44.1,4.21,1,38.2,4.6,1
SMMS-SWR-01726,colour_light_signal,NDLS-UMB,SWR,2010,15,0,59,33.1,5.77,3,43.4,3.4,1
SMMS-SR-01727,level_crossing_gate,NGP-BZA,SR,2008,17,0,71,26.2,6.76,1,37.2,2.3,0
SMMS-CR-01728,OFC_cable,SC-KZJ,CR,2008,17,0,53,30.1,6.18,0,40.5,2.1,0
SMMS-ECR-01729,axle_counter,NDLS-AGC,ECR,1991,34,3,23,78.8,2.77,0,31.1,6.0,1
SMMS-NCR-01730,track_circuit,ALD-CNB,NCR,2022,3,3,21,11.3,10.0,0,47.6,3.0,0
SMMS-NER-01731,colour_light_signal,ED-CBE,NER,1999,26,1,21,40.4,4.14,1,38.9,2.9,0
SMMS-SWR-01732,colour_light_signal,ASR-JUC,SWR,2021,4,2,27,15.9,9.23,0,48.9,3.6,0
SMMS-WCR-01733,track_circuit,LTT-NED,WCR,2019,6,0,38,11.8,7.88,0,45.7,1.6,0
SMMS-NR-01734,level_crossing_gate,BWN-AZ,NR,2006,19,2,15,44.4,5.47,1,36.6,4.7,0
SMMS-NER-01735,axle_counter,AGC-JHS,NER,2019,6,0,52,5.5,8.8,1,45.7,2.0,0
SMMS-SECR-01736,track_circuit,JHS-BPL,SECR,2003,22,0,94,33.9,6.05,0,37.8,2.3,0
SMMS-NCR-01737,track_circuit,MAS-ED,NCR,1994,31,3,5,63.9,3.37,1,36.3,5.4,0
SMMS-NER-01738,point_machine,CNB-NDLS,NER,2002,23,0,5,36.1,5.07,0,39.4,3.1,0
SMMS-ECoR-01739,level_crossing_gate,BRC-ST,ECoR,2005,20,0,45,35.5,6.53,0,31.7,4.1,0
SMMS-SECR-01740,colour_light_signal,AGC-JHS,SECR,2002,23,2,41,43.7,5.24,0,32.7,4.0,0
SMMS-ER-01741,relay_room,BRC-ST,ER,2018,7,1,24,17.4,7.97,0,41.5,3.5,0
SMMS-NFR-01742,track_circuit,MGS-ALD,NFR,2013,12,1,70,20.8,6.28,0,40.2,3.5,0
SMMS-CR-01743,colour_light_signal,LDH-ASR,CR,2007,18,1,55,40.4,5.57,0,37.6,3.7,0
SMMS-ECoR-01744,axle_counter,ALD-CNB,ECoR,1997,28,0,136,52.6,5.06,1,34.0,4.4,1
SMMS-ECoR-01745,axle_counter,KYN-IGP,ECoR,1994,31,0,72,56.9,3.0,1,32.3,4.1,0
SMMS-CR-01746,colour_light_signal,KYN-IGP,CR,2003,22,0,5,42.7,4.09,1,37.3,2.8,0
SMMS-NFR-01747,track_circuit,BRC-ST,NFR,1992,33,0,21,59.5,3.46,0,31.6,4.9,0
SMMS-NCR-01748,data_logger,HWH-BWN,NCR,1995,30,0,17,47.9,4.6,0,29.6,3.8,0
SMMS-ER-01749,colour_light_signal,JUC-ADI,ER,2006,19,5,72,56.3,4.16,0,35.0,5.7,1
SMMS-ECoR-01750,level_crossing_gate,ASR-JUC,ECoR,2018,7,0,10,9.4,7.31,0,47.1,2.5,0
SMMS-NER-01751,colour_light_signal,SC-KZJ,NER,2011,14,0,5,28.2,7.98,0,44.1,2.9,0
SMMS-NWR-01752,relay_room,BZA-MAS,NWR,1995,30,1,5,54.9,3.79,1,32.9,5.3,0
SMMS-NER-01753,axle_counter,LDH-ASR,NER,2016,9,0,33,10.5,7.57,0,41.7,2.0,0
SMMS-ER-01754,colour_light_signal,JUC-ADI,ER,2003,22,0,14,31.2,6.16,0,36.5,3.1,0
SMMS-SWR-01755,relay_room,NDLS-UMB,SWR,2009,16,3,8,50.0,7.67,0,42.6,5.5,0
SMMS-CR-01756,OFC_cable,AGC-JHS,CR,2016,9,1,96,11.1,7.75,1,39.6,2.0,0
SMMS-SR-01757,colour_light_signal,CSTM-KYN,SR,1992,33,0,5,58.9,2.97,4,25.2,4.8,1
SMMS-SECR-01758,axle_counter,LDH-ASR,SECR,2006,19,1,23,39.8,6.47,0,40.5,3.9,0
SMMS-NER-01759,OFC_cable,MAS-ED,NER,1993,32,0,26,46.3,3.34,0,32.4,3.8,0
SMMS-NWR-01760,OFC_cable,ALD-CNB,NWR,2002,23,4,30,52.4,2.81,1,36.5,5.9,1
SMMS-ER-01761,BPAC_panel,BZA-MAS,ER,1990,35,0,57,69.6,3.27,1,33.6,5.4,0
SMMS-ECR-01762,colour_light_signal,CBE-TVC,ECR,2010,15,0,5,32.0,5.88,0,44.4,3.1,0
SMMS-WR-01763,relay_room,NDLS-AGC,WR,1992,33,0,10,63.4,2.02,0,27.6,4.6,0
SMMS-SECR-01764,OFC_cable,ADI-BRC,SECR,2014,11,1,60,23.1,6.6,0,43.2,3.5,0
SMMS-WR-01765,point_machine,ASR-JUC,WR,1990,35,0,16,56.7,4.02,0,34.2,4.6,0
SMMS-ECoR-01766,level_crossing_gate,JUC-ADI,ECoR,2003,22,1,34,38.6,6.75,0,42.6,3.5,0
SMMS-NWR-01767,OFC_cable,BPL-NGP,NWR,1992,33,1,13,57.5,3.27,1,29.5,4.8,0
SMMS-NER-01768,telecom_tower,NDLS-AGC,NER,1998,27,3,5,59.9,4.08,0,37.8,6.0,0
SMMS-ER-01769,relay_room,ED-CBE,ER,1994,31,0,11,46.9,3.54,1,34.5,3.9,0
SMMS-ECoR-01770,colour_light_signal,ADI-BRC,ECoR,2014,11,0,69,23.7,10.0,0,36.4,2.4,0
SMMS-ECoR-01771,point_machine,ED-CBE,ECoR,2022,3,2,16,9.3,10.0,0,49.8,2.4,0
SMMS-WCR-01772,track_circuit,CBE-TVC,WCR,1994,31,1,31,54.7,4.34,0,28.4,5.0,0
SMMS-SWR-01773,track_circuit,LTT-NED,SWR,2001,24,1,5,48.8,6.35,0,38.2,4.2,0
SMMS-WCR-01774,relay_room,JUC-ADI,WCR,2000,25,0,29,39.0,5.17,1,38.7,2.9,1
SMMS-ECoR-01775,axle_counter,BWN-AZ,ECoR,2022,3,3,51,19.8,9.41,2,41.0,4.0,0
SMMS-SER-01776,colour_light_signal,LTT-NED,SER,2005,20,1,34,40.3,6.37,0,39.8,4.0,0
SMMS-SR-01777,BPAC_panel,KYN-IGP,SR,1992,33,0,5,58.9,5.36,0,35.8,4.6,0
SMMS-NER-01778,data_logger,HWH-BWN,NER,1994,31,7,5,70.6,4.21,3,33.8,7.6,1
SMMS-NCR-01779,data_logger,AGC-JHS,NCR,2008,17,1,87,29.1,8.34,0,38.9,2.5,0
SMMS-ER-01780,point_machine,KZJ-BZA,ER,2000,25,1,9,50.1,6.09,1,32.0,5.0,0
SMMS-SWR-01781,point_machine,BZA-MAS,SWR,2010,15,2,45,36.4,6.97,0,40.5,3.7,0
SMMS-SCR-01782,OFC_cable,KYN-IGP,SCR,1998,27,0,5,52.0,6.4,2,37.7,3.5,0
SMMS-SCR-01783,track_circuit,NGP-BZA,SCR,2007,18,2,14,39.1,6.9,0,39.1,5.1,0
SMMS-SR-01784,track_circuit,SC-KZJ,SR,2001,24,2,15,53.1,6.19,1,30.7,4.8,0
SMMS-SWR-01785,axle_counter,HWH-BWN,SWR,2012,13,1,76,20.5,8.07,0,42.4,3.4,0
SMMS-ER-01786,colour_light_signal,JHS-BPL,ER,2002,23,0,65,44.3,6.56,0,32.6,3.1,0
SMMS-ECR-01787,colour_light_signal,JHS-BPL,ECR,2017,8,2,71,14.3,8.71,0,46.2,3.3,0
SMMS-SR-01788,colour_light_signal,KZJ-BZA,SR,2012,13,0,113,22.9,5.95,0,41.4,1.4,0
SMMS-CR-01789,point_machine,CBE-TVC,CR,2004,21,0,18,36.5,5.68,3,38.8,3.3,1
SMMS-WCR-01790,level_crossing_gate,BWN-AZ,WCR,1997,28,0,9,48.3,4.15,0,37.0,4.5,0
SMMS-SWR-01791,colour_light_signal,ADI-BRC,SWR,2004,21,0,53,48.5,4.58,0,35.6,3.9,0
SMMS-NWR-01792,data_logger,BPL-NGP,NWR,1990,35,1,5,62.9,3.5,0,28.2,5.2,0
SMMS-NER-01793,colour_light_signal,MAS-ED,NER,2001,24,2,151,54.1,5.7,0,38.2,4.6,0
SMMS-NER-01794,OFC_cable,CNB-NDLS,NER,1998,27,0,54,48.7,4.14,0,39.8,4.0,0
SMMS-NWR-01795,relay_room,ASR-JUC,NWR,2022,3,1,13,12.9,7.51,0,41.0,1.7,0
SMMS-NER-01796,OFC_cable,JUC-ADI,NER,2010,15,2,62,30.7,7.5,0,38.7,3.1,0
SMMS-CR-01797,colour_light_signal,LTT-NED,CR,2020,5,0,96,3.5,6.81,0,46.9,1.5,1
SMMS-ECoR-01798,OFC_cable,HWH-BWN,ECoR,2019,6,5,6,24.8,10.0,0,46.6,4.3,1
SMMS-NWR-01799,point_machine,LDH-ASR,NWR,2008,17,1,43,33.4,7.24,0,40.4,2.5,0
SMMS-NCR-01800,point_machine,NDLS-AGC,NCR,2006,19,1,6,42.8,6.45,0,39.5,4.5,0
SMMS-SWR-01801,relay_room,LDH-ASR,SWR,1990,35,0,33,61.6,2.24,1,24.6,4.6,1
SMMS-NFR-01802,colour_light_signal,JUC-ADI,NFR,2014,11,2,8,24.1,9.29,0,42.9,3.1,0
SMMS-ECR-01803,point_machine,JUC-ADI,ECR,1999,26,1,28,50.8,3.97,0,37.1,5.0,0
SMMS-NCR-01804,axle_counter,ADI-BRC,NCR,2022,3,1,27,5.4,10.0,0,45.9,2.1,0
SMMS-WR-01805,OFC_cable,NGP-BZA,WR,2003,22,0,14,41.2,6.52,0,32.2,3.8,0
SMMS-ECoR-01806,data_logger,BZA-MAS,ECoR,1995,30,2,5,59.5,4.69,0,32.1,5.0,0
SMMS-WR-01807,track_circuit,KZJ-BZA,WR,2009,16,0,62,20.7,7.73,0,34.8,1.8,0
SMMS-NFR-01808,level_crossing_gate,BWN-AZ,NFR,2001,24,0,25,44.4,3.11,0,38.4,3.4,0
SMMS-WR-01809,OFC_cable,HWH-BWN,WR,2016,9,1,45,20.9,9.94,0,36.6,3.0,0
SMMS-ECR-01810,track_circuit,ADI-BRC,ECR,2000,25,0,82,45.3,7.01,0,34.6,3.9,0
SMMS-NR-01811,track_circuit,ADI-BRC,NR,2004,21,1,11,41.3,6.32,0,40.3,3.3,0
SMMS-SECR-01812,track_circuit,CNB-NDLS,SECR,2017,8,0,34,16.3,7.21,0,45.5,2.4,0
SMMS-ER-01813,OFC_cable,KZJ-BZA,ER,1991,34,0,68,60.0,2.18,0,29.1,4.3,1
SMMS-SER-01814,point_machine,ALD-CNB,SER,2003,22,0,108,38.8,5.34,0,39.3,5.0,0
SMMS-WCR-01815,colour_light_signal,ADI-BRC,WCR,1994,31,0,5,57.8,6.17,0,33.9,4.6,1
SMMS-WCR-01816,axle_counter,LTT-NED,WCR,1999,26,1,6,51.7,4.34,0,36.3,4.2,0
SMMS-NER-01817,axle_counter,ST-BCT,NER,2003,22,0,5,39.1,5.43,0,30.9,3.9,0
SMMS-NWR-01818,telecom_tower,KYN-IGP,NWR,2007,18,0,5,34.7,6.03,0,39.9,3.2,0
SMMS-NR-01819,colour_light_signal,ASR-JUC,NR,2006,19,2,101,42.3,5.36,0,38.1,4.0,0
SMMS-SER-01820,axle_counter,BPL-NGP,SER,2017,8,1,40,4.6,9.34,0,45.0,1.3,0
SMMS-NWR-01821,point_machine,AWB-SC,NWR,2020,5,0,83,6.7,10.0,0,46.7,1.6,0
SMMS-WR-01822,OFC_cable,NDLS-UMB,WR,2022,3,2,22,17.6,9.27,0,44.7,2.9,0
SMMS-SECR-01823,track_circuit,JUC-ADI,SECR,1993,32,5,89,76.7,5.06,1,35.4,6.7,1
SMMS-ER-01824,relay_room,KYN-IGP,ER,2012,13,0,40,30.1,6.26,0,33.6,3.9,0
SMMS-WCR-01825,colour_light_signal,MGS-ALD,WCR,2010,15,1,63,30.6,8.41,1,40.3,3.7,0
SMMS-NFR-01826,axle_counter,ADI-BRC,NFR,2014,11,1,34,30.1,7.46,0,42.0,3.9,0
SMMS-ECR-01827,colour_light_signal,ASR-JUC,ECR,2004,21,0,14,35.0,5.43,0,36.2,3.5,0
SMMS-SR-01828,BPAC_panel,LDH-ASR,SR,2003,22,0,33,35.3,3.52,1,32.8,3.3,1
SMMS-NR-01829,axle_counter,CBE-TVC,NR,2002,23,0,51,42.2,5.41,0,36.3,3.8,0
SMMS-ECR-01830,point_machine,CSTM-KYN,ECR,2022,3,0,44,3.8,10.0,0,46.1,1.5,0
SMMS-NR-01831,point_machine,NDLS-UMB,NR,2010,15,0,25,33.8,7.24,1,38.8,3.1,0
SMMS-NR-01832,colour_light_signal,ADI-BRC,NR,2013,12,1,5,30.1,6.93,0,39.4,4.1,0
SMMS-CR-01833,relay_room,ST-BCT,CR,2014,11,2,34,26.2,8.26,0,44.2,3.1,0
SMMS-SER-01834,track_circuit,LDH-ASR,SER,2012,13,1,103,25.6,6.73,0,41.4,2.7,0
SMMS-NFR-01835,level_crossing_gate,NDLS-AGC,NFR,1993,32,1,103,60.8,3.54,0,33.9,4.8,0
SMMS-SWR-01836,data_logger,NDLS-AGC,SWR,2010,15,0,78,29.3,6.59,1,40.5,2.5,0
SMMS-NER-01837,BPAC_panel,SC-KZJ,NER,2013,12,2,38,29.7,7.11,0,40.0,3.8,0
SMMS-NFR-01838,point_machine,HWH-BWN,NFR,2015,10,1,28,27.1,7.21,0,42.6,3.3,0
SMMS-ECR-01839,point_machine,CSTM-KYN,ECR,2014,11,0,5,26.2,8.54,0,41.0,3.5,0
SMMS-WR-01840,track_circuit,ST-BCT,WR,1997,28,1,17,45.5,3.87,1,30.1,4.4,0
SMMS-NER-01841,telecom_tower,ALD-CNB,NER,1995,30,0,76,56.4,4.0,0,34.5,4.3,0
SMMS-SWR-01842,track_circuit,NDLS-AGC,SWR,1992,33,0,6,57.2,2.14,0,31.8,4.4,0
SMMS-NER-01843,colour_light_signal,AWB-SC,NER,2005,20,0,65,39.3,5.85,2,41.5,3.8,0
SMMS-ER-01844,point_machine,MAS-ED,ER,1995,30,0,12,58.4,3.3,0,32.0,4.2,0
SMMS-ECR-01845,colour_light_signal,ALD-CNB,ECR,2010,15,2,31,26.5,7.08,0,37.4,2.7,0
SMMS-SER-01846,colour_light_signal,BWN-AZ,SER,1992,33,2,13,68.2,4.81,1,29.7,5.2,0
SMMS-NCR-01847,telecom_tower,BWN-AZ,NCR,1990,35,2,12,70.1,2.42,2,33.5,4.9,1
SMMS-ECoR-01848,axle_counter,BCT-RTM,ECoR,1996,29,3,82,66.4,2.68,0,28.9,5.5,0
SMMS-ECoR-01849,colour_light_signal,AWB-SC,ECoR,2013,12,0,47,25.0,8.49,0,38.2,1.8,0
SMMS-CR-01850,axle_counter,NDLS-UMB,CR,2009,16,0,9,24.6,6.92,0,46.5,2.3,0
SMMS-SECR-01851,level_crossing_gate,BZA-MAS,SECR,1997,28,0,25,46.7,3.91,1,30.8,4.1,0
SMMS-NFR-01852,colour_light_signal,BZA-MAS,NFR,2014,11,2,28,20.9,7.28,2,44.8,2.9,0
SMMS-ER-01853,OFC_cable,CBE-TVC,ER,2017,8,3,52,25.3,8.42,0,44.6,4.3,0
SMMS-NCR-01854,colour_light_signal,BRC-ST,NCR,2014,11,0,45,18.0,6.85,1,40.3,2.4,0
SMMS-SR-01855,track_circuit,UMB-LDH,SR,2001,24,3,44,44.8,5.76,0,36.1,4.9,0
SMMS-SR-01856,colour_light_signal,UMB-LDH,SR,2009,16,0,19,29.7,5.86,0,36.6,4.2,0
SMMS-WCR-01857,colour_light_signal,BWN-AZ,WCR,2007,18,0,10,28.2,6.48,0,38.4,2.2,0
SMMS-WR-01858,colour_light_signal,ED-CBE,WR,2022,3,2,27,10.4,9.96,1,46.3,1.9,0
SMMS-SCR-01859,axle_counter,BZA-MAS,SCR,2022,3,3,56,12.7,8.51,2,49.6,2.7,0
SMMS-WCR-01860,telecom_tower,BCT-RTM,WCR,2001,24,0,91,38.4,5.84,2,35.7,2.8,0
SMMS-CR-01861,colour_light_signal,KYN-IGP,CR,2003,22,0,52,46.6,5.93,0,38.1,4.0,0
SMMS-CR-01862,colour_light_signal,BRC-ST,CR,2009,16,2,20,32.6,7.09,0,41.8,3.2,0
SMMS-WR-01863,colour_light_signal,CNB-NDLS,WR,2007,18,1,126,31.4,6.69,1,32.6,3.5,0
SMMS-SR-01864,level_crossing_gate,NDLS-UMB,SR,1999,26,3,80,59.7,2.86,0,34.1,5.3,0
SMMS-ER-01865,colour_light_signal,AWB-SC,ER,2006,19,1,94,35.1,6.93,0,39.0,4.3,0
SMMS-NCR-01866,track_circuit,CBE-TVC,NCR,1994,31,0,13,53.8,3.43,0,35.0,4.0,0
SMMS-ECoR-01867,colour_light_signal,ALD-CNB,ECoR,2017,8,1,162,25.3,8.67,0,44.0,2.7,0
SMMS-SCR-01868,data_logger,UMB-LDH,SCR,2022,3,2,12,20.3,10.0,0,42.8,3.5,0
SMMS-NFR-01869,telecom_tower,BCT-RTM,NFR,2010,15,1,7,28.5,6.65,0,44.9,3.9,0
SMMS-NER-01870,OFC_cable,AWB-SC,NER,2017,8,0,9,10.7,8.15,1,45.0,2.8,0
SMMS-ECoR-01871,axle_counter,MGS-ALD,ECoR,1990,35,1,41,65.9,2.74,1,29.3,5.4,0
SMMS-SECR-01872,point_machine,SC-KZJ,SECR,1992,33,6,20,74.6,4.14,1,31.9,7.5,1
SMMS-ECoR-01873,colour_light_signal,AZ-MGS,ECoR,2002,23,3,7,52.6,6.48,0,30.0,5.2,0
SMMS-SECR-01874,axle_counter,MGS-ALD,SECR,2015,10,1,55,19.5,8.51,2,39.2,2.9,0
SMMS-WCR-01875,point_machine,UMB-LDH,WCR,1995,30,0,6,59.0,5.62,0,33.1,5.2,0
SMMS-NR-01876,relay_room,BZA-MAS,NR,2014,11,1,5,17.5,9.8,0,42.5,3.6,0
SMMS-SER-01877,point_machine,MGS-ALD,SER,2008,17,0,77,29.8,7.26,2,38.7,2.8,0
SMMS-WR-01878,colour_light_signal,BPL-NGP,WR,2011,14,0,31,28.3,9.49,1,42.9,2.8,0
SMMS-NER-01879,axle_counter,BWN-AZ,NER,2000,25,0,40,50.7,4.99,0,35.1,4.4,0
SMMS-WR-01880,OFC_cable,UMB-LDH,WR,2014,11,1,271,19.6,8.72,0,45.1,3.0,0
SMMS-SR-01881,colour_light_signal,NGP-BZA,SR,2015,10,1,124,21.0,8.45,1,43.7,3.7,0
SMMS-SER-01882,axle_counter,NDLS-AGC,SER,1999,26,1,21,51.5,7.72,0,37.4,4.6,0
SMMS-SECR-01883,BPAC_panel,LTT-NED,SECR,2017,8,5,27,28.9,7.21,1,44.3,4.7,1
SMMS-NWR-01884,colour_light_signal,BPL-NGP,NWR,2008,17,0,5,30.1,6.73,0,41.7,2.2,0
SMMS-NR-01885,point_machine,ST-BCT,NR,2008,17,1,26,41.5,5.33,0,41.2,3.7,0
SMMS-SWR-01886,point_machine,ADI-BRC,SWR,2007,18,6,13,54.8,5.19,0,43.6,6.5,1
SMMS-ECR-01887,colour_light_signal,ALD-CNB,ECR,2015,10,0,56,17.1,8.9,1,49.0,2.1,0
SMMS-NWR-01888,relay_room,ST-BCT,NWR,1997,28,0,17,46.3,2.54,0,35.6,4.1,0
SMMS-WCR-01889,track_circuit,SC-KZJ,WCR,1994,31,0,5,58.5,0.83,1,29.2,4.0,1
SMMS-SER-01890,relay_room,MAS-ED,SER,1997,28,0,49,51.7,5.6,0,37.0,4.0,0
SMMS-SECR-01891,track_circuit,KYN-IGP,SECR,2019,6,1,9,12.2,10.0,1,42.9,3.3,0
SMMS-SWR-01892,colour_light_signal,HWH-BWN,SWR,1997,28,0,12,43.9,4.96,0,36.5,3.4,0
SMMS-CR-01893,axle_counter,NDLS-UMB,CR,1999,26,2,5,41.4,5.54,0,35.0,4.1,0
SMMS-ER-01894,OFC_cable,CSTM-KYN,ER,2016,9,1,60,12.9,7.62,2,44.3,3.1,0
SMMS-ECoR-01895,colour_light_signal,JUC-ADI,ECoR,2004,21,1,11,47.5,4.14,0,34.9,3.7,0
SMMS-SECR-01896,track_circuit,BCT-RTM,SECR,2009,16,1,57,27.1,7.17,4,39.2,3.7,1
SMMS-NCR-01897,OFC_cable,ALD-CNB,NCR,2007,18,0,5,39.7,6.92,1,35.3,4.0,0
SMMS-ECR-01898,relay_room,KZJ-BZA,ECR,2001,24,2,41,51.3,4.56,0,33.8,5.4,0
SMMS-SR-01899,level_crossing_gate,NGP-BZA,SR,2007,18,1,5,37.0,5.05,0,39.5,4.0,0
SMMS-ECR-01900,colour_light_signal,SC-KZJ,ECR,2016,9,0,21,14.4,8.31,0,44.9,1.6,0
SMMS-NWR-01901,point_machine,AGC-JHS,NWR,1997,28,1,14,60.4,4.9,1,31.9,5.9,0
SMMS-ECR-01902,colour_light_signal,UMB-LDH,ECR,2021,4,0,60,9.9,10.0,0,45.2,2.6,0
SMMS-NR-01903,point_machine,CBE-TVC,NR,1998,27,2,63,54.0,3.4,0,39.4,5.6,0
SMMS-SECR-01904,colour_light_signal,CBE-TVC,SECR,1997,28,1,76,53.3,3.47,0,34.0,3.2,0
SMMS-ECR-01905,level_crossing_gate,UMB-LDH,ECR,1997,28,1,5,54.5,3.57,0,34.5,4.2,0
SMMS-CR-01906,relay_room,MAS-ED,CR,1990,35,1,75,67.9,2.81,1,34.3,5.9,0
SMMS-NR-01907,colour_light_signal,ED-CBE,NR,2014,11,5,11,33.4,6.58,0,42.5,4.4,1
SMMS-WR-01908,axle_counter,NGP-BZA,WR,1996,29,1,72,64.9,2.81,0,34.0,5.2,0
SMMS-NR-01909,colour_light_signal,NDLS-AGC,NR,2021,4,0,72,14.2,8.75,1,45.3,2.1,0
SMMS-SCR-01910,track_circuit,HWH-BWN,SCR,1999,26,1,10,48.3,4.53,0,33.6,5.5,0
SMMS-ECR-01911,relay_room,LTT-NED,ECR,2011,14,1,11,27.7,6.56,0,44.6,3.0,0
SMMS-NWR-01912,colour_light_signal,CSTM-KYN,NWR,2006,19,0,7,39.1,6.91,2,43.0,4.3,0
SMMS-SR-01913,colour_light_signal,CSTM-KYN,SR,2000,25,1,7,45.1,4.77,1,37.8,4.5,0
SMMS-SER-01914,point_machine,ST-BCT,SER,2005,20,2,123,41.1,6.11,0,37.0,4.4,0
SMMS-SER-01915,relay_room,KYN-IGP,SER,2014,11,0,19,21.8,8.64,0,39.8,2.2,0
SMMS-ECoR-01916,telecom_tower,JUC-ADI,ECoR,2019,6,0,5,10.8,7.71,0,42.1,1.3,0
SMMS-ECR-01917,point_machine,MGS-ALD,ECR,2001,24,1,15,39.1,6.65,0,27.6,3.3,0
SMMS-SECR-01918,level_crossing_gate,MGS-ALD,SECR,2015,10,0,5,11.6,9.44,0,44.9,1.7,0
SMMS-NR-01919,axle_counter,ST-BCT,NR,2015,10,0,159,19.2,6.51,0,49.6,2.6,0
SMMS-SWR-01920,axle_counter,JHS-BPL,SWR,2001,24,0,43,42.7,4.15,0,35.3,3.7,1
SMMS-NER-01921,colour_light_signal,KZJ-BZA,NER,2020,5,1,28,10.6,7.46,0,45.9,2.0,0
SMMS-ER-01922,level_crossing_gate,ADI-BRC,ER,2015,10,2,5,17.4,7.24,0,44.5,3.2,0
SMMS-WR-01923,OFC_cable,NGP-BZA,WR,2017,8,1,12,16.2,7.48,1,42.9,2.7,0
SMMS-NR-01924,colour_light_signal,HWH-BWN,NR,1995,30,5,58,68.1,2.7,0,35.8,5.9,1
SMMS-ECR-01925,OFC_cable,AWB-SC,ECR,1990,35,0,92,69.7,5.14,0,27.0,5.7,0
SMMS-NWR-01926,axle_counter,ST-BCT,NWR,1991,34,1,68,62.8,3.35,1,30.5,4.4,0
SMMS-NFR-01927,colour_light_signal,AWB-SC,NFR,2016,9,1,44,19.2,8.36,0,36.0,2.0,0
SMMS-NWR-01928,OFC_cable,AWB-SC,NWR,1997,28,0,31,49.2,3.12,0,32.6,4.5,0
SMMS-NCR-01929,relay_room,UMB-LDH,NCR,1999,26,0,24,42.7,4.35,0,33.6,5.1,0
SMMS-ECoR-01930,relay_room,HWH-BWN,ECoR,1998,27,0,6,48.7,5.0,1,36.9,4.6,0
SMMS-SER-01931,data_logger,ASR-JUC,SER,2000,25,6,5,62.2,4.72,0,32.3,6.9,1
SMMS-NWR-01932,OFC_cable,BPL-NGP,NWR,1993,32,0,65,58.9,5.07,0,34.0,4.7,0
SMMS-ECoR-01933,telecom_tower,LDH-ASR,ECoR,2019,6,1,62,20.9,8.97,0,42.3,3.0,0
SMMS-ECoR-01934,track_circuit,CSTM-KYN,ECoR,2016,9,1,5,19.8,9.57,0,37.6,3.3,0
SMMS-ER-01935,axle_counter,NDLS-UMB,ER,2006,19,1,29,36.6,7.41,1,43.4,4.1,0
SMMS-WCR-01936,level_crossing_gate,AWB-SC,WCR,1998,27,2,6,57.4,4.18,0,31.4,4.8,0
SMMS-WR-01937,axle_counter,JHS-BPL,WR,1995,30,3,58,62.7,3.29,0,29.3,5.2,0
SMMS-WR-01938,track_circuit,CSTM-KYN,WR,2018,7,1,8,21.0,9.14,0,46.2,3.0,0
SMMS-WCR-01939,track_circuit,NGP-BZA,WCR,1994,31,3,28,64.2,2.24,1,30.1,5.4,0
SMMS-CR-01940,OFC_cable,ED-CBE,CR,1990,35,1,44,60.1,4.73,0,36.2,4.9,1
SMMS-SR-01941,track_circuit,NDLS-AGC,SR,2007,18,0,19,36.0,5.75,0,38.8,2.9,0
SMMS-SWR-01942,colour_light_signal,MGS-ALD,SWR,2003,22,1,44,37.6,5.32,0,37.8,3.9,0
SMMS-ECoR-01943,telecom_tower,ED-CBE,ECoR,2001,24,0,98,51.0,4.15,0,39.4,3.4,0
SMMS-SECR-01944,track_circuit,UMB-LDH,SECR,1993,32,0,50,54.4,3.96,0,31.7,4.1,0
SMMS-NCR-01945,axle_counter,NDLS-AGC,NCR,1997,28,0,15,47.3,6.13,0,31.4,4.5,0
SMMS-WR-01946,track_circuit,BCT-RTM,WR,1995,30,0,17,60.6,3.85,1,28.0,5.2,0
SMMS-ECoR-01947,telecom_tower,LTT-NED,ECoR,2009,16,2,16,40.6,7.43,0,47.1,4.0,0
SMMS-WCR-01948,colour_light_signal,BPL-NGP,WCR,2012,13,1,26,29.8,8.21,0,45.5,2.9,0
SMMS-ECoR-01949,track_circuit,CNB-NDLS,ECoR,2006,19,0,5,39.4,8.14,0,37.5,3.7,1
SMMS-ER-01950,track_circuit,BRC-ST,ER,1990,35,2,5,65.5,2.97,1,28.4,5.1,1
SMMS-WCR-01951,axle_counter,CNB-NDLS,WCR,2003,22,0,14,44.4,6.47,0,37.1,4.7,0
SMMS-ECR-01952,level_crossing_gate,NGP-BZA,ECR,1991,34,1,67,61.4,1.82,1,28.1,4.9,0
SMMS-SWR-01953,point_machine,ALD-CNB,SWR,2005,20,1,81,36.3,4.59,1,36.1,3.1,0
SMMS-ECR-01954,relay_room,BRC-ST,ECR,2015,10,0,55,17.8,8.13,0,43.7,2.6,1
SMMS-SECR-01955,axle_counter,ASR-JUC,SECR,2000,25,1,8,40.8,5.27,0,35.2,4.2,0
SMMS-NER-01956,point_machine,NDLS-AGC,NER,2022,3,0,27,9.4,10.0,0,45.2,1.4,0
SMMS-ECoR-01957,track_circuit,UMB-LDH,ECoR,2002,23,1,28,47.3,6.45,0,31.4,4.2,0
SMMS-WCR-01958,track_circuit,BCT-RTM,WCR,2016,9,7,8,38.6,6.59,0,42.1,5.2,1
SMMS-WR-01959,point_machine,KZJ-BZA,WR,2001,24,1,18,45.4,5.36,0,38.7,3.5,0
SMMS-ECR-01960,track_circuit,NDLS-AGC,ECR,1992,33,1,13,61.1,4.47,0,27.4,5.0,0
SMMS-NR-01961,colour_light_signal,JHS-BPL,NR,1993,32,0,11,59.9,5.43,0,28.2,5.7,0
SMMS-ECoR-01962,point_machine,HWH-BWN,ECoR,2004,21,2,20,43.3,4.79,0,37.9,4.3,0
SMMS-CR-01963,BPAC_panel,KYN-IGP,CR,2017,8,0,15,9.8,9.04,1,41.1,2.5,0
SMMS-NCR-01964,telecom_tower,KZJ-BZA,NCR,2003,22,0,105,38.5,3.61,2,36.0,3.7,0
SMMS-NR-01965,track_circuit,JUC-ADI,NR,2013,12,0,39,23.8,6.15,0,42.8,2.9,0
SMMS-NER-01966,colour_light_signal,ST-BCT,NER,1995,30,0,34,47.9,3.62,0,31.4,3.9,0
SMMS-NFR-01967,data_logger,CNB-NDLS,NFR,2000,25,0,21,50.0,4.94,0,34.6,4.1,1
SMMS-WCR-01968,OFC_cable,ADI-BRC,WCR,2018,7,1,24,21.2,7.3,0,47.2,3.1,0
SMMS-ECR-01969,track_circuit,ED-CBE,ECR,2005,20,1,23,46.4,6.5,1,37.3,2.8,0
SMMS-ECoR-01970,axle_counter,KYN-IGP,ECoR,2002,23,1,5,43.0,4.05,0,37.2,3.8,0
SMMS-NR-01971,telecom_tower,MAS-ED,NR,2000,25,0,126,43.8,4.91,0,34.0,3.8,0
SMMS-NFR-01972,level_crossing_gate,MAS-ED,NFR,2007,18,3,50,34.8,7.25,0,37.5,2.8,0
SMMS-SR-01973,track_circuit,CNB-NDLS,SR,1999,26,1,31,42.9,6.3,1,33.9,3.2,0
SMMS-WR-01974,track_circuit,JUC-ADI,WR,2019,6,1,10,11.5,10.0,0,45.5,2.9,0
SMMS-NER-01975,data_logger,UMB-LDH,NER,2004,21,0,5,37.0,5.04,1,38.4,2.3,0
SMMS-NER-01976,OFC_cable,BRC-ST,NER,2007,18,0,13,28.8,6.83,0,41.3,2.9,0
SMMS-SWR-01977,OFC_cable,CSTM-KYN,SWR,2018,7,0,60,12.8,9.71,0,40.9,1.8,0
SMMS-WCR-01978,axle_counter,MGS-ALD,WCR,2018,7,0,141,6.7,10.0,0,40.8,0.8,0
SMMS-NR-01979,track_circuit,ADI-BRC,NR,2011,14,0,57,28.3,7.94,1,38.2,3.6,0
SMMS-SCR-01980,colour_light_signal,ALD-CNB,SCR,2012,13,2,22,31.7,6.41,1,38.5,3.2,0
SMMS-WR-01981,level_crossing_gate,BPL-NGP,WR,2018,7,0,75,8.8,7.99,0,46.5,2.9,0
SMMS-ECoR-01982,colour_light_signal,SC-KZJ,ECoR,1995,30,0,220,43.7,4.67,0,29.3,3.5,0
SMMS-CR-01983,track_circuit,AGC-JHS,CR,2013,12,0,14,16.0,7.62,1,43.7,2.0,0
SMMS-NCR-01984,track_circuit,CNB-NDLS,NCR,1994,31,3,21,66.1,3.31,0,33.1,5.9,0
SMMS-NWR-01985,data_logger,ST-BCT,NWR,2012,13,0,22,25.5,8.89,1,35.5,1.5,0
SMMS-SECR-01986,OFC_cable,CBE-TVC,SECR,2001,24,0,19,45.7,3.16,0,40.3,3.5,0
SMMS-ER-01987,point_machine,AGC-JHS,ER,2000,25,0,41,35.1,4.29,0,31.8,3.0,0
SMMS-CR-01988,point_machine,ADI-BRC,CR,1992,33,3,82,66.9,4.71,0,33.8,5.4,0
SMMS-SR-01989,telecom_tower,BWN-AZ,SR,2013,12,2,80,38.4,6.95,0,42.8,3.3,0
SMMS-NR-01990,colour_light_signal,CSTM-KYN,NR,2018,7,1,5,15.4,7.51,2,47.3,2.4,0
SMMS-ECoR-01991,data_logger,LDH-ASR,ECoR,2020,5,0,5,6.2,10.0,2,41.3,1.7,0
SMMS-SWR-01992,point_machine,NGP-BZA,SWR,1997,28,0,22,59.3,4.41,0,33.8,4.1,0
SMMS-ECoR-01993,colour_light_signal,BPL-NGP,ECoR,1991,34,0,6,65.0,3.67,2,29.9,4.6,0
SMMS-CR-01994,point_machine,BCT-RTM,CR,2018,7,0,5,10.8,10.0,0,48.9,1.8,1
SMMS-CR-01995,axle_counter,MGS-ALD,CR,2005,20,1,5,45.8,6.41,0,36.2,3.9,0
SMMS-CR-01996,data_logger,UMB-LDH,CR,1997,28,4,40,60.6,2.8,0,36.2,6.2,1
SMMS-WCR-01997,relay_room,MAS-ED,WCR,2003,22,0,17,32.7,6.26,1,35.9,3.1,0
SMMS-NFR-01998,OFC_cable,CBE-TVC,NFR,2001,24,1,39,39.1,5.52,0,34.7,3.4,0
SMMS-CR-01999,telecom_tower,ALD-CNB,CR,2016,9,0,5,17.4,6.93,0,45.7,2.7,0
SMMS-NR-02000,colour_light_signal,JHS-BPL,NR,2008,17,0,108,38.5,7.14,0,43.7,2.9,0
SMMS-SR-02001,relay_room,BZA-MAS,SR,2002,23,3,136,53.8,7.01,1,37.1,5.3,0
SMMS-WR-02002,track_circuit,NDLS-UMB,WR,2018,7,0,108,10.1,8.99,0,47.9,1.6,0
SMMS-NCR-02003,axle_counter,NGP-BZA,NCR,1992,33,0,10,66.5,3.88,0,27.1,5.1,1
SMMS-NER-02004,colour_light_signal,AWB-SC,NER,1997,28,3,78,66.3,5.4,0,38.0,4.6,0
SMMS-SCR-02005,colour_light_signal,AWB-SC,SCR,2003,22,5,19,57.5,6.58,0,34.1,6.4,1
SMMS-NR-02006,OFC_cable,AGC-JHS,NR,1996,29,1,47,61.4,3.92,0,37.8,4.7,0
SMMS-WCR-02007,data_logger,ADI-BRC,WCR,1993,32,0,8,61.7,4.28,0,29.7,3.9,0
SMMS-NWR-02008,track_circuit,AZ-MGS,NWR,2010,15,0,21,29.7,6.04,0,40.5,2.4,0
SMMS-CR-02009,colour_light_signal,NGP-BZA,CR,2001,24,1,90,44.2,6.51,0,33.6,2.8,0
SMMS-SWR-02010,OFC_cable,SC-KZJ,SWR,2020,5,0,24,12.0,9.75,0,44.4,1.6,1
SMMS-NER-02011,colour_light_signal,MGS-ALD,NER,1998,27,1,106,58.2,3.53,0,32.3,4.8,0
SMMS-NCR-02012,OFC_cable,MGS-ALD,NCR,1996,29,1,17,51.2,6.24,0,33.4,3.7,1
SMMS-NWR-02013,BPAC_panel,AWB-SC,NWR,2000,25,2,36,61.0,3.69,0,34.8,4.8,0
SMMS-SCR-02014,colour_light_signal,CSTM-KYN,SCR,1991,34,0,23,56.8,2.3,0,24.4,3.9,0
SMMS-NCR-02015,track_circuit,LDH-ASR,NCR,2005,20,1,5,43.6,5.34,1,33.3,3.6,1
SMMS-SWR-02016,colour_light_signal,BWN-AZ,SWR,2021,4,1,26,5.2,9.91,0,46.9,2.4,1
SMMS-ER-02017,BPAC_panel,CNB-NDLS,ER,2004,21,0,17,40.4,6.23,0,37.3,3.8,0
SMMS-NWR-02018,BPAC_panel,CNB-NDLS,NWR,1999,26,0,8,47.3,5.39,0,30.7,4.1,0
SMMS-ECoR-02019,telecom_tower,ASR-JUC,ECoR,2001,24,2,22,49.8,6.95,0,40.0,4.9,0
SMMS-WCR-02020,colour_light_signal,SC-KZJ,WCR,2002,23,1,13,48.3,4.26,1,32.1,4.4,1
SMMS-NWR-02021,OFC_cable,NDLS-AGC,NWR,2019,6,0,11,7.6,10.0,3,46.6,1.8,1
SMMS-ECR-02022,data_logger,ADI-BRC,ECR,2011,14,5,78,33.1,6.42,0,35.4,4.7,1
SMMS-SCR-02023,track_circuit,NDLS-AGC,SCR,1996,29,0,58,49.6,3.74,0,33.6,3.3,0
SMMS-ECR-02024,point_machine,JHS-BPL,ECR,2005,20,4,45,55.9,4.87,0,41.4,5.4,1
SMMS-SWR-02025,OFC_cable,NDLS-UMB,SWR,2022,3,2,18,8.7,9.25,1,52.6,3.4,0
SMMS-SCR-02026,track_circuit,ASR-JUC,SCR,2012,13,0,10,26.8,8.8,0,43.9,3.2,0
SMMS-NR-02027,track_circuit,JUC-ADI,NR,2022,3,0,39,8.9,10.0,2,49.5,2.5,0
SMMS-NFR-02028,OFC_cable,MAS-ED,NFR,1995,30,0,13,57.4,4.22,0,30.3,4.3,0
SMMS-NWR-02029,track_circuit,ADI-BRC,NWR,2021,4,1,55,17.1,7.63,0,44.2,2.5,0
SMMS-ECoR-02030,BPAC_panel,CSTM-KYN,ECoR,2008,17,1,26,36.1,5.95,1,40.9,3.4,0
SMMS-SECR-02031,OFC_cable,ASR-JUC,SECR,2019,6,0,96,11.7,8.1,0,39.9,1.6,0
SMMS-SWR-02032,telecom_tower,AGC-JHS,SWR,1992,33,0,91,61.5,2.06,0,37.6,4.2,0
SMMS-WCR-02033,axle_counter,NGP-BZA,WCR,2007,18,0,23,29.1,5.65,1,37.9,3.7,0
SMMS-NFR-02034,relay_room,KZJ-BZA,NFR,2005,20,0,123,45.1,6.56,2,32.2,3.4,0
SMMS-SWR-02035,colour_light_signal,NDLS-AGC,SWR,1993,32,0,43,53.9,3.27,1,36.1,3.6,0
SMMS-SR-02036,OFC_cable,LDH-ASR,SR,1993,32,1,37,51.8,3.66,1,29.7,4.7,0
SMMS-NR-02037,relay_room,MGS-ALD,NR,1996,29,1,5,59.0,4.05,0,37.9,4.6,0
SMMS-NWR-02038,track_circuit,UMB-LDH,NWR,2007,18,3,161,50.2,6.19,8,42.9,5.7,1
SMMS-SECR-02039,level_crossing_gate,BCT-RTM,SECR,1991,34,0,5,52.4,4.75,0,28.8,4.6,0
SMMS-ECR-02040,track_circuit,NDLS-AGC,ECR,1994,31,0,12,48.9,4.01,1,31.2,4.1,0
SMMS-NFR-02041,colour_light_signal,SC-KZJ,NFR,1992,33,0,7,58.0,3.62,1,33.7,4.2,1
SMMS-WR-02042,point_machine,BRC-ST,WR,2004,21,2,5,29.8,4.75,0,34.6,2.9,0
SMMS-NR-02043,telecom_tower,BZA-MAS,NR,2005,20,0,269,41.1,6.75,1,40.7,3.7,0
SMMS-SWR-02044,point_machine,AWB-SC,SWR,2016,9,2,15,21.3,8.67,0,50.0,3.0,0
SMMS-NFR-02045,level_crossing_gate,KYN-IGP,NFR,2001,24,0,5,43.4,4.65,0,36.8,2.7,0
SMMS-WR-02046,relay_room,CBE-TVC,WR,1994,31,0,5,54.2,3.4,1,27.1,4.5,0
SMMS-SCR-02047,point_machine,CNB-NDLS,SCR,1992,33,1,10,61.3,1.87,0,31.6,4.7,0
SMMS-SECR-02048,colour_light_signal,MAS-ED,SECR,2000,25,0,5,50.9,6.34,0,34.9,3.7,0
SMMS-SR-02049,track_circuit,MAS-ED,SR,1995,30,0,6,55.3,2.63,0,40.4,4.1,0
SMMS-CR-02050,axle_counter,LDH-ASR,CR,2003,22,0,5,44.6,6.25,0,35.4,3.7,1
SMMS-NWR-02051,point_machine,ADI-BRC,NWR,2012,13,2,7,24.9,8.16,0,39.3,3.5,0
SMMS-SWR-02052,colour_light_signal,ST-BCT,SWR,1993,32,0,23,54.1,2.83,0,33.7,3.6,0
SMMS-NR-02053,telecom_tower,KYN-IGP,NR,2005,20,2,148,42.1,7.21,0,37.3,3.6,0
SMMS-ECR-02054,axle_counter,NGP-BZA,ECR,1996,29,2,45,57.9,4.81,0,29.6,6.1,0
SMMS-ER-02055,track_circuit,KYN-IGP,ER,2016,9,0,30,22.1,7.81,0,41.3,2.6,1
SMMS-ECR-02056,track_circuit,ADI-BRC,ECR,1992,33,0,182,62.5,3.18,1,33.0,4.5,0
SMMS-CR-02057,relay_room,LTT-NED,CR,1992,33,4,48,70.8,3.56,1,36.1,6.1,1
SMMS-NCR-02058,axle_counter,ADI-BRC,NCR,2021,4,1,18,11.7,10.0,0,39.9,2.8,0
SMMS-NER-02059,BPAC_panel,ALD-CNB,NER,1993,32,0,62,53.5,1.9,2,35.2,4.4,1
SMMS-SCR-02060,axle_counter,NDLS-AGC,SCR,1999,26,0,26,42.1,3.96,0,35.3,4.7,0
SMMS-WR-02061,axle_counter,ED-CBE,WR,1990,35,1,5,58.4,3.35,0,27.3,5.3,0
SMMS-SR-02062,colour_light_signal,NDLS-UMB,SR,2007,18,1,40,47.5,7.32,1,37.6,4.1,0
SMMS-NER-02063,colour_light_signal,NDLS-AGC,NER,2019,6,5,52,25.4,9.32,0,46.7,4.7,1
SMMS-WCR-02064,point_machine,NGP-BZA,WCR,2017,8,0,154,13.8,8.02,1,42.6,2.7,0
SMMS-ER-02065,colour_light_signal,CSTM-KYN,ER,2005,20,1,5,41.1,5.73,0,30.1,2.7,0
SMMS-ECR-02066,OFC_cable,AGC-JHS,ECR,2011,14,0,15,25.4,7.84,0,40.8,2.5,0
SMMS-ECoR-02067,point_machine,NDLS-UMB,ECoR,2019,6,1,51,15.3,9.5,0,43.8,3.0,0
SMMS-SR-02068,relay_room,NDLS-AGC,SR,1999,26,4,41,57.9,5.72,0,40.7,5.5,1
SMMS-NER-02069,axle_counter,BPL-NGP,NER,2014,11,0,29,24.7,7.17,0,45.0,2.5,0
SMMS-SR-02070,point_machine,JHS-BPL,SR,2000,25,3,8,62.4,4.26,0,34.7,5.8,0
SMMS-SER-02071,axle_counter,NDLS-UMB,SER,2012,13,1,9,29.4,9.51,0,42.3,3.8,0
SMMS-NFR-02072,relay_room,MAS-ED,NFR,2011,14,1,138,36.9,6.91,0,40.9,3.7,0
SMMS-NWR-02073,colour_light_signal,NGP-BZA,NWR,2009,16,0,5,34.4,6.89,0,44.1,3.0,1
SMMS-SWR-02074,axle_counter,ED-CBE,SWR,1994,31,6,52,71.3,3.3,1,29.5,6.9,1
SMMS-NCR-02075,OFC_cable,BCT-RTM,NCR,2011,14,0,5,19.9,6.87,2,46.5,2.2,0
SMMS-NER-02076,colour_light_signal,JHS-BPL,NER,2006,19,0,5,24.4,4.75,0,38.2,3.4,0
SMMS-NFR-02077,track_circuit,MGS-ALD,NFR,2007,18,0,77,31.6,6.39,0,41.1,3.3,0
SMMS-NER-02078,point_machine,AGC-JHS,NER,2004,21,0,14,38.8,5.4,0,36.7,2.8,0
SMMS-SECR-02079,relay_room,CBE-TVC,SECR,2019,6,0,209,12.6,9.16,0,43.6,1.2,0
SMMS-SECR-02080,OFC_cable,ALD-CNB,SECR,2001,24,1,52,44.3,4.79,1,32.4,3.8,0
SMMS-NER-02081,level_crossing_gate,AZ-MGS,NER,1991,34,4,18,77.1,1.89,2,32.0,5.7,1
SMMS-SECR-02082,track_circuit,MAS-ED,SECR,1992,33,0,22,68.7,2.65,0,31.3,5.1,0
SMMS-SECR-02083,OFC_cable,ADI-BRC,SECR,2003,22,0,11,42.6,6.75,0,41.8,3.6,0
SMMS-NWR-02084,axle_counter,LDH-ASR,NWR,2003,22,0,68,35.6,4.74,0,42.8,3.1,0
SMMS-SER-02085,track_circuit,MGS-ALD,SER,2012,13,6,5,49.4,8.76,0,40.8,5.5,1
SMMS-SR-02086,point_machine,CBE-TVC,SR,2004,21,1,10,34.1,6.16,1,33.5,3.7,0
SMMS-NCR-02087,data_logger,ALD-CNB,NCR,1996,29,0,81,53.4,4.25,0,33.2,4.8,0
SMMS-CR-02088,axle_counter,MAS-ED,CR,2022,3,0,145,0.0,10.0,1,46.2,1.4,0
SMMS-SECR-02089,relay_room,HWH-BWN,SECR,2001,24,0,23,38.8,5.27,0,39.6,3.5,0
SMMS-ECR-02090,axle_counter,SC-KZJ,ECR,2013,12,0,70,24.2,8.84,1,41.3,3.8,0
SMMS-WCR-02091,point_machine,CBE-TVC,WCR,2003,22,0,67,35.9,5.75,0,35.8,3.4,1
SMMS-NR-02092,point_machine,MAS-ED,NR,1996,29,0,59,52.4,4.92,1,25.7,4.3,0
SMMS-NWR-02093,BPAC_panel,CNB-NDLS,NWR,2009,16,1,73,26.8,6.78,1,39.8,3.6,0
SMMS-CR-02094,track_circuit,AWB-SC,CR,2018,7,0,116,16.4,9.47,0,42.9,2.4,0
SMMS-ER-02095,colour_light_signal,JUC-ADI,ER,1996,29,0,5,47.7,6.5,1,35.8,5.0,0
SMMS-ECR-02096,track_circuit,BCT-RTM,ECR,1994,31,2,17,59.9,2.4,0,26.8,5.5,0
SMMS-SECR-02097,point_machine,SC-KZJ,SECR,2022,3,2,48,0.0,9.68,1,48.2,1.4,1
SMMS-SCR-02098,data_logger,NDLS-AGC,SCR,2002,23,1,8,43.4,5.41,1,38.1,3.7,0
SMMS-SER-02099,axle_counter,ADI-BRC,SER,2021,4,0,30,9.0,8.03,0,44.7,1.6,0
SMMS-ECoR-02100,level_crossing_gate,AWB-SC,ECoR,2016,9,0,39,17.8,8.22,0,43.5,3.0,0
SMMS-NCR-02101,colour_light_signal,AGC-JHS,NCR,1991,34,0,7,63.6,1.22,0,34.2,4.2,0
SMMS-NER-02102,axle_counter,ST-BCT,NER,2002,23,2,46,41.9,4.41,0,36.5,4.0,0
SMMS-WR-02103,colour_light_signal,MAS-ED,WR,2019,6,1,5,20.1,10.0,0,45.9,2.2,0
SMMS-NER-02104,point_machine,AWB-SC,NER,1995,30,1,5,59.1,2.6,0,32.3,4.6,0
SMMS-ER-02105,point_machine,CNB-NDLS,ER,1992,33,0,54,55.9,3.75,0,27.7,3.9,0
SMMS-ECR-02106,point_machine,KZJ-BZA,ECR,2019,6,1,42,17.2,7.52,1,45.7,3.4,0
SMMS-CR-02107,level_crossing_gate,AWB-SC,CR,2008,17,0,57,34.6,6.24,0,32.1,3.2,0
SMMS-SECR-02108,point_machine,ASR-JUC,SECR,2005,20,1,5,29.4,4.65,2,38.1,4.1,0
SMMS-WCR-02109,colour_light_signal,MGS-ALD,WCR,1993,32,1,5,61.0,4.04,0,34.0,4.7,0
SMMS-CR-02110,level_crossing_gate,CBE-TVC,CR,1998,27,1,14,57.2,4.62,3,39.4,5.0,1
SMMS-NCR-02111,relay_room,CSTM-KYN,NCR,1997,28,1,5,48.8,4.94,2,37.2,3.4,0
SMMS-ECoR-02112,point_machine,NDLS-UMB,ECoR,2015,10,0,16,25.7,6.25,0,49.6,2.7,0
SMMS-WR-02113,relay_room,SC-KZJ,WR,1998,27,0,32,48.0,5.28,0,31.9,3.0,0
SMMS-SCR-02114,OFC_cable,JUC-ADI,SCR,2001,24,0,32,38.7,2.64,2,38.2,2.9,0
SMMS-SR-02115,colour_light_signal,CSTM-KYN,SR,2017,8,0,5,12.3,8.98,0,39.8,2.3,0
SMMS-WCR-02116,point_machine,JHS-BPL,WCR,1994,31,0,5,50.7,4.29,0,34.4,4.6,0
SMMS-SCR-02117,axle_counter,BWN-AZ,SCR,2005,20,0,5,30.8,6.61,0,38.4,3.1,0
SMMS-ECoR-02118,axle_counter,CSTM-KYN,ECoR,2008,17,0,84,26.5,5.73,1,38.8,3.1,0
SMMS-NWR-02119,track_circuit,ASR-JUC,NWR,2012,13,0,57,18.4,7.26,0,41.1,1.6,0
SMMS-NFR-02120,colour_light_signal,KYN-IGP,NFR,1997,28,0,69,53.5,6.06,0,33.8,3.4,0
SMMS-ECR-02121,level_crossing_gate,MGS-ALD,ECR,2007,18,0,5,31.4,6.7,0,39.7,2.6,0
SMMS-ECR-02122,OFC_cable,AZ-MGS,ECR,2015,10,1,50,21.4,8.45,0,46.6,3.5,0
SMMS-NFR-02123,level_crossing_gate,NDLS-AGC,NFR,2015,10,1,40,19.6,6.53,1,39.2,2.3,0
SMMS-WR-02124,data_logger,ALD-CNB,WR,2004,21,0,5,38.3,3.96,0,33.7,2.4,0
SMMS-WR-02125,axle_counter,UMB-LDH,WR,2003,22,0,34,39.7,5.72,0,34.8,4.0,0
SMMS-WR-02126,track_circuit,MGS-ALD,WR,1996,29,0,5,45.6,1.86,1,37.3,3.8,0
SMMS-WCR-02127,colour_light_signal,HWH-BWN,WCR,2014,11,0,24,23.3,6.9,0,40.6,3.1,1
SMMS-WR-02128,point_machine,CSTM-KYN,WR,1991,34,1,46,65.1,4.34,0,29.1,4.6,0
SMMS-SWR-02129,data_logger,NDLS-UMB,SWR,1995,30,1,5,56.3,3.45,1,34.0,4.1,0
SMMS-SECR-02130,data_logger,JHS-BPL,SECR,1998,27,2,28,52.2,5.78,0,33.5,4.6,0
SMMS-ER-02131,data_logger,ASR-JUC,ER,2010,15,0,46,22.7,6.54,0,39.7,2.2,0
SMMS-SR-02132,data_logger,SC-KZJ,SR,2000,25,3,5,46.8,5.3,0,39.3,3.4,0
SMMS-NR-02133,colour_light_signal,SC-KZJ,NR,1996,29,6,81,64.8,1.83,1,33.9,6.1,1
SMMS-NCR-02134,data_logger,LTT-NED,NCR,2021,4,1,17,5.4,9.95,3,46.1,1.5,1
SMMS-NR-02135,colour_light_signal,UMB-LDH,NR,2016,9,0,15,23.8,9.0,0,38.6,1.6,0
SMMS-SER-02136,track_circuit,NDLS-UMB,SER,2002,23,2,5,46.9,5.35,1,34.0,4.2,0
SMMS-CR-02137,level_crossing_gate,BPL-NGP,CR,1991,34,1,168,57.8,3.07,0,29.2,4.0,0
SMMS-NR-02138,relay_room,BPL-NGP,NR,2002,23,0,34,48.6,4.71,0,34.6,3.7,0
SMMS-SER-02139,relay_room,BPL-NGP,SER,1993,32,1,35,64.8,4.01,0,34.4,4.8,0
SMMS-NWR-02140,point_machine,CNB-NDLS,NWR,1993,32,0,37,58.5,4.73,1,38.6,4.3,0
SMMS-SCR-02141,OFC_cable,NDLS-AGC,SCR,2015,10,0,21,18.0,7.76,0,41.7,1.7,0
SMMS-SECR-02142,axle_counter,BRC-ST,SECR,2012,13,0,19,14.6,6.62,0,45.0,2.5,0
SMMS-SR-02143,track_circuit,UMB-LDH,SR,2009,16,0,31,30.0,6.69,0,46.4,3.0,0
SMMS-ER-02144,point_machine,HWH-BWN,ER,2019,6,2,7,18.9,6.73,0,41.2,2.7,0
SMMS-WR-02145,colour_light_signal,SC-KZJ,WR,2014,11,1,35,25.2,6.42,0,45.6,2.8,0
SMMS-SCR-02146,point_machine,CBE-TVC,SCR,2016,9,0,27,13.5,8.88,0,48.0,2.5,0
SMMS-ECR-02147,axle_counter,NDLS-UMB,ECR,2009,16,0,6,32.0,5.42,0,41.2,3.7,1
SMMS-NCR-02148,level_crossing_gate,AWB-SC,NCR,2005,20,2,60,45.9,6.75,0,33.8,4.0,1
SMMS-ECR-02149,point_machine,AGC-JHS,ECR,1993,32,1,5,55.9,3.64,0,28.8,4.8,0
SMMS-SER-02150,relay_room,AWB-SC,SER,1998,27,1,10,52.8,3.53,0,26.4,4.0,0
SMMS-NCR-02151,colour_light_signal,MAS-ED,NCR,1996,29,0,7,47.9,1.64,0,36.2,4.1,0
SMMS-NER-02152,track_circuit,SC-KZJ,NER,2009,16,2,24,34.5,6.48,0,39.1,3.4,0
SMMS-ECR-02153,point_machine,MGS-ALD,ECR,2021,4,0,49,0.0,9.19,0,44.9,0.5,0
SMMS-ECoR-02154,point_machine,BZA-MAS,ECoR,1990,35,0,11,65.5,6.32,0,27.7,5.1,0
SMMS-WCR-02155,point_machine,ASR-JUC,WCR,1998,27,0,6,42.4,5.05,0,35.6,4.0,0
SMMS-SECR-02156,level_crossing_gate,SC-KZJ,SECR,2008,17,0,33,34.2,6.68,0,41.1,3.5,0
SMMS-WCR-02157,point_machine,JUC-ADI,WCR,2012,13,0,43,26.7,8.13,0,39.3,2.9,0
SMMS-SECR-02158,data_logger,LTT-NED,SECR,1990,35,0,120,73.5,3.41,0,29.7,5.8,1
SMMS-SER-02159,point_machine,LDH-ASR,SER,2012,13,0,37,11.6,9.35,3,36.7,3.0,1
SMMS-WCR-02160,axle_counter,NDLS-UMB,WCR,2018,7,2,33,19.4,8.57,0,45.6,2.8,0
SMMS-NCR-02161,telecom_tower,SC-KZJ,NCR,2012,13,1,25,23.0,8.55,0,40.9,3.3,0
SMMS-CR-02162,point_machine,CSTM-KYN,CR,2012,13,1,13,26.5,7.54,0,41.6,3.4,0
SMMS-CR-02163,track_circuit,CNB-NDLS,CR,2016,9,4,120,23.9,8.57,1,40.9,4.6,1
SMMS-NR-02164,telecom_tower,HWH-BWN,NR,2016,9,1,49,9.8,8.43,0,41.6,2.2,0
SMMS-NFR-02165,data_logger,KZJ-BZA,NFR,2016,9,0,25,25.9,6.64,1,46.3,2.1,0
SMMS-SECR-02166,axle_counter,BCT-RTM,SECR,2012,13,4,30,36.2,8.43,0,44.1,4.2,1
SMMS-CR-02167,point_machine,BPL-NGP,CR,2012,13,0,126,17.8,6.6,0,44.8,2.7,1
SMMS-CR-02168,axle_counter,ST-BCT,CR,2010,15,0,26,25.2,7.98,0,41.5,2.6,0
SMMS-SER-02169,BPAC_panel,ED-CBE,SER,1996,29,4,200,62.6,3.44,0,28.7,5.1,1
SMMS-CR-02170,relay_room,BZA-MAS,CR,2010,15,1,33,35.3,6.46,0,45.2,4.1,0
SMMS-SR-02171,axle_counter,KYN-IGP,SR,2009,16,0,99,28.8,5.98,1,39.1,2.2,0
SMMS-CR-02172,point_machine,ED-CBE,CR,2021,4,1,51,10.9,7.6,1,50.2,2.1,0
SMMS-NWR-02173,relay_room,LTT-NED,NWR,1995,30,2,5,61.1,4.58,0,34.3,4.8,0
SMMS-WR-02174,point_machine,HWH-BWN,WR,2007,18,1,38,34.6,6.17,1,39.4,3.6,0
SMMS-WCR-02175,colour_light_signal,ASR-JUC,WCR,1995,30,0,122,60.5,3.6,0,30.4,4.4,0
SMMS-ER-02176,track_circuit,BPL-NGP,ER,1997,28,0,16,50.2,4.78,0,32.8,4.3,0
SMMS-NCR-02177,point_machine,CSTM-KYN,NCR,1991,34,1,17,68.5,3.23,0,29.7,5.7,0
SMMS-SCR-02178,data_logger,AGC-JHS,SCR,2009,16,0,5,30.9,6.56,1,39.3,3.0,1
SMMS-SWR-02179,colour_light_signal,UMB-LDH,SWR,2002,23,4,28,60.1,4.24,0,40.3,5.8,1
SMMS-ER-02180,point_machine,HWH-BWN,ER,1997,28,1,14,53.8,5.07,0,30.9,5.3,0
SMMS-SWR-02181,point_machine,LDH-ASR,SWR,2015,10,0,59,18.7,9.39,3,44.1,2.2,1
SMMS-SECR-02182,colour_light_signal,BPL-NGP,SECR,1999,26,0,9,46.9,3.95,0,39.0,4.0,0
SMMS-NR-02183,track_circuit,AZ-MGS,NR,1998,27,1,53,53.9,2.92,0,34.4,4.0,0
SMMS-NR-02184,level_crossing_gate,AWB-SC,NR,2017,8,0,21,9.3,8.21,1,44.0,2.4,0
SMMS-SCR-02185,track_circuit,ASR-JUC,SCR,1996,29,1,111,55.4,4.27,0,32.1,4.5,0
SMMS-SCR-02186,track_circuit,MGS-ALD,SCR,1990,35,0,34,56.1,3.6,0,26.8,5.1,0
SMMS-SECR-02187,relay_room,AWB-SC,SECR,2022,3,0,86,4.9,10.0,0,45.3,2.0,0
SMMS-WCR-02188,relay_room,MGS-ALD,WCR,2002,23,0,11,39.8,4.56,0,38.9,3.0,0
SMMS-NWR-02189,track_circuit,CBE-TVC,NWR,2000,25,2,117,52.8,6.48,1,37.8,4.6,0
SMMS-ECoR-02190,colour_light_signal,LDH-ASR,ECoR,2018,7,0,9,15.2,9.48,1,46.6,3.1,0
SMMS-NCR-02191,BPAC_panel,BPL-NGP,NCR,2016,9,0,116,10.4,7.86,0,43.8,3.6,0
SMMS-ECoR-02192,axle_counter,JUC-ADI,ECoR,2014,11,0,83,18.0,8.13,0,42.6,2.8,0
SMMS-WR-02193,track_circuit,BPL-NGP,WR,2004,21,0,9,46.2,5.74,0,33.7,2.5,0
SMMS-SCR-02194,BPAC_panel,BRC-ST,SCR,1991,34,0,42,58.6,2.49,0,33.1,4.8,0
SMMS-NCR-02195,axle_counter,BCT-RTM,NCR,2003,22,1,18,43.8,6.09,0,35.4,4.8,0
SMMS-ECR-02196,point_machine,BCT-RTM,ECR,2003,22,1,20,44.7,4.98,1,37.3,4.3,0
SMMS-ECoR-02197,track_circuit,NDLS-AGC,ECoR,2013,12,3,5,19.5,7.16,0,43.4,4.8,0
SMMS-NWR-02198,relay_room,ST-BCT,NWR,1994,31,8,70,77.1,4.14,0,33.0,7.6,1
SMMS-CR-02199,level_crossing_gate,NDLS-AGC,CR,2021,4,2,12,11.3,10.0,0,49.7,2.8,0
SMMS-NER-02200,axle_counter,BCT-RTM,NER,2017,8,0,58,18.3,7.39,1,48.3,1.2,0
SMMS-ECR-02201,colour_light_signal,KZJ-BZA,ECR,2002,23,4,35,59.1,4.82,3,42.0,5.6,1
SMMS-WCR-02202,colour_light_signal,LTT-NED,WCR,2005,20,1,141,35.1,4.87,0,40.7,3.1,0
SMMS-NWR-02203,point_machine,KYN-IGP,NWR,2010,15,3,8,28.1,6.37,0,41.5,3.6,0
SMMS-SER-02204,track_circuit,CBE-TVC,SER,2011,14,2,15,40.6,7.0,1,40.5,4.8,0
SMMS-NER-02205,relay_room,AWB-SC,NER,2012,13,4,7,46.4,6.81,1,44.1,5.3,0
SMMS-SCR-02206,colour_light_signal,BWN-AZ,SCR,2021,4,0,71,0.7,8.57,0,48.7,1.8,0
SMMS-ER-02207,colour_light_signal,AZ-MGS,ER,2001,24,0,16,34.0,4.27,1,38.8,3.3,0
SMMS-SCR-02208,point_machine,UMB-LDH,SCR,2011,14,0,8,22.1,8.21,1,42.7,2.6,0
SMMS-NR-02209,axle_counter,AWB-SC,NR,2012,13,0,35,23.5,7.52,0,41.1,3.0,0
SMMS-WR-02210,colour_light_signal,AGC-JHS,WR,2014,11,1,18,27.4,9.49,0,43.7,3.1,0
SMMS-WCR-02211,colour_light_signal,ADI-BRC,WCR,2019,6,0,66,8.4,8.25,0,45.6,2.3,0
SMMS-WR-02212,data_logger,BPL-NGP,WR,2019,6,0,57,8.7,9.57,0,42.1,1.8,0
SMMS-CR-02213,colour_light_signal,CSTM-KYN,CR,1992,33,0,5,58.4,4.73,1,31.8,4.7,0
SMMS-CR-02214,relay_room,AZ-MGS,CR,2020,5,3,77,14.3,8.06,0,40.1,3.1,0
SMMS-NER-02215,colour_light_signal,SC-KZJ,NER,2003,22,1,161,33.0,7.86,3,35.0,3.5,1
SMMS-WCR-02216,axle_counter,BRC-ST,WCR,2011,14,4,55,37.8,6.21,0,42.6,3.7,1
SMMS-SER-02217,BPAC_panel,HWH-BWN,SER,2004,21,2,69,39.5,6.61,0,33.6,3.1,0
SMMS-NER-02218,axle_counter,MGS-ALD,NER,2012,13,0,99,32.8,6.15,0,45.3,3.5,0
SMMS-SCR-02219,point_machine,NDLS-UMB,SCR,1997,28,0,61,41.5,4.54,3,37.3,3.7,1
SMMS-NFR-02220,colour_light_signal,UMB-LDH,NFR,2013,12,3,35,32.1,8.0,0,40.2,3.9,0
SMMS-NFR-02221,colour_light_signal,BRC-ST,NFR,2022,3,0,5,6.4,9.47,1,45.4,1.3,0
SMMS-SER-02222,BPAC_panel,AGC-JHS,SER,1996,29,2,26,56.0,6.25,2,34.2,5.2,0
SMMS-NER-02223,relay_room,CBE-TVC,NER,1998,27,0,61,47.6,4.02,0,36.3,3.5,0
SMMS-ECR-02224,track_circuit,AGC-JHS,ECR,2009,16,1,11,40.6,6.84,0,38.7,3.5,0
SMMS-ECR-02225,axle_counter,ALD-CNB,ECR,2008,17,3,42,37.5,6.72,0,43.8,3.9,0
SMMS-ER-02226,axle_counter,CNB-NDLS,ER,2021,4,0,15,11.1,8.38,0,43.6,1.4,0
SMMS-WCR-02227,track_circuit,ED-CBE,WCR,2010,15,1,79,32.9,7.66,0,37.1,3.9,1
SMMS-CR-02228,BPAC_panel,ST-BCT,CR,2015,10,0,18,26.1,10.0,0,38.6,2.7,0
SMMS-WR-02229,level_crossing_gate,BRC-ST,WR,1998,27,2,5,47.6,4.33,0,30.3,4.5,0
SMMS-WCR-02230,axle_counter,ST-BCT,WCR,1995,30,2,34,58.3,4.55,0,34.6,3.7,0
SMMS-NFR-02231,track_circuit,ALD-CNB,NFR,2022,3,3,5,9.6,7.74,0,51.8,3.1,0
SMMS-SECR-02232,telecom_tower,BWN-AZ,SECR,2004,21,2,9,46.1,4.38,0,36.8,4.3,0
SMMS-NCR-02233,relay_room,LTT-NED,NCR,2007,18,0,27,28.0,5.71,2,46.3,3.0,0
SMMS-NR-02234,relay_room,MAS-ED,NR,2012,13,0,63,26.9,6.28,0,40.6,2.3,0
SMMS-CR-02235,colour_light_signal,CBE-TVC,CR,1996,29,3,15,61.5,4.21,0,31.6,6.0,0
SMMS-SER-02236,track_circuit,ST-BCT,SER,2003,22,2,13,42.0,5.69,0,38.2,4.3,1
SMMS-NR-02237,axle_counter,ADI-BRC,NR,2003,22,0,5,33.2,5.88,3,35.9,3.2,1
SMMS-SR-02238,BPAC_panel,AWB-SC,SR,2009,16,0,35,31.7,7.29,0,42.9,3.5,0
SMMS-NFR-02239,OFC_cable,BRC-ST,NFR,2019,6,4,30,30.3,8.49,0,43.3,3.5,1
SMMS-WR-02240,level_crossing_gate,ST-BCT,WR,2018,7,0,5,10.8,9.48,0,48.0,2.9,0
SMMS-NFR-02241,colour_light_signal,ADI-BRC,NFR,1996,29,0,48,54.4,2.89,1,34.7,4.2,0
SMMS-SR-02242,axle_counter,HWH-BWN,SR,2019,6,1,24,7.4,10.0,0,47.9,1.5,0
SMMS-NCR-02243,colour_light_signal,CNB-NDLS,NCR,2019,6,4,13,12.5,9.36,0,45.6,2.3,1
SMMS-ER-02244,BPAC_panel,ADI-BRC,ER,2015,10,0,49,12.1,8.67,2,41.6,2.4,0
SMMS-SECR-02245,axle_counter,KZJ-BZA,SECR,1994,31,1,66,61.4,3.16,0,31.2,5.3,0
SMMS-ER-02246,point_machine,AGC-JHS,ER,2014,11,0,36,9.9,8.39,0,46.2,2.5,0
SMMS-ER-02247,track_circuit,KZJ-BZA,ER,2019,6,1,5,17.4,8.73,0,42.8,2.6,0
SMMS-NFR-02248,telecom_tower,LTT-NED,NFR,2008,17,1,94,27.0,7.88,0,37.4,2.4,0
SMMS-SER-02249,OFC_cable,LTT-NED,SER,2019,6,1,5,11.5,8.05,0,48.4,2.5,0
SMMS-NFR-02250,axle_counter,KYN-IGP,NFR,1997,28,0,9,57.7,4.01,0,31.4,4.9,0
SMMS-NFR-02251,BPAC_panel,CBE-TVC,NFR,2011,14,0,12,23.3,5.63,0,39.6,2.3,0
SMMS-CR-02252,colour_light_signal,JHS-BPL,CR,2019,6,2,18,10.9,8.2,0,43.9,2.2,0
SMMS-SECR-02253,data_logger,AGC-JHS,SECR,2007,18,0,17,26.9,5.77,1,39.8,3.5,1
SMMS-NWR-02254,OFC_cable,ALD-CNB,NWR,2012,13,0,91,30.6,7.3,1,38.0,3.0,0
SMMS-SR-02255,OFC_cable,BPL-NGP,SR,2013,12,0,63,25.6,8.51,1,44.6,2.5,0
SMMS-ECoR-02256,axle_counter,ST-BCT,ECoR,2005,20,0,8,38.2,6.53,0,38.6,3.2,0
SMMS-NWR-02257,relay_room,HWH-BWN,NWR,1997,28,2,123,59.1,4.89,1,37.0,4.8,0
SMMS-NER-02258,relay_room,KZJ-BZA,NER,2002,23,2,17,51.0,6.37,0,35.6,4.6,0
SMMS-ECR-02259,BPAC_panel,KZJ-BZA,ECR,2003,22,0,9,40.4,6.84,0,37.9,3.5,0
SMMS-SECR-02260,OFC_cable,KYN-IGP,SECR,2009,16,2,116,28.8,7.38,0,39.0,4.0,0
SMMS-SR-02261,axle_counter,CSTM-KYN,SR,2021,4,0,33,2.9,9.0,0,49.0,1.8,0
SMMS-SR-02262,colour_light_signal,NGP-BZA,SR,1997,28,2,35,52.6,3.71,0,32.8,5.2,0
SMMS-ECR-02263,level_crossing_gate,BWN-AZ,ECR,1991,34,3,42,61.5,3.73,0,34.4,5.1,0
SMMS-WCR-02264,track_circuit,ST-BCT,WCR,2012,13,0,39,18.6,8.27,0,38.9,2.8,0
SMMS-ER-02265,OFC_cable,KZJ-BZA,ER,1991,34,0,39,56.3,1.98,1,32.0,4.3,0
SMMS-NER-02266,axle_counter,CSTM-KYN,NER,2017,8,0,5,23.3,6.67,0,42.3,2.3,0
SMMS-NFR-02267,level_crossing_gate,KZJ-BZA,NFR,1994,31,2,46,59.5,4.9,1,29.7,4.6,0
SMMS-WCR-02268,level_crossing_gate,KYN-IGP,WCR,2014,11,0,54,18.6,9.21,0,44.1,2.7,0
SMMS-CR-02269,track_circuit,BWN-AZ,CR,1990,35,1,5,65.3,4.67,0,25.8,5.2,0
SMMS-NER-02270,data_logger,BCT-RTM,NER,2011,14,0,39,15.9,7.12,0,40.9,2.0,0
SMMS-ER-02271,colour_light_signal,LTT-NED,ER,1996,29,1,12,63.3,3.53,0,33.2,4.9,0
SMMS-NER-02272,point_machine,ST-BCT,NER,2012,13,0,39,29.6,6.42,0,39.0,2.5,0
SMMS-NCR-02273,axle_counter,CSTM-KYN,NCR,2013,12,0,12,19.5,7.72,2,42.1,2.7,0
SMMS-WR-02274,point_machine,HWH-BWN,WR,2015,10,1,5,14.3,7.3,0,35.9,3.0,0
SMMS-NWR-02275,colour_light_signal,UMB-LDH,NWR,2003,22,3,7,47.6,5.76,0,34.8,4.2,0
SMMS-NER-02276,point_machine,KYN-IGP,NER,2020,5,0,99,8.8,10.0,0,48.0,1.6,0
SMMS-NWR-02277,point_machine,NGP-BZA,NWR,2016,9,1,23,20.9,7.01,0,46.8,3.9,0
SMMS-NR-02278,level_crossing_gate,SC-KZJ,NR,2011,14,0,99,29.0,6.68,0,35.2,3.1,0
SMMS-SECR-02279,colour_light_signal,CSTM-KYN,SECR,2006,19,0,26,38.6,5.1,0,37.9,4.6,0
SMMS-NCR-02280,colour_light_signal,NDLS-UMB,NCR,2019,6,1,91,22.9,8.98,0,48.4,3.6,0
SMMS-SECR-02281,colour_light_signal,UMB-LDH,SECR,2010,15,1,33,22.4,5.66,0,36.7,2.4,0
SMMS-NCR-02282,point_machine,BWN-AZ,NCR,1997,28,1,17,52.3,4.58,1,39.3,4.0,0
SMMS-WCR-02283,colour_light_signal,CNB-NDLS,WCR,1991,34,0,10,55.3,3.26,1,30.3,4.0,0
SMMS-SECR-02284,colour_light_signal,AWB-SC,SECR,1995,30,1,18,55.0,4.14,0,33.1,3.5,0
SMMS-ECR-02285,track_circuit,LDH-ASR,ECR,2002,23,2,7,44.7,5.63,0,40.4,4.7,0
SMMS-ECR-02286,BPAC_panel,MGS-ALD,ECR,2018,7,2,159,21.5,7.31,0,42.6,2.4,1
SMMS-SER-02287,colour_light_signal,AZ-MGS,SER,2019,6,1,17,21.1,9.48,0,45.0,3.0,0
SMMS-CR-02288,colour_light_signal,AZ-MGS,CR,2009,16,3,32,33.5,8.39,0,41.0,4.3,0
SMMS-ECoR-02289,BPAC_panel,BPL-NGP,ECoR,2004,21,0,228,38.0,4.0,1,38.4,4.1,0
SMMS-ECR-02290,point_machine,MAS-ED,ECR,1999,26,3,29,49.2,3.96,1,34.2,5.5,0
SMMS-NER-02291,axle_counter,BRC-ST,NER,2013,12,4,14,33.1,7.26,0,39.8,4.0,1
SMMS-NCR-02292,OFC_cable,AZ-MGS,NCR,2007,18,0,38,35.8,7.42,0,37.2,3.4,0
SMMS-SWR-02293,track_circuit,NDLS-UMB,SWR,1992,33,0,67,62.4,3.8,0,31.0,4.1,0
SMMS-SER-02294,colour_light_signal,AWB-SC,SER,2017,8,5,38,32.3,8.34,1,40.7,4.4,0
SMMS-WR-02295,track_circuit,MAS-ED,WR,2001,24,0,9,36.9,5.58,0,33.9,2.9,1
SMMS-NWR-02296,data_logger,ASR-JUC,NWR,2022,3,0,8,12.5,10.0,0,47.8,0.5,0
SMMS-SECR-02297,colour_light_signal,BRC-ST,SECR,2005,20,0,50,36.1,4.99,0,33.4,3.7,0
SMMS-SR-02298,relay_room,LTT-NED,SR,1992,33,3,75,59.5,1.98,0,30.1,5.5,1
SMMS-ECR-02299,track_circuit,UMB-LDH,ECR,2022,3,1,48,16.2,9.17,0,44.8,2.7,0
SMMS-NCR-02300,axle_counter,BWN-AZ,NCR,2013,12,3,5,38.9,8.13,0,41.6,5.0,0
SMMS-NWR-02301,BPAC_panel,ED-CBE,NWR,1990,35,0,15,69.0,3.26,0,28.5,4.2,0
SMMS-SR-02302,OFC_cable,JHS-BPL,SR,2003,22,2,46,34.1,7.71,1,36.5,4.7,1
SMMS-ECR-02303,level_crossing_gate,AWB-SC,ECR,1998,27,4,49,61.0,1.95,0,32.0,5.0,1
SMMS-NWR-02304,colour_light_signal,MAS-ED,NWR,2005,20,5,24,54.7,5.4,0,36.9,5.4,1
SMMS-ECR-02305,point_machine,BZA-MAS,ECR,1998,27,0,14,45.5,3.96,1,32.3,4.6,0
SMMS-CR-02306,OFC_cable,BRC-ST,CR,2001,24,2,5,45.2,3.49,0,37.3,5.1,0
SMMS-SCR-02307,BPAC_panel,JHS-BPL,SCR,2020,5,0,5,14.2,10.0,1,49.1,1.8,0
SMMS-ECR-02308,BPAC_panel,AZ-MGS,ECR,1995,30,0,5,59.5,4.44,0,37.7,3.9,0
SMMS-SWR-02309,track_circuit,BPL-NGP,SWR,2019,6,4,16,16.7,7.9,0,40.3,2.7,1
SMMS-NR-02310,colour_light_signal,HWH-BWN,NR,2014,11,0,37,23.7,7.89,0,44.2,2.5,0
SMMS-NFR-02311,track_circuit,BWN-AZ,NFR,2018,7,2,75,26.0,9.4,0,44.2,4.2,0
SMMS-WR-02312,point_machine,CSTM-KYN,WR,2018,7,0,11,10.4,8.53,0,44.9,2.7,0
SMMS-CR-02313,axle_counter,JUC-ADI,CR,2011,14,2,5,27.3,7.29,0,45.1,3.9,0
SMMS-ECoR-02314,colour_light_signal,AWB-SC,ECoR,1993,32,1,135,56.7,3.43,0,29.6,4.0,0
SMMS-SR-02315,relay_room,UMB-LDH,SR,1998,27,0,38,48.6,3.55,0,36.1,3.3,0
SMMS-WCR-02316,level_crossing_gate,JHS-BPL,WCR,2010,15,3,6,35.5,8.19,0,36.4,3.6,0
SMMS-NFR-02317,OFC_cable,AWB-SC,NFR,2000,25,1,11,48.1,5.38,0,36.7,3.5,0
SMMS-SCR-02318,level_crossing_gate,AGC-JHS,SCR,2002,23,1,21,48.6,6.26,1,41.8,4.7,1
SMMS-SECR-02319,OFC_cable,CNB-NDLS,SECR,2009,16,0,136,30.5,7.41,1,43.2,3.3,0
SMMS-NCR-02320,OFC_cable,UMB-LDH,NCR,1999,26,0,5,53.5,3.58,2,33.0,4.0,0
SMMS-ECoR-02321,axle_counter,BWN-AZ,ECoR,2012,13,0,22,30.0,7.44,0,40.8,3.0,0
SMMS-ECR-02322,telecom_tower,BRC-ST,ECR,2021,4,1,22,9.0,9.23,0,44.9,1.2,0
SMMS-CR-02323,track_circuit,BWN-AZ,CR,2013,12,1,193,27.8,7.29,0,40.1,2.4,0
SMMS-SR-02324,OFC_cable,JUC-ADI,SR,2000,25,9,8,74.2,4.68,0,28.9,8.8,1
SMMS-SER-02325,colour_light_signal,ED-CBE,SER,2022,3,3,25,21.9,10.0,0,43.2,3.7,0
SMMS-WCR-02326,BPAC_panel,CNB-NDLS,WCR,2016,9,0,173,7.0,7.11,0,40.7,2.3,0
SMMS-NFR-02327,point_machine,LDH-ASR,NFR,2012,13,3,42,34.3,6.42,0,42.5,4.4,1
SMMS-ER-02328,colour_light_signal,KYN-IGP,ER,1993,32,2,7,54.1,3.38,1,30.5,4.6,0
SMMS-WR-02329,OFC_cable,JHS-BPL,WR,2004,21,5,109,54.4,5.46,0,38.6,6.2,1
SMMS-NER-02330,axle_counter,AZ-MGS,NER,1992,33,0,31,71.3,4.2,0,34.3,4.5,1
SMMS-ECR-02331,point_machine,MAS-ED,ECR,1992,33,0,67,56.5,0.89,0,35.2,4.7,1
SMMS-NR-02332,OFC_cable,BZA-MAS,NR,2014,11,1,65,17.4,7.05,0,40.2,2.7,0
SMMS-SWR-02333,track_circuit,BPL-NGP,SWR,2011,14,0,32,30.7,9.28,3,44.4,3.7,1
SMMS-NCR-02334,relay_room,UMB-LDH,NCR,2000,25,0,67,54.6,4.85,0,30.1,3.7,0
SMMS-SER-02335,level_crossing_gate,ST-BCT,SER,2000,25,2,86,47.5,4.35,0,33.1,4.5,0
SMMS-ECR-02336,colour_light_signal,CBE-TVC,ECR,1997,28,0,66,50.0,4.46,0,39.7,3.9,0
SMMS-WCR-02337,BPAC_panel,CBE-TVC,WCR,2017,8,1,39,28.5,8.89,0,44.9,3.8,0
SMMS-WCR-02338,axle_counter,JHS-BPL,WCR,2009,16,1,35,24.1,7.3,2,41.0,2.9,0
SMMS-NCR-02339,track_circuit,BWN-AZ,NCR,2011,14,2,24,19.4,8.46,0,43.8,3.8,0
SMMS-SCR-02340,level_crossing_gate,BPL-NGP,SCR,2000,25,0,5,46.2,2.92,0,37.8,4.3,0
SMMS-NER-02341,telecom_tower,CSTM-KYN,NER,2012,13,1,25,22.7,6.66,0,39.7,3.2,0
SMMS-SWR-02342,colour_light_signal,AWB-SC,SWR,2013,12,1,39,26.5,8.2,0,43.6,2.9,1
SMMS-SR-02343,relay_room,BWN-AZ,SR,1992,33,1,24,67.1,4.02,0,32.2,4.5,0
SMMS-SECR-02344,axle_counter,UMB-LDH,SECR,2019,6,1,21,14.3,9.92,0,40.7,2.3,0
SMMS-WCR-02345,relay_room,AZ-MGS,WCR,2012,13,1,10,35.7,8.2,0,44.1,3.4,0
SMMS-SER-02346,telecom_tower,BCT-RTM,SER,1990,35,2,18,68.5,3.24,0,25.5,5.4,0
SMMS-NER-02347,level_crossing_gate,LDH-ASR,NER,2007,18,1,9,39.9,6.96,0,33.7,3.5,0
SMMS-ER-02348,point_machine,NGP-BZA,ER,1992,33,1,5,62.5,2.24,1,30.7,4.9,0
SMMS-WR-02349,point_machine,HWH-BWN,WR,2013,12,0,51,21.6,7.69,1,40.7,1.8,0
SMMS-ER-02350,OFC_cable,JUC-ADI,ER,2014,11,0,48,22.1,6.98,1,48.3,2.8,0
SMMS-WR-02351,OFC_cable,BWN-AZ,WR,1991,34,0,29,56.5,1.83,1,26.9,4.5,0
SMMS-SCR-02352,colour_light_signal,AZ-MGS,SCR,2011,14,3,5,25.6,6.64,0,39.9,3.4,0
SMMS-SCR-02353,telecom_tower,HWH-BWN,SCR,1998,27,0,38,54.4,3.85,0,36.6,4.2,0
SMMS-ECR-02354,BPAC_panel,BPL-NGP,ECR,2005,20,0,13,40.6,6.65,0,34.9,4.2,0
SMMS-NER-02355,point_machine,MGS-ALD,NER,2005,20,0,119,41.2,6.25,0,36.0,3.9,0
SMMS-CR-02356,axle_counter,HWH-BWN,CR,2004,21,0,5,36.0,6.07,0,39.9,3.2,0
SMMS-NFR-02357,OFC_cable,AWB-SC,NFR,1996,29,0,5,53.1,3.39,3,37.4,4.4,1
SMMS-ECoR-02358,data_logger,CNB-NDLS,ECoR,2016,9,0,71,15.8,7.01,1,49.1,1.8,0
SMMS-SER-02359,level_crossing_gate,BPL-NGP,SER,2007,18,0,10,30.9,5.75,0,35.2,2.6,0
SMMS-NCR-02360,OFC_cable,AGC-JHS,NCR,1996,29,1,44,45.4,6.43,2,30.3,4.0,0
SMMS-SWR-02361,axle_counter,ST-BCT,SWR,2011,14,0,17,36.2,9.42,3,35.6,4.1,1
SMMS-NR-02362,level_crossing_gate,KYN-IGP,NR,2002,23,0,69,43.7,4.88,0,39.9,3.8,0
SMMS-CR-02363,axle_counter,ASR-JUC,CR,2008,17,0,76,35.0,7.41,0,42.6,4.5,0
SMMS-NR-02364,point_machine,UMB-LDH,NR,2015,10,1,113,21.3,6.91,2,40.3,2.6,0
SMMS-NR-02365,colour_light_signal,CNB-NDLS,NR,2006,19,0,19,31.9,6.25,1,41.1,3.1,0
SMMS-NER-02366,colour_light_signal,LTT-NED,NER,2006,19,0,5,34.5,6.06,0,41.9,2.5,0
SMMS-NWR-02367,axle_counter,SC-KZJ,NWR,2005,20,4,6,50.1,7.93,2,38.0,4.2,1
SMMS-NWR-02368,relay_room,LTT-NED,NWR,2002,23,0,14,45.2,5.58,1,40.0,3.0,0
SMMS-CR-02369,OFC_cable,KYN-IGP,CR,1994,31,0,66,56.2,2.37,2,34.3,4.8,0
SMMS-NR-02370,point_machine,BPL-NGP,NR,2008,17,1,96,31.5,7.26,0,38.1,3.8,0
SMMS-ECoR-02371,track_circuit,CSTM-KYN,ECoR,2018,7,0,9,12.1,10.0,0,43.8,2.2,0
SMMS-NER-02372,OFC_cable,AWB-SC,NER,2018,7,0,19,16.7,9.08,1,40.2,2.4,0
SMMS-NR-02373,colour_light_signal,ST-BCT,NR,2016,9,3,33,21.0,6.78,0,48.0,3.6,0
SMMS-ER-02374,data_logger,CNB-NDLS,ER,2001,24,0,12,49.0,4.43,0,34.4,3.2,1
SMMS-WCR-02375,point_machine,AGC-JHS,WCR,1994,31,2,16,69.8,4.73,0,35.7,5.6,0
SMMS-WCR-02376,track_circuit,ED-CBE,WCR,2019,6,1,61,9.3,9.49,0,47.2,2.3,0
SMMS-SWR-02377,point_machine,AGC-JHS,SWR,2018,7,2,7,22.0,10.0,1,42.1,3.8,0
SMMS-SCR-02378,colour_light_signal,ED-CBE,SCR,2012,13,0,30,21.1,5.98,4,41.8,2.2,1
SMMS-WR-02379,OFC_cable,ST-BCT,WR,1990,35,0,34,54.3,3.9,0,26.0,4.3,0
SMMS-ECoR-02380,OFC_cable,CNB-NDLS,ECoR,1994,31,1,6,61.2,2.75,0,34.2,4.4,0
SMMS-SR-02381,point_machine,ALD-CNB,SR,1993,32,0,48,60.5,2.46,1,29.0,4.9,0
SMMS-WR-02382,telecom_tower,MAS-ED,WR,2000,25,1,8,49.3,4.99,1,35.0,4.6,0
SMMS-ECoR-02383,relay_room,BWN-AZ,ECoR,2003,22,2,47,51.3,4.38,1,36.2,4.9,0
SMMS-SR-02384,axle_counter,MAS-ED,SR,2021,4,0,20,7.5,7.73,0,41.8,1.9,0
SMMS-ECR-02385,BPAC_panel,CSTM-KYN,ECR,2002,23,2,37,46.5,5.93,1,33.5,4.3,0
SMMS-SCR-02386,data_logger,BRC-ST,SCR,2021,4,1,34,13.2,9.6,1,50.1,3.5,0
SMMS-SER-02387,axle_counter,CNB-NDLS,SER,1998,27,1,166,54.1,5.72,0,39.4,5.2,0
SMMS-NR-02388,axle_counter,BZA-MAS,NR,2020,5,2,5,18.0,9.08,1,41.9,3.1,0
SMMS-NFR-02389,relay_room,NGP-BZA,NFR,2006,19,1,13,33.9,6.6,2,37.8,3.1,0
SMMS-WCR-02390,axle_counter,MAS-ED,WCR,2002,23,0,35,41.8,6.24,0,36.0,3.7,0
SMMS-WCR-02391,axle_counter,AWB-SC,WCR,2019,6,0,56,10.6,10.0,0,44.0,2.5,0
SMMS-ER-02392,axle_counter,NDLS-AGC,ER,2015,10,1,89,23.5,9.25,0,45.2,3.4,0
SMMS-WR-02393,point_machine,AGC-JHS,WR,2000,25,0,5,47.5,4.95,0,39.0,3.7,1
SMMS-SWR-02394,OFC_cable,NDLS-UMB,SWR,1992,33,2,13,63.5,3.33,1,29.9,5.0,0
SMMS-SCR-02395,track_circuit,SC-KZJ,SCR,2008,17,0,5,25.1,5.73,2,41.2,2.7,0
SMMS-ER-02396,relay_room,UMB-LDH,ER,2011,14,3,5,31.9,8.0,0,39.6,3.6,0
SMMS-NWR-02397,OFC_cable,LDH-ASR,NWR,2011,14,3,5,31.4,7.83,0,44.6,3.3,0
SMMS-SECR-02398,axle_counter,AWB-SC,SECR,2021,4,3,65,13.2,10.0,0,47.9,3.1,0
SMMS-NR-02399,point_machine,ALD-CNB,NR,1996,29,3,6,62.9,3.7,0,31.2,6.2,0
SMMS-SER-02400,axle_counter,KYN-IGP,SER,2013,12,3,19,25.5,9.17,0,42.1,3.9,0
SMMS-ER-02401,BPAC_panel,JHS-BPL,ER,1998,27,0,5,47.6,2.79,0,32.0,4.5,0
SMMS-ER-02402,colour_light_signal,CBE-TVC,ER,2014,11,0,70,16.8,9.82,2,45.8,2.9,0
SMMS-ECR-02403,relay_room,BCT-RTM,ECR,2011,14,0,5,19.1,6.64,0,38.8,2.3,0
SMMS-NWR-02404,colour_light_signal,AGC-JHS,NWR,2013,12,4,23,39.1,7.95,0,42.8,4.5,1
SMMS-NCR-02405,relay_room,CSTM-KYN,NCR,1996,29,0,17,58.2,5.63,1,30.9,4.2,0
SMMS-SWR-02406,point_machine,KZJ-BZA,SWR,2012,13,0,11,19.9,7.18,0,42.9,2.5,0
SMMS-CR-02407,data_logger,BWN-AZ,CR,1990,35,0,24,66.5,2.67,0,29.1,5.7,0
SMMS-WCR-02408,track_circuit,BZA-MAS,WCR,1994,31,1,5,62.9,2.34,1,29.3,5.7,0
SMMS-SR-02409,track_circuit,KYN-IGP,SR,2012,13,2,18,31.3,6.95,0,41.0,4.0,0
SMMS-ECR-02410,data_logger,JHS-BPL,ECR,2010,15,2,30,22.8,5.22,0,42.0,3.1,0
SMMS-NR-02411,level_crossing_gate,MAS-ED,NR,2004,21,0,37,36.8,5.76,0,34.2,4.1,0
SMMS-ECoR-02412,colour_light_signal,ST-BCT,ECoR,1991,34,0,31,66.3,2.55,0,28.1,4.9,0
SMMS-NR-02413,track_circuit,LTT-NED,NR,2010,15,0,24,19.9,7.65,1,42.0,2.6,0
SMMS-CR-02414,axle_counter,ST-BCT,CR,2007,18,0,35,34.2,6.26,0,39.7,2.7,0
SMMS-CR-02415,telecom_tower,KZJ-BZA,CR,2007,18,0,5,30.4,5.55,0,43.9,2.8,0
SMMS-ER-02416,axle_counter,ED-CBE,ER,2007,18,1,14,36.5,5.53,0,33.6,2.9,0
SMMS-NWR-02417,axle_counter,BCT-RTM,NWR,2004,21,1,136,32.0,5.35,1,38.0,3.3,1
SMMS-ECR-02418,OFC_cable,KZJ-BZA,ECR,2000,25,2,125,46.4,4.37,0,39.6,4.7,0
SMMS-NFR-02419,OFC_cable,AGC-JHS,NFR,2001,24,1,39,45.0,5.36,0,39.8,3.5,0
SMMS-WCR-02420,track_circuit,UMB-LDH,WCR,1990,35,1,27,67.3,3.55,0,33.2,5.4,0
SMMS-SECR-02421,colour_light_signal,AWB-SC,SECR,2021,4,1,10,19.7,9.03,0,45.1,2.5,0
SMMS-SR-02422,data_logger,JUC-ADI,SR,1999,26,1,17,54.9,4.78,0,36.6,4.5,0
SMMS-ECR-02423,colour_light_signal,CNB-NDLS,ECR,2001,24,0,41,40.7,5.23,1,35.4,4.3,0
SMMS-ECR-02424,level_crossing_gate,LTT-NED,ECR,2012,13,1,66,28.2,7.28,0,35.6,3.3,0
SMMS-WR-02425,track_circuit,NGP-BZA,WR,2016,9,0,70,14.3,10.0,0,41.5,1.5,1
SMMS-SER-02426,level_crossing_gate,CNB-NDLS,SER,1990,35,0,5,59.2,2.35,1,32.2,4.4,0
SMMS-WR-02427,OFC_cable,CNB-NDLS,WR,2022,3,0,28,3.9,10.0,0,48.8,0.9,1
SMMS-NWR-02428,data_logger,CSTM-KYN,NWR,2008,17,0,50,27.9,7.16,0,40.8,3.1,0
SMMS-WCR-02429,telecom_tower,NGP-BZA,WCR,2012,13,0,47,16.2,7.64,1,38.5,2.5,0
SMMS-NWR-02430,relay_room,BCT-RTM,NWR,2000,25,0,145,54.6,4.96,0,35.9,4.5,0
SMMS-SCR-02431,OFC_cable,MAS-ED,SCR,1993,32,1,5,55.5,2.51,2,33.5,3.7,0
SMMS-SWR-02432,point_machine,ADI-BRC,SWR,1992,33,0,24,53.1,3.4,1,27.1,5.0,0
SMMS-ER-02433,track_circuit,LDH-ASR,ER,2000,25,0,5,43.5,5.13,0,39.1,3.9,0
SMMS-WR-02434,track_circuit,ADI-BRC,WR,1998,27,0,33,40.9,6.27,0,36.6,4.0,0
SMMS-NFR-02435,colour_light_signal,KZJ-BZA,NFR,2013,12,0,46,26.3,7.8,1,41.8,3.4,0
SMMS-WCR-02436,axle_counter,BPL-NGP,WCR,1998,27,0,5,48.1,6.78,0,33.6,4.5,0
SMMS-SWR-02437,OFC_cable,UMB-LDH,SWR,2004,21,1,30,46.5,5.16,0,33.5,4.2,0
SMMS-SCR-02438,point_machine,HWH-BWN,SCR,1990,35,1,143,73.3,5.05,0,32.2,5.0,1
SMMS-SCR-02439,OFC_cable,ASR-JUC,SCR,2000,25,2,5,46.9,3.78,1,33.6,3.9,0
SMMS-NWR-02440,BPAC_panel,KZJ-BZA,NWR,2012,13,0,7,17.2,6.97,0,40.4,1.5,0
SMMS-SECR-02441,colour_light_signal,AWB-SC,SECR,1998,27,0,31,49.5,4.36,1,34.3,4.0,0
SMMS-NER-02442,BPAC_panel,AWB-SC,NER,1995,30,0,49,59.2,3.91,0,23.5,4.5,0
SMMS-NFR-02443,point_machine,AGC-JHS,NFR,2001,24,0,69,46.1,2.4,3,37.6,3.7,1
SMMS-CR-02444,colour_light_signal,ASR-JUC,CR,2004,21,2,14,39.8,5.64,1,43.4,4.2,0
SMMS-SER-02445,BPAC_panel,HWH-BWN,SER,1992,33,6,16,79.3,3.56,1,33.3,7.1,1
SMMS-SER-02446,OFC_cable,BZA-MAS,SER,1990,35,0,62,63.2,2.01,0,29.4,4.4,0
SMMS-ER-02447,colour_light_signal,CBE-TVC,ER,2002,23,0,21,38.6,5.43,1,40.3,3.4,0
SMMS-SECR-02448,colour_light_signal,UMB-LDH,SECR,2022,3,0,83,3.8,10.0,0,43.4,1.7,0
SMMS-NFR-02449,telecom_tower,AWB-SC,NFR,2000,25,5,101,74.9,4.89,0,33.7,7.1,1
SMMS-WCR-02450,telecom_tower,NGP-BZA,WCR,2005,20,0,76,32.8,5.43,2,39.0,3.5,0
SMMS-ECR-02451,axle_counter,NGP-BZA,ECR,1992,33,0,5,62.3,3.17,1,24.2,4.7,0
SMMS-NER-02452,data_logger,BWN-AZ,NER,2005,20,2,31,49.2,7.16,2,40.9,4.4,0
SMMS-NER-02453,point_machine,MGS-ALD,NER,2021,4,0,116,1.0,7.73,1,45.2,0.7,0
SMMS-NFR-02454,colour_light_signal,NDLS-UMB,NFR,2015,10,3,132,25.1,7.17,4,45.8,3.7,1
SMMS-NFR-02455,level_crossing_gate,AZ-MGS,NFR,2017,8,0,29,12.7,9.37,1,44.9,2.2,0
SMMS-NFR-02456,axle_counter,ADI-BRC,NFR,2016,9,4,22,31.7,8.74,0,45.1,4.5,1
SMMS-SWR-02457,point_machine,NDLS-UMB,SWR,2006,19,2,8,36.7,6.14,0,42.3,4.4,0
SMMS-NR-02458,axle_counter,KZJ-BZA,NR,2016,9,0,234,12.0,7.69,0,44.5,1.7,0
SMMS-CR-02459,axle_counter,BCT-RTM,CR,2001,24,1,38,44.7,6.42,1,37.4,4.2,0
SMMS-NWR-02460,point_machine,NGP-BZA,NWR,2008,17,0,5,30.7,6.36,0,36.8,2.1,0
SMMS-SCR-02461,OFC_cable,HWH-BWN,SCR,2022,3,0,83,8.8,9.42,0,48.0,1.7,0
SMMS-SWR-02462,colour_light_signal,NDLS-AGC,SWR,2006,19,0,42,37.4,5.71,1,36.6,4.1,0
SMMS-SCR-02463,point_machine,JHS-BPL,SCR,1998,27,2,16,55.4,5.36,1,35.8,4.7,0
SMMS-SER-02464,point_machine,BWN-AZ,SER,2001,24,0,8,44.2,6.53,0,34.0,3.9,0
SMMS-NWR-02465,OFC_cable,ST-BCT,NWR,2022,3,0,43,5.7,9.02,0,47.3,1.5,0
SMMS-NCR-02466,OFC_cable,UMB-LDH,NCR,2004,21,2,5,39.4,4.64,0,36.5,4.1,0
SMMS-NWR-02467,relay_room,KYN-IGP,NWR,2018,7,0,79,7.3,8.11,0,43.8,1.8,0
SMMS-NER-02468,point_machine,MAS-ED,NER,2002,23,0,39,40.4,6.95,2,33.0,2.9,0
SMMS-ECoR-02469,point_machine,BWN-AZ,ECoR,1992,33,0,9,57.3,2.01,0,32.7,4.6,0
SMMS-WR-02470,track_circuit,ED-CBE,WR,2010,15,0,47,32.7,6.63,1,42.3,2.5,0
SMMS-SR-02471,track_circuit,BRC-ST,SR,2020,5,0,12,6.8,9.47,0,46.7,1.8,1
SMMS-SWR-02472,axle_counter,UMB-LDH,SWR,2002,23,0,86,52.4,4.4,1,39.2,4.9,0
SMMS-SR-02473,relay_room,MGS-ALD,SR,2021,4,1,43,2.3,8.93,0,41.4,1.9,0
SMMS-ECoR-02474,track_circuit,AGC-JHS,ECoR,2007,18,2,86,25.5,5.12,0,35.4,3.3,0
SMMS-CR-02475,colour_light_signal,ASR-JUC,CR,2007,18,0,52,29.2,6.32,0,38.4,2.2,0
SMMS-NWR-02476,track_circuit,UMB-LDH,NWR,1999,26,0,20,44.9,3.66,0,31.6,4.4,0
SMMS-NCR-02477,track_circuit,NDLS-UMB,NCR,2005,20,3,67,46.6,6.25,0,38.6,4.8,0
SMMS-WR-02478,colour_light_signal,CNB-NDLS,WR,2012,13,1,67,28.8,6.81,2,42.5,4.3,0
SMMS-NER-02479,point_machine,NGP-BZA,NER,2020,5,0,141,4.6,10.0,1,42.1,0.9,0
SMMS-ER-02480,track_circuit,MGS-ALD,ER,2018,7,1,38,15.9,8.45,0,46.5,2.5,1
SMMS-SCR-02481,axle_counter,BCT-RTM,SCR,2005,20,0,46,31.0,5.46,0,40.2,3.1,0
SMMS-ECR-02482,axle_counter,CNB-NDLS,ECR,2019,6,1,26,19.3,7.42,1,44.5,3.1,0
SMMS-ECoR-02483,point_machine,SC-KZJ,ECoR,2014,11,0,12,12.8,7.8,2,42.1,1.8,0
SMMS-ECR-02484,point_machine,BRC-ST,ECR,2008,17,2,5,46.8,6.57,0,40.3,3.8,0
SMMS-SR-02485,OFC_cable,ED-CBE,SR,2021,4,0,56,9.4,9.27,0,51.0,2.1,1
SMMS-SECR-02486,point_machine,AZ-MGS,SECR,2001,24,0,25,52.4,5.81,2,38.1,4.0,0
SMMS-SER-02487,colour_light_signal,JHS-BPL,SER,2004,21,2,74,45.2,4.78,0,37.3,5.0,0
SMMS-NWR-02488,track_circuit,JHS-BPL,NWR,2004,21,0,22,32.7,3.16,4,37.3,3.4,1
SMMS-WCR-02489,track_circuit,HWH-BWN,WCR,2009,16,2,114,47.0,6.0,0,40.8,4.5,0
SMMS-NFR-02490,colour_light_signal,ST-BCT,NFR,1995,30,0,18,62.0,2.06,0,32.7,4.6,0
SMMS-WCR-02491,track_circuit,BZA-MAS,WCR,2008,17,2,22,38.7,7.16,0,40.6,4.5,0
SMMS-SECR-02492,OFC_cable,BWN-AZ,SECR,2018,7,1,42,20.1,8.6,0,47.0,3.4,0
SMMS-ER-02493,colour_light_signal,NGP-BZA,ER,2016,9,1,15,25.2,9.66,0,53.2,2.7,0
SMMS-WR-02494,track_circuit,ASR-JUC,WR,2022,3,0,39,0.0,8.82,0,44.8,1.6,0
SMMS-NWR-02495,colour_light_signal,ST-BCT,NWR,2008,17,0,5,25.9,5.81,0,39.5,2.3,0
SMMS-SCR-02496,point_machine,KZJ-BZA,SCR,1994,31,1,11,61.8,6.39,1,37.6,5.3,0
SMMS-WCR-02497,track_circuit,NDLS-AGC,WCR,2009,16,1,10,31.8,7.45,0,33.9,3.4,0
SMMS-NFR-02498,level_crossing_gate,NDLS-UMB,NFR,1996,29,1,5,52.9,6.48,1,34.4,4.4,0
SMMS-ECoR-02499,relay_room,UMB-LDH,ECoR,2017,8,0,103,18.5,8.81,0,41.7,2.4,0
SMMS-ECR-02500,telecom_tower,NDLS-AGC,ECR,2011,14,0,165,27.1,7.48,0,44.5,2.0,0
SMMS-ECoR-02501,colour_light_signal,LTT-NED,ECoR,2019,6,0,5,19.5,7.92,0,46.0,1.9,0
SMMS-ER-02502,telecom_tower,NDLS-UMB,ER,2010,15,0,23,35.2,7.07,4,41.9,3.2,1
SMMS-SWR-02503,axle_counter,ALD-CNB,SWR,1998,27,3,7,61.6,4.36,1,42.5,6.1,0
SMMS-NFR-02504,point_machine,BPL-NGP,NFR,2002,23,0,70,41.5,5.06,1,34.5,4.0,0
SMMS-NCR-02505,BPAC_panel,ST-BCT,NCR,2022,3,1,6,8.5,9.64,0,46.5,2.2,0
SMMS-SR-02506,axle_counter,NDLS-UMB,SR,2015,10,2,8,29.7,9.07,2,45.1,2.8,0
SMMS-CR-02507,colour_light_signal,JUC-ADI,CR,1990,35,5,53,83.7,1.52,0,28.6,6.7,1
SMMS-NER-02508,axle_counter,BRC-ST,NER,1991,34,1,5,70.8,1.87,3,32.7,5.3,1
SMMS-ECoR-02509,relay_room,KYN-IGP,ECoR,2019,6,0,119,6.7,8.68,1,42.9,2.3,0
SMMS-SECR-02510,colour_light_signal,CSTM-KYN,SECR,2005,20,0,52,32.1,5.77,1,36.8,3.8,0
SMMS-SCR-02511,axle_counter,ADI-BRC,SCR,1998,27,0,151,49.8,3.91,0,36.5,3.7,0
SMMS-ECoR-02512,track_circuit,ED-CBE,ECoR,2004,21,0,23,38.5,5.57,1,37.0,3.3,0
SMMS-NR-02513,track_circuit,HWH-BWN,NR,2011,14,0,10,29.4,5.39,1,41.3,2.1,0
SMMS-SCR-02514,colour_light_signal,LTT-NED,SCR,2004,21,1,109,44.0,4.44,0,41.1,3.2,1
SMMS-NFR-02515,axle_counter,JHS-BPL,NFR,1993,32,3,28,66.9,3.56,1,33.3,4.9,0
SMMS-SR-02516,level_crossing_gate,UMB-LDH,SR,2005,20,0,119,26.7,6.63,0,38.7,2.7,0
SMMS-ER-02517,OFC_cable,AWB-SC,ER,2000,25,4,122,47.9,5.82,0,37.6,5.2,1
SMMS-NER-02518,telecom_tower,ADI-BRC,NER,2021,4,0,64,3.4,9.54,1,46.6,2.2,0
SMMS-NWR-02519,point_machine,CSTM-KYN,NWR,2011,14,0,10,23.8,7.48,0,32.3,3.2,0
SMMS-WR-02520,track_circuit,ALD-CNB,WR,1990,35,0,10,71.3,3.89,0,26.2,5.1,1
SMMS-NFR-02521,relay_room,JHS-BPL,NFR,2015,10,2,41,23.1,5.99,1,44.0,3.0,0
SMMS-SR-02522,OFC_cable,MGS-ALD,SR,1992,33,0,25,63.3,3.63,0,32.6,4.4,1
SMMS-SR-02523,point_machine,KYN-IGP,SR,2021,4,0,21,12.0,8.42,2,51.0,1.9,0
SMMS-ER-02524,point_machine,NDLS-UMB,ER,2022,3,0,9,4.6,9.31,0,45.6,1.6,0
SMMS-ECoR-02525,colour_light_signal,KYN-IGP,ECoR,2022,3,0,10,5.5,9.0,2,40.3,1.8,0
SMMS-CR-02526,relay_room,CSTM-KYN,CR,1991,34,0,18,58.7,2.12,2,31.3,4.6,0
SMMS-ECoR-02527,point_machine,LDH-ASR,ECoR,2011,14,0,39,23.0,8.28,2,46.3,2.8,0
SMMS-WR-02528,colour_light_signal,SC-KZJ,WR,2001,24,0,5,35.4,5.47,1,34.0,3.0,0
SMMS-NR-02529,relay_room,BWN-AZ,NR,1991,34,0,19,66.6,3.29,0,28.8,5.7,0
SMMS-NCR-02530,colour_light_signal,ST-BCT,NCR,1997,28,1,55,61.1,5.32,0,32.5,4.3,0
SMMS-ER-02531,level_crossing_gate,ALD-CNB,ER,2006,19,1,21,30.8,7.14,0,39.8,2.2,0
SMMS-NR-02532,relay_room,BWN-AZ,NR,1993,32,0,36,52.0,3.26,0,31.1,5.1,0
SMMS-WR-02533,axle_counter,LDH-ASR,WR,1990,35,1,5,72.8,3.11,1,25.8,6.1,1
SMMS-NR-02534,relay_room,BCT-RTM,NR,1995,30,0,111,50.2,6.72,1,35.9,5.3,0
SMMS-ECoR-02535,point_machine,NGP-BZA,ECoR,2011,14,1,5,22.5,6.44,0,44.2,3.6,0
SMMS-NFR-02536,point_machine,MGS-ALD,NFR,2000,25,1,41,47.1,5.06,0,36.5,5.3,0
SMMS-SR-02537,axle_counter,ED-CBE,SR,1991,34,3,7,69.0,2.16,0,27.3,5.6,0
SMMS-NER-02538,telecom_tower,CBE-TVC,NER,2007,18,0,165,35.5,6.05,0,37.9,3.0,0
SMMS-SER-02539,point_machine,CNB-NDLS,SER,1998,27,0,40,51.4,4.47,1,37.0,3.8,0
SMMS-SCR-02540,OFC_cable,ST-BCT,SCR,1995,30,1,29,41.7,5.06,0,30.4,3.5,0
SMMS-SCR-02541,level_crossing_gate,BWN-AZ,SCR,2001,24,0,74,38.2,4.74,0,33.7,3.1,0
SMMS-SWR-02542,axle_counter,ADI-BRC,SWR,2010,15,0,7,32.0,7.55,0,37.4,2.5,0
SMMS-ER-02543,track_circuit,ADI-BRC,ER,2015,10,1,22,17.4,8.33,1,43.6,2.5,0
SMMS-NFR-02544,OFC_cable,HWH-BWN,NFR,1999,26,0,151,49.4,5.27,0,37.2,5.3,0
SMMS-SWR-02545,colour_light_signal,NDLS-UMB,SWR,2005,20,2,28,42.9,6.92,0,38.6,3.5,0
SMMS-NFR-02546,colour_light_signal,LTT-NED,NFR,2004,21,0,39,31.1,5.5,1,36.7,3.7,0
SMMS-SWR-02547,track_circuit,CNB-NDLS,SWR,2012,13,0,5,19.5,5.87,0,41.1,2.4,0
SMMS-NR-02548,BPAC_panel,BRC-ST,NR,2010,15,0,5,24.9,7.3,0,35.9,2.5,1
SMMS-WCR-02549,colour_light_signal,BCT-RTM,WCR,2005,20,0,5,32.0,6.68,1,41.8,2.9,0
SMMS-NER-02550,axle_counter,ADI-BRC,NER,2000,25,0,26,47.4,7.36,3,37.5,2.9,1
SMMS-ECoR-02551,colour_light_signal,NDLS-UMB,ECoR,2009,16,0,50,30.3,5.72,0,39.0,3.8,0
SMMS-NR-02552,axle_counter,AWB-SC,NR,2010,15,0,15,24.1,7.84,0,37.9,2.5,0
SMMS-SWR-02553,colour_light_signal,HWH-BWN,SWR,2005,20,0,34,37.4,7.37,0,35.8,2.8,0
SMMS-SWR-02554,axle_counter,LTT-NED,SWR,2000,25,0,34,36.4,3.25,0,34.6,3.4,1
SMMS-ECR-02555,point_machine,BRC-ST,ECR,2022,3,0,6,2.8,10.0,0,50.2,2.1,0
SMMS-WCR-02556,track_circuit,BPL-NGP,WCR,2011,14,0,55,23.2,6.94,0,37.0,2.7,0
SMMS-SER-02557,colour_light_signal,MAS-ED,SER,2014,11,1,31,29.0,6.38,0,40.6,3.5,0
SMMS-ECoR-02558,OFC_cable,SC-KZJ,ECoR,2022,3,1,5,9.4,9.04,0,43.9,1.6,0
SMMS-ECoR-02559,axle_counter,NGP-BZA,ECoR,2004,21,6,117,59.6,7.01,3,38.7,6.1,1
SMMS-NER-02560,axle_counter,MAS-ED,NER,1990,35,1,11,59.3,5.04,0,30.0,4.1,0
SMMS-SR-02561,relay_room,CSTM-KYN,SR,1993,32,1,21,59.3,4.6,3,30.7,4.8,1
SMMS-SR-02562,relay_room,AZ-MGS,SR,2006,19,0,115,29.0,6.9,2,39.5,3.0,0
SMMS-WR-02563,track_circuit,JHS-BPL,WR,2017,8,0,16,16.5,8.16,0,39.5,2.0,0
SMMS-SR-02564,point_machine,AWB-SC,SR,2021,4,0,8,4.5,9.78,1,44.5,2.6,0
SMMS-SER-02565,point_machine,AWB-SC,SER,1997,28,0,161,52.7,2.84,1,33.6,4.0,0
SMMS-SECR-02566,BPAC_panel,BWN-AZ,SECR,2008,17,0,217,27.3,7.87,0,33.3,3.1,0
SMMS-CR-02567,colour_light_signal,BRC-ST,CR,2013,12,0,46,22.1,8.23,0,44.4,3.3,0
SMMS-NER-02568,track_circuit,HWH-BWN,NER,1992,33,1,89,57.7,4.01,0,32.6,4.2,0
SMMS-NR-02569,relay_room,MGS-ALD,NR,2003,22,0,268,37.3,7.17,0,36.4,3.8,0
SMMS-SWR-02570,axle_counter,LDH-ASR,SWR,2021,4,1,6,8.3,9.12,1,43.9,2.6,0
SMMS-NFR-02571,axle_counter,CNB-NDLS,NFR,2001,24,2,73,51.8,6.78,0,41.4,4.8,1
SMMS-SCR-02572,BPAC_panel,CBE-TVC,SCR,2020,5,1,5,11.7,8.03,0,48.4,2.8,0
SMMS-NFR-02573,point_machine,BWN-AZ,NFR,2020,5,0,41,8.4,8.25,0,41.2,1.5,0
SMMS-SWR-02574,point_machine,CNB-NDLS,SWR,2021,4,0,39,3.0,8.82,0,42.9,2.1,0
SMMS-NCR-02575,colour_light_signal,ADI-BRC,NCR,2021,4,0,26,6.2,9.8,1,39.6,2.0,1
SMMS-ECR-02576,OFC_cable,ADI-BRC,ECR,2005,20,1,34,37.3,5.97,0,36.5,4.0,0
SMMS-ER-02577,point_machine,AZ-MGS,ER,1990,35,2,13,69.3,3.15,1,27.6,5.4,0
SMMS-NWR-02578,axle_counter,ED-CBE,NWR,2002,23,0,5,32.5,4.56,0,37.6,2.8,0
SMMS-NFR-02579,data_logger,AGC-JHS,NFR,2000,25,0,8,41.7,3.64,1,37.9,3.0,0
SMMS-WCR-02580,colour_light_signal,ADI-BRC,WCR,2000,25,1,108,53.6,4.73,2,32.5,4.4,0
SMMS-SR-02581,colour_light_signal,ASR-JUC,SR,2014,11,4,12,21.4,6.78,1,42.8,3.6,1
SMMS-NR-02582,colour_light_signal,HWH-BWN,NR,1994,31,2,49,57.7,4.84,0,30.7,4.6,1
SMMS-WCR-02583,colour_light_signal,BZA-MAS,WCR,2010,15,1,24,32.7,6.38,0,44.5,4.1,0
SMMS-SR-02584,telecom_tower,JUC-ADI,SR,2001,24,4,158,57.7,6.65,0,34.8,6.0,1
SMMS-ECR-02585,OFC_cable,CBE-TVC,ECR,2002,23,0,153,41.3,5.32,0,38.5,4.2,0
SMMS-SWR-02586,track_circuit,AZ-MGS,SWR,1992,33,1,30,63.9,2.85,0,31.2,4.6,0
SMMS-NER-02587,point_machine,CBE-TVC,NER,2001,24,1,16,46.6,4.36,0,38.3,4.5,0
SMMS-SCR-02588,colour_light_signal,ALD-CNB,SCR,2009,16,1,20,34.1,7.14,0,38.4,3.2,0
SMMS-ER-02589,colour_light_signal,ST-BCT,ER,1993,32,0,17,59.8,3.97,1,31.4,4.2,0
SMMS-NR-02590,relay_room,JHS-BPL,NR,1996,29,0,5,52.1,5.38,0,32.1,4.2,0
SMMS-SWR-02591,axle_counter,BPL-NGP,SWR,1992,33,1,5,61.5,3.33,0,31.8,5.1,0
SMMS-ECoR-02592,axle_counter,ADI-BRC,ECoR,2002,23,0,32,44.7,5.89,1,38.9,3.4,0
SMMS-NR-02593,colour_light_signal,ED-CBE,NR,2018,7,1,34,21.3,9.52,0,45.1,2.8,1
SMMS-SR-02594,axle_counter,MAS-ED,SR,2010,15,3,5,37.2,6.56,0,40.5,3.7,0
SMMS-NR-02595,point_machine,NDLS-UMB,NR,2014,11,0,19,14.6,6.62,0,39.1,2.4,1
SMMS-SCR-02596,colour_light_signal,BWN-AZ,SCR,1992,33,0,101,56.0,4.8,0,29.4,3.5,0
SMMS-CR-02597,data_logger,AZ-MGS,CR,2019,6,1,22,14.7,8.51,0,43.2,2.7,0
SMMS-SCR-02598,BPAC_panel,JUC-ADI,SCR,2011,14,1,17,32.8,7.67,2,43.5,3.8,0
SMMS-SCR-02599,axle_counter,KZJ-BZA,SCR,1991,34,0,5,54.8,1.42,0,31.2,3.9,0
SMMS-SER-02600,telecom_tower,AZ-MGS,SER,1998,27,0,70,49.3,3.5,0,33.2,3.8,0
SMMS-SR-02601,OFC_cable,KZJ-BZA,SR,1993,32,0,35,54.2,3.56,0,31.3,4.1,0
SMMS-SER-02602,point_machine,ED-CBE,SER,1997,28,1,7,53.3,5.43,0,33.5,4.8,0
SMMS-SER-02603,telecom_tower,CNB-NDLS,SER,2008,17,2,21,33.7,7.27,0,36.9,3.1,0
SMMS-WR-02604,track_circuit,NGP-BZA,WR,2010,15,1,52,29.3,8.24,2,39.8,2.5,0
SMMS-NFR-02605,level_crossing_gate,NDLS-UMB,NFR,2003,22,0,12,34.7,4.07,1,36.7,3.0,0
SMMS-WR-02606,relay_room,MGS-ALD,WR,1990,35,0,26,72.1,4.05,0,27.8,6.6,1
SMMS-ER-02607,point_machine,AZ-MGS,ER,2009,16,0,31,29.7,5.53,0,40.3,3.4,0
SMMS-SECR-02608,track_circuit,LTT-NED,SECR,2008,17,0,50,29.7,5.93,0,36.3,3.5,0
SMMS-SWR-02609,relay_room,MGS-ALD,SWR,2005,20,3,34,42.9,4.74,2,35.0,4.3,0
SMMS-NWR-02610,OFC_cable,ST-BCT,NWR,1999,26,0,24,59.7,5.16,2,37.4,4.5,0
SMMS-SER-02611,axle_counter,CNB-NDLS,SER,1991,34,2,7,68.9,3.74,1,28.6,5.6,0
SMMS-ECoR-02612,OFC_cable,JUC-ADI,ECoR,1990,35,2,14,75.9,2.83,0,32.6,7.2,1
SMMS-SECR-02613,track_circuit,ST-BCT,SECR,1997,28,1,19,53.1,4.05,0,32.9,4.5,0
SMMS-NFR-02614,point_machine,ASR-JUC,NFR,1998,27,0,98,48.0,3.67,2,36.4,4.2,0
SMMS-SR-02615,OFC_cable,NGP-BZA,SR,2007,18,1,42,30.8,6.7,0,35.1,3.4,0
SMMS-ECR-02616,BPAC_panel,NDLS-UMB,ECR,2004,21,2,31,44.7,5.85,1,39.5,4.1,0
SMMS-NR-02617,point_machine,CSTM-KYN,NR,2005,20,0,28,39.1,5.0,0,35.3,3.9,0
SMMS-SCR-02618,track_circuit,HWH-BWN,SCR,2010,15,0,42,19.8,6.42,0,35.8,2.1,0
SMMS-CR-02619,point_machine,JHS-BPL,CR,2014,11,0,10,20.6,7.36,1,40.1,2.6,0
SMMS-NCR-02620,colour_light_signal,NGP-BZA,NCR,2013,12,0,22,23.1,9.89,0,41.7,3.0,0
SMMS-NFR-02621,OFC_cable,ALD-CNB,NFR,2005,20,0,33,28.6,6.89,1,34.6,2.4,0
SMMS-ECoR-02622,axle_counter,UMB-LDH,ECoR,1998,27,2,18,54.8,3.69,0,34.9,5.4,0
SMMS-CR-02623,colour_light_signal,LDH-ASR,CR,2004,21,0,5,40.7,6.53,1,35.9,4.3,0
SMMS-WCR-02624,point_machine,LTT-NED,WCR,2002,23,2,22,44.2,6.27,0,35.8,4.3,1
SMMS-SCR-02625,OFC_cable,NDLS-AGC,SCR,2013,12,0,5,27.5,8.1,0,41.0,3.2,0
SMMS-SCR-02626,track_circuit,JHS-BPL,SCR,2022,3,1,61,12.9,10.0,1,43.1,2.8,0
SMMS-SCR-02627,colour_light_signal,CBE-TVC,SCR,2001,24,0,28,32.8,4.63,0,41.7,2.7,0
SMMS-SER-02628,colour_light_signal,SC-KZJ,SER,1999,26,2,135,53.4,6.67,0,37.6,5.6,0
SMMS-SR-02629,level_crossing_gate,BWN-AZ,SR,2020,5,0,18,7.1,10.0,0,42.2,1.7,0
SMMS-SR-02630,track_circuit,HWH-BWN,SR,1993,32,1,12,69.7,4.37,2,33.1,5.2,0
SMMS-WR-02631,relay_room,LDH-ASR,WR,1999,26,0,241,42.1,6.76,1,39.2,3.8,0
SMMS-SWR-02632,axle_counter,AZ-MGS,SWR,1992,33,1,15,61.9,3.61,0,27.6,5.1,0
SMMS-NFR-02633,colour_light_signal,JUC-ADI,NFR,2011,14,1,20,24.5,7.02,0,47.3,2.7,1
SMMS-NCR-02634,track_circuit,CSTM-KYN,NCR,2010,15,1,5,31.2,7.98,0,38.1,3.3,0
SMMS-SER-02635,OFC_cable,LTT-NED,SER,1992,33,0,9,55.3,4.88,0,28.1,4.7,1
SMMS-SR-02636,track_circuit,NGP-BZA,SR,2018,7,2,59,15.7,8.29,0,48.0,2.3,0
SMMS-NFR-02637,axle_counter,MGS-ALD,NFR,1994,31,1,48,70.2,3.28,1,31.6,5.7,1
SMMS-WCR-02638,track_circuit,UMB-LDH,WCR,1992,33,0,20,55.6,3.17,0,26.4,4.9,0
SMMS-ER-02639,point_machine,AZ-MGS,ER,2019,6,2,100,27.1,9.08,0,47.6,3.3,0
SMMS-WCR-02640,colour_light_signal,KYN-IGP,WCR,1997,28,0,31,48.2,2.02,0,33.7,4.2,0
SMMS-NCR-02641,track_circuit,ED-CBE,NCR,2002,23,0,39,36.9,6.34,1,35.9,3.6,0
SMMS-SER-02642,track_circuit,NDLS-AGC,SER,2009,16,0,65,19.1,5.61,1,41.0,2.8,1
SMMS-ER-02643,track_circuit,BZA-MAS,ER,2002,23,3,48,61.0,3.54,1,37.0,6.3,0
SMMS-NCR-02644,colour_light_signal,AWB-SC,NCR,1995,30,1,6,59.8,4.35,1,31.7,3.9,0
SMMS-NCR-02645,axle_counter,BRC-ST,NCR,1999,26,3,26,54.2,5.34,0,34.9,4.6,0
SMMS-SR-02646,colour_light_signal,KZJ-BZA,SR,2015,10,1,37,16.5,7.24,2,41.6,2.1,0
SMMS-SECR-02647,track_circuit,JHS-BPL,SECR,1995,30,0,5,57.5,3.26,0,29.5,3.8,0
SMMS-NER-02648,point_machine,AWB-SC,NER,2015,10,0,11,30.2,7.63,0,44.3,3.1,0
SMMS-SWR-02649,colour_light_signal,ADI-BRC,SWR,2017,8,1,61,16.3,8.32,1,43.0,2.6,0
SMMS-CR-02650,colour_light_signal,BWN-AZ,CR,2001,24,1,124,45.9,5.43,0,35.0,4.2,0
SMMS-WCR-02651,point_machine,JUC-ADI,WCR,1993,32,3,157,69.9,3.47,0,35.6,5.0,0
SMMS-CR-02652,point_machine,BWN-AZ,CR,2013,12,4,50,29.3,8.77,0,40.6,3.9,1
SMMS-CR-02653,axle_counter,KYN-IGP,CR,2004,21,0,48,44.3,7.58,0,42.1,4.4,0
SMMS-NR-02654,colour_light_signal,LTT-NED,NR,2013,12,3,48,41.1,9.15,0,42.0,4.5,0
SMMS-CR-02655,track_circuit,JHS-BPL,CR,2002,23,0,14,44.4,6.09,0,37.7,3.9,0
SMMS-ECR-02656,BPAC_panel,BZA-MAS,ECR,1992,33,0,21,59.4,3.49,1,24.8,4.8,0
SMMS-CR-02657,point_machine,MAS-ED,CR,2016,9,1,7,18.9,8.3,0,47.5,2.6,0
SMMS-NER-02658,axle_counter,ALD-CNB,NER,2004,21,0,25,34.3,5.82,0,37.5,2.9,0
SMMS-NFR-02659,telecom_tower,BRC-ST,NFR,2015,10,0,5,17.9,9.21,0,51.4,2.4,0
SMMS-ECoR-02660,OFC_cable,MGS-ALD,ECoR,2012,13,1,70,23.8,5.87,0,35.7,3.3,0
SMMS-NWR-02661,BPAC_panel,JHS-BPL,NWR,2022,3,1,117,5.0,9.56,1,50.2,2.2,0
SMMS-NFR-02662,track_circuit,ALD-CNB,NFR,2010,15,1,5,33.1,7.4,1,44.7,3.8,0
SMMS-NER-02663,colour_light_signal,MGS-ALD,NER,2003,22,2,26,42.3,6.28,0,38.8,3.9,0
SMMS-SCR-02664,track_circuit,AWB-SC,SCR,2002,23,0,23,38.9,4.9,0,37.1,3.6,0
SMMS-NWR-02665,colour_light_signal,BPL-NGP,NWR,2021,4,0,54,11.4,10.0,0,46.2,2.4,0
SMMS-SR-02666,track_circuit,BZA-MAS,SR,2001,24,1,28,44.7,5.39,0,34.4,3.9,0
SMMS-ECR-02667,track_circuit,KZJ-BZA,ECR,1999,26,0,23,43.5,4.73,4,36.2,3.3,1
SMMS-SER-02668,BPAC_panel,LTT-NED,SER,2011,14,0,6,21.1,6.85,1,40.7,3.1,0
SMMS-ER-02669,axle_counter,KYN-IGP,ER,2014,11,0,13,20.1,9.2,1,39.9,2.0,0
SMMS-SR-02670,colour_light_signal,ASR-JUC,SR,2018,7,0,35,9.3,9.71,2,42.2,2.7,0
SMMS-NR-02671,track_circuit,ST-BCT,NR,1996,29,1,5,50.9,3.63,0,30.0,4.3,0
SMMS-WCR-02672,OFC_cable,ADI-BRC,WCR,2018,7,0,16,10.0,8.65,0,40.3,1.5,0
SMMS-SR-02673,colour_light_signal,CSTM-KYN,SR,2005,20,2,6,49.6,6.52,0,40.6,4.4,1
SMMS-WR-02674,track_circuit,ST-BCT,WR,1997,28,1,5,53.9,5.59,0,30.0,4.0,0
SMMS-NWR-02675,axle_counter,CSTM-KYN,NWR,1998,27,0,22,46.0,5.64,0,30.1,2.8,0
SMMS-ER-02676,telecom_tower,MAS-ED,ER,2009,16,1,14,27.0,7.17,0,35.1,2.4,0
SMMS-ER-02677,OFC_cable,UMB-LDH,ER,2008,17,1,33,38.3,7.11,1,35.6,3.2,0
SMMS-NR-02678,point_machine,UMB-LDH,NR,2005,20,1,9,39.8,6.89,0,38.4,5.0,0
SMMS-WCR-02679,BPAC_panel,NGP-BZA,WCR,2018,7,1,5,17.2,9.56,0,44.6,2.8,0
SMMS-NWR-02680,track_circuit,UMB-LDH,NWR,2017,8,1,5,21.2,7.65,1,44.0,2.5,0
SMMS-NWR-02681,track_circuit,LTT-NED,NWR,2006,19,1,22,34.6,5.01,2,44.9,4.4,0
SMMS-SR-02682,track_circuit,LDH-ASR,SR,1993,32,1,5,62.2,2.32,0,34.9,4.3,0
SMMS-ECoR-02683,colour_light_signal,UMB-LDH,ECoR,2019,6,3,5,14.0,9.47,1,44.7,3.4,0
SMMS-SER-02684,level_crossing_gate,ST-BCT,SER,2019,6,2,16,23.0,9.08,0,43.8,3.1,0
SMMS-NWR-02685,colour_light_signal,JHS-BPL,NWR,2020,5,0,112,5.6,10.0,0,44.5,1.8,0
SMMS-SER-02686,colour_light_signal,CSTM-KYN,SER,2021,4,0,50,9.1,7.44,0,40.4,1.9,0
SMMS-CR-02687,colour_light_signal,ASR-JUC,CR,2007,18,2,53,29.3,7.1,3,35.8,3.5,1
SMMS-NWR-02688,point_machine,CSTM-KYN,NWR,1995,30,2,7,65.4,2.88,1,33.8,4.8,0
SMMS-SCR-02689,axle_counter,BCT-RTM,SCR,1992,33,1,33,57.7,4.08,2,30.6,5.2,0
SMMS-NER-02690,OFC_cable,BZA-MAS,NER,2003,22,1,10,41.7,5.26,1,34.3,3.4,0
SMMS-NWR-02691,OFC_cable,LDH-ASR,NWR,2006,19,2,29,45.7,6.2,0,42.1,4.3,0
SMMS-SCR-02692,axle_counter,KZJ-BZA,SCR,2016,9,0,67,20.4,8.09,0,37.8,2.3,0
SMMS-SR-02693,BPAC_panel,LTT-NED,SR,2015,10,0,22,18.1,7.47,0,42.0,2.6,0
SMMS-NR-02694,colour_light_signal,BZA-MAS,NR,2003,22,3,10,43.0,6.44,1,35.9,3.9,0
SMMS-NCR-02695,colour_light_signal,ALD-CNB,NCR,2013,12,0,14,18.3,6.63,0,46.2,2.6,0
SMMS-CR-02696,relay_room,BWN-AZ,CR,2010,15,1,26,33.4,6.96,0,46.7,3.0,0
SMMS-ER-02697,track_circuit,AWB-SC,ER,1990,35,0,66,59.1,3.3,0,28.0,3.9,0
SMMS-WR-02698,axle_counter,BCT-RTM,WR,2021,4,0,40,12.4,8.35,0,48.7,1.2,0
SMMS-CR-02699,point_machine,MAS-ED,CR,2000,25,0,124,42.8,4.66,0,38.4,4.3,0
SMMS-CR-02700,BPAC_panel,ED-CBE,CR,2006,19,1,150,43.3,4.79,1,39.0,3.9,0
SMMS-NER-02701,axle_counter,ST-BCT,NER,1992,33,1,15,58.2,3.98,0,25.7,5.3,0
SMMS-SWR-02702,point_machine,ALD-CNB,SWR,2018,7,1,43,12.2,9.98,1,41.3,2.5,0
SMMS-SECR-02703,colour_light_signal,ASR-JUC,SECR,2008,17,0,49,39.5,4.92,0,41.0,3.5,0
SMMS-ECR-02704,level_crossing_gate,ED-CBE,ECR,2022,3,1,32,3.3,8.75,1,48.3,2.1,0
SMMS-WR-02705,OFC_cable,LTT-NED,WR,1994,31,0,65,55.5,2.64,0,29.0,4.0,0
SMMS-WCR-02706,axle_counter,CSTM-KYN,WCR,1991,34,0,12,59.7,1.32,0,28.3,5.4,0
SMMS-WR-02707,axle_counter,AWB-SC,WR,1998,27,2,57,47.3,4.21,0,30.4,4.8,0
SMMS-WR-02708,colour_light_signal,AZ-MGS,WR,2014,11,2,11,23.9,5.93,0,44.8,3.3,0
SMMS-SWR-02709,OFC_cable,JUC-ADI,SWR,2009,16,0,31,32.4,4.49,0,39.0,3.1,0
SMMS-CR-02710,telecom_tower,KYN-IGP,CR,2000,25,0,5,39.3,5.22,0,27.2,4.1,0
SMMS-CR-02711,data_logger,LDH-ASR,CR,2001,24,0,46,39.8,5.39,0,43.1,3.0,0
SMMS-NER-02712,OFC_cable,ST-BCT,NER,1990,35,0,77,61.5,3.36,1,33.1,5.7,0
SMMS-SCR-02713,relay_room,BPL-NGP,SCR,2013,12,4,54,33.6,8.29,2,37.9,4.5,1
SMMS-SER-02714,point_machine,LTT-NED,SER,2006,19,2,122,29.6,7.94,0,33.5,4.6,0
SMMS-WR-02715,point_machine,JUC-ADI,WR,2005,20,0,179,32.8,4.0,1,34.2,4.2,0
SMMS-NR-02716,BPAC_panel,SC-KZJ,NR,1997,28,1,24,55.1,6.1,0,28.7,4.6,0
SMMS-SECR-02717,OFC_cable,CBE-TVC,SECR,2013,12,0,6,28.2,8.29,0,43.4,2.6,0
SMMS-WCR-02718,level_crossing_gate,JHS-BPL,WCR,1995,30,0,49,62.3,3.91,0,27.1,4.5,0
SMMS-CR-02719,colour_light_signal,MGS-ALD,CR,1998,27,0,21,50.7,2.95,0,39.8,3.3,0
SMMS-NFR-02720,point_machine,MAS-ED,NFR,1992,33,0,19,57.8,5.11,0,34.3,4.4,0
SMMS-WR-02721,data_logger,LDH-ASR,WR,2012,13,1,8,27.8,8.18,1,45.5,3.4,0
SMMS-NCR-02722,colour_light_signal,BZA-MAS,NCR,2020,5,3,5,16.3,8.98,0,47.1,3.5,0
SMMS-WCR-02723,point_machine,BZA-MAS,WCR,2006,19,0,57,36.4,7.48,0,39.0,3.4,0
SMMS-NR-02724,level_crossing_gate,JUC-ADI,NR,2010,15,4,26,32.5,6.51,1,40.6,5.1,1
SMMS-WCR-02725,axle_counter,LDH-ASR,WCR,1992,33,2,20,64.4,3.25,1,34.7,4.6,0
SMMS-NCR-02726,point_machine,ADI-BRC,NCR,2003,22,0,18,44.9,4.91,2,32.7,3.9,0
SMMS-WCR-02727,telecom_tower,KYN-IGP,WCR,2005,20,2,28,45.3,5.55,0,37.2,5.0,0
SMMS-NFR-02728,point_machine,CSTM-KYN,NFR,1993,32,0,54,57.4,2.83,0,29.3,5.0,0
SMMS-SER-02729,colour_light_signal,LTT-NED,SER,1998,27,1,22,51.7,5.9,0,35.1,5.4,0
SMMS-NWR-02730,axle_counter,CSTM-KYN,NWR,2004,21,2,5,39.9,3.73,0,34.5,4.4,0
SMMS-SCR-02731,OFC_cable,AZ-MGS,SCR,1990,35,0,11,62.5,2.83,3,31.5,4.4,1
SMMS-SCR-02732,colour_light_signal,NGP-BZA,SCR,1999,26,0,5,34.1,3.69,0,37.0,3.6,0
SMMS-NWR-02733,relay_room,LTT-NED,NWR,2000,25,0,8,43.0,5.01,1,36.6,3.1,0
SMMS-SCR-02734,track_circuit,AZ-MGS,SCR,2020,5,0,83,8.0,9.77,0,47.3,1.8,0
SMMS-ECR-02735,colour_light_signal,ST-BCT,ECR,2006,19,2,7,38.5,5.58,0,37.0,3.9,0
SMMS-CR-02736,relay_room,KZJ-BZA,CR,1993,32,0,51,55.1,4.57,1,27.8,4.3,0
SMMS-SR-02737,point_machine,MGS-ALD,SR,2007,18,1,14,30.9,5.94,3,41.5,3.0,1
SMMS-NCR-02738,colour_light_signal,MAS-ED,NCR,1996,29,0,92,44.9,5.01,2,38.4,4.0,0
SMMS-WR-02739,colour_light_signal,NDLS-AGC,WR,2001,24,0,38,43.9,7.26,2,31.5,3.3,1
SMMS-NER-02740,track_circuit,BPL-NGP,NER,2008,17,1,44,38.1,8.02,0,40.3,4.3,0
SMMS-WCR-02741,relay_room,UMB-LDH,WCR,1997,28,6,29,63.0,5.66,0,22.9,6.2,0
SMMS-NCR-02742,level_crossing_gate,NGP-BZA,NCR,1999,26,1,104,41.9,5.6,0,35.0,4.2,0
SMMS-NR-02743,point_machine,BCT-RTM,NR,1996,29,0,6,56.9,4.87,0,34.4,5.3,0
SMMS-SECR-02744,axle_counter,LTT-NED,SECR,2017,8,3,13,19.8,9.02,0,40.0,3.5,0
SMMS-SR-02745,colour_light_signal,HWH-BWN,SR,2007,18,0,93,20.1,5.7,0,43.3,3.3,0
SMMS-SCR-02746,telecom_tower,NGP-BZA,SCR,1990,35,1,180,58.2,2.11,0,30.6,4.8,0
SMMS-NR-02747,OFC_cable,HWH-BWN,NR,2018,7,4,58,22.4,7.28,0,48.0,4.5,1
SMMS-SER-02748,OFC_cable,JHS-BPL,SER,2011,14,0,9,29.8,7.65,0,49.6,3.6,0
SMMS-SWR-02749,axle_counter,ED-CBE,SWR,2011,14,0,95,25.3,5.99,0,39.1,2.9,0
SMMS-SR-02750,axle_counter,MGS-ALD,SR,2013,12,1,7,21.7,7.99,0,39.3,2.8,0
SMMS-ECR-02751,track_circuit,UMB-LDH,ECR,2014,11,1,83,19.2,9.23,0,46.3,2.7,0
SMMS-ECoR-02752,colour_light_signal,BWN-AZ,ECoR,2009,16,11,19,55.7,7.07,0,39.7,7.5,1
SMMS-SWR-02753,colour_light_signal,KYN-IGP,SWR,2019,6,1,5,17.9,8.75,1,39.2,2.2,0
SMMS-SR-02754,colour_light_signal,SC-KZJ,SR,1996,29,1,37,53.7,4.63,1,30.5,4.7,0
SMMS-ECR-02755,colour_light_signal,JHS-BPL,ECR,1992,33,0,18,68.7,4.56,0,34.0,4.2,0
SMMS-NWR-02756,colour_light_signal,BWN-AZ,NWR,1995,30,1,5,64.5,3.46,0,35.6,5.6,1
SMMS-SWR-02757,track_circuit,BPL-NGP,SWR,2005,20,3,6,53.7,5.65,0,39.3,5.4,0
SMMS-ECR-02758,axle_counter,MGS-ALD,ECR,2002,23,0,24,41.1,3.72,0,37.8,3.7,0
SMMS-WR-02759,axle_counter,LTT-NED,WR,1996,29,0,42,56.9,4.76,0,29.5,4.5,0
SMMS-WCR-02760,OFC_cable,CBE-TVC,WCR,2018,7,1,5,13.4,7.98,0,42.2,1.5,1
SMMS-SER-02761,telecom_tower,AGC-JHS,SER,2000,25,1,29,53.0,6.81,0,36.6,4.3,0
SMMS-NR-02762,telecom_tower,ADI-BRC,NR,1991,34,4,5,73.0,1.77,0,33.0,6.5,1
SMMS-NCR-02763,data_logger,BRC-ST,NCR,2013,12,0,93,23.8,7.43,0,44.4,3.7,0
SMMS-NFR-02764,OFC_cable,BCT-RTM,NFR,2015,10,0,49,9.3,8.16,1,43.5,2.5,0
SMMS-SR-02765,relay_room,ST-BCT,SR,1998,27,0,5,55.3,5.3,0,32.3,4.2,0
SMMS-NCR-02766,colour_light_signal,BCT-RTM,NCR,1995,30,0,28,46.4,4.56,0,30.9,2.9,0
SMMS-NCR-02767,relay_room,NGP-BZA,NCR,2019,6,1,53,11.7,10.0,1,47.8,2.7,0
SMMS-NCR-02768,colour_light_signal,CSTM-KYN,NCR,2003,22,1,13,43.0,7.09,0,41.2,4.0,0
SMMS-CR-02769,OFC_cable,JHS-BPL,CR,2003,22,0,8,34.2,4.9,1,32.0,3.5,0
SMMS-SR-02770,colour_light_signal,MGS-ALD,SR,2003,22,0,45,28.7,6.39,0,42.3,3.4,0
SMMS-SCR-02771,relay_room,ADI-BRC,SCR,2013,12,1,60,26.3,8.16,0,41.2,3.4,0
SMMS-NCR-02772,colour_light_signal,CNB-NDLS,NCR,2007,18,0,20,35.4,5.65,0,41.8,3.2,0
SMMS-CR-02773,point_machine,AZ-MGS,CR,1991,34,1,10,66.5,4.21,0,29.3,5.8,0
SMMS-SECR-02774,track_circuit,NGP-BZA,SECR,2021,4,3,113,9.0,9.18,0,46.1,2.2,0
SMMS-ER-02775,point_machine,JHS-BPL,ER,2015,10,2,30,28.4,7.76,0,43.7,3.2,0
SMMS-NFR-02776,point_machine,AZ-MGS,NFR,2020,5,3,26,17.1,7.67,0,43.5,3.7,0
SMMS-NFR-02777,axle_counter,CNB-NDLS,NFR,2010,15,1,52,31.7,5.68,1,45.4,3.5,0
SMMS-ER-02778,BPAC_panel,SC-KZJ,ER,2018,7,2,90,13.9,9.57,0,44.3,1.4,0
SMMS-SER-02779,data_logger,JHS-BPL,SER,2003,22,0,14,40.0,5.41,0,39.2,2.4,0
SMMS-WR-02780,colour_light_signal,ED-CBE,WR,1990,35,1,67,56.5,4.21,0,28.7,4.7,0
SMMS-ECR-02781,colour_light_signal,AZ-MGS,ECR,2021,4,1,108,7.3,8.92,1,49.4,1.5,0
SMMS-NCR-02782,point_machine,UMB-LDH,NCR,2001,24,0,130,34.3,4.79,0,35.8,3.1,0
SMMS-ECoR-02783,relay_room,ED-CBE,ECoR,1992,33,0,46,58.7,5.06,1,31.7,4.3,0
SMMS-NWR-02784,track_circuit,MAS-ED,NWR,2003,22,0,58,39.1,6.46,0,33.8,2.8,0
SMMS-NER-02785,track_circuit,AZ-MGS,NER,2011,14,1,73,32.8,6.34,1,38.9,3.1,0
SMMS-SR-02786,OFC_cable,ASR-JUC,SR,2015,10,0,62,19.5,8.51,1,42.0,2.2,0
SMMS-NWR-02787,relay_room,CSTM-KYN,NWR,2012,13,2,8,22.4,7.08,0,38.6,3.1,0
SMMS-SECR-02788,axle_counter,NDLS-UMB,SECR,1993,32,0,5,69.7,3.81,0,30.1,4.4,0
SMMS-NER-02789,axle_counter,CBE-TVC,NER,2015,10,1,34,21.0,7.02,2,47.9,2.1,0
SMMS-WCR-02790,colour_light_signal,JHS-BPL,WCR,2015,10,3,39,24.6,8.7,1,40.2,4.5,0
SMMS-SECR-02791,colour_light_signal,CBE-TVC,SECR,2015,10,4,10,26.5,8.61,0,43.8,4.1,1
SMMS-NCR-02792,point_machine,HWH-BWN,NCR,2019,6,0,8,13.2,8.31,0,45.1,2.5,1
SMMS-SWR-02793,OFC_cable,MGS-ALD,SWR,2018,7,0,30,12.1,8.8,0,44.7,1.3,0
SMMS-ECoR-02794,data_logger,JHS-BPL,ECoR,2021,4,0,89,15.2,9.27,0,47.4,1.6,0
SMMS-NFR-02795,OFC_cable,BCT-RTM,NFR,2003,22,5,8,51.7,5.87,1,38.4,5.1,1
SMMS-SER-02796,colour_light_signal,BRC-ST,SER,2018,7,1,83,17.8,8.06,0,38.7,2.1,0
SMMS-SER-02797,telecom_tower,LDH-ASR,SER,1994,31,1,79,57.5,3.74,0,32.3,4.0,0
SMMS-NCR-02798,track_circuit,NDLS-UMB,NCR,2019,6,1,11,6.8,9.98,0,45.7,1.7,0
SMMS-SR-02799,BPAC_panel,NDLS-AGC,SR,2011,14,0,63,26.2,7.37,0,40.9,2.8,0
SMMS-NR-02800,relay_room,AZ-MGS,NR,2021,4,0,127,7.2,8.69,0,47.9,1.4,0
SMMS-SECR-02801,OFC_cable,CSTM-KYN,SECR,2006,19,1,6,37.1,6.76,0,39.5,4.5,0
SMMS-NCR-02802,colour_light_signal,BCT-RTM,NCR,2019,6,1,31,15.3,8.95,0,44.2,2.4,0
SMMS-SER-02803,track_circuit,ED-CBE,SER,1995,30,3,65,66.9,4.17,1,36.8,5.8,0
SMMS-SECR-02804,axle_counter,UMB-LDH,SECR,1994,31,0,16,50.5,5.09,1,31.6,4.4,0
SMMS-NCR-02805,track_circuit,LDH-ASR,NCR,2011,14,2,5,28.1,7.14,0,47.5,3.5,0
SMMS-ER-02806,OFC_cable,ED-CBE,ER,2012,13,2,5,25.2,8.32,0,36.8,4.2,0
SMMS-ECR-02807,OFC_cable,NDLS-UMB,ECR,2002,23,2,16,50.7,6.76,1,37.4,4.4,0
SMMS-SR-02808,track_circuit,UMB-LDH,SR,2005,20,0,5,36.3,6.89,0,44.9,3.3,0
SMMS-NWR-02809,track_circuit,NDLS-UMB,NWR,2003,22,0,5,41.6,6.71,0,38.9,3.7,0
SMMS-NFR-02810,track_circuit,KYN-IGP,NFR,2011,14,1,147,31.4,7.37,1,50.6,2.2,0
SMMS-NFR-02811,axle_counter,NDLS-AGC,NFR,1993,32,0,5,63.4,2.83,0,34.7,4.2,0
SMMS-CR-02812,point_machine,NGP-BZA,CR,2006,19,1,7,36.9,6.95,5,37.9,2.9,1
SMMS-SER-02813,point_machine,JUC-ADI,SER,1992,33,2,35,69.0,3.72,0,32.4,5.9,0
SMMS-NWR-02814,colour_light_signal,ST-BCT,NWR,1992,33,0,67,63.7,2.53,0,36.0,3.7,1
SMMS-ECoR-02815,colour_light_signal,BWN-AZ,ECoR,1998,27,2,6,56.2,6.6,0,32.2,5.6,0
SMMS-SWR-02816,track_circuit,AGC-JHS,SWR,1996,29,0,5,49.1,3.32,0,31.4,3.7,0
SMMS-SCR-02817,relay_room,CNB-NDLS,SCR,2002,23,0,9,45.7,5.27,0,35.5,3.7,0
SMMS-WR-02818,relay_room,HWH-BWN,WR,2021,4,4,28,20.9,10.0,0,46.5,2.5,1
SMMS-ER-02819,track_circuit,AGC-JHS,ER,1991,34,2,190,68.7,2.98,0,26.2,5.7,0
SMMS-NER-02820,axle_counter,SC-KZJ,NER,2002,23,0,38,35.3,4.29,0,35.2,4.0,0
SMMS-NCR-02821,level_crossing_gate,LTT-NED,NCR,2018,7,1,10,9.1,8.28,0,40.9,1.7,0
SMMS-SWR-02822,level_crossing_gate,BPL-NGP,SWR,2002,23,3,5,45.8,5.61,0,33.9,4.6,0
SMMS-SECR-02823,BPAC_panel,KZJ-BZA,SECR,2009,16,0,7,29.8,6.21,0,38.2,4.1,0
SMMS-WCR-02824,telecom_tower,JHS-BPL,WCR,2000,25,7,42,73.0,4.18,0,30.3,6.8,1
SMMS-NWR-02825,colour_light_signal,CBE-TVC,NWR,1998,27,1,15,49.6,5.44,1,38.6,4.6,0
SMMS-SCR-02826,point_machine,CSTM-KYN,SCR,1993,32,0,32,61.0,3.51,0,37.8,5.1,0
SMMS-ER-02827,level_crossing_gate,NGP-BZA,ER,2004,21,0,35,44.7,6.42,2,41.3,4.6,0
SMMS-NCR-02828,colour_light_signal,AGC-JHS,NCR,2020,5,6,6,29.9,10.0,1,42.1,4.1,1
SMMS-SCR-02829,data_logger,JUC-ADI,SCR,1991,34,0,21,51.0,3.41,0,36.4,4.8,0
SMMS-NFR-02830,track_circuit,BZA-MAS,NFR,2001,24,0,32,45.1,5.37,0,31.2,2.5,0
SMMS-NCR-02831,level_crossing_gate,AWB-SC,NCR,2010,15,0,80,29.9,8.67,0,41.8,2.7,1
SMMS-NFR-02832,OFC_cable,BZA-MAS,NFR,2019,6,1,64,11.1,8.54,1,48.0,2.3,0
SMMS-SWR-02833,point_machine,NGP-BZA,SWR,2012,13,4,44,41.1,7.46,0,42.7,4.8,1
SMMS-ER-02834,colour_light_signal,SC-KZJ,ER,2000,25,2,60,47.7,5.8,0,33.6,3.5,0
SMMS-NWR-02835,point_machine,BRC-ST,NWR,2014,11,0,127,22.2,9.83,0,40.7,2.2,1
SMMS-SER-02836,OFC_cable,MGS-ALD,SER,1996,29,0,57,48.4,3.88,0,31.1,3.9,0
SMMS-NCR-02837,point_machine,LDH-ASR,NCR,1997,28,6,9,63.6,6.15,0,29.9,6.2,1
SMMS-NER-02838,telecom_tower,NGP-BZA,NER,2011,14,2,16,38.8,6.77,1,36.4,4.7,0
SMMS-ER-02839,axle_counter,JUC-ADI,ER,1992,33,1,18,61.9,2.44,0,33.2,4.8,0
SMMS-WCR-02840,axle_counter,KZJ-BZA,WCR,2003,22,0,23,37.1,5.31,0,34.4,3.9,1
SMMS-SR-02841,BPAC_panel,BRC-ST,SR,2016,9,0,40,12.9,8.54,0,46.3,1.9,0
SMMS-NFR-02842,OFC_cable,CBE-TVC,NFR,2015,10,1,21,21.4,8.62,1,37.2,3.2,1
SMMS-SCR-02843,relay_room,HWH-BWN,SCR,1996,29,1,25,53.7,4.01,0,37.9,4.2,0
SMMS-NWR-02844,level_crossing_gate,ALD-CNB,NWR,1997,28,0,35,44.9,5.93,0,36.0,3.4,0
SMMS-ECR-02845,axle_counter,LTT-NED,ECR,1993,32,2,66,60.5,3.21,0,34.0,5.3,0
SMMS-WR-02846,telecom_tower,ALD-CNB,WR,1991,34,1,23,61.0,4.44,1,30.2,4.6,0
SMMS-SWR-02847,track_circuit,SC-KZJ,SWR,2006,19,2,39,39.1,5.36,0,41.6,3.3,0
SMMS-ECoR-02848,OFC_cable,AZ-MGS,ECoR,2010,15,0,25,31.8,7.64,0,42.6,3.5,0
SMMS-WR-02849,point_machine,ST-BCT,WR,2009,16,0,240,26.9,7.01,0,39.9,3.0,0
SMMS-SECR-02850,data_logger,MGS-ALD,SECR,2019,6,0,114,15.8,8.26,1,44.1,2.4,0
SMMS-SCR-02851,track_circuit,UMB-LDH,SCR,1991,34,0,31,53.6,1.8,0,28.5,4.6,0
SMMS-NCR-02852,OFC_cable,NDLS-UMB,NCR,2004,21,1,67,41.3,5.37,0,35.3,3.8,0
SMMS-SWR-02853,point_machine,UMB-LDH,SWR,1991,34,0,79,52.7,4.24,0,29.4,3.0,1
SMMS-WR-02854,level_crossing_gate,MAS-ED,WR,2016,9,0,5,19.4,7.72,1,46.4,2.9,0
SMMS-SECR-02855,colour_light_signal,ASR-JUC,SECR,2010,15,1,101,20.1,6.85,1,36.5,3.9,0
SMMS-ECR-02856,axle_counter,MGS-ALD,ECR,2014,11,0,78,19.1,6.52,0,43.9,2.4,0
SMMS-SR-02857,track_circuit,BZA-MAS,SR,2018,7,3,68,30.0,7.1,0,43.5,3.0,0
SMMS-SER-02858,axle_counter,AZ-MGS,SER,1994,31,1,33,64.9,3.45,0,28.9,5.7,0
SMMS-NER-02859,point_machine,JHS-BPL,NER,1990,35,0,10,64.2,2.98,2,31.8,4.5,0
SMMS-WCR-02860,axle_counter,NDLS-UMB,WCR,2014,11,0,27,21.1,6.39,0,41.0,3.1,0
SMMS-NFR-02861,colour_light_signal,KYN-IGP,NFR,2014,11,0,64,8.9,9.27,2,39.8,1.8,0
SMMS-NR-02862,point_machine,BWN-AZ,NR,2000,25,0,24,50.4,4.77,1,36.4,3.9,0
SMMS-NR-02863,relay_room,LDH-ASR,NR,2022,3,2,174,14.0,7.35,0,44.1,1.9,0
SMMS-ECR-02864,track_circuit,BPL-NGP,ECR,2008,17,3,10,33.2,6.28,0,41.0,3.8,0
SMMS-ECoR-02865,track_circuit,CNB-NDLS,ECoR,2007,18,4,96,41.7,7.24,0,36.6,4.1,1
SMMS-ECR-02866,telecom_tower,KZJ-BZA,ECR,1996,29,1,15,55.5,4.16,0,31.1,4.3,0
SMMS-SECR-02867,point_machine,NGP-BZA,SECR,2012,13,5,72,42.0,8.44,0,38.2,5.4,1
SMMS-SER-02868,axle_counter,NDLS-UMB,SER,1993,32,4,22,71.8,4.85,1,33.6,5.9,1
SMMS-NFR-02869,axle_counter,KYN-IGP,NFR,2010,15,1,71,18.2,5.05,1,35.2,2.2,0
SMMS-ECR-02870,track_circuit,BWN-AZ,ECR,2002,23,0,35,37.3,4.46,2,38.1,3.3,0
SMMS-ER-02871,BPAC_panel,ST-BCT,ER,2016,9,1,95,22.8,8.84,0,45.5,2.9,0
SMMS-NCR-02872,axle_counter,ED-CBE,NCR,1995,30,1,26,57.4,5.43,0,30.2,4.1,0
SMMS-NFR-02873,BPAC_panel,AWB-SC,NFR,2002,23,1,108,39.8,6.6,0,31.6,2.8,0
SMMS-SER-02874,data_logger,HWH-BWN,SER,2007,18,3,5,42.2,7.93,0,34.8,3.9,0
SMMS-WR-02875,colour_light_signal,NGP-BZA,WR,2016,9,1,66,21.3,8.23,0,44.3,3.1,1
SMMS-SR-02876,telecom_tower,MGS-ALD,SR,2012,13,2,9,29.3,6.69,1,42.0,3.7,0
SMMS-NFR-02877,OFC_cable,LDH-ASR,NFR,2020,5,0,10,8.3,10.0,2,44.9,2.5,0
SMMS-WCR-02878,track_circuit,JUC-ADI,WCR,2010,15,1,5,23.8,6.47,0,44.4,4.0,0
SMMS-WCR-02879,BPAC_panel,MGS-ALD,WCR,2014,11,0,52,14.9,6.35,0,39.3,3.3,0
SMMS-NCR-02880,point_machine,JHS-BPL,NCR,2005,20,3,41,52.1,7.99,0,38.3,4.7,0
SMMS-SER-02881,BPAC_panel,ED-CBE,SER,2005,20,2,16,38.4,5.48,1,35.8,3.9,0
SMMS-SWR-02882,axle_counter,JUC-ADI,SWR,2010,15,0,148,30.3,8.55,0,39.5,3.2,1
SMMS-WR-02883,track_circuit,SC-KZJ,WR,2022,3,3,5,13.0,8.17,0,45.8,2.7,0
SMMS-NCR-02884,axle_counter,ED-CBE,NCR,2017,8,0,58,11.1,8.37,0,38.1,2.0,0
SMMS-NCR-02885,OFC_cable,ST-BCT,NCR,2019,6,0,12,12.8,9.05,1,37.4,1.6,1
SMMS-NR-02886,point_machine,MGS-ALD,NR,1990,35,1,5,69.5,5.4,0,32.1,5.5,0
SMMS-ECoR-02887,colour_light_signal,KZJ-BZA,ECoR,1994,31,4,40,54.1,4.83,0,32.6,5.3,1
SMMS-ER-02888,telecom_tower,ALD-CNB,ER,2022,3,4,15,17.8,7.35,0,45.5,3.4,1
SMMS-SWR-02889,level_crossing_gate,AWB-SC,SWR,2000,25,2,23,45.2,7.35,0,34.0,4.8,0
SMMS-SCR-02890,relay_room,NDLS-UMB,SCR,1997,28,2,25,56.2,6.43,3,27.4,4.0,1
SMMS-SWR-02891,axle_counter,ST-BCT,SWR,2020,5,0,5,9.0,8.3,2,45.8,2.0,0
SMMS-WR-02892,colour_light_signal,AWB-SC,WR,2010,15,0,30,19.9,5.87,0,38.1,2.6,0
SMMS-NR-02893,track_circuit,KYN-IGP,NR,2014,11,0,5,20.7,9.0,0,39.7,2.1,0
SMMS-ER-02894,point_machine,NDLS-AGC,ER,2007,18,2,8,34.2,6.8,0,35.5,2.9,0
SMMS-NWR-02895,track_circuit,CBE-TVC,NWR,2001,24,0,50,50.7,5.68,0,35.8,3.9,0
SMMS-ECoR-02896,OFC_cable,AZ-MGS,ECoR,2001,24,4,51,61.9,6.89,1,34.4,6.0,1
SMMS-CR-02897,track_circuit,NDLS-AGC,CR,2018,7,0,5,9.9,5.72,1,40.0,2.3,0
SMMS-SR-02898,OFC_cable,NGP-BZA,SR,2003,22,1,75,43.5,6.33,0,42.2,3.8,0
SMMS-CR-02899,level_crossing_gate,UMB-LDH,CR,2002,23,0,5,40.7,4.0,5,37.0,4.3,1
SMMS-SR-02900,axle_counter,KZJ-BZA,SR,2008,17,1,138,33.6,6.85,0,42.5,4.7,0
SMMS-NR-02901,point_machine,LTT-NED,NR,2009,16,1,32,28.2,7.86,0,36.6,4.1,0
SMMS-SCR-02902,level_crossing_gate,BRC-ST,SCR,1991,34,1,18,68.0,1.03,0,34.9,4.8,0
SMMS-NFR-02903,OFC_cable,LDH-ASR,NFR,2001,24,1,37,40.0,6.05,2,33.4,3.1,0
SMMS-SCR-02904,point_machine,NGP-BZA,SCR,1999,26,0,6,57.9,5.5,2,30.3,4.2,0
SMMS-NER-02905,level_crossing_gate,LDH-ASR,NER,2006,19,0,25,45.5,5.82,1,41.3,3.9,0
SMMS-SER-02906,colour_light_signal,BCT-RTM,SER,1996,29,1,46,60.1,5.11,1,35.7,4.5,0
SMMS-NER-02907,axle_counter,MGS-ALD,NER,2007,18,1,42,35.9,7.38,1,36.1,3.1,0
SMMS-NR-02908,relay_room,MAS-ED,NR,2002,23,2,95,47.7,7.77,1,37.3,5.3,0
SMMS-NWR-02909,colour_light_signal,ED-CBE,NWR,2002,23,0,13,38.1,3.72,0,34.9,4.2,0
SMMS-NR-02910,colour_light_signal,ADI-BRC,NR,2001,24,0,5,44.0,4.19,1,39.3,3.8,0
SMMS-CR-02911,colour_light_signal,HWH-BWN,CR,2004,21,1,18,40.0,5.38,1,36.8,4.8,0
SMMS-NR-02912,telecom_tower,CNB-NDLS,NR,1992,33,3,5,70.0,2.64,3,28.6,5.5,1
SMMS-SWR-02913,axle_counter,CNB-NDLS,SWR,1999,26,10,89,70.2,3.44,0,38.2,8.3,1
SMMS-SCR-02914,colour_light_signal,UMB-LDH,SCR,2012,13,3,159,33.9,6.53,1,42.2,4.5,0
SMMS-WR-02915,axle_counter,AZ-MGS,WR,1993,32,0,40,61.2,3.0,1,35.5,4.9,0
SMMS-SWR-02916,colour_light_signal,JHS-BPL,SWR,2014,11,0,63,22.8,8.38,0,45.6,2.7,0
SMMS-WR-02917,track_circuit,CBE-TVC,WR,1990,35,3,47,76.5,3.02,0,26.4,6.1,1
SMMS-SER-02918,OFC_cable,SC-KZJ,SER,1994,31,1,31,60.4,2.07,0,35.5,4.6,0
SMMS-ECR-02919,colour_light_signal,UMB-LDH,ECR,1994,31,0,70,57.7,4.37,0,32.5,4.2,0
SMMS-ECR-02920,axle_counter,BZA-MAS,ECR,2016,9,1,89,15.6,7.89,0,43.5,3.3,0
SMMS-SWR-02921,point_machine,NDLS-AGC,SWR,1996,29,5,28,64.9,2.61,0,29.4,6.0,1
SMMS-NR-02922,colour_light_signal,KYN-IGP,NR,2013,12,1,66,16.4,8.69,1,40.8,2.7,0
SMMS-CR-02923,BPAC_panel,UMB-LDH,CR,2012,13,0,19,26.7,5.18,1,41.2,2.8,0
SMMS-SECR-02924,axle_counter,LTT-NED,SECR,1997,28,3,10,58.0,3.03,0,35.3,5.4,0
SMMS-NFR-02925,OFC_cable,CNB-NDLS,NFR,2019,6,1,24,7.6,9.0,2,43.1,2.5,0
SMMS-NWR-02926,level_crossing_gate,NDLS-UMB,NWR,2020,5,1,11,16.3,9.93,0,47.1,3.0,0
SMMS-WR-02927,colour_light_signal,AZ-MGS,WR,2005,20,2,19,42.0,5.91,1,42.9,4.9,0
SMMS-SR-02928,colour_light_signal,LDH-ASR,SR,2017,8,1,40,21.3,6.07,0,39.3,2.8,0
SMMS-ECoR-02929,level_crossing_gate,JUC-ADI,ECoR,1990,35,0,7,69.1,4.26,0,30.2,4.7,0
SMMS-CR-02930,point_machine,BZA-MAS,CR,2000,25,1,51,49.4,4.35,0,33.3,4.2,0
SMMS-ER-02931,track_circuit,KZJ-BZA,ER,2012,13,1,90,20.3,7.4,0,41.2,3.4,0
SMMS-SER-02932,BPAC_panel,AGC-JHS,SER,2021,4,0,19,9.7,8.81,0,44.4,1.1,0
SMMS-NER-02933,point_machine,ED-CBE,NER,2021,4,1,146,19.6,8.4,0,47.7,2.8,0
SMMS-CR-02934,OFC_cable,BWN-AZ,CR,2018,7,1,46,20.0,7.84,0,41.0,2.6,1
SMMS-ECR-02935,OFC_cable,BCT-RTM,ECR,2020,5,0,34,11.8,9.0,0,46.5,1.8,0
SMMS-SER-02936,track_circuit,LTT-NED,SER,2008,17,2,14,32.4,5.24,0,43.3,3.2,0
SMMS-NER-02937,track_circuit,BRC-ST,NER,1998,27,3,5,56.2,4.65,0,34.9,4.5,0
SMMS-ECoR-02938,point_machine,BCT-RTM,ECoR,2021,4,2,21,16.5,8.22,0,50.3,3.3,0
SMMS-SECR-02939,relay_room,AGC-JHS,SECR,2020,5,1,97,13.4,9.85,0,48.4,2.8,0
SMMS-SWR-02940,point_machine,ST-BCT,SWR,1994,31,0,65,61.3,4.02,0,31.2,4.5,0
SMMS-SER-02941,point_machine,HWH-BWN,SER,2012,13,0,162,28.8,8.09,1,40.1,2.2,0
SMMS-SECR-02942,axle_counter,NGP-BZA,SECR,2010,15,3,65,31.4,8.23,0,44.8,4.4,0
SMMS-WR-02943,point_machine,BZA-MAS,WR,2009,16,0,52,22.2,6.26,0,37.5,3.1,0
SMMS-SR-02944,track_circuit,CNB-NDLS,SR,2002,23,0,5,39.5,6.51,0,29.3,4.2,1
SMMS-SWR-02945,level_crossing_gate,AZ-MGS,SWR,2009,16,2,155,34.8,5.94,1,40.9,4.0,0
SMMS-ECoR-02946,axle_counter,AWB-SC,ECoR,2002,23,0,13,45.7,5.47,0,34.8,4.1,0
SMMS-CR-02947,OFC_cable,JHS-BPL,CR,1996,29,0,11,51.1,1.81,0,29.6,3.2,0
SMMS-NFR-02948,OFC_cable,JUC-ADI,NFR,2006,19,0,5,42.8,6.69,0,35.1,3.7,0
SMMS-ECoR-02949,level_crossing_gate,BPL-NGP,ECoR,2019,6,2,20,18.1,8.54,0,48.3,2.8,0
SMMS-SER-02950,colour_light_signal,ED-CBE,SER,1993,32,1,90,66.0,4.13,0,34.5,4.0,0
SMMS-NWR-02951,colour_light_signal,NDLS-AGC,NWR,1993,32,2,58,64.8,4.73,1,32.3,5.3,0
SMMS-SER-02952,relay_room,NDLS-UMB,SER,2004,21,0,35,33.6,6.93,0,44.3,2.9,0
SMMS-NR-02953,BPAC_panel,KYN-IGP,NR,2011,14,0,54,20.7,8.19,1,37.8,2.2,0
SMMS-NCR-02954,OFC_cable,MAS-ED,NCR,2000,25,3,5,54.2,6.16,0,33.6,6.1,0
SMMS-NCR-02955,colour_light_signal,ASR-JUC,NCR,2021,4,5,8,27.3,9.44,0,41.9,3.8,1
SMMS-NWR-02956,relay_room,MGS-ALD,NWR,2008,17,0,25,24.2,7.54,0,41.0,2.4,0
SMMS-ECR-02957,relay_room,JUC-ADI,ECR,2005,20,1,44,35.9,6.43,0,41.5,3.5,0
SMMS-SER-02958,axle_counter,BRC-ST,SER,1999,26,1,33,41.4,5.67,3,29.0,3.7,1
SMMS-NCR-02959,axle_counter,JHS-BPL,NCR,2006,19,0,6,38.8,6.55,0,40.6,2.6,0
SMMS-WCR-02960,axle_counter,CSTM-KYN,WCR,1995,30,0,68,46.8,4.59,0,33.4,4.1,0
SMMS-SER-02961,colour_light_signal,BPL-NGP,SER,2022,3,3,5,18.7,7.68,0,46.2,3.0,0
SMMS-WR-02962,point_machine,NDLS-AGC,WR,2009,16,1,11,28.8,6.48,0,36.3,4.1,0
SMMS-SECR-02963,axle_counter,MAS-ED,SECR,2003,22,2,117,41.0,5.96,0,35.8,3.3,0
SMMS-NWR-02964,colour_light_signal,ADI-BRC,NWR,2017,8,0,111,20.3,9.28,0,46.1,2.2,0
SMMS-NFR-02965,OFC_cable,CSTM-KYN,NFR,1995,30,1,7,55.6,4.76,1,40.2,4.2,0
SMMS-NER-02966,OFC_cable,JHS-BPL,NER,2008,17,0,10,42.3,8.9,0,41.0,4.2,0
SMMS-ECoR-02967,colour_light_signal,CNB-NDLS,ECoR,1995,30,0,41,53.4,4.8,1,36.2,4.7,0
SMMS-NR-02968,point_machine,KYN-IGP,NR,1994,31,0,72,52.7,2.25,2,36.7,3.8,0
SMMS-NER-02969,point_machine,SC-KZJ,NER,1991,34,6,32,78.0,0.76,2,26.3,6.7,1
SMMS-SCR-02970,point_machine,BRC-ST,SCR,1995,30,0,13,48.1,3.43,0,33.4,3.9,0
SMMS-NCR-02971,track_circuit,MAS-ED,NCR,2003,22,1,13,43.0,4.93,0,33.5,4.1,0
SMMS-SCR-02972,OFC_cable,SC-KZJ,SCR,2003,22,0,5,40.2,5.83,0,40.7,3.8,0
SMMS-NR-02973,track_circuit,CNB-NDLS,NR,2019,6,2,5,19.0,8.77,0,45.0,2.8,0
SMMS-NWR-02974,axle_counter,BZA-MAS,NWR,2013,12,2,5,31.0,7.01,0,42.2,3.3,0
SMMS-SER-02975,colour_light_signal,BPL-NGP,SER,2019,6,4,198,25.7,8.02,0,52.2,4.2,1
SMMS-NR-02976,axle_counter,NDLS-AGC,NR,2000,25,0,8,47.7,4.92,0,38.6,4.4,0
SMMS-SECR-02977,level_crossing_gate,MAS-ED,SECR,2003,22,0,31,34.6,4.41,0,38.2,3.8,0
SMMS-SECR-02978,OFC_cable,ST-BCT,SECR,2011,14,0,7,28.4,7.18,1,38.7,2.7,0
SMMS-WCR-02979,track_circuit,ST-BCT,WCR,1992,33,0,80,59.3,4.39,0,25.7,4.0,0
SMMS-NCR-02980,track_circuit,BRC-ST,NCR,2018,7,0,43,15.0,9.02,0,43.5,1.4,0
SMMS-SR-02981,telecom_tower,AZ-MGS,SR,1997,28,1,54,55.7,5.88,0,36.6,4.4,0
SMMS-SWR-02982,track_circuit,ADI-BRC,SWR,1996,29,1,67,57.7,4.2,0,36.4,4.5,0
SMMS-SCR-02983,OFC_cable,UMB-LDH,SCR,2013,12,3,66,36.5,7.46,0,39.8,4.3,0
SMMS-SWR-02984,axle_counter,NDLS-AGC,SWR,1994,31,0,5,54.5,4.34,0,28.9,4.0,0
SMMS-NER-02985,relay_room,CBE-TVC,NER,2009,16,1,44,28.1,6.7,1,43.4,2.7,0
SMMS-WR-02986,colour_light_signal,JUC-ADI,WR,1994,31,0,69,49.4,5.06,1,31.7,3.5,0
SMMS-ER-02987,relay_room,BPL-NGP,ER,1995,30,2,5,63.4,4.91,0,35.1,5.6,0
SMMS-NR-02988,relay_room,ASR-JUC,NR,2017,8,2,30,14.2,8.67,0,45.1,1.9,1
SMMS-NCR-02989,OFC_cable,JHS-BPL,NCR,2004,21,2,7,40.3,6.14,0,35.3,4.1,0
SMMS-WR-02990,relay_room,AZ-MGS,WR,2015,10,4,9,36.2,8.54,0,44.1,4.9,0
SMMS-WR-02991,data_logger,KZJ-BZA,WR,2010,15,0,73,30.2,6.43,0,46.6,2.4,0
SMMS-ECR-02992,level_crossing_gate,CNB-NDLS,ECR,2010,15,0,24,29.4,6.74,0,38.3,3.1,0
SMMS-ECoR-02993,colour_light_signal,JHS-BPL,ECoR,1998,27,4,8,55.3,4.64,0,31.4,6.1,1
SMMS-SER-02994,data_logger,NDLS-UMB,SER,1999,26,0,54,53.4,5.06,0,34.8,3.7,0
SMMS-SWR-02995,point_machine,ALD-CNB,SWR,2014,11,0,88,16.7,8.34,0,42.0,2.3,0
SMMS-ER-02996,point_machine,ALD-CNB,ER,2010,15,2,45,31.2,6.95,2,39.1,3.4,1
SMMS-NER-02997,point_machine,CSTM-KYN,NER,2020,5,0,101,4.0,9.73,0,47.1,1.7,0
SMMS-ER-02998,axle_counter,CNB-NDLS,ER,1991,34,0,13,55.7,2.96,1,32.9,3.6,0
SMMS-SWR-02999,axle_counter,BCT-RTM,SWR,2005,20,0,22,41.0,5.9,0,38.3,3.1,0
