asset_id,asset_type,track_section,zone,mast_age_years,traffic_load_mgt,last_inspection_days,contact_wire_wear_mm,tension_loss_pct,stagger_deviation_mm,earthing_resistance_ohm,fault_count_3m,est_maintenance_hrs,risk_label
TDMS-SCR-00000,sub_station_25kV,ALD-CNB,SCR,27.6,14.0,8,3.26,13.4,30.4,3.84,1,5.8,0
TDMS-SCR-00001,section_insulator,UMB-LDH,SCR,16.8,22.8,9,3.77,9.0,73.5,5.64,0,5.5,0
TDMS-NCR-00002,sub_station_25kV,AGC-JHS,NCR,16.1,24.1,113,4.02,6.8,26.9,0.36,1,4.9,0
TDMS-NER-00003,OHE_mast,ALD-CNB,NER,34.0,55.7,5,1.79,15.3,53.2,6.37,0,4.4,1
TDMS-NWR-00004,OHE_mast,MAS-ED,NWR,32.7,39.7,43,2.42,18.5,80.8,2.03,0,6.3,1
TDMS-SR-00005,switching_post,MAS-ED,SR,8.8,16.9,70,4.4,12.4,18.3,3.1,3,4.1,1
TDMS-NCR-00006,switching_post,AZ-MGS,NCR,10.4,17.9,21,3.97,4.4,110.9,2.87,0,2.4,0
TDMS-NR-00007,auto_transformer,ED-CBE,NR,5.2,25.0,6,4.49,2.8,41.5,2.98,0,2.8,0
TDMS-ER-00008,sub_station_25kV,HWH-BWN,ER,22.2,30.6,113,3.03,11.7,171.4,3.52,2,5.8,0
TDMS-SECR-00009,feeder_cable,ADI-BRC,SECR,9.8,23.5,13,4.05,5.4,0.3,0.69,2,3.8,1
TDMS-NER-00010,switching_post,KYN-IGP,NER,9.7,22.6,8,4.24,4.2,25.5,2.17,0,2.8,0
TDMS-SCR-00011,feeder_cable,ST-BCT,SCR,8.7,29.4,5,4.41,3.7,0.9,0.78,1,2.8,0
TDMS-CR-00012,return_conductor,ED-CBE,CR,25.2,23.8,100,3.71,15.8,19.7,0.34,0,5.0,1
TDMS-ECoR-00013,stagger_wire,JHS-BPL,ECoR,16.4,15.6,34,4.14,8.9,60.2,3.69,0,3.8,0
TDMS-NR-00014,OHE_mast,KYN-IGP,NR,10.2,22.0,22,4.34,5.3,33.1,2.28,0,3.2,0
TDMS-WCR-00015,OHE_mast,BZA-MAS,WCR,14.3,26.0,65,3.63,9.5,31.1,0.19,1,4.7,0
TDMS-NCR-00016,OHE_mast,BWN-AZ,NCR,22.4,28.5,33,3.53,13.5,10.0,3.81,1,4.3,0
TDMS-CR-00017,sub_station_25kV,CNB-NDLS,CR,8.2,21.6,16,4.05,5.2,66.2,0.72,6,5.7,1
TDMS-SWR-00018,feeder_cable,JUC-ADI,SWR,38.8,29.7,22,2.2,16.4,64.4,2.27,0,5.7,1
TDMS-SCR-00019,stagger_wire,NDLS-AGC,SCR,8.6,19.5,64,4.07,4.4,7.7,0.62,0,3.1,0
TDMS-NWR-00020,switching_post,BCT-RTM,NWR,10.9,11.7,14,4.71,5.0,1.7,3.41,0,4.3,0
TDMS-WR-00021,dropper,BWN-AZ,WR,15.1,19.2,34,3.9,8.2,114.3,0.31,1,3.9,0
TDMS-SWR-00022,switching_post,ED-CBE,SWR,42.3,7.9,90,2.16,18.6,53.3,2.54,0,5.7,1
TDMS-NWR-00023,auto_transformer,BRC-ST,NWR,7.9,24.1,94,4.91,4.9,14.0,7.91,0,2.4,0
TDMS-ECoR-00024,feeder_cable,NGP-BZA,ECoR,21.3,14.0,100,3.07,10.8,7.1,4.02,1,4.2,0
TDMS-WCR-00025,section_insulator,ALD-CNB,WCR,20.9,10.0,64,3.42,11.1,34.5,4.19,0,4.3,0
TDMS-SECR-00026,switching_post,ADI-BRC,SECR,17.3,11.6,32,4.04,7.5,85.9,4.86,0,1.8,0
TDMS-WR-00027,stagger_wire,LDH-ASR,WR,25.5,23.8,31,3.16,11.6,8.4,12.73,0,3.3,1
TDMS-WCR-00028,booster_transformer,MGS-ALD,WCR,13.9,12.7,142,4.26,5.6,4.4,0.1,0,2.9,0
TDMS-CR-00029,OHE_mast,BZA-MAS,CR,23.9,15.7,66,3.26,14.6,1.7,2.37,1,4.3,0
TDMS-NFR-00030,return_conductor,SC-KZJ,NFR,5.7,22.1,10,4.42,3.0,17.4,6.97,3,4.5,0
TDMS-NFR-00031,booster_transformer,UMB-LDH,NFR,33.7,13.8,17,2.99,23.9,20.8,5.43,2,7.8,1
TDMS-WCR-00032,stagger_wire,AGC-JHS,WCR,11.0,22.3,18,4.17,10.6,128.7,0.29,0,3.6,0
TDMS-SWR-00033,auto_transformer,MAS-ED,SWR,14.0,31.0,66,3.6,8.7,13.5,1.09,0,3.7,0
TDMS-NER-00034,OHE_mast,SC-KZJ,NER,19.8,18.2,28,3.41,8.8,53.8,0.51,1,4.2,0
TDMS-SECR-00035,feeder_cable,KYN-IGP,SECR,30.2,21.1,58,2.8,12.1,67.5,5.95,0,3.6,0
TDMS-SECR-00036,switching_post,NDLS-AGC,SECR,5.0,41.2,5,4.0,3.9,22.2,2.67,3,3.0,0
TDMS-SR-00037,switching_post,MAS-ED,SR,7.8,22.9,49,4.51,5.3,8.6,5.17,0,1.5,0
TDMS-SER-00038,OHE_mast,BRC-ST,SER,15.4,22.9,17,3.99,10.2,28.7,3.3,1,3.6,0
TDMS-ECR-00039,OHE_mast,NDLS-AGC,ECR,37.7,48.4,11,1.98,15.2,30.9,1.93,0,6.2,1
TDMS-SWR-00040,auto_transformer,KZJ-BZA,SWR,15.9,20.9,49,4.17,8.5,53.8,10.18,2,4.9,1
TDMS-ER-00041,dropper,CBE-TVC,ER,17.4,20.9,5,4.08,11.2,9.4,5.39,0,3.5,0
TDMS-SCR-00042,stagger_wire,ST-BCT,SCR,18.0,28.7,49,4.13,8.9,55.5,5.62,0,3.5,0
TDMS-NER-00043,section_insulator,SC-KZJ,NER,5.8,17.5,200,5.0,4.2,13.9,11.08,0,1.9,1
TDMS-SR-00044,feeder_cable,JUC-ADI,SR,5.0,13.2,112,4.07,7.0,3.9,0.48,0,3.4,0
TDMS-NER-00045,feeder_cable,BCT-RTM,NER,27.4,6.7,65,2.89,12.8,15.6,5.98,0,5.8,0
TDMS-NR-00046,feeder_cable,CNB-NDLS,NR,12.0,43.0,18,3.88,7.9,5.8,4.04,0,4.6,0
TDMS-NWR-00047,OHE_mast,LDH-ASR,NWR,3.1,14.8,16,4.73,5.6,139.9,0.15,1,3.9,0
TDMS-NER-00048,booster_transformer,BCT-RTM,NER,13.2,18.1,155,4.19,11.2,56.8,0.31,0,2.9,0
TDMS-WR-00049,OHE_mast,MAS-ED,WR,10.0,10.2,5,4.2,7.8,17.7,8.61,0,3.2,1
TDMS-SWR-00050,dropper,CNB-NDLS,SWR,18.2,24.9,10,3.85,7.7,22.0,1.11,0,3.7,0
TDMS-SECR-00051,dropper,MGS-ALD,SECR,28.3,33.4,79,2.44,15.2,17.9,0.49,0,3.9,1
TDMS-NFR-00052,OHE_mast,JHS-BPL,NFR,8.0,40.9,30,3.82,3.3,13.2,7.28,0,3.4,0
TDMS-NCR-00053,dropper,ST-BCT,NCR,31.6,32.7,104,2.86,16.8,181.6,4.72,4,6.3,1
TDMS-CR-00054,feeder_cable,AGC-JHS,CR,11.1,20.5,20,4.46,5.7,6.2,2.15,0,4.9,0
TDMS-NWR-00055,dropper,ST-BCT,NWR,16.8,37.7,16,3.63,7.6,7.7,3.57,0,3.1,0
TDMS-NER-00056,OHE_mast,BZA-MAS,NER,21.8,17.3,40,3.04,16.3,8.4,19.77,1,5.4,1
TDMS-SR-00057,booster_transformer,CBE-TVC,SR,4.1,25.0,52,4.84,9.3,60.7,0.79,2,2.8,0
TDMS-SECR-00058,dropper,JUC-ADI,SECR,24.1,19.4,49,3.41,10.6,32.7,0.98,0,3.4,0
TDMS-WR-00059,section_insulator,LDH-ASR,WR,21.2,24.5,13,3.21,10.8,5.1,0.64,0,3.2,0
TDMS-NFR-00060,auto_transformer,BWN-AZ,NFR,50.0,15.1,84,1.57,21.4,13.7,0.97,0,7.6,1
TDMS-WR-00061,stagger_wire,ED-CBE,WR,18.9,7.4,27,3.57,8.0,28.0,0.34,0,3.6,0
TDMS-SER-00062,dropper,HWH-BWN,SER,17.6,37.9,5,3.31,8.5,74.5,5.53,0,3.4,0
TDMS-ER-00063,OHE_mast,AGC-JHS,ER,43.8,10.3,36,1.79,21.1,7.9,0.53,1,8.0,1
TDMS-NER-00064,OHE_mast,BZA-MAS,NER,15.9,28.6,15,3.9,6.7,3.3,1.45,0,2.3,0
TDMS-SCR-00065,sub_station_25kV,CSTM-KYN,SCR,14.2,60.0,40,3.18,6.7,97.7,2.55,1,5.0,0
TDMS-SER-00066,stagger_wire,KYN-IGP,SER,9.4,14.8,9,4.2,4.2,25.3,5.85,0,2.7,0
TDMS-SR-00067,dropper,ED-CBE,SR,18.6,25.2,78,3.59,7.8,211.3,0.41,0,4.6,1
TDMS-ECR-00068,feeder_cable,CNB-NDLS,ECR,27.2,20.5,8,3.02,11.1,4.7,3.12,0,3.8,0
TDMS-ECR-00069,dropper,BWN-AZ,ECR,27.5,20.1,24,3.35,12.6,13.9,5.18,1,5.7,0
TDMS-ECoR-00070,dropper,AZ-MGS,ECoR,12.6,22.9,5,4.1,8.4,7.7,6.18,1,4.0,0
TDMS-SER-00071,OHE_mast,NDLS-AGC,SER,32.8,37.4,47,2.55,14.9,74.0,7.56,0,3.7,0
TDMS-SR-00072,stagger_wire,LDH-ASR,SR,18.6,15.3,5,3.42,8.4,4.5,0.23,0,2.1,0
TDMS-NWR-00073,OHE_mast,BWN-AZ,NWR,20.1,40.0,57,3.0,12.0,57.8,1.88,0,5.3,0
TDMS-NWR-00074,stagger_wire,BWN-AZ,NWR,41.6,21.2,49,2.56,17.8,26.5,1.72,0,4.2,1
TDMS-SWR-00075,switching_post,BZA-MAS,SWR,41.3,15.4,24,2.39,16.7,78.8,0.1,1,6.4,1
TDMS-SWR-00076,OHE_mast,NDLS-UMB,SWR,13.8,8.1,30,4.35,5.7,4.2,3.9,0,2.5,0
TDMS-NR-00077,OHE_mast,NDLS-UMB,NR,18.0,22.1,81,3.35,13.3,6.3,4.32,1,3.8,0
TDMS-SCR-00078,switching_post,JHS-BPL,SCR,16.0,15.6,13,4.02,6.5,77.1,0.74,2,5.3,0
TDMS-SR-00079,feeder_cable,LDH-ASR,SR,16.3,16.8,45,2.91,7.4,28.7,5.87,2,4.2,0
TDMS-SR-00080,stagger_wire,BWN-AZ,SR,6.6,23.9,38,5.0,3.9,14.8,1.14,4,3.8,0
TDMS-ECR-00081,OHE_mast,ALD-CNB,ECR,22.3,14.7,58,3.95,10.1,14.4,1.12,1,4.5,0
TDMS-SCR-00082,stagger_wire,ASR-JUC,SCR,10.0,21.2,23,3.68,9.3,20.4,2.46,0,5.0,0
TDMS-NCR-00083,stagger_wire,JUC-ADI,NCR,29.7,18.8,95,2.81,13.4,27.5,0.74,0,4.9,0
TDMS-NR-00084,OHE_mast,ADI-BRC,NR,15.3,35.6,12,3.59,10.4,2.2,4.19,2,4.2,1
TDMS-SCR-00085,return_conductor,UMB-LDH,SCR,14.6,22.4,73,3.69,6.1,2.0,0.91,1,4.0,0
TDMS-NCR-00086,stagger_wire,MGS-ALD,NCR,7.1,22.8,41,4.2,7.7,29.5,2.6,1,2.7,0
TDMS-ECoR-00087,OHE_mast,AWB-SC,ECoR,26.2,16.7,72,3.34,12.1,14.0,0.84,0,5.0,0
TDMS-NER-00088,section_insulator,SC-KZJ,NER,11.0,20.8,148,3.84,5.8,33.4,1.26,0,3.8,0
TDMS-CR-00089,stagger_wire,CBE-TVC,CR,20.3,35.8,5,2.99,10.1,72.1,8.12,0,3.7,0
TDMS-NFR-00090,booster_transformer,BCT-RTM,NFR,15.1,24.6,5,4.34,8.1,13.5,1.88,0,3.6,1
TDMS-NR-00091,dropper,KYN-IGP,NR,23.7,33.6,5,3.54,18.3,40.7,3.41,0,5.2,1
TDMS-WCR-00092,sub_station_25kV,BZA-MAS,WCR,10.8,33.6,16,3.92,6.3,31.0,0.75,0,3.2,0
TDMS-NWR-00093,dropper,KYN-IGP,NWR,48.4,21.5,22,1.78,19.9,12.0,3.61,0,7.1,1
TDMS-SR-00094,stagger_wire,BPL-NGP,SR,9.7,37.6,21,3.92,4.1,40.1,11.42,0,3.5,1
TDMS-ECR-00095,stagger_wire,CNB-NDLS,ECR,16.0,14.9,5,3.84,8.8,120.1,3.68,2,4.3,0
TDMS-WCR-00096,stagger_wire,AZ-MGS,WCR,31.0,26.7,104,2.78,18.1,64.5,2.01,0,4.9,1
TDMS-WR-00097,booster_transformer,AZ-MGS,WR,10.4,40.0,6,3.74,5.3,2.5,0.38,0,2.3,0
TDMS-WCR-00098,sub_station_25kV,AWB-SC,WCR,19.3,13.4,34,3.45,13.0,9.8,2.31,0,3.7,0
TDMS-NCR-00099,dropper,BZA-MAS,NCR,31.2,24.4,105,2.67,13.6,16.9,0.83,0,4.1,0
TDMS-ECR-00100,booster_transformer,CNB-NDLS,ECR,13.2,15.7,34,3.84,7.7,72.2,4.08,0,4.3,0
TDMS-NER-00101,OHE_mast,AGC-JHS,NER,34.7,37.7,20,2.71,18.9,38.7,1.19,0,5.9,0
TDMS-CR-00102,OHE_mast,CNB-NDLS,CR,16.5,25.4,54,4.0,8.0,41.4,0.5,2,3.8,0
TDMS-SECR-00103,OHE_mast,LTT-NED,SECR,14.5,29.1,200,3.51,7.0,32.3,0.46,1,3.9,0
TDMS-NCR-00104,OHE_mast,BRC-ST,NCR,13.5,15.4,41,4.27,5.6,9.7,0.48,0,3.2,0
TDMS-ECoR-00105,OHE_mast,ED-CBE,ECoR,7.6,18.3,46,4.8,10.8,5.4,3.56,0,3.9,0
TDMS-ER-00106,stagger_wire,AZ-MGS,ER,4.3,8.2,8,4.83,14.5,8.9,0.15,2,5.1,0
TDMS-SWR-00107,dropper,NDLS-AGC,SWR,43.8,11.6,13,2.14,20.2,29.0,9.9,0,7.1,1
TDMS-NCR-00108,booster_transformer,KZJ-BZA,NCR,11.9,25.4,71,3.62,9.9,52.0,0.66,2,3.6,0
TDMS-WCR-00109,switching_post,UMB-LDH,WCR,10.2,23.9,62,3.68,7.0,137.1,1.2,1,2.6,0
TDMS-CR-00110,stagger_wire,ASR-JUC,CR,29.2,11.7,12,3.27,12.9,192.3,0.56,0,5.4,0
TDMS-ECoR-00111,auto_transformer,ALD-CNB,ECoR,16.0,21.2,31,4.0,7.6,2.7,6.45,0,3.1,0
TDMS-CR-00112,feeder_cable,KZJ-BZA,CR,17.1,20.6,94,4.25,10.5,173.8,0.11,0,3.6,0
TDMS-NFR-00113,auto_transformer,SC-KZJ,NFR,8.8,43.9,8,3.74,6.9,17.9,3.78,0,3.2,0
TDMS-ECR-00114,stagger_wire,JHS-BPL,ECR,5.2,35.8,58,3.91,15.0,216.3,0.36,1,4.4,1
TDMS-WCR-00115,dropper,KYN-IGP,WCR,8.5,34.9,19,3.99,3.5,48.7,24.01,2,3.1,1
TDMS-SECR-00116,feeder_cable,JUC-ADI,SECR,6.4,17.0,5,3.78,6.6,63.8,1.47,1,4.3,0
TDMS-ER-00117,dropper,BWN-AZ,ER,13.6,14.6,14,3.64,7.9,77.1,1.17,2,4.7,0
TDMS-WCR-00118,dropper,AZ-MGS,WCR,13.5,25.6,24,4.76,10.5,7.2,1.49,0,4.8,1
TDMS-SER-00119,OHE_mast,CBE-TVC,SER,22.1,13.5,61,3.67,8.9,22.6,1.36,2,5.3,0
TDMS-NFR-00120,stagger_wire,BRC-ST,NFR,24.7,17.7,6,3.06,13.8,12.2,0.58,1,5.6,0
TDMS-WCR-00121,booster_transformer,MAS-ED,WCR,21.6,26.9,87,3.23,9.4,4.6,6.15,0,4.9,0
TDMS-SECR-00122,sub_station_25kV,KYN-IGP,SECR,22.4,22.7,17,4.03,11.1,8.6,3.01,0,4.9,0
TDMS-NCR-00123,auto_transformer,NDLS-AGC,NCR,37.4,10.7,7,2.15,18.7,2.9,1.28,4,8.5,1
TDMS-NER-00124,OHE_mast,AWB-SC,NER,14.2,24.3,20,4.06,10.6,19.5,1.41,1,2.7,1
TDMS-SCR-00125,dropper,AWB-SC,SCR,14.2,14.2,118,3.17,9.7,9.8,0.23,3,4.5,0
TDMS-SCR-00126,feeder_cable,UMB-LDH,SCR,13.9,14.5,37,4.43,10.5,24.5,1.48,0,3.0,0
TDMS-SWR-00127,booster_transformer,HWH-BWN,SWR,7.9,13.3,19,4.35,3.2,22.4,4.36,0,1.5,0
TDMS-NFR-00128,auto_transformer,BPL-NGP,NFR,10.2,15.6,25,4.12,5.7,37.2,1.57,1,4.0,0
TDMS-SECR-00129,feeder_cable,BCT-RTM,SECR,23.0,11.4,60,3.75,9.4,127.7,1.8,2,6.3,0
TDMS-SWR-00130,feeder_cable,AZ-MGS,SWR,15.7,23.4,5,3.91,9.3,123.2,0.62,0,3.5,0
TDMS-NR-00131,dropper,BZA-MAS,NR,13.4,10.8,135,4.17,6.2,84.7,0.5,0,3.3,0
TDMS-CR-00132,section_insulator,JUC-ADI,CR,30.5,24.0,80,2.94,12.2,12.8,3.67,1,5.4,0
TDMS-WCR-00133,OHE_mast,ADI-BRC,WCR,10.1,26.8,98,4.31,4.2,86.8,3.43,0,2.5,1
TDMS-NFR-00134,switching_post,NDLS-UMB,NFR,13.0,23.0,49,3.99,5.7,2.6,2.93,0,3.4,0
TDMS-NR-00135,feeder_cable,ST-BCT,NR,19.1,21.6,40,3.76,9.1,42.2,4.44,0,5.2,0
TDMS-WR-00136,dropper,ED-CBE,WR,34.4,12.3,18,2.74,16.3,41.8,1.89,0,4.9,1
TDMS-SWR-00137,OHE_mast,HWH-BWN,SWR,12.8,31.3,16,3.44,7.5,4.7,0.4,2,3.8,0
TDMS-WCR-00138,feeder_cable,ST-BCT,WCR,35.7,16.8,5,3.09,19.3,34.5,2.37,0,5.4,1
TDMS-SWR-00139,OHE_mast,HWH-BWN,SWR,23.3,20.9,5,3.57,10.6,5.7,0.88,0,4.0,0
TDMS-NCR-00140,section_insulator,NGP-BZA,NCR,30.8,18.3,5,3.43,13.2,128.2,3.63,1,5.4,0
TDMS-SER-00141,dropper,CNB-NDLS,SER,22.0,32.5,8,3.56,13.1,25.4,3.2,0,3.7,0
TDMS-ER-00142,section_insulator,BZA-MAS,ER,14.2,25.8,7,3.22,7.3,66.2,0.87,0,3.4,0
TDMS-NCR-00143,feeder_cable,ASR-JUC,NCR,9.4,9.0,69,4.21,11.5,27.2,6.02,3,4.5,0
TDMS-NCR-00144,dropper,JUC-ADI,NCR,26.2,42.7,5,3.09,11.8,8.3,6.74,0,4.7,0
TDMS-NWR-00145,OHE_mast,CSTM-KYN,NWR,6.5,24.9,65,4.14,5.3,5.0,3.49,0,3.3,0
TDMS-SER-00146,switching_post,UMB-LDH,SER,2.3,17.5,26,4.26,5.2,16.9,1.63,2,3.5,0
TDMS-SECR-00147,OHE_mast,MGS-ALD,SECR,16.4,20.0,144,3.96,9.4,111.9,2.74,3,5.3,0
TDMS-NER-00148,switching_post,ASR-JUC,NER,17.9,29.7,41,3.71,21.5,1.6,1.22,0,4.3,0
TDMS-NFR-00149,booster_transformer,NDLS-AGC,NFR,4.4,23.5,36,4.45,3.1,16.5,1.26,1,2.9,0
TDMS-ECR-00150,dropper,CBE-TVC,ECR,3.0,23.9,46,4.77,1.4,28.9,2.02,2,3.2,0
TDMS-SECR-00151,feeder_cable,AWB-SC,SECR,9.0,24.4,30,4.48,5.1,28.8,1.12,1,3.2,0
TDMS-ECoR-00152,auto_transformer,NDLS-UMB,ECoR,13.5,30.9,38,3.85,5.9,9.9,3.83,1,3.3,0
TDMS-SR-00153,return_conductor,AZ-MGS,SR,15.8,32.7,55,3.36,6.6,20.4,0.46,0,3.4,0
TDMS-WR-00154,return_conductor,BWN-AZ,WR,18.5,22.2,83,3.78,12.5,2.5,0.28,1,5.0,0
TDMS-NFR-00155,feeder_cable,AWB-SC,NFR,29.9,16.3,114,3.08,13.2,60.9,2.27,0,4.3,0
TDMS-SR-00156,feeder_cable,LDH-ASR,SR,6.4,30.0,52,4.0,3.6,107.6,1.85,0,2.8,0
TDMS-SECR-00157,OHE_mast,ALD-CNB,SECR,27.0,18.4,112,3.0,11.5,28.9,1.31,0,5.0,0
TDMS-WCR-00158,return_conductor,BCT-RTM,WCR,15.4,18.4,35,3.8,17.6,56.1,6.57,2,5.9,1
TDMS-SECR-00159,OHE_mast,KYN-IGP,SECR,9.6,23.9,12,3.93,4.3,37.7,2.21,0,2.3,0
TDMS-SR-00160,stagger_wire,BCT-RTM,SR,20.5,26.1,18,3.66,11.9,14.0,5.38,0,4.4,0
TDMS-ECR-00161,OHE_mast,ED-CBE,ECR,14.5,21.9,89,4.36,6.3,62.9,4.31,0,3.4,0
TDMS-WR-00162,stagger_wire,UMB-LDH,WR,14.9,24.6,46,3.69,8.0,24.5,2.24,0,3.7,0
TDMS-NFR-00163,booster_transformer,CNB-NDLS,NFR,38.5,18.7,14,2.58,17.7,106.4,5.54,3,7.4,1
TDMS-WCR-00164,stagger_wire,LTT-NED,WCR,15.0,9.6,38,4.41,11.5,37.3,2.77,1,3.8,0
TDMS-SER-00165,return_conductor,BPL-NGP,SER,29.3,20.8,49,3.2,13.6,16.2,0.73,0,5.5,0
TDMS-ECR-00166,booster_transformer,SC-KZJ,ECR,15.0,17.9,200,4.09,11.2,85.7,1.48,0,3.5,1
TDMS-NFR-00167,feeder_cable,ALD-CNB,NFR,25.4,18.2,31,3.4,11.2,38.6,6.73,1,5.0,0
TDMS-WCR-00168,stagger_wire,UMB-LDH,WCR,5.4,8.5,104,4.83,2.8,19.7,1.17,2,3.2,0
TDMS-ER-00169,dropper,HWH-BWN,ER,14.8,12.7,18,3.88,12.3,49.9,0.16,0,4.9,0
TDMS-SWR-00170,auto_transformer,LDH-ASR,SWR,9.5,7.2,45,4.26,4.5,78.2,7.48,0,3.0,0
TDMS-SER-00171,stagger_wire,SC-KZJ,SER,30.5,20.5,70,2.84,16.3,0.9,2.21,0,5.7,0
TDMS-CR-00172,feeder_cable,LDH-ASR,CR,7.5,28.5,120,4.67,3.3,14.1,4.45,2,2.9,0
TDMS-SER-00173,stagger_wire,UMB-LDH,SER,14.9,33.6,29,3.78,7.0,10.1,1.84,0,3.3,0
TDMS-ECR-00174,feeder_cable,NDLS-AGC,ECR,7.9,28.5,86,4.56,3.6,15.5,3.0,0,3.1,0
TDMS-SCR-00175,OHE_mast,BWN-AZ,SCR,11.1,16.6,33,4.41,6.0,72.5,2.65,0,2.0,0
TDMS-NFR-00176,section_insulator,BWN-AZ,NFR,20.4,23.5,47,3.41,12.5,21.7,0.31,1,4.4,0
TDMS-NCR-00177,dropper,SC-KZJ,NCR,11.7,19.0,12,4.09,8.2,16.6,0.5,0,2.9,0
TDMS-SER-00178,dropper,ADI-BRC,SER,22.6,17.4,78,3.73,9.8,34.5,5.39,0,3.1,0
TDMS-SWR-00179,OHE_mast,JHS-BPL,SWR,7.5,22.3,155,4.59,5.2,11.8,0.4,0,1.5,0
TDMS-SECR-00180,sub_station_25kV,JHS-BPL,SECR,22.0,16.7,67,3.51,10.7,42.7,1.06,0,4.4,0
TDMS-ECoR-00181,booster_transformer,NDLS-AGC,ECoR,8.9,22.4,14,4.6,7.7,1.4,2.77,0,2.7,0
TDMS-ER-00182,dropper,BRC-ST,ER,43.9,30.9,5,1.63,17.8,17.2,7.47,0,4.5,1
TDMS-SER-00183,dropper,BRC-ST,SER,15.2,12.0,5,3.9,10.1,26.5,1.48,0,4.3,0
TDMS-ECR-00184,stagger_wire,NGP-BZA,ECR,7.0,13.3,56,4.37,3.5,30.0,2.2,1,2.7,0
TDMS-WR-00185,stagger_wire,ED-CBE,WR,11.7,30.8,69,3.91,7.9,2.6,10.21,0,2.9,1
TDMS-NR-00186,stagger_wire,AWB-SC,NR,23.2,20.5,49,3.85,9.6,70.9,4.18,0,5.0,0
TDMS-NR-00187,booster_transformer,AZ-MGS,NR,12.5,23.6,49,4.15,9.1,19.6,1.18,0,2.8,0
TDMS-SECR-00188,sub_station_25kV,MAS-ED,SECR,4.5,16.7,113,4.55,5.5,23.8,4.11,0,2.9,0
TDMS-CR-00189,dropper,ADI-BRC,CR,24.5,15.1,26,3.04,10.7,123.6,1.26,0,4.7,0
TDMS-SCR-00190,OHE_mast,JHS-BPL,SCR,22.5,15.2,30,4.12,15.8,49.7,3.31,0,5.2,1
TDMS-NER-00191,OHE_mast,CSTM-KYN,NER,18.6,17.3,12,3.68,9.4,48.6,0.6,1,2.8,0
TDMS-SECR-00192,stagger_wire,AZ-MGS,SECR,16.7,17.6,200,3.39,9.5,32.7,0.3,0,4.4,0
TDMS-SECR-00193,OHE_mast,BZA-MAS,SECR,8.9,18.0,129,4.3,4.5,123.4,1.5,1,3.0,0
TDMS-ECR-00194,OHE_mast,JUC-ADI,ECR,30.8,17.1,12,3.27,14.5,178.1,0.66,2,5.7,0
TDMS-WR-00195,OHE_mast,BCT-RTM,WR,14.0,15.9,11,3.48,5.7,17.4,5.24,0,3.9,0
TDMS-NER-00196,OHE_mast,NGP-BZA,NER,32.0,15.4,66,2.8,13.5,35.7,2.84,0,5.2,0
TDMS-NWR-00197,stagger_wire,JUC-ADI,NWR,5.6,33.2,9,4.13,2.7,0.7,0.21,0,1.7,0
TDMS-WCR-00198,booster_transformer,ST-BCT,WCR,13.9,27.1,10,4.02,6.2,59.2,1.44,2,5.1,0
TDMS-NR-00199,stagger_wire,LDH-ASR,NR,12.4,21.0,86,3.95,5.2,83.3,1.69,0,3.2,0
TDMS-SWR-00200,switching_post,HWH-BWN,SWR,24.6,45.2,40,3.58,10.9,33.0,5.29,0,4.7,0
TDMS-NR-00201,switching_post,UMB-LDH,NR,18.2,26.5,14,4.19,12.5,7.5,6.6,0,3.4,0
TDMS-SCR-00202,booster_transformer,MAS-ED,SCR,26.9,16.9,23,3.41,13.1,21.2,1.59,0,4.6,0
TDMS-SCR-00203,OHE_mast,BWN-AZ,SCR,23.9,33.5,8,3.5,12.0,40.3,4.88,1,4.6,0
TDMS-SER-00204,feeder_cable,BZA-MAS,SER,42.0,21.3,40,2.61,18.6,82.0,4.35,0,5.3,1
TDMS-CR-00205,dropper,SC-KZJ,CR,14.7,36.3,7,3.51,9.7,39.8,0.24,2,3.7,0
TDMS-SR-00206,auto_transformer,NDLS-UMB,SR,12.9,25.8,17,3.83,12.4,51.9,0.38,1,4.6,0
TDMS-NER-00207,return_conductor,NGP-BZA,NER,19.4,15.1,156,3.42,11.8,28.3,0.99,1,4.5,0
TDMS-ER-00208,stagger_wire,CNB-NDLS,ER,22.0,23.9,37,3.28,9.5,29.8,3.58,0,4.4,0
TDMS-WCR-00209,switching_post,AWB-SC,WCR,11.1,10.4,19,4.46,4.7,9.4,0.32,1,2.9,0
TDMS-SR-00210,dropper,AGC-JHS,SR,22.0,17.8,116,3.54,9.0,23.8,2.98,0,3.6,0
TDMS-WCR-00211,stagger_wire,NDLS-UMB,WCR,20.1,37.2,20,4.15,14.0,24.8,0.1,0,4.5,0
TDMS-SR-00212,section_insulator,CBE-TVC,SR,28.9,25.0,58,3.02,13.1,2.3,3.3,0,5.2,0
TDMS-ER-00213,OHE_mast,AGC-JHS,ER,35.6,9.7,17,2.65,14.5,72.5,9.42,1,5.7,0
TDMS-CR-00214,feeder_cable,NDLS-AGC,CR,15.8,30.3,16,3.61,13.6,38.9,6.21,0,3.8,1
TDMS-SWR-00215,booster_transformer,MGS-ALD,SWR,29.4,17.8,28,3.11,13.3,2.7,4.47,0,5.7,0
TDMS-NFR-00216,sub_station_25kV,CSTM-KYN,NFR,17.3,18.7,36,3.32,12.3,97.2,1.0,1,3.9,0
TDMS-ECR-00217,OHE_mast,BCT-RTM,ECR,18.2,18.4,25,3.29,8.2,35.5,0.15,0,3.0,0
TDMS-ECR-00218,return_conductor,KZJ-BZA,ECR,28.0,10.9,80,3.29,12.0,20.4,6.51,1,5.7,0
TDMS-WCR-00219,booster_transformer,MAS-ED,WCR,18.1,21.5,53,3.88,18.3,7.3,0.39,0,6.0,0
TDMS-ER-00220,section_insulator,CBE-TVC,ER,9.5,13.9,147,4.07,4.6,14.6,0.13,1,4.0,0
TDMS-NER-00221,feeder_cable,MAS-ED,NER,7.2,33.8,21,4.38,9.9,21.9,2.57,5,5.0,1
TDMS-NWR-00222,booster_transformer,BRC-ST,NWR,32.2,15.9,35,2.46,14.4,36.7,2.29,1,6.1,1
TDMS-ECoR-00223,OHE_mast,BRC-ST,ECoR,7.7,26.2,90,4.29,4.0,102.4,0.6,1,2.2,0
TDMS-ECoR-00224,stagger_wire,KZJ-BZA,ECoR,40.9,19.4,14,1.91,18.3,0.7,2.21,0,4.9,1
TDMS-NCR-00225,sub_station_25kV,JUC-ADI,NCR,20.9,24.4,62,3.58,9.4,16.5,0.88,1,5.0,0
TDMS-ECoR-00226,dropper,CSTM-KYN,ECoR,14.3,9.1,40,4.07,5.8,12.7,4.38,0,3.1,0
TDMS-NER-00227,return_conductor,JUC-ADI,NER,6.3,14.2,40,4.59,3.0,67.4,5.44,0,3.2,0
TDMS-NCR-00228,switching_post,MGS-ALD,NCR,9.6,26.7,13,3.96,4.3,23.4,1.17,0,3.2,0
TDMS-WCR-00229,OHE_mast,CNB-NDLS,WCR,16.4,14.5,14,3.61,8.6,45.0,9.23,0,3.6,0
TDMS-WCR-00230,return_conductor,BRC-ST,WCR,10.8,16.5,120,4.41,5.1,43.9,1.49,0,2.8,0
TDMS-NWR-00231,OHE_mast,AWB-SC,NWR,19.8,10.0,5,4.19,8.3,1.7,7.98,4,5.3,0
TDMS-NR-00232,feeder_cable,MGS-ALD,NR,6.9,33.3,35,4.04,2.8,14.6,2.54,0,2.7,0
TDMS-ECoR-00233,feeder_cable,BZA-MAS,ECoR,8.0,28.9,52,4.23,3.9,94.6,0.53,0,1.9,0
TDMS-ECR-00234,dropper,NDLS-UMB,ECR,9.2,13.3,8,4.87,8.2,53.1,1.68,1,4.1,0
TDMS-SR-00235,dropper,LDH-ASR,SR,16.1,20.3,34,3.95,10.9,98.3,1.24,0,2.8,0
TDMS-NFR-00236,OHE_mast,MAS-ED,NFR,11.9,24.6,105,4.6,13.1,36.0,4.77,0,5.6,0
TDMS-SECR-00237,auto_transformer,AZ-MGS,SECR,10.9,25.1,74,4.18,7.4,43.7,4.79,0,4.1,0
TDMS-NFR-00238,OHE_mast,NDLS-AGC,NFR,6.9,24.1,95,4.23,3.8,110.5,5.45,3,3.4,0
TDMS-SR-00239,OHE_mast,BZA-MAS,SR,7.0,33.9,24,4.42,5.2,67.4,0.28,3,5.1,0
TDMS-ECR-00240,sub_station_25kV,CSTM-KYN,ECR,8.6,5.1,43,4.65,4.9,14.9,0.15,0,2.3,0
TDMS-SR-00241,dropper,ALD-CNB,SR,25.1,23.4,9,3.11,10.4,36.9,7.3,0,5.2,0
TDMS-NCR-00242,booster_transformer,ASR-JUC,NCR,12.0,21.7,89,4.44,5.3,2.0,0.75,1,3.8,0
TDMS-CR-00243,feeder_cable,AWB-SC,CR,17.7,24.9,7,3.64,10.8,91.9,1.41,1,5.3,0
TDMS-SWR-00244,sub_station_25kV,AZ-MGS,SWR,20.4,25.6,5,3.32,18.4,85.5,2.1,0,4.0,1
TDMS-WCR-00245,booster_transformer,NDLS-UMB,WCR,5.4,18.8,75,4.16,5.5,12.4,8.98,0,3.6,0
TDMS-NWR-00246,dropper,BWN-AZ,NWR,26.3,37.0,19,2.85,13.9,11.0,3.33,0,3.4,0
TDMS-SCR-00247,sub_station_25kV,JUC-ADI,SCR,20.1,17.3,60,4.0,12.9,45.7,1.15,0,4.2,0
TDMS-SER-00248,booster_transformer,LDH-ASR,SER,12.3,29.2,163,3.6,9.6,0.0,3.09,0,2.1,0
TDMS-NER-00249,stagger_wire,BWN-AZ,NER,16.1,13.4,18,3.85,10.1,21.0,10.32,4,5.1,1
TDMS-ECoR-00250,dropper,ASR-JUC,ECoR,15.8,22.7,131,3.7,11.4,14.2,0.1,2,4.7,0
TDMS-ER-00251,feeder_cable,CSTM-KYN,ER,12.6,33.2,13,3.63,7.2,2.5,0.68,0,4.2,0
TDMS-SCR-00252,OHE_mast,SC-KZJ,SCR,20.1,27.2,66,3.32,8.5,14.3,2.92,1,3.9,0
TDMS-ECR-00253,switching_post,NGP-BZA,ECR,5.6,23.2,36,4.76,6.4,16.3,0.1,0,3.9,0
TDMS-NER-00254,switching_post,ADI-BRC,NER,26.4,7.1,66,3.51,11.3,69.1,6.06,1,5.9,0
TDMS-CR-00255,stagger_wire,MAS-ED,CR,23.9,25.4,12,3.2,16.8,67.4,1.54,0,4.3,1
TDMS-SER-00256,dropper,HWH-BWN,SER,29.6,27.6,68,3.0,12.1,81.3,4.6,0,5.8,0
TDMS-ECoR-00257,sub_station_25kV,MAS-ED,ECoR,12.3,19.9,57,4.01,5.4,5.2,3.97,0,2.4,0
TDMS-NER-00258,OHE_mast,ASR-JUC,NER,32.6,22.4,5,3.22,14.8,8.7,2.89,2,4.5,0
TDMS-SECR-00259,switching_post,ALD-CNB,SECR,17.6,23.2,43,3.84,9.7,7.0,2.74,1,4.2,0
TDMS-NWR-00260,OHE_mast,JUC-ADI,NWR,21.4,27.3,21,3.44,11.0,37.8,15.16,0,4.0,1
TDMS-ECoR-00261,return_conductor,ASR-JUC,ECoR,20.8,23.9,93,3.51,9.2,12.9,0.18,0,3.5,0
TDMS-NER-00262,section_insulator,LDH-ASR,NER,11.0,32.7,18,4.02,5.4,66.3,1.62,1,2.9,0
TDMS-ECoR-00263,switching_post,ED-CBE,ECoR,37.6,20.6,55,2.46,16.4,113.9,5.31,0,5.8,1
TDMS-SWR-00264,switching_post,ADI-BRC,SWR,14.7,11.5,40,3.98,7.5,0.9,1.71,1,2.7,0
TDMS-ER-00265,dropper,BWN-AZ,ER,23.6,30.0,43,2.78,14.7,25.2,4.1,1,5.4,0
TDMS-SER-00266,auto_transformer,LDH-ASR,SER,21.2,32.6,6,3.22,8.6,147.7,4.32,0,3.8,0
TDMS-ER-00267,dropper,CBE-TVC,ER,26.3,30.2,12,3.09,15.3,32.5,0.41,0,4.0,1
TDMS-NER-00268,feeder_cable,BWN-AZ,NER,10.1,44.2,46,3.86,11.4,63.1,7.65,0,3.1,0
TDMS-ECoR-00269,switching_post,MGS-ALD,ECoR,9.4,22.3,5,3.69,8.2,30.7,2.02,0,2.4,0
TDMS-NCR-00270,feeder_cable,KZJ-BZA,NCR,18.3,23.4,102,4.1,13.7,54.6,4.12,1,5.2,0
TDMS-NCR-00271,stagger_wire,BWN-AZ,NCR,17.9,15.4,57,3.6,10.3,7.0,9.12,1,4.0,0
TDMS-ER-00272,OHE_mast,ADI-BRC,ER,10.4,38.2,5,4.19,4.6,44.0,2.62,0,2.0,0
TDMS-NWR-00273,booster_transformer,CSTM-KYN,NWR,9.5,7.8,39,4.24,7.1,66.6,3.09,0,3.6,0
TDMS-SR-00274,switching_post,BCT-RTM,SR,16.3,11.5,200,4.2,7.3,52.8,1.18,0,3.9,0
TDMS-ECoR-00275,feeder_cable,KZJ-BZA,ECoR,11.1,19.5,5,4.57,7.4,14.9,3.24,0,2.9,0
TDMS-WCR-00276,sub_station_25kV,KYN-IGP,WCR,5.3,13.6,5,5.0,6.9,16.3,0.31,0,3.4,0
TDMS-WR-00277,feeder_cable,AWB-SC,WR,18.5,14.0,20,3.98,8.1,149.3,0.88,0,3.6,0
TDMS-CR-00278,switching_post,BPL-NGP,CR,33.9,13.2,28,2.75,19.8,102.4,5.2,2,7.0,1
TDMS-SWR-00279,return_conductor,LDH-ASR,SWR,16.5,40.5,36,3.82,14.4,29.1,1.99,2,4.1,0
TDMS-NFR-00280,dropper,NGP-BZA,NFR,42.5,29.7,27,1.67,17.2,47.3,0.29,1,6.8,1
TDMS-SCR-00281,stagger_wire,BRC-ST,SCR,28.0,21.9,46,3.26,14.4,66.6,4.76,5,7.3,1
TDMS-ECoR-00282,return_conductor,UMB-LDH,ECoR,25.9,10.4,67,3.39,12.8,35.5,4.46,0,5.8,0
TDMS-SER-00283,stagger_wire,UMB-LDH,SER,16.4,18.9,5,3.35,6.8,3.1,0.41,0,3.4,0
TDMS-SECR-00284,OHE_mast,AGC-JHS,SECR,14.7,11.5,24,3.85,8.8,25.8,2.54,2,4.3,0
TDMS-NFR-00285,OHE_mast,NDLS-AGC,NFR,6.9,27.1,7,4.74,4.6,74.4,3.46,6,5.3,1
TDMS-SECR-00286,OHE_mast,AWB-SC,SECR,13.0,27.4,47,3.66,5.3,15.7,0.86,0,3.4,0
TDMS-CR-00287,stagger_wire,SC-KZJ,CR,38.9,15.2,50,2.5,19.5,27.9,7.08,0,5.9,1
TDMS-WCR-00288,dropper,UMB-LDH,WCR,30.4,26.0,75,2.44,28.0,9.2,2.34,0,6.7,1
TDMS-WCR-00289,feeder_cable,LDH-ASR,WCR,8.4,39.7,86,4.14,7.3,69.4,11.52,2,3.6,1
TDMS-NFR-00290,OHE_mast,ED-CBE,NFR,21.5,15.5,200,3.4,11.8,9.0,8.03,0,4.6,0
TDMS-WR-00291,stagger_wire,ST-BCT,WR,7.0,17.8,5,3.42,9.9,54.2,8.02,0,3.9,0
TDMS-NCR-00292,booster_transformer,KZJ-BZA,NCR,23.0,15.0,86,3.37,13.4,40.8,0.63,0,5.2,0
TDMS-SCR-00293,section_insulator,CNB-NDLS,SCR,7.8,22.7,121,4.52,8.2,109.6,1.49,1,3.8,0
TDMS-SR-00294,stagger_wire,ADI-BRC,SR,16.2,53.5,126,3.2,6.9,35.7,0.1,0,3.7,0
TDMS-SWR-00295,OHE_mast,NDLS-AGC,SWR,11.8,21.7,5,3.99,5.0,47.4,5.28,0,2.9,0
TDMS-SECR-00296,feeder_cable,BPL-NGP,SECR,14.8,17.3,48,4.12,12.9,202.3,2.45,0,3.9,1
TDMS-ECR-00297,feeder_cable,UMB-LDH,ECR,26.4,25.7,88,2.87,17.8,15.9,0.84,0,6.0,1
TDMS-ECR-00298,dropper,SC-KZJ,ECR,10.0,18.7,9,3.91,4.7,11.0,4.25,0,2.3,0
TDMS-WR-00299,dropper,JUC-ADI,WR,24.8,23.2,38,3.1,15.3,16.9,7.92,0,4.1,1
TDMS-NER-00300,switching_post,LTT-NED,NER,14.1,25.1,27,3.98,15.3,47.2,2.57,0,4.5,1
TDMS-NFR-00301,dropper,ALD-CNB,NFR,14.3,26.3,9,4.09,6.6,25.8,2.4,0,2.3,0
TDMS-NWR-00302,section_insulator,BWN-AZ,NWR,24.5,12.8,22,3.45,10.3,39.1,2.21,0,4.4,0
TDMS-ER-00303,OHE_mast,BCT-RTM,ER,17.3,22.9,16,3.58,7.9,140.3,13.42,1,3.8,1
TDMS-NWR-00304,OHE_mast,MAS-ED,NWR,6.2,13.0,85,4.72,5.5,30.9,3.86,2,3.2,0
TDMS-SCR-00305,return_conductor,KZJ-BZA,SCR,19.5,13.2,59,3.82,15.1,43.6,3.87,3,6.6,1
TDMS-NFR-00306,stagger_wire,ST-BCT,NFR,12.0,32.8,5,3.9,8.0,7.0,0.73,0,3.4,0
TDMS-SR-00307,stagger_wire,MGS-ALD,SR,22.7,37.2,36,2.69,9.8,15.7,3.54,0,2.8,0
TDMS-NCR-00308,OHE_mast,MGS-ALD,NCR,5.8,26.7,5,4.62,3.5,66.6,5.08,0,1.7,0
TDMS-WR-00309,dropper,BZA-MAS,WR,14.6,24.6,115,3.88,7.9,0.1,0.36,1,4.6,0
TDMS-SER-00310,feeder_cable,ED-CBE,SER,21.8,20.6,5,3.47,9.3,37.7,4.85,0,3.8,0
TDMS-NR-00311,OHE_mast,ADI-BRC,NR,13.3,26.3,9,4.32,9.0,57.6,10.85,0,4.9,1
TDMS-WR-00312,booster_transformer,ED-CBE,WR,22.7,19.6,10,3.5,13.2,15.9,2.81,0,3.7,0
TDMS-SWR-00313,booster_transformer,CNB-NDLS,SWR,21.7,11.3,73,2.9,10.9,14.1,5.45,1,5.3,0
TDMS-ER-00314,feeder_cable,AZ-MGS,ER,29.4,23.1,28,3.23,14.5,9.6,2.75,0,5.6,0
TDMS-NR-00315,dropper,BRC-ST,NR,9.1,9.7,8,4.71,4.5,57.2,0.1,0,1.8,0
TDMS-WR-00316,dropper,KZJ-BZA,WR,3.6,9.0,6,4.55,2.5,162.5,2.48,0,2.0,0
TDMS-WR-00317,auto_transformer,ALD-CNB,WR,16.8,20.6,21,4.06,7.3,48.7,8.8,1,4.9,0
TDMS-SWR-00318,OHE_mast,ASR-JUC,SWR,25.5,30.2,37,3.86,12.5,59.4,3.0,0,5.4,0
TDMS-ECoR-00319,switching_post,NDLS-AGC,ECoR,28.7,24.3,71,3.35,12.8,15.2,2.96,1,5.0,0
TDMS-SWR-00320,OHE_mast,LTT-NED,SWR,34.3,24.2,67,2.37,14.6,49.1,4.48,1,5.6,1
TDMS-NCR-00321,switching_post,ST-BCT,NCR,25.1,13.8,5,3.44,10.2,39.2,2.02,0,3.5,1
TDMS-CR-00322,stagger_wire,NGP-BZA,CR,13.9,20.2,47,4.23,7.9,6.2,5.92,0,4.4,0
TDMS-NWR-00323,dropper,AZ-MGS,NWR,16.5,23.4,5,4.11,6.8,42.8,1.32,0,3.9,0
TDMS-SCR-00324,dropper,BPL-NGP,SCR,24.7,21.4,37,3.24,13.7,109.0,2.07,3,4.8,0
TDMS-CR-00325,stagger_wire,BPL-NGP,CR,24.1,19.5,8,3.61,12.4,27.8,7.75,1,4.8,0
TDMS-WCR-00326,switching_post,SC-KZJ,WCR,14.5,14.4,88,4.05,7.2,82.5,5.82,2,5.0,0
TDMS-ER-00327,feeder_cable,NGP-BZA,ER,14.6,28.5,21,4.13,9.1,91.7,0.53,0,3.5,0
TDMS-SECR-00328,booster_transformer,BZA-MAS,SECR,9.1,25.6,82,4.08,6.4,3.3,2.93,0,3.5,0
TDMS-NCR-00329,return_conductor,NDLS-UMB,NCR,27.2,18.9,110,3.38,13.0,71.6,5.98,0,4.4,0
TDMS-ER-00330,booster_transformer,LDH-ASR,ER,13.9,20.0,22,4.17,13.7,30.4,14.38,2,4.9,1
TDMS-SECR-00331,feeder_cable,AGC-JHS,SECR,19.4,41.2,40,3.04,17.7,41.2,17.53,0,5.0,1
TDMS-ECoR-00332,dropper,JHS-BPL,ECoR,16.5,22.4,120,3.73,11.4,4.9,1.53,0,4.2,0
TDMS-SECR-00333,dropper,MGS-ALD,SECR,41.4,14.4,12,2.33,22.4,5.2,4.6,1,6.5,1
TDMS-SCR-00334,feeder_cable,ASR-JUC,SCR,16.2,32.1,5,3.59,8.1,50.9,12.43,2,4.1,1
TDMS-NWR-00335,OHE_mast,KYN-IGP,NWR,10.7,19.5,32,3.78,14.0,70.5,4.29,1,4.8,0
TDMS-SR-00336,feeder_cable,ASR-JUC,SR,14.4,10.8,36,4.51,7.5,160.7,1.42,0,4.6,0
TDMS-NCR-00337,dropper,CSTM-KYN,NCR,27.0,31.1,25,3.29,16.2,104.6,2.61,0,5.3,1
TDMS-NFR-00338,switching_post,CSTM-KYN,NFR,5.3,20.0,156,4.22,10.5,67.0,5.49,2,3.0,0
TDMS-WR-00339,OHE_mast,NDLS-AGC,WR,22.7,18.5,24,3.28,13.1,141.3,5.57,2,4.5,0
TDMS-ER-00340,switching_post,MAS-ED,ER,36.8,21.9,36,3.16,15.2,49.5,3.45,0,4.9,1
TDMS-NFR-00341,stagger_wire,LTT-NED,NFR,19.4,19.3,5,3.37,13.8,203.8,1.18,0,2.7,1
TDMS-NCR-00342,stagger_wire,JHS-BPL,NCR,21.0,14.9,5,3.67,8.8,18.7,5.45,0,4.8,0
TDMS-CR-00343,OHE_mast,ALD-CNB,CR,9.6,26.4,39,4.22,11.1,2.2,0.59,1,3.2,0
TDMS-NFR-00344,dropper,AGC-JHS,NFR,6.6,21.2,112,4.74,12.8,51.4,3.95,0,3.8,0
TDMS-ECoR-00345,return_conductor,BWN-AZ,ECoR,44.9,21.3,77,2.24,21.8,10.6,15.41,1,6.6,1
TDMS-NFR-00346,OHE_mast,AGC-JHS,NFR,38.1,21.6,37,2.2,20.9,18.6,11.9,4,7.6,0
TDMS-NR-00347,OHE_mast,AZ-MGS,NR,22.4,20.9,31,3.54,9.2,13.0,0.83,2,4.6,0
TDMS-ER-00348,sub_station_25kV,ED-CBE,ER,14.0,21.9,65,3.99,6.5,0.3,5.95,2,3.3,0
TDMS-NER-00349,stagger_wire,KZJ-BZA,NER,12.4,30.2,5,3.81,8.2,28.0,0.17,0,4.7,0
TDMS-SWR-00350,OHE_mast,CBE-TVC,SWR,8.0,27.2,22,4.03,9.1,3.4,2.29,0,2.5,0
TDMS-SCR-00351,OHE_mast,JHS-BPL,SCR,15.3,33.9,5,3.81,13.0,10.0,0.39,0,3.6,0
TDMS-SWR-00352,OHE_mast,MGS-ALD,SWR,40.6,21.8,30,2.22,18.2,20.9,4.25,2,7.6,1
TDMS-ER-00353,OHE_mast,ADI-BRC,ER,10.5,22.6,66,4.2,5.3,28.5,1.05,8,6.1,1
TDMS-NCR-00354,section_insulator,ST-BCT,NCR,12.0,15.9,29,4.19,6.2,55.1,0.11,1,3.8,0
TDMS-NCR-00355,stagger_wire,SC-KZJ,NCR,11.0,11.8,16,4.35,6.0,9.4,1.94,0,3.6,0
TDMS-NCR-00356,dropper,ED-CBE,NCR,14.2,17.9,28,3.69,8.3,26.7,2.55,0,4.5,0
TDMS-NWR-00357,feeder_cable,CBE-TVC,NWR,32.8,30.4,19,2.64,16.9,45.4,7.1,0,5.5,1
TDMS-SCR-00358,dropper,LDH-ASR,SCR,7.5,17.9,8,4.09,3.1,38.1,5.79,0,2.0,0
TDMS-SER-00359,sub_station_25kV,LDH-ASR,SER,27.9,26.0,63,2.79,14.6,7.0,4.32,0,3.7,0
TDMS-SR-00360,feeder_cable,JUC-ADI,SR,16.2,12.2,10,4.13,10.3,70.5,0.13,1,4.5,0
TDMS-WCR-00361,sub_station_25kV,KYN-IGP,WCR,18.0,14.9,80,3.89,10.6,0.8,2.2,0,4.5,0
TDMS-NR-00362,OHE_mast,NGP-BZA,NR,5.6,31.7,46,4.77,7.6,23.1,4.46,3,3.3,0
TDMS-WR-00363,feeder_cable,AGC-JHS,WR,18.1,28.7,75,3.19,22.1,14.1,6.96,0,4.9,1
TDMS-NER-00364,dropper,LDH-ASR,NER,18.1,12.9,6,3.69,8.6,4.2,2.73,1,3.9,0
TDMS-NER-00365,dropper,ST-BCT,NER,5.8,21.1,22,4.3,2.8,57.2,4.04,0,1.6,0
TDMS-WR-00366,OHE_mast,MAS-ED,WR,5.4,14.3,6,5.0,7.6,81.1,1.26,0,4.7,0
TDMS-ECR-00367,stagger_wire,ED-CBE,ECR,15.4,22.3,5,3.63,6.3,30.6,1.21,0,2.0,0
TDMS-ER-00368,booster_transformer,AWB-SC,ER,13.2,29.4,63,3.78,5.9,33.6,2.16,0,3.4,0
TDMS-SECR-00369,feeder_cable,KZJ-BZA,SECR,12.5,33.9,171,4.3,15.0,32.7,2.81,1,4.2,1
TDMS-NER-00370,section_insulator,MGS-ALD,NER,14.3,15.8,46,4.49,12.6,17.6,10.76,0,3.4,1
TDMS-SCR-00371,dropper,CNB-NDLS,SCR,20.8,11.8,5,2.99,9.7,29.4,0.3,0,4.0,0
TDMS-SECR-00372,booster_transformer,KZJ-BZA,SECR,22.9,15.1,111,3.58,14.8,32.2,6.3,0,5.4,0
TDMS-SCR-00373,dropper,NDLS-UMB,SCR,27.6,17.1,48,2.88,11.6,243.9,2.24,0,6.0,1
TDMS-NR-00374,dropper,BPL-NGP,NR,23.3,48.2,86,3.47,16.3,16.3,0.1,0,5.0,1
TDMS-NR-00375,stagger_wire,ASR-JUC,NR,6.0,13.4,49,4.75,4.1,61.2,2.64,0,2.5,0
TDMS-ER-00376,OHE_mast,HWH-BWN,ER,15.2,23.9,30,3.66,7.0,13.0,3.36,0,3.0,0
TDMS-SCR-00377,return_conductor,CBE-TVC,SCR,13.2,28.4,5,3.7,10.8,14.3,1.28,1,3.3,0
TDMS-NFR-00378,dropper,NGP-BZA,NFR,29.9,18.8,5,2.88,12.8,1.6,1.4,0,5.8,0
TDMS-ECoR-00379,dropper,CSTM-KYN,ECoR,45.6,17.2,163,2.15,19.2,6.3,4.32,0,6.8,0
TDMS-WCR-00380,feeder_cable,JUC-ADI,WCR,16.0,33.2,5,3.31,8.7,20.8,1.74,0,3.4,0
TDMS-NCR-00381,OHE_mast,CNB-NDLS,NCR,9.1,17.9,56,4.09,5.9,66.3,0.16,0,3.3,0
TDMS-SECR-00382,switching_post,BZA-MAS,SECR,11.6,15.5,13,4.36,5.9,30.4,0.11,2,3.6,0
TDMS-SWR-00383,stagger_wire,NDLS-AGC,SWR,13.6,15.9,159,3.9,8.2,23.2,0.17,1,4.9,0
TDMS-SR-00384,feeder_cable,AZ-MGS,SR,10.3,26.4,31,4.14,4.8,72.6,0.62,0,3.4,0
TDMS-ER-00385,sub_station_25kV,NDLS-UMB,ER,50.0,18.6,16,1.51,20.9,55.0,4.96,2,8.1,0
TDMS-ECR-00386,OHE_mast,MAS-ED,ECR,19.6,25.6,16,3.53,9.1,21.5,7.22,1,4.5,0
TDMS-SWR-00387,feeder_cable,ADI-BRC,SWR,48.2,18.3,25,1.91,21.2,180.8,1.18,0,6.6,1
TDMS-SR-00388,OHE_mast,LDH-ASR,SR,6.4,31.5,5,4.39,5.8,63.8,4.21,0,3.2,0
TDMS-NCR-00389,dropper,BPL-NGP,NCR,22.4,35.6,19,3.47,10.5,21.1,14.44,1,4.8,1
TDMS-NFR-00390,auto_transformer,ED-CBE,NFR,17.9,21.4,9,3.51,9.5,67.0,5.63,3,5.4,0
TDMS-NCR-00391,switching_post,AZ-MGS,NCR,15.4,16.9,188,4.35,15.4,33.3,2.91,3,5.6,1
TDMS-NWR-00392,sub_station_25kV,UMB-LDH,NWR,19.7,12.8,17,3.24,8.5,2.4,0.3,1,4.4,0
TDMS-NR-00393,stagger_wire,AGC-JHS,NR,11.3,24.4,8,3.9,5.1,50.9,5.76,0,3.0,0
TDMS-NFR-00394,stagger_wire,MAS-ED,NFR,13.3,19.6,164,3.5,8.0,20.3,0.31,0,3.5,0
TDMS-NER-00395,sub_station_25kV,NGP-BZA,NER,14.9,22.9,5,4.07,15.5,51.6,0.76,0,4.1,1
TDMS-SCR-00396,feeder_cable,ALD-CNB,SCR,21.0,16.1,53,3.47,12.5,25.5,2.03,2,4.7,0
TDMS-NWR-00397,feeder_cable,BZA-MAS,NWR,8.1,14.5,5,4.21,4.1,13.5,0.32,2,3.1,0
TDMS-NR-00398,sub_station_25kV,CSTM-KYN,NR,17.0,26.5,5,3.61,11.4,14.0,1.71,1,4.7,0
TDMS-ECR-00399,sub_station_25kV,NDLS-AGC,ECR,4.3,21.2,67,4.09,2.9,7.8,1.25,0,2.6,0
TDMS-ECR-00400,OHE_mast,SC-KZJ,ECR,1.7,25.5,5,4.32,1.9,89.1,0.82,1,2.1,0
TDMS-NFR-00401,feeder_cable,CBE-TVC,NFR,6.6,44.4,24,4.62,3.6,122.7,1.94,2,4.3,0
TDMS-ECoR-00402,OHE_mast,BCT-RTM,ECoR,13.5,26.6,57,4.1,8.1,48.3,0.55,0,3.4,0
TDMS-SR-00403,OHE_mast,JHS-BPL,SR,9.4,54.3,51,4.02,3.8,3.1,0.23,0,3.9,1
TDMS-ECR-00404,OHE_mast,CBE-TVC,ECR,16.2,25.6,5,4.07,6.5,26.8,4.41,0,3.8,0
TDMS-ER-00405,stagger_wire,CSTM-KYN,ER,50.0,32.3,5,1.68,24.0,3.1,1.64,0,5.4,1
TDMS-NCR-00406,auto_transformer,NDLS-AGC,NCR,25.5,22.9,20,3.25,10.4,15.0,0.45,0,4.2,0
TDMS-NWR-00407,stagger_wire,NDLS-AGC,NWR,34.5,12.2,93,2.4,18.0,1.6,6.37,0,4.5,1
TDMS-SR-00408,OHE_mast,BPL-NGP,SR,19.0,28.8,104,3.23,8.6,215.9,6.97,0,3.5,1
TDMS-SER-00409,OHE_mast,CBE-TVC,SER,7.0,19.2,30,4.7,7.6,22.3,0.52,0,2.9,0
TDMS-CR-00410,booster_transformer,AGC-JHS,CR,9.3,16.1,8,3.9,6.7,12.9,0.13,1,4.3,0
TDMS-NFR-00411,auto_transformer,ED-CBE,NFR,28.3,12.5,61,2.89,15.8,3.4,7.11,0,5.3,1
TDMS-ECoR-00412,dropper,MAS-ED,ECoR,46.6,26.2,17,1.56,20.5,6.2,3.11,0,6.3,0
TDMS-ECoR-00413,feeder_cable,UMB-LDH,ECoR,23.7,24.9,167,3.33,15.2,10.4,6.62,0,4.6,1
TDMS-NFR-00414,auto_transformer,AZ-MGS,NFR,30.3,19.7,68,2.95,13.2,23.5,0.24,0,4.1,0
TDMS-NWR-00415,OHE_mast,NDLS-AGC,NWR,4.4,27.6,5,4.4,2.8,5.9,0.28,3,3.6,0
TDMS-WR-00416,OHE_mast,KYN-IGP,WR,17.3,33.0,69,2.89,7.0,3.9,6.32,0,3.9,0
TDMS-ECoR-00417,dropper,ALD-CNB,ECoR,8.1,27.4,83,4.2,3.9,45.3,4.21,0,3.3,0
TDMS-NCR-00418,stagger_wire,ALD-CNB,NCR,19.1,31.3,22,3.65,8.9,36.0,1.84,0,4.6,0
TDMS-NR-00419,OHE_mast,AZ-MGS,NR,47.8,18.3,6,2.08,24.2,8.1,4.48,1,7.8,1
TDMS-NER-00420,feeder_cable,ALD-CNB,NER,17.0,23.2,33,3.47,7.2,28.5,3.22,0,3.5,0
TDMS-ER-00421,auto_transformer,BRC-ST,ER,4.2,31.8,63,4.77,4.0,10.8,4.26,0,1.8,0
TDMS-CR-00422,auto_transformer,MGS-ALD,CR,10.5,21.3,200,4.22,5.2,3.6,0.1,1,3.0,0
TDMS-ECoR-00423,OHE_mast,ALD-CNB,ECoR,20.1,16.1,106,3.55,10.7,50.4,1.53,0,3.7,0
TDMS-WCR-00424,feeder_cable,ADI-BRC,WCR,19.3,15.8,111,3.98,30.0,29.9,7.51,0,5.5,1
TDMS-NWR-00425,OHE_mast,CBE-TVC,NWR,45.6,14.5,62,1.98,23.2,37.0,3.39,0,5.3,1
TDMS-ECoR-00426,booster_transformer,BPL-NGP,ECoR,4.5,20.2,67,4.79,2.5,6.5,0.14,0,2.0,0
TDMS-SR-00427,feeder_cable,NDLS-AGC,SR,7.5,41.4,20,4.08,10.8,55.7,16.78,0,3.2,0
TDMS-NER-00428,OHE_mast,BWN-AZ,NER,16.5,17.5,6,3.41,7.9,58.6,15.0,0,2.2,1
TDMS-SCR-00429,return_conductor,CNB-NDLS,SCR,15.6,16.9,200,3.86,9.4,27.7,1.86,2,4.2,0
TDMS-ER-00430,stagger_wire,UMB-LDH,ER,11.0,37.6,5,4.34,13.0,80.6,6.68,0,3.6,0
TDMS-NFR-00431,dropper,JHS-BPL,NFR,15.2,9.4,33,3.79,11.9,192.9,1.62,2,4.8,0
TDMS-SWR-00432,sub_station_25kV,MGS-ALD,SWR,5.9,8.3,48,4.55,4.2,23.0,0.98,0,2.6,0
TDMS-ECoR-00433,dropper,ADI-BRC,ECoR,4.0,22.5,31,4.5,2.0,47.5,11.24,2,4.1,1
TDMS-ECoR-00434,feeder_cable,NGP-BZA,ECoR,10.2,22.8,31,3.87,6.0,0.9,4.59,0,3.8,0
TDMS-NCR-00435,OHE_mast,BZA-MAS,NCR,26.4,29.7,28,2.84,13.6,2.9,2.02,0,4.5,0
TDMS-SWR-00436,OHE_mast,ADI-BRC,SWR,9.5,34.0,39,4.08,4.6,27.9,1.76,0,3.0,0
TDMS-SER-00437,stagger_wire,BZA-MAS,SER,14.9,21.9,28,3.95,6.4,7.6,0.26,0,3.5,0
TDMS-SWR-00438,OHE_mast,CSTM-KYN,SWR,12.4,9.8,37,3.93,15.0,0.9,5.36,5,5.3,1
TDMS-CR-00439,dropper,JUC-ADI,CR,23.1,28.6,5,3.84,14.2,2.6,0.86,1,4.7,0
TDMS-SWR-00440,stagger_wire,ADI-BRC,SWR,8.4,9.7,22,4.49,6.0,4.4,0.36,2,3.2,0
TDMS-NWR-00441,OHE_mast,CBE-TVC,NWR,14.2,20.9,136,3.63,8.2,105.9,3.7,1,3.7,0
TDMS-CR-00442,dropper,NDLS-AGC,CR,19.0,28.1,35,3.88,11.8,45.0,2.47,0,4.2,0
TDMS-WR-00443,stagger_wire,CNB-NDLS,WR,27.4,20.1,151,3.4,15.1,62.2,3.4,0,3.4,1
TDMS-ECR-00444,feeder_cable,NDLS-UMB,ECR,24.8,21.2,19,3.86,10.5,7.5,0.44,1,5.0,0
TDMS-SWR-00445,sub_station_25kV,LDH-ASR,SWR,15.7,22.5,5,3.83,7.4,15.8,0.39,4,5.9,0
TDMS-NCR-00446,dropper,NGP-BZA,NCR,7.4,12.3,5,4.39,6.1,4.8,0.54,0,4.3,0
TDMS-SER-00447,return_conductor,ADI-BRC,SER,17.5,19.1,105,3.93,11.2,81.1,2.49,0,2.9,0
TDMS-SECR-00448,dropper,CNB-NDLS,SECR,8.1,40.8,15,4.19,3.4,23.6,0.9,1,1.8,0
TDMS-NWR-00449,feeder_cable,KZJ-BZA,NWR,19.6,21.1,13,3.52,11.5,86.6,2.79,0,5.2,0
TDMS-WR-00450,OHE_mast,CSTM-KYN,WR,10.6,16.9,103,4.08,4.3,41.5,2.12,0,2.7,0
TDMS-NWR-00451,stagger_wire,JUC-ADI,NWR,2.0,35.2,8,4.44,1.8,98.7,1.51,0,2.1,0
TDMS-SWR-00452,switching_post,LDH-ASR,SWR,15.6,40.3,25,3.72,15.4,48.6,0.1,0,3.7,1
TDMS-SER-00453,dropper,CSTM-KYN,SER,42.2,11.6,134,2.29,18.6,31.6,5.08,2,6.1,1
TDMS-SCR-00454,OHE_mast,KYN-IGP,SCR,7.7,14.0,45,3.8,5.1,0.4,0.21,0,2.9,0
TDMS-NR-00455,return_conductor,JUC-ADI,NR,20.0,13.8,148,3.76,12.0,15.3,3.17,0,5.7,0
TDMS-WCR-00456,OHE_mast,MAS-ED,WCR,7.4,30.3,12,4.63,5.6,39.1,1.35,0,2.9,0
TDMS-WR-00457,dropper,CBE-TVC,WR,15.1,19.6,15,3.68,7.1,217.9,3.9,3,5.0,1
TDMS-NWR-00458,return_conductor,LDH-ASR,NWR,17.3,23.8,50,3.74,9.6,29.0,0.97,0,3.1,0
TDMS-ER-00459,OHE_mast,AWB-SC,ER,24.5,20.6,200,3.23,12.2,43.3,1.31,1,4.7,0
TDMS-NR-00460,auto_transformer,ALD-CNB,NR,15.7,33.5,51,3.85,6.7,108.8,11.84,0,3.6,1
TDMS-NFR-00461,section_insulator,BPL-NGP,NFR,27.1,15.6,57,3.48,14.9,4.9,1.47,2,5.6,0
TDMS-NFR-00462,booster_transformer,LDH-ASR,NFR,30.7,14.5,9,3.33,15.1,30.5,2.84,0,4.7,1
TDMS-SECR-00463,dropper,BWN-AZ,SECR,13.7,18.1,76,3.84,5.7,61.8,8.99,1,4.7,0
TDMS-SECR-00464,dropper,MAS-ED,SECR,22.3,16.9,56,3.6,9.4,19.2,3.71,0,3.9,0
TDMS-NR-00465,OHE_mast,AGC-JHS,NR,15.2,18.9,28,4.43,6.5,35.5,1.46,1,3.7,0
TDMS-NFR-00466,return_conductor,AZ-MGS,NFR,15.3,14.7,37,3.79,6.3,49.0,1.48,0,3.6,0
TDMS-SECR-00467,sub_station_25kV,BZA-MAS,SECR,33.4,57.9,43,2.41,14.1,57.9,1.67,1,5.2,1
TDMS-SER-00468,OHE_mast,KZJ-BZA,SER,10.8,13.1,5,4.16,6.9,12.3,1.62,1,4.3,1
TDMS-WR-00469,booster_transformer,LTT-NED,WR,10.6,9.9,156,4.57,4.6,9.1,1.3,0,1.7,0
TDMS-NR-00470,feeder_cable,ASR-JUC,NR,26.0,25.6,42,3.01,11.1,101.4,2.48,1,4.4,0
TDMS-NR-00471,OHE_mast,JUC-ADI,NR,5.2,17.2,36,5.0,9.7,0.9,4.83,0,4.0,0
TDMS-WR-00472,OHE_mast,CSTM-KYN,WR,27.4,27.5,35,3.32,13.9,65.3,2.66,4,6.6,0
TDMS-ER-00473,OHE_mast,AZ-MGS,ER,31.1,10.0,173,3.02,15.0,10.0,0.86,1,4.7,0
TDMS-NFR-00474,feeder_cable,HWH-BWN,NFR,7.8,27.3,107,4.76,3.9,57.7,3.64,0,2.3,0
TDMS-ECR-00475,OHE_mast,NGP-BZA,ECR,18.3,21.5,12,3.27,9.5,30.7,2.17,0,4.0,0
TDMS-SCR-00476,section_insulator,CNB-NDLS,SCR,42.5,24.4,5,1.86,17.7,27.7,2.9,2,5.4,1
TDMS-NWR-00477,dropper,JHS-BPL,NWR,10.5,13.3,64,4.17,6.4,16.9,3.68,0,3.3,0
TDMS-NWR-00478,switching_post,BRC-ST,NWR,8.4,15.9,11,4.32,7.7,103.0,1.86,0,3.6,0
TDMS-WR-00479,dropper,NDLS-AGC,WR,10.4,35.6,6,3.97,7.1,8.0,1.53,1,3.5,0
TDMS-SER-00480,dropper,ALD-CNB,SER,10.5,19.3,200,4.41,5.3,2.2,6.04,1,3.8,0
TDMS-SECR-00481,dropper,KYN-IGP,SECR,13.6,16.6,23,3.78,9.1,32.2,5.92,0,4.9,0
TDMS-ECR-00482,OHE_mast,BPL-NGP,ECR,17.6,30.5,61,3.83,8.3,4.4,3.71,0,3.7,0
TDMS-CR-00483,return_conductor,CNB-NDLS,CR,2.6,12.5,17,4.76,1.9,34.4,1.21,1,1.9,0
TDMS-SCR-00484,switching_post,AGC-JHS,SCR,14.1,20.8,5,4.21,6.9,29.5,3.84,2,3.6,0
TDMS-SCR-00485,OHE_mast,AGC-JHS,SCR,8.7,13.5,11,4.5,5.5,44.3,1.7,0,3.2,0
TDMS-SCR-00486,dropper,JUC-ADI,SCR,12.1,54.8,5,3.46,8.8,80.8,3.57,0,3.3,0
TDMS-CR-00487,stagger_wire,MAS-ED,CR,17.4,19.5,5,4.12,19.6,17.7,0.71,0,4.7,1
TDMS-WR-00488,switching_post,MGS-ALD,WR,13.7,28.7,71,3.91,18.0,35.8,0.1,3,6.7,1
TDMS-NR-00489,auto_transformer,AGC-JHS,NR,28.6,11.6,117,2.96,15.2,28.0,0.4,0,4.7,1
TDMS-WCR-00490,switching_post,JUC-ADI,WCR,21.5,35.3,149,3.75,8.8,7.8,2.76,0,3.4,0
TDMS-WCR-00491,section_insulator,ST-BCT,WCR,16.8,15.4,22,3.36,9.1,19.7,1.68,0,4.0,0
TDMS-CR-00492,switching_post,AZ-MGS,CR,37.0,17.2,15,2.1,15.4,28.8,1.31,0,6.0,1
TDMS-NFR-00493,OHE_mast,BZA-MAS,NFR,50.0,60.0,71,1.44,21.2,3.4,6.48,1,7.8,1
TDMS-SWR-00494,dropper,ASR-JUC,SWR,13.2,23.8,28,3.85,7.6,9.4,0.57,0,4.9,0
TDMS-SCR-00495,switching_post,KYN-IGP,SCR,8.7,32.0,77,4.62,4.7,24.0,6.1,6,6.5,0
TDMS-SECR-00496,OHE_mast,BRC-ST,SECR,20.2,8.7,83,3.81,12.7,39.6,2.06,0,4.1,0
TDMS-ECR-00497,OHE_mast,NDLS-AGC,ECR,33.7,13.6,147,2.73,13.6,38.9,11.12,1,5.5,1
TDMS-WR-00498,section_insulator,BPL-NGP,WR,25.6,22.0,18,3.2,11.7,10.7,1.12,1,4.5,1
TDMS-SWR-00499,booster_transformer,HWH-BWN,SWR,24.7,26.0,14,3.65,13.7,125.0,5.14,0,3.7,0
TDMS-ECR-00500,OHE_mast,MAS-ED,ECR,12.6,17.0,35,4.13,17.1,12.5,2.18,1,5.7,1
TDMS-WCR-00501,OHE_mast,SC-KZJ,WCR,22.1,8.5,29,3.72,11.3,25.1,0.83,0,3.3,0
TDMS-SR-00502,section_insulator,BRC-ST,SR,25.1,18.3,135,3.45,15.6,30.9,5.87,1,5.2,1
TDMS-NWR-00503,stagger_wire,ALD-CNB,NWR,31.4,20.2,18,3.41,14.6,17.7,2.45,1,5.6,0
TDMS-NR-00504,stagger_wire,AGC-JHS,NR,7.3,14.7,58,4.54,25.7,31.6,4.84,0,5.9,1
TDMS-SER-00505,sub_station_25kV,MGS-ALD,SER,28.8,28.9,20,2.92,18.1,19.0,2.94,0,5.9,1
TDMS-SCR-00506,booster_transformer,AWB-SC,SCR,13.2,44.0,5,3.69,8.4,28.6,0.22,0,3.6,0
TDMS-NR-00507,feeder_cable,SC-KZJ,NR,28.9,15.2,5,3.09,13.9,35.8,2.79,0,4.4,0
TDMS-NCR-00508,OHE_mast,ST-BCT,NCR,12.9,28.8,7,4.06,13.1,4.9,0.1,0,2.0,0
TDMS-SCR-00509,feeder_cable,KYN-IGP,SCR,21.1,21.0,23,3.3,11.9,49.5,4.06,0,3.1,0
TDMS-WR-00510,feeder_cable,NDLS-AGC,WR,5.6,15.8,51,4.46,8.9,54.5,1.0,0,3.0,0
TDMS-WCR-00511,OHE_mast,JHS-BPL,WCR,12.9,15.5,21,4.67,7.0,3.4,1.8,0,3.9,0
TDMS-SR-00512,feeder_cable,ALD-CNB,SR,15.6,16.1,75,3.71,8.0,1.9,0.42,0,3.0,0
TDMS-NFR-00513,feeder_cable,ST-BCT,NFR,32.2,24.4,127,2.6,23.8,55.4,0.42,0,6.1,1
TDMS-NER-00514,switching_post,ED-CBE,NER,30.5,46.9,117,3.11,17.7,121.3,3.54,0,5.1,1
TDMS-ER-00515,feeder_cable,AGC-JHS,ER,10.0,23.6,5,4.15,6.3,19.6,0.27,1,3.2,0
TDMS-NR-00516,feeder_cable,AWB-SC,NR,8.1,24.8,5,4.45,10.0,90.0,2.02,2,4.2,0
TDMS-NFR-00517,feeder_cable,NDLS-UMB,NFR,30.5,9.5,64,3.71,12.5,77.1,3.0,0,5.1,0
TDMS-NER-00518,dropper,MAS-ED,NER,15.9,16.7,44,3.83,7.8,9.0,1.53,1,3.7,0
TDMS-ECoR-00519,auto_transformer,KZJ-BZA,ECoR,7.9,20.3,16,4.43,4.4,36.2,2.14,2,3.8,0
TDMS-CR-00520,feeder_cable,ST-BCT,CR,1.0,21.5,110,4.49,6.8,0.7,7.31,2,3.7,0
TDMS-NFR-00521,booster_transformer,LTT-NED,NFR,18.8,27.0,5,3.52,9.4,85.3,4.04,0,3.0,0
TDMS-CR-00522,feeder_cable,BRC-ST,CR,15.9,12.8,13,3.9,8.3,29.4,4.29,0,4.6,0
TDMS-CR-00523,OHE_mast,AWB-SC,CR,50.0,22.2,13,1.21,20.3,127.6,5.77,2,8.4,1
TDMS-ER-00524,OHE_mast,NGP-BZA,ER,12.8,27.1,5,4.27,7.9,17.1,1.45,3,3.3,0
TDMS-ECoR-00525,stagger_wire,ASR-JUC,ECoR,10.9,11.0,37,4.41,6.3,0.9,0.71,0,3.1,0
TDMS-SER-00526,auto_transformer,ALD-CNB,SER,29.1,18.7,7,3.15,12.1,13.5,0.25,0,4.3,0
TDMS-ER-00527,OHE_mast,BCT-RTM,ER,18.6,13.6,48,3.93,12.5,16.3,4.14,1,4.8,0
TDMS-SWR-00528,feeder_cable,ASR-JUC,SWR,16.3,31.6,51,3.15,9.3,27.1,0.92,0,5.1,0
TDMS-WR-00529,OHE_mast,CBE-TVC,WR,4.0,42.5,46,4.54,10.0,6.7,1.77,0,3.5,0
TDMS-CR-00530,auto_transformer,UMB-LDH,CR,14.6,15.1,61,3.59,8.0,45.2,0.82,1,3.1,0
TDMS-ECoR-00531,dropper,JUC-ADI,ECoR,9.4,60.0,200,3.65,6.7,3.1,2.67,0,1.9,0
TDMS-NCR-00532,dropper,CBE-TVC,NCR,21.5,15.9,73,3.74,9.9,10.6,0.72,0,4.9,0
TDMS-SER-00533,OHE_mast,BPL-NGP,SER,7.5,25.3,27,3.91,5.3,0.2,3.07,0,3.2,0
TDMS-ER-00534,dropper,BCT-RTM,ER,17.0,16.3,15,3.88,8.1,31.0,3.86,0,3.8,0
TDMS-NCR-00535,dropper,LTT-NED,NCR,5.6,17.9,11,5.0,2.6,9.7,0.33,0,2.9,0
TDMS-NWR-00536,OHE_mast,KZJ-BZA,NWR,11.7,17.7,83,4.03,4.9,36.6,7.13,0,3.3,0
TDMS-NWR-00537,dropper,NGP-BZA,NWR,15.3,21.2,68,4.13,7.4,33.2,5.98,0,3.4,0
TDMS-ER-00538,booster_transformer,CBE-TVC,ER,10.3,17.9,5,3.61,4.4,61.5,9.63,0,3.3,0
TDMS-SER-00539,auto_transformer,UMB-LDH,SER,26.6,16.8,129,3.69,11.3,47.8,0.58,0,4.3,0
TDMS-ECoR-00540,booster_transformer,AGC-JHS,ECoR,17.1,12.8,34,3.79,7.4,2.0,8.57,2,4.4,0
TDMS-SWR-00541,section_insulator,ED-CBE,SWR,14.4,28.2,5,3.73,9.8,29.2,14.7,2,4.2,1
TDMS-NR-00542,OHE_mast,ADI-BRC,NR,10.4,11.4,152,4.09,6.0,79.0,1.48,0,2.1,0
TDMS-ECoR-00543,dropper,BZA-MAS,ECoR,16.9,20.8,24,3.2,6.9,2.7,0.3,2,4.9,0
TDMS-SR-00544,dropper,AWB-SC,SR,27.4,16.4,28,3.23,11.7,121.2,6.75,0,4.9,0
TDMS-ECoR-00545,feeder_cable,MAS-ED,ECoR,17.5,16.0,52,3.34,7.2,192.8,0.59,0,3.3,0
TDMS-NWR-00546,switching_post,ED-CBE,NWR,7.5,20.6,19,3.87,3.7,22.0,1.44,2,3.4,0
TDMS-NWR-00547,OHE_mast,NGP-BZA,NWR,12.9,26.5,5,3.7,8.4,15.1,2.11,1,2.9,0
TDMS-NWR-00548,sub_station_25kV,AGC-JHS,NWR,8.7,18.5,49,4.42,8.2,74.6,2.11,0,3.2,0
TDMS-ECR-00549,dropper,BPL-NGP,ECR,12.8,13.9,20,3.62,10.5,80.9,3.05,0,2.7,0
TDMS-ECR-00550,stagger_wire,ED-CBE,ECR,37.9,28.6,44,2.15,15.7,69.4,0.78,0,5.2,1
TDMS-SR-00551,sub_station_25kV,UMB-LDH,SR,10.3,19.9,65,4.59,7.7,66.6,1.2,0,2.7,0
TDMS-ECoR-00552,dropper,CSTM-KYN,ECoR,31.2,19.0,5,2.91,12.8,45.7,1.3,0,4.7,0
TDMS-NWR-00553,booster_transformer,NDLS-UMB,NWR,22.8,14.1,46,3.75,18.8,1.4,0.99,3,6.5,1
TDMS-NER-00554,stagger_wire,JUC-ADI,NER,11.2,22.0,79,4.12,6.0,34.4,15.07,2,4.6,1
TDMS-CR-00555,dropper,BZA-MAS,CR,29.1,27.5,5,3.18,11.7,13.1,5.89,0,4.9,0
TDMS-SCR-00556,stagger_wire,BPL-NGP,SCR,11.7,27.1,17,4.14,5.1,36.2,5.62,0,2.1,0
TDMS-NCR-00557,switching_post,LDH-ASR,NCR,21.0,33.0,52,3.56,13.8,14.4,1.45,0,6.0,0
TDMS-NR-00558,booster_transformer,CNB-NDLS,NR,2.7,29.3,82,4.91,2.3,13.7,2.4,1,3.0,0
TDMS-SCR-00559,switching_post,BRC-ST,SCR,18.4,14.4,53,3.38,7.4,12.0,0.2,0,4.4,0
TDMS-SR-00560,dropper,KYN-IGP,SR,26.8,17.6,79,3.46,13.7,18.9,0.61,3,6.9,0
TDMS-ECR-00561,switching_post,BCT-RTM,ECR,15.1,17.1,85,4.01,16.6,18.5,12.06,0,4.4,1
TDMS-WR-00562,stagger_wire,BWN-AZ,WR,36.6,14.6,70,2.27,14.7,79.7,1.65,0,4.8,1
TDMS-SR-00563,feeder_cable,UMB-LDH,SR,26.6,27.2,17,3.07,14.3,20.8,1.97,0,5.2,0
TDMS-NWR-00564,auto_transformer,UMB-LDH,NWR,25.1,18.3,12,3.21,12.8,18.1,2.45,0,5.2,0
TDMS-SECR-00565,switching_post,ALD-CNB,SECR,10.1,13.2,29,4.02,4.1,11.7,6.62,1,3.7,0
TDMS-NCR-00566,switching_post,MGS-ALD,NCR,34.8,9.0,38,2.89,16.3,31.7,6.64,2,7.0,1
TDMS-SWR-00567,stagger_wire,AZ-MGS,SWR,5.1,38.7,5,4.48,2.6,17.8,4.26,1,3.7,0
TDMS-SWR-00568,feeder_cable,MGS-ALD,SWR,26.1,16.4,107,3.94,15.3,153.1,2.53,2,6.3,1
TDMS-NFR-00569,switching_post,BWN-AZ,NFR,38.2,19.7,20,2.51,16.5,25.5,2.36,0,6.1,1
TDMS-ER-00570,OHE_mast,ST-BCT,ER,18.4,16.7,7,3.39,8.1,0.1,2.44,0,2.7,0
TDMS-SWR-00571,stagger_wire,AZ-MGS,SWR,28.9,15.7,10,3.27,13.0,17.3,4.97,0,5.2,0
TDMS-NFR-00572,dropper,ADI-BRC,NFR,18.2,36.6,16,4.05,12.0,8.4,14.95,2,4.8,1
TDMS-SCR-00573,dropper,AWB-SC,SCR,11.8,17.4,20,3.72,5.6,17.3,0.61,0,1.5,0
TDMS-CR-00574,sub_station_25kV,ADI-BRC,CR,12.7,18.4,110,3.83,7.4,11.8,6.33,0,3.5,0
TDMS-ECoR-00575,stagger_wire,NGP-BZA,ECoR,9.7,31.9,19,3.81,7.4,10.0,3.83,0,3.2,0
TDMS-SER-00576,OHE_mast,ADI-BRC,SER,17.1,19.6,11,3.08,7.9,8.9,1.43,0,3.0,0
TDMS-ECoR-00577,section_insulator,KYN-IGP,ECoR,5.5,21.7,22,4.63,5.3,99.0,0.96,0,2.3,0
TDMS-NFR-00578,OHE_mast,CSTM-KYN,NFR,10.6,8.4,8,4.05,13.4,1.3,0.33,1,3.6,1
TDMS-ER-00579,stagger_wire,CSTM-KYN,ER,12.0,13.7,29,4.13,7.2,61.4,0.52,0,3.2,0
TDMS-NWR-00580,booster_transformer,NDLS-UMB,NWR,16.5,10.3,119,4.17,7.2,5.1,2.52,0,2.2,1
TDMS-SECR-00581,feeder_cable,HWH-BWN,SECR,30.1,23.8,62,2.61,15.1,1.9,0.35,0,4.4,1
TDMS-WCR-00582,stagger_wire,CSTM-KYN,WCR,28.7,14.6,99,2.94,23.1,16.9,3.37,3,7.8,1
TDMS-SECR-00583,dropper,MGS-ALD,SECR,36.2,11.2,171,2.5,18.7,41.9,2.43,0,6.1,1
TDMS-CR-00584,feeder_cable,AZ-MGS,CR,11.6,14.9,21,3.49,5.4,182.0,2.17,0,2.4,0
TDMS-WR-00585,auto_transformer,KYN-IGP,WR,32.8,28.3,8,2.58,14.5,12.2,1.19,0,5.2,0
TDMS-ECoR-00586,OHE_mast,HWH-BWN,ECoR,19.4,21.7,47,3.09,8.1,12.0,2.89,0,3.4,0
TDMS-ECoR-00587,OHE_mast,CBE-TVC,ECoR,25.6,18.8,49,3.33,12.3,6.5,0.32,3,6.1,1
TDMS-NFR-00588,dropper,UMB-LDH,NFR,20.3,18.2,46,3.79,9.3,68.2,3.63,2,5.6,0
TDMS-NFR-00589,switching_post,ADI-BRC,NFR,11.6,18.5,65,3.68,7.1,63.5,6.78,0,4.5,0
TDMS-SER-00590,section_insulator,ADI-BRC,SER,24.1,18.8,10,3.86,10.1,25.1,3.42,3,5.1,0
TDMS-NWR-00591,booster_transformer,JHS-BPL,NWR,9.6,13.8,5,4.61,16.1,16.8,5.13,0,4.1,1
TDMS-SECR-00592,feeder_cable,MAS-ED,SECR,4.4,10.1,31,4.61,3.1,10.0,0.69,1,2.7,0
TDMS-SR-00593,OHE_mast,NDLS-UMB,SR,10.7,13.5,7,3.89,6.4,24.6,1.36,1,3.8,0
TDMS-SER-00594,dropper,CNB-NDLS,SER,5.5,10.0,5,4.52,25.5,66.2,6.12,5,6.8,1
TDMS-ECR-00595,OHE_mast,JUC-ADI,ECR,16.9,21.4,27,4.32,8.0,47.5,0.94,4,4.7,0
TDMS-ECoR-00596,stagger_wire,KZJ-BZA,ECoR,13.1,21.6,51,4.11,6.6,27.3,2.8,2,5.1,1
TDMS-WR-00597,stagger_wire,KZJ-BZA,WR,16.3,24.4,34,3.47,11.4,30.7,2.63,0,3.3,0
TDMS-ECoR-00598,dropper,KYN-IGP,ECoR,13.3,28.3,5,3.67,5.6,33.8,2.26,0,3.2,0
TDMS-SECR-00599,OHE_mast,ALD-CNB,SECR,2.7,26.0,9,4.17,2.0,57.4,3.73,0,2.7,0
TDMS-WR-00600,stagger_wire,BZA-MAS,WR,16.3,13.2,25,3.4,8.5,4.9,3.42,1,3.5,0
TDMS-NER-00601,section_insulator,CSTM-KYN,NER,20.1,18.4,76,3.75,10.6,29.3,2.0,0,3.5,0
TDMS-ECoR-00602,dropper,JUC-ADI,ECoR,13.7,19.0,15,3.65,10.7,9.9,3.74,0,4.5,0
TDMS-NWR-00603,dropper,AZ-MGS,NWR,14.9,15.8,87,4.12,10.1,94.9,2.63,0,4.4,0
TDMS-SCR-00604,OHE_mast,JUC-ADI,SCR,18.3,15.3,81,4.15,11.1,99.7,7.2,1,5.8,0
TDMS-NR-00605,feeder_cable,ED-CBE,NR,26.4,15.5,44,4.09,12.0,8.7,3.57,1,5.5,0
TDMS-NER-00606,feeder_cable,SC-KZJ,NER,27.6,18.7,84,3.19,21.8,82.3,2.25,0,4.9,1
TDMS-SER-00607,dropper,HWH-BWN,SER,14.9,34.1,48,2.87,11.3,53.1,1.19,0,2.9,0
TDMS-SWR-00608,auto_transformer,NGP-BZA,SWR,26.5,23.4,9,3.51,12.5,28.2,2.65,1,3.9,0
TDMS-CR-00609,OHE_mast,LDH-ASR,CR,14.3,25.7,5,3.9,7.0,53.4,8.49,0,2.5,1
TDMS-NCR-00610,return_conductor,BPL-NGP,NCR,31.2,24.4,40,2.74,12.5,3.1,11.48,0,5.3,1
TDMS-WR-00611,stagger_wire,HWH-BWN,WR,17.2,20.6,10,3.79,8.3,108.8,0.87,0,4.1,0
TDMS-ER-00612,OHE_mast,BZA-MAS,ER,10.2,7.0,42,4.08,4.2,37.1,0.63,4,4.1,0
TDMS-ECoR-00613,feeder_cable,MAS-ED,ECoR,15.1,49.3,11,3.95,7.1,0.8,4.04,1,4.1,0
TDMS-NCR-00614,booster_transformer,BRC-ST,NCR,7.8,19.9,6,4.33,3.8,19.3,6.45,0,3.4,0
TDMS-WR-00615,dropper,ADI-BRC,WR,6.3,27.6,24,4.51,3.7,21.2,7.27,0,3.6,0
TDMS-SER-00616,sub_station_25kV,MAS-ED,SER,23.3,14.9,62,3.42,9.5,83.4,2.21,1,5.3,0
TDMS-WCR-00617,OHE_mast,BPL-NGP,WCR,21.8,23.2,12,3.65,13.2,51.9,1.77,0,4.1,0
TDMS-NER-00618,dropper,BCT-RTM,NER,8.9,16.0,82,4.29,3.8,3.6,2.77,0,3.2,0
TDMS-NWR-00619,auto_transformer,BRC-ST,NWR,9.5,38.9,100,3.83,7.6,0.9,1.72,0,3.1,0
TDMS-SWR-00620,booster_transformer,NDLS-UMB,SWR,18.4,12.1,13,4.01,15.6,1.5,3.02,0,4.3,1
TDMS-NER-00621,OHE_mast,NGP-BZA,NER,13.1,15.0,13,4.6,7.3,1.3,2.19,0,3.7,0
TDMS-WCR-00622,stagger_wire,MAS-ED,WCR,14.8,17.4,19,3.93,10.5,15.8,1.74,0,3.9,0
TDMS-NR-00623,dropper,LDH-ASR,NR,28.7,20.2,56,3.66,20.1,11.8,0.44,0,4.6,1
TDMS-CR-00624,stagger_wire,UMB-LDH,CR,29.3,26.9,5,3.4,14.0,64.5,4.13,0,3.7,1
TDMS-SR-00625,sub_station_25kV,HWH-BWN,SR,15.0,29.0,71,3.89,6.9,46.4,1.83,0,3.4,0
TDMS-ECR-00626,OHE_mast,CBE-TVC,ECR,7.0,11.1,32,4.94,2.9,6.9,2.22,0,4.6,0
TDMS-SER-00627,OHE_mast,UMB-LDH,SER,22.6,15.3,41,3.26,10.7,34.5,0.1,2,4.8,0
TDMS-NER-00628,OHE_mast,ALD-CNB,NER,11.5,24.5,75,4.66,5.1,113.4,4.95,0,2.3,0
TDMS-NER-00629,section_insulator,LTT-NED,NER,15.9,18.6,5,3.67,12.1,35.9,0.97,0,3.9,0
TDMS-NER-00630,OHE_mast,ADI-BRC,NER,5.8,18.6,90,3.52,7.0,24.3,3.25,1,3.6,0
TDMS-NCR-00631,dropper,ED-CBE,NCR,16.3,10.7,128,3.94,10.5,65.6,1.17,0,3.5,0
TDMS-SR-00632,auto_transformer,NDLS-AGC,SR,40.1,7.0,52,2.68,16.3,72.0,3.45,0,6.3,1
TDMS-SER-00633,feeder_cable,AWB-SC,SER,34.4,11.3,65,2.87,16.9,19.2,11.46,1,6.3,1
TDMS-NWR-00634,return_conductor,KYN-IGP,NWR,15.4,23.7,6,3.71,7.3,7.8,7.74,0,4.2,0
TDMS-NWR-00635,feeder_cable,NDLS-AGC,NWR,7.3,23.5,32,4.24,4.9,69.5,1.32,1,2.5,0
TDMS-NCR-00636,switching_post,AWB-SC,NCR,13.4,16.0,12,3.67,16.0,59.8,0.1,0,4.7,1
TDMS-NWR-00637,feeder_cable,NDLS-UMB,NWR,3.5,20.0,70,4.38,1.7,46.1,0.77,3,3.7,1
TDMS-SWR-00638,switching_post,AZ-MGS,SWR,16.5,13.6,71,4.27,9.8,24.1,1.1,1,4.0,0
TDMS-NFR-00639,dropper,LTT-NED,NFR,38.3,29.2,21,2.75,23.2,7.5,0.66,0,6.3,1
TDMS-SCR-00640,dropper,ALD-CNB,SCR,5.7,11.9,56,4.59,2.4,60.0,6.52,1,3.2,0
TDMS-ECR-00641,feeder_cable,ED-CBE,ECR,43.9,22.4,33,1.9,20.5,9.5,1.11,0,6.4,1
TDMS-NER-00642,auto_transformer,ST-BCT,NER,36.7,13.0,32,2.51,17.4,11.8,1.41,0,6.8,0
TDMS-ER-00643,OHE_mast,AGC-JHS,ER,23.4,9.3,49,3.56,12.1,7.1,0.91,0,3.3,0
TDMS-NR-00644,section_insulator,JHS-BPL,NR,11.6,35.4,39,3.83,5.6,85.7,2.19,2,4.3,0
TDMS-NER-00645,stagger_wire,LDH-ASR,NER,11.3,12.5,8,4.28,8.4,26.7,2.66,1,3.6,0
TDMS-NCR-00646,OHE_mast,JHS-BPL,NCR,20.8,19.6,43,3.72,14.0,5.1,6.57,1,6.1,0
TDMS-NCR-00647,auto_transformer,ED-CBE,NCR,15.2,23.7,25,4.01,7.2,57.7,3.56,1,3.8,0
TDMS-ER-00648,return_conductor,CSTM-KYN,ER,20.1,32.9,26,3.42,8.6,32.1,1.93,0,4.7,0
TDMS-SWR-00649,sub_station_25kV,JHS-BPL,SWR,27.5,12.8,71,2.72,20.1,57.0,1.22,0,4.6,1
TDMS-SER-00650,stagger_wire,AZ-MGS,SER,15.8,23.7,62,3.91,11.6,43.6,0.1,0,4.3,0
TDMS-NFR-00651,return_conductor,CBE-TVC,NFR,8.8,15.3,57,4.24,11.7,58.1,2.73,0,3.4,1
TDMS-SR-00652,dropper,CNB-NDLS,SR,3.9,15.6,81,4.33,2.0,5.7,0.4,9,6.6,1
TDMS-ECR-00653,OHE_mast,BPL-NGP,ECR,4.7,15.3,9,4.54,8.1,6.1,3.33,0,3.0,0
TDMS-ER-00654,dropper,LTT-NED,ER,15.4,15.5,31,4.29,11.7,27.9,6.73,0,4.2,0
TDMS-WCR-00655,dropper,AWB-SC,WCR,19.6,25.1,145,3.49,9.6,62.0,1.58,0,4.7,0
TDMS-WCR-00656,sub_station_25kV,CSTM-KYN,WCR,3.1,36.7,5,4.36,2.8,43.7,1.1,0,1.7,0
TDMS-WR-00657,switching_post,SC-KZJ,WR,16.5,40.5,124,3.6,8.3,63.0,2.24,2,4.3,0
TDMS-CR-00658,booster_transformer,BPL-NGP,CR,24.4,52.9,7,2.66,12.5,18.0,1.0,0,4.3,0
TDMS-SWR-00659,OHE_mast,NDLS-UMB,SWR,27.1,14.9,5,3.42,13.6,1.4,0.35,0,5.2,1
TDMS-SWR-00660,sub_station_25kV,LDH-ASR,SWR,22.2,60.0,9,3.44,13.8,4.8,4.61,1,6.2,0
TDMS-WCR-00661,OHE_mast,CBE-TVC,WCR,11.6,21.3,26,3.96,6.0,13.7,0.91,0,3.2,0
TDMS-NR-00662,OHE_mast,MAS-ED,NR,7.5,25.0,14,4.28,3.1,101.0,0.27,0,3.5,0
TDMS-CR-00663,feeder_cable,BWN-AZ,CR,40.2,31.5,27,1.89,17.2,53.0,0.7,1,6.4,1
TDMS-ECoR-00664,stagger_wire,LDH-ASR,ECoR,38.2,19.1,28,2.25,18.7,36.9,1.22,0,5.1,1
TDMS-NFR-00665,booster_transformer,CBE-TVC,NFR,14.6,22.2,200,3.74,11.8,92.5,4.13,0,4.1,0
TDMS-WCR-00666,sub_station_25kV,AWB-SC,WCR,21.0,23.2,36,3.1,9.4,0.2,9.85,0,4.4,0
TDMS-NWR-00667,auto_transformer,MAS-ED,NWR,12.5,16.1,65,4.42,8.8,29.4,1.02,0,3.2,0
TDMS-NCR-00668,section_insulator,CSTM-KYN,NCR,30.9,20.8,5,3.19,14.1,48.5,4.48,0,5.8,0
TDMS-ECR-00669,feeder_cable,KYN-IGP,ECR,19.1,14.7,41,3.84,7.9,1.1,0.47,1,4.4,0
TDMS-ECoR-00670,feeder_cable,MAS-ED,ECoR,6.4,19.4,14,4.06,2.8,51.6,11.45,0,1.8,1
TDMS-NWR-00671,feeder_cable,CNB-NDLS,NWR,27.2,36.2,13,2.67,11.4,43.0,0.65,0,4.3,0
TDMS-NWR-00672,auto_transformer,CBE-TVC,NWR,36.3,35.5,200,2.24,18.2,37.7,3.22,0,5.7,1
TDMS-ER-00673,switching_post,JHS-BPL,ER,27.5,9.0,16,3.17,16.5,129.3,0.1,0,6.0,1
TDMS-SECR-00674,stagger_wire,AWB-SC,SECR,40.6,23.2,92,2.65,16.5,8.0,4.94,0,5.5,1
TDMS-WR-00675,booster_transformer,ED-CBE,WR,10.7,21.0,27,4.61,5.3,143.1,4.15,2,5.3,0
TDMS-CR-00676,dropper,CSTM-KYN,CR,7.2,14.9,21,4.53,9.7,100.3,1.0,0,4.8,0
TDMS-NER-00677,OHE_mast,NDLS-UMB,NER,50.0,15.5,6,1.59,23.1,64.6,0.25,0,7.1,1
TDMS-WCR-00678,OHE_mast,HWH-BWN,WCR,16.6,17.8,48,4.2,7.9,100.7,1.72,0,4.8,0
TDMS-NR-00679,stagger_wire,JUC-ADI,NR,16.9,25.1,34,3.46,9.6,133.2,0.14,0,3.4,0
TDMS-SER-00680,dropper,AZ-MGS,SER,38.0,15.9,43,2.3,16.4,32.2,0.15,3,6.9,1
TDMS-SECR-00681,switching_post,UMB-LDH,SECR,5.1,25.5,80,4.31,2.5,21.8,5.35,0,1.6,0
TDMS-NWR-00682,feeder_cable,NGP-BZA,NWR,13.1,26.4,71,4.19,5.2,14.8,2.33,0,3.6,0
TDMS-NCR-00683,OHE_mast,AZ-MGS,NCR,21.1,22.3,5,3.58,12.6,10.2,0.31,2,4.9,0
TDMS-NFR-00684,OHE_mast,BWN-AZ,NFR,14.6,19.0,5,4.12,7.6,28.1,8.72,0,4.5,0
TDMS-NER-00685,OHE_mast,AWB-SC,NER,3.7,19.3,33,3.81,7.1,60.7,2.86,2,4.1,0
TDMS-CR-00686,OHE_mast,KYN-IGP,CR,38.7,20.3,5,2.46,20.4,18.9,5.22,0,5.7,1
TDMS-NER-00687,OHE_mast,BCT-RTM,NER,5.1,33.2,162,4.16,2.2,69.3,3.17,1,2.5,0
TDMS-ECR-00688,switching_post,NDLS-UMB,ECR,7.1,19.7,49,4.7,5.1,27.5,5.65,0,4.3,0
TDMS-NFR-00689,switching_post,LTT-NED,NFR,43.9,21.4,93,2.51,18.8,11.2,0.91,0,5.2,1
TDMS-SR-00690,dropper,LTT-NED,SR,6.4,15.6,5,4.79,9.8,38.1,1.11,0,2.5,0
TDMS-SECR-00691,OHE_mast,BWN-AZ,SECR,10.9,13.3,27,4.4,15.7,108.8,1.73,0,3.9,1
TDMS-NCR-00692,OHE_mast,UMB-LDH,NCR,11.2,15.7,27,3.64,5.3,7.3,2.56,1,3.4,1
TDMS-SECR-00693,feeder_cable,KZJ-BZA,SECR,14.4,35.7,12,4.06,6.5,28.4,0.55,2,3.2,0
TDMS-SR-00694,section_insulator,BWN-AZ,SR,26.3,21.2,5,3.63,11.0,2.9,3.1,2,6.1,0
TDMS-NR-00695,OHE_mast,KYN-IGP,NR,15.8,15.8,14,3.53,13.2,58.4,9.26,2,5.1,0
TDMS-ER-00696,OHE_mast,CNB-NDLS,ER,5.6,24.6,51,4.15,4.0,83.6,6.16,0,4.8,0
TDMS-SER-00697,stagger_wire,NDLS-AGC,SER,32.6,11.9,5,2.83,13.8,8.1,0.95,0,6.1,0
TDMS-SER-00698,feeder_cable,KZJ-BZA,SER,34.3,11.9,31,2.78,14.8,6.1,1.96,0,4.3,0
TDMS-SECR-00699,dropper,KZJ-BZA,SECR,30.4,20.0,26,3.39,13.7,1.3,2.39,0,5.4,0
TDMS-ECR-00700,booster_transformer,HWH-BWN,ECR,15.5,34.0,13,3.99,18.0,52.5,3.0,1,4.6,1
TDMS-CR-00701,OHE_mast,NDLS-UMB,CR,15.4,32.4,15,3.96,12.9,1.7,3.54,0,3.5,0
TDMS-NR-00702,OHE_mast,BRC-ST,NR,30.6,16.5,11,3.28,14.3,141.9,4.13,1,4.9,0
TDMS-ECoR-00703,OHE_mast,AWB-SC,ECoR,5.6,17.7,46,4.44,8.3,11.2,5.05,2,3.5,0
TDMS-WR-00704,auto_transformer,LDH-ASR,WR,9.0,26.7,28,3.63,4.4,36.2,0.3,0,2.3,0
TDMS-SWR-00705,sub_station_25kV,JHS-BPL,SWR,3.3,20.3,67,4.85,3.6,43.2,5.79,1,2.4,0
TDMS-NR-00706,dropper,BCT-RTM,NR,16.1,22.9,54,3.9,11.0,6.8,0.94,0,5.0,0
TDMS-NFR-00707,switching_post,CBE-TVC,NFR,15.5,18.7,36,4.15,6.8,6.8,1.18,0,3.9,0
TDMS-ER-00708,sub_station_25kV,SC-KZJ,ER,5.6,16.0,158,4.9,4.4,0.6,0.84,1,2.8,0
TDMS-NER-00709,auto_transformer,BPL-NGP,NER,14.0,33.5,22,3.24,6.9,55.8,1.97,0,3.4,0
TDMS-SR-00710,stagger_wire,ED-CBE,SR,29.8,21.5,93,3.13,16.4,5.5,0.91,0,5.9,1
TDMS-NFR-00711,section_insulator,AGC-JHS,NFR,31.8,13.9,29,2.84,18.6,14.4,3.21,0,5.5,1
TDMS-NER-00712,auto_transformer,BWN-AZ,NER,12.6,25.9,11,4.52,5.5,28.9,1.26,1,2.6,0
TDMS-SER-00713,switching_post,NDLS-UMB,SER,13.6,14.1,45,4.06,10.3,57.6,3.69,0,4.3,0
TDMS-NER-00714,OHE_mast,AGC-JHS,NER,7.9,18.8,30,4.32,6.3,12.7,5.0,0,3.0,0
TDMS-CR-00715,switching_post,CNB-NDLS,CR,7.5,28.4,18,4.24,22.8,55.5,2.05,0,4.4,1
TDMS-SR-00716,booster_transformer,LDH-ASR,SR,17.1,14.7,84,4.44,8.2,18.7,3.39,0,3.0,0
TDMS-ECoR-00717,return_conductor,ST-BCT,ECoR,17.2,15.2,5,3.92,8.6,43.6,7.41,0,5.9,0
TDMS-NFR-00718,stagger_wire,JHS-BPL,NFR,19.7,44.6,17,3.55,10.2,21.2,6.1,0,3.3,0
TDMS-SCR-00719,feeder_cable,SC-KZJ,SCR,12.6,16.9,59,4.51,9.8,86.1,1.41,0,3.3,0
TDMS-SER-00720,feeder_cable,LDH-ASR,SER,2.6,14.6,8,4.84,3.0,15.9,4.97,1,3.1,0
TDMS-ECoR-00721,OHE_mast,NDLS-AGC,ECoR,33.3,27.4,30,2.81,13.9,50.6,2.18,1,5.2,0
TDMS-CR-00722,OHE_mast,HWH-BWN,CR,7.2,18.1,20,4.7,8.2,36.4,0.98,2,4.7,0
TDMS-WCR-00723,OHE_mast,CNB-NDLS,WCR,25.1,53.9,17,3.06,10.8,67.5,1.45,1,4.8,0
TDMS-NER-00724,dropper,NDLS-AGC,NER,10.0,16.4,24,4.47,4.4,89.0,2.58,1,3.8,0
TDMS-NWR-00725,dropper,BRC-ST,NWR,7.8,19.5,34,3.83,4.7,100.4,2.89,2,3.6,0
TDMS-NCR-00726,dropper,BPL-NGP,NCR,38.5,26.4,16,3.05,18.0,40.4,6.73,3,8.3,1
TDMS-NWR-00727,OHE_mast,SC-KZJ,NWR,6.1,14.4,23,4.3,7.7,14.9,0.22,0,2.6,0
TDMS-NCR-00728,OHE_mast,LDH-ASR,NCR,5.9,21.5,43,4.26,2.9,2.8,1.28,1,2.2,0
TDMS-SCR-00729,feeder_cable,KZJ-BZA,SCR,17.7,22.1,18,3.52,7.5,9.9,0.8,0,3.7,0
TDMS-ER-00730,feeder_cable,LDH-ASR,ER,21.8,13.2,91,3.2,18.5,7.2,0.32,2,6.2,1
TDMS-ECoR-00731,OHE_mast,ALD-CNB,ECoR,18.1,18.2,73,4.11,11.7,8.9,0.55,0,4.0,0
TDMS-NWR-00732,feeder_cable,NDLS-AGC,NWR,20.6,17.4,6,3.55,9.9,109.6,1.22,0,4.3,0
TDMS-SR-00733,section_insulator,ADI-BRC,SR,11.5,18.1,84,3.74,8.6,27.4,2.85,1,3.7,0
TDMS-ER-00734,dropper,MAS-ED,ER,14.4,17.0,8,3.78,6.3,22.6,3.95,0,3.4,0
TDMS-NCR-00735,OHE_mast,MAS-ED,NCR,22.7,16.1,5,3.28,9.3,10.3,2.06,1,4.3,0
TDMS-ECR-00736,section_insulator,KYN-IGP,ECR,20.6,37.4,169,3.78,9.7,27.7,0.28,2,4.4,0
TDMS-NR-00737,feeder_cable,NGP-BZA,NR,17.1,32.1,35,3.29,12.0,176.1,4.44,2,4.2,0
TDMS-NFR-00738,OHE_mast,BCT-RTM,NFR,8.0,26.9,91,4.14,4.0,9.4,2.18,0,2.4,0
TDMS-SCR-00739,auto_transformer,HWH-BWN,SCR,46.9,26.7,12,2.18,19.1,13.5,4.44,1,6.3,1
TDMS-ER-00740,OHE_mast,LTT-NED,ER,30.5,17.7,130,2.64,14.8,57.7,0.87,0,6.0,0
TDMS-WR-00741,OHE_mast,LDH-ASR,WR,16.8,18.1,103,3.48,16.5,105.7,0.95,2,4.6,1
TDMS-WR-00742,switching_post,CSTM-KYN,WR,15.0,30.7,34,4.5,6.9,29.8,0.7,1,3.5,0
TDMS-SCR-00743,return_conductor,NGP-BZA,SCR,8.6,16.4,83,4.22,5.8,59.3,0.67,1,3.6,0
TDMS-NWR-00744,stagger_wire,KYN-IGP,NWR,23.9,30.1,21,3.97,13.6,0.6,2.02,1,5.5,0
TDMS-WR-00745,OHE_mast,ASR-JUC,WR,31.4,26.4,41,2.74,13.9,40.9,2.32,0,5.4,0
TDMS-NCR-00746,booster_transformer,AGC-JHS,NCR,19.1,9.9,49,3.83,8.9,1.7,0.52,1,3.4,0
TDMS-NWR-00747,switching_post,HWH-BWN,NWR,50.0,19.7,84,2.51,23.3,184.0,15.91,0,7.5,1
TDMS-ECR-00748,feeder_cable,UMB-LDH,ECR,13.5,8.1,47,3.94,7.2,32.1,1.98,1,4.3,0
TDMS-ER-00749,dropper,CSTM-KYN,ER,16.6,17.4,173,3.53,14.3,7.0,1.31,0,3.7,0
TDMS-CR-00750,booster_transformer,ST-BCT,CR,7.2,11.4,5,4.39,3.4,79.3,5.69,0,2.3,0
TDMS-SER-00751,stagger_wire,AGC-JHS,SER,12.2,11.7,81,4.37,6.3,50.4,5.05,0,3.0,0
TDMS-SER-00752,sub_station_25kV,AWB-SC,SER,7.1,33.3,15,4.39,2.9,16.4,0.8,0,2.8,0
TDMS-SCR-00753,OHE_mast,AZ-MGS,SCR,21.2,13.6,5,3.72,9.1,1.8,5.55,0,5.2,0
TDMS-NWR-00754,feeder_cable,CBE-TVC,NWR,13.1,12.3,10,4.07,6.9,41.7,1.0,0,4.5,0
TDMS-SWR-00755,sub_station_25kV,BPL-NGP,SWR,5.2,14.1,71,5.0,3.5,40.4,0.21,0,3.8,1
TDMS-NER-00756,booster_transformer,AZ-MGS,NER,9.8,16.5,22,4.72,5.1,15.0,0.1,1,3.4,0
TDMS-ER-00757,feeder_cable,BWN-AZ,ER,12.7,26.7,49,3.8,5.2,41.4,2.21,0,3.4,0
TDMS-ER-00758,OHE_mast,LTT-NED,ER,8.4,11.3,48,4.53,6.0,7.4,1.24,2,3.9,0
TDMS-ER-00759,feeder_cable,NDLS-AGC,ER,17.7,27.2,19,3.81,13.7,103.0,4.33,1,4.5,0
TDMS-CR-00760,sub_station_25kV,BRC-ST,CR,29.4,10.0,34,3.0,12.8,18.2,2.3,1,4.7,0
TDMS-ECoR-00761,auto_transformer,AGC-JHS,ECoR,33.0,17.7,31,3.34,14.3,6.7,4.53,0,6.4,0
TDMS-NR-00762,booster_transformer,BPL-NGP,NR,12.7,18.9,25,4.45,8.5,80.0,3.48,3,4.6,0
TDMS-SR-00763,section_insulator,BZA-MAS,SR,22.4,20.7,12,3.63,13.4,19.6,12.74,2,4.2,1
TDMS-SER-00764,OHE_mast,LDH-ASR,SER,11.4,12.5,27,4.26,12.2,45.4,1.97,0,3.7,0
TDMS-NCR-00765,booster_transformer,KZJ-BZA,NCR,38.2,19.2,5,2.43,16.4,38.5,1.24,0,5.6,1
TDMS-ER-00766,OHE_mast,NGP-BZA,ER,12.7,10.4,55,3.84,6.3,7.4,0.6,0,3.5,0
TDMS-NCR-00767,auto_transformer,BRC-ST,NCR,14.2,19.6,30,4.14,8.3,21.4,3.22,0,3.7,0
TDMS-SECR-00768,switching_post,CSTM-KYN,SECR,8.1,34.5,72,4.01,4.1,70.5,2.32,1,2.6,0
TDMS-SCR-00769,sub_station_25kV,ST-BCT,SCR,11.4,16.8,11,4.34,5.3,8.6,3.69,1,4.8,0
TDMS-ECR-00770,dropper,SC-KZJ,ECR,16.9,15.9,22,3.54,8.1,27.4,4.58,5,5.5,1
TDMS-SCR-00771,OHE_mast,ST-BCT,SCR,13.7,21.2,113,3.23,6.2,29.7,3.16,1,4.2,0
TDMS-CR-00772,OHE_mast,UMB-LDH,CR,17.4,15.3,33,3.52,7.5,86.0,5.12,0,3.9,0
TDMS-SCR-00773,return_conductor,MAS-ED,SCR,26.6,33.1,109,2.42,15.0,37.5,0.72,0,4.1,1
TDMS-NFR-00774,feeder_cable,BZA-MAS,NFR,13.6,10.9,22,4.62,10.6,80.6,6.93,1,4.0,0
TDMS-SR-00775,OHE_mast,BRC-ST,SR,27.6,32.6,118,3.77,23.7,84.3,0.82,0,6.4,1
TDMS-WR-00776,OHE_mast,CBE-TVC,WR,5.7,11.6,30,4.24,3.5,23.1,1.21,1,2.8,0
TDMS-NR-00777,stagger_wire,CBE-TVC,NR,1.4,17.9,9,4.29,6.1,3.8,0.4,1,3.1,0
TDMS-NR-00778,OHE_mast,KZJ-BZA,NR,15.3,13.8,32,3.59,6.3,88.5,0.58,3,4.7,0
TDMS-NER-00779,dropper,AWB-SC,NER,15.0,15.5,49,3.88,8.1,7.9,3.66,0,3.3,0
TDMS-CR-00780,OHE_mast,NDLS-AGC,CR,36.2,20.1,54,2.99,14.8,31.3,0.48,0,5.6,0
TDMS-WR-00781,feeder_cable,BPL-NGP,WR,2.2,31.9,32,4.22,1.8,5.4,13.15,1,2.5,1
TDMS-NER-00782,OHE_mast,BCT-RTM,NER,17.9,40.3,31,3.67,7.7,129.9,8.61,0,3.4,0
TDMS-NR-00783,OHE_mast,BRC-ST,NR,27.2,24.0,12,3.11,12.7,0.5,0.21,1,5.9,0
TDMS-NER-00784,sub_station_25kV,KZJ-BZA,NER,25.5,17.4,5,3.73,11.9,16.0,4.67,0,4.9,0
TDMS-NCR-00785,OHE_mast,HWH-BWN,NCR,16.8,21.9,5,4.03,8.4,161.4,1.42,2,3.8,0
TDMS-WCR-00786,section_insulator,ST-BCT,WCR,12.5,30.9,21,4.17,5.7,7.8,4.94,2,3.6,0
TDMS-SCR-00787,feeder_cable,MAS-ED,SCR,7.4,31.8,14,4.13,8.2,50.5,0.21,1,3.8,0
TDMS-CR-00788,dropper,MAS-ED,CR,33.5,25.7,101,2.73,13.9,40.2,2.94,0,5.7,0
TDMS-ECR-00789,dropper,CNB-NDLS,ECR,12.0,21.2,5,4.16,9.1,0.5,3.79,1,3.3,0
TDMS-NWR-00790,booster_transformer,NDLS-AGC,NWR,16.5,9.4,77,4.18,13.6,86.2,5.63,0,4.8,0
TDMS-WR-00791,auto_transformer,BWN-AZ,WR,9.7,32.8,32,4.02,5.2,0.9,6.58,0,3.6,0
TDMS-SCR-00792,feeder_cable,CSTM-KYN,SCR,43.9,21.5,71,2.24,21.0,49.4,0.1,0,6.6,1
TDMS-ER-00793,switching_post,ADI-BRC,ER,5.9,7.6,7,4.66,6.7,24.0,4.13,0,2.4,0
TDMS-NER-00794,return_conductor,ADI-BRC,NER,10.5,13.6,103,4.27,5.5,2.7,0.48,0,2.6,0
TDMS-NCR-00795,feeder_cable,ASR-JUC,NCR,29.3,27.9,19,2.67,13.6,25.5,2.3,0,5.0,0
TDMS-NCR-00796,stagger_wire,HWH-BWN,NCR,17.8,17.7,171,4.28,7.2,45.0,1.39,0,4.1,1
TDMS-ECR-00797,OHE_mast,AWB-SC,ECR,24.5,18.3,65,3.32,10.5,2.3,0.76,0,4.6,0
TDMS-NCR-00798,booster_transformer,CSTM-KYN,NCR,14.5,31.6,84,3.91,8.0,95.9,1.08,1,3.6,0
TDMS-NR-00799,auto_transformer,ASR-JUC,NR,7.1,12.0,5,4.05,3.7,16.0,0.91,0,3.0,0
TDMS-WR-00800,OHE_mast,KZJ-BZA,WR,21.5,17.5,5,3.23,9.5,8.8,0.77,1,6.5,0
TDMS-NER-00801,booster_transformer,KZJ-BZA,NER,1.9,8.6,9,4.79,2.1,74.0,3.16,0,1.2,0
TDMS-SER-00802,OHE_mast,AGC-JHS,SER,15.6,20.4,54,3.84,9.4,21.4,1.27,1,4.0,0
TDMS-CR-00803,return_conductor,KYN-IGP,CR,14.3,12.0,42,3.58,8.0,78.5,6.73,1,3.3,0
TDMS-CR-00804,stagger_wire,JHS-BPL,CR,19.7,17.1,70,3.39,8.3,14.4,2.33,0,3.7,0
TDMS-NWR-00805,OHE_mast,BWN-AZ,NWR,8.1,12.8,72,4.63,5.2,35.1,2.19,0,3.4,0
TDMS-ECoR-00806,OHE_mast,ASR-JUC,ECoR,8.7,45.1,78,4.01,4.0,149.7,7.74,0,1.9,0
TDMS-SCR-00807,OHE_mast,LDH-ASR,SCR,31.1,18.9,200,3.24,14.1,17.8,6.31,1,5.8,0
TDMS-CR-00808,booster_transformer,CSTM-KYN,CR,6.1,28.3,46,4.14,9.3,27.8,0.1,1,3.7,0
TDMS-NWR-00809,auto_transformer,ASR-JUC,NWR,4.4,24.0,31,4.16,3.9,66.0,2.82,0,1.9,0
TDMS-ECR-00810,dropper,BPL-NGP,ECR,30.5,34.4,21,2.42,30.0,40.1,2.8,2,7.3,1
TDMS-NER-00811,feeder_cable,KZJ-BZA,NER,18.6,17.7,153,3.19,8.9,62.0,7.74,3,4.3,0
TDMS-NER-00812,dropper,CBE-TVC,NER,19.0,16.0,47,3.57,8.2,17.6,3.75,0,3.6,0
TDMS-NCR-00813,switching_post,LDH-ASR,NCR,20.7,23.8,55,3.47,14.3,21.3,1.78,2,5.9,0
TDMS-ECoR-00814,booster_transformer,MGS-ALD,ECoR,11.6,21.7,59,3.89,5.3,1.2,0.17,0,2.2,0
TDMS-SECR-00815,section_insulator,MGS-ALD,SECR,13.5,17.9,14,4.16,7.9,64.8,0.27,0,3.3,0
TDMS-SWR-00816,auto_transformer,CSTM-KYN,SWR,39.8,21.2,57,2.2,17.5,32.4,1.88,0,6.8,1
TDMS-SWR-00817,OHE_mast,UMB-LDH,SWR,5.9,18.9,11,4.22,11.1,32.9,12.32,0,3.4,1
TDMS-WCR-00818,sub_station_25kV,ASR-JUC,WCR,9.1,19.3,33,3.97,11.2,16.2,14.25,8,7.3,1
TDMS-WCR-00819,OHE_mast,MGS-ALD,WCR,23.6,30.3,6,3.42,12.6,90.0,1.95,1,4.7,0
TDMS-NER-00820,OHE_mast,BPL-NGP,NER,10.6,21.9,33,4.06,10.2,49.4,6.46,0,2.7,0
TDMS-SECR-00821,dropper,AWB-SC,SECR,22.7,13.3,102,3.55,9.8,2.4,0.72,0,2.9,0
TDMS-SR-00822,OHE_mast,NDLS-AGC,SR,17.6,24.9,20,4.09,9.0,57.8,1.13,0,3.5,0
TDMS-WR-00823,dropper,HWH-BWN,WR,19.9,10.8,26,4.37,17.9,1.7,1.44,0,6.3,1
TDMS-WCR-00824,switching_post,ED-CBE,WCR,15.6,19.2,43,3.13,7.7,16.6,3.6,0,3.4,0
TDMS-NCR-00825,feeder_cable,BRC-ST,NCR,12.0,38.6,200,4.1,7.9,24.3,5.22,1,3.4,0
TDMS-CR-00826,dropper,LDH-ASR,CR,7.9,37.7,115,3.75,4.1,41.8,1.49,0,3.0,0
TDMS-WR-00827,booster_transformer,BPL-NGP,WR,5.6,13.3,23,4.5,4.8,44.8,1.88,0,2.3,0
TDMS-SWR-00828,OHE_mast,UMB-LDH,SWR,15.7,16.8,184,3.48,8.0,27.9,0.23,1,4.0,0
TDMS-WCR-00829,auto_transformer,AZ-MGS,WCR,10.9,13.6,61,3.74,4.5,15.9,0.98,3,4.4,0
TDMS-WR-00830,dropper,KZJ-BZA,WR,31.9,30.7,5,2.41,16.6,36.6,4.9,1,4.7,1
TDMS-NFR-00831,stagger_wire,NDLS-UMB,NFR,20.0,18.8,187,3.34,8.7,46.0,0.13,2,5.6,0
TDMS-CR-00832,OHE_mast,SC-KZJ,CR,39.2,26.4,54,1.75,18.5,13.6,4.22,3,7.1,1
TDMS-SER-00833,switching_post,AZ-MGS,SER,20.0,20.2,45,3.35,11.0,36.3,2.12,2,6.0,0
TDMS-SR-00834,section_insulator,AGC-JHS,SR,50.0,18.4,153,1.57,24.0,28.0,0.95,0,6.4,1
TDMS-NWR-00835,switching_post,CNB-NDLS,NWR,1.4,8.3,31,5.0,2.5,2.8,1.89,0,1.8,0
TDMS-WR-00836,OHE_mast,KYN-IGP,WR,9.8,21.4,9,3.87,9.2,75.1,1.8,0,3.0,0
TDMS-ECoR-00837,return_conductor,HWH-BWN,ECoR,3.5,23.4,15,4.49,2.9,97.8,11.15,3,3.1,1
TDMS-NER-00838,feeder_cable,CSTM-KYN,NER,18.7,14.6,39,2.87,8.9,37.4,3.65,2,5.5,0
TDMS-SER-00839,auto_transformer,ED-CBE,SER,14.1,19.1,11,4.0,7.4,64.8,1.6,0,3.6,0
TDMS-NFR-00840,stagger_wire,LTT-NED,NFR,5.3,19.6,14,4.61,8.4,36.0,8.16,0,3.7,0
TDMS-SCR-00841,dropper,ED-CBE,SCR,27.6,19.4,112,3.11,15.0,29.5,7.55,0,5.1,0
TDMS-SECR-00842,OHE_mast,AWB-SC,SECR,32.3,19.4,23,2.58,15.9,41.8,2.15,0,5.6,1
TDMS-NER-00843,return_conductor,LDH-ASR,NER,9.0,14.7,70,4.52,7.2,36.7,8.37,1,3.5,0
TDMS-NER-00844,OHE_mast,NDLS-AGC,NER,14.9,14.8,27,4.12,10.3,49.2,2.86,0,3.9,0
TDMS-WR-00845,sub_station_25kV,KYN-IGP,WR,19.1,23.5,42,3.87,10.7,38.6,3.91,1,4.6,0
TDMS-NCR-00846,dropper,LTT-NED,NCR,5.8,16.2,164,4.57,4.2,144.3,1.88,2,3.8,0
TDMS-NFR-00847,feeder_cable,HWH-BWN,NFR,19.6,22.3,5,2.92,8.6,39.1,2.94,0,3.5,1
TDMS-SR-00848,sub_station_25kV,AGC-JHS,SR,32.7,17.5,5,3.05,20.8,21.5,1.5,0,5.5,1
TDMS-SECR-00849,dropper,AWB-SC,SECR,11.4,11.2,14,4.02,8.4,2.0,0.51,0,3.7,0
TDMS-NCR-00850,stagger_wire,HWH-BWN,NCR,8.6,21.4,31,4.26,4.3,56.6,1.32,1,3.9,0
TDMS-NWR-00851,OHE_mast,NDLS-UMB,NWR,13.2,26.3,147,3.81,11.8,4.7,1.5,2,5.9,0
TDMS-CR-00852,stagger_wire,CNB-NDLS,CR,18.2,27.8,21,3.2,11.2,32.4,4.47,3,4.9,1
TDMS-SECR-00853,sub_station_25kV,BZA-MAS,SECR,10.0,17.0,24,3.94,6.8,0.4,1.54,0,2.8,0
TDMS-SR-00854,auto_transformer,ASR-JUC,SR,9.9,22.0,47,4.64,5.6,49.9,1.92,0,1.8,0
TDMS-NR-00855,booster_transformer,ADI-BRC,NR,29.5,16.0,179,2.82,13.8,8.1,4.29,1,5.7,0
TDMS-NWR-00856,stagger_wire,KZJ-BZA,NWR,21.2,35.9,13,3.92,10.5,17.2,2.3,1,4.9,0
TDMS-NR-00857,OHE_mast,HWH-BWN,NR,7.2,18.5,44,4.54,5.5,53.8,1.27,0,2.1,0
TDMS-WCR-00858,stagger_wire,BWN-AZ,WCR,8.2,11.1,66,4.79,4.6,36.2,0.1,0,2.9,0
TDMS-WCR-00859,sub_station_25kV,UMB-LDH,WCR,10.7,26.8,10,3.81,6.0,9.4,4.12,0,4.0,0
TDMS-NER-00860,dropper,JHS-BPL,NER,11.6,17.2,10,4.13,5.9,16.3,7.63,1,3.1,0
TDMS-NER-00861,sub_station_25kV,ASR-JUC,NER,20.4,43.3,42,3.46,18.9,23.7,0.1,0,5.0,1
TDMS-SWR-00862,OHE_mast,BRC-ST,SWR,7.9,21.4,67,3.67,5.1,20.1,3.3,0,2.7,0
TDMS-ECoR-00863,dropper,ADI-BRC,ECoR,21.4,18.1,20,3.28,12.7,39.5,2.16,1,4.9,0
TDMS-SWR-00864,section_insulator,LTT-NED,SWR,16.6,16.0,87,4.26,8.3,21.8,5.31,0,4.6,0
TDMS-SCR-00865,return_conductor,LDH-ASR,SCR,9.1,12.7,26,4.13,9.3,35.4,0.55,0,4.0,0
TDMS-SER-00866,booster_transformer,BPL-NGP,SER,11.7,29.5,29,4.05,5.8,11.5,1.31,0,2.1,0
TDMS-WR-00867,stagger_wire,CSTM-KYN,WR,9.6,10.4,19,4.05,4.9,300.0,0.3,0,3.7,1
TDMS-SR-00868,switching_post,BZA-MAS,SR,10.5,25.1,11,4.31,4.3,59.4,0.95,0,3.1,0
TDMS-ECR-00869,section_insulator,SC-KZJ,ECR,49.9,14.5,12,1.84,21.9,20.1,1.96,0,6.6,1
TDMS-NWR-00870,OHE_mast,JHS-BPL,NWR,26.4,15.1,54,3.05,14.8,138.1,7.51,0,5.8,0
TDMS-SWR-00871,dropper,CNB-NDLS,SWR,15.5,27.1,24,3.69,7.1,49.1,0.7,1,3.3,0
TDMS-SECR-00872,section_insulator,AGC-JHS,SECR,35.4,14.5,14,3.02,15.4,24.2,3.51,0,5.7,1
TDMS-NR-00873,feeder_cable,BZA-MAS,NR,22.9,18.0,31,3.68,9.8,9.5,3.69,0,3.7,0
TDMS-WCR-00874,switching_post,AGC-JHS,WCR,5.8,25.7,5,4.49,2.7,34.7,0.38,0,2.6,0
TDMS-NR-00875,switching_post,LTT-NED,NR,10.5,33.3,32,4.09,10.6,16.4,11.11,2,3.7,1
TDMS-NR-00876,dropper,MAS-ED,NR,8.9,16.3,40,4.82,6.1,1.8,0.56,0,2.7,0
TDMS-CR-00877,return_conductor,JHS-BPL,CR,12.0,18.8,125,4.34,11.1,16.8,0.17,0,4.2,0
TDMS-WR-00878,OHE_mast,UMB-LDH,WR,6.5,13.8,52,4.4,2.7,0.8,10.29,1,2.4,1
TDMS-NFR-00879,sub_station_25kV,ALD-CNB,NFR,24.7,12.1,27,3.52,9.9,30.7,1.42,0,3.7,0
TDMS-NER-00880,feeder_cable,NDLS-AGC,NER,2.8,20.1,36,4.16,3.6,2.3,1.02,0,2.3,0
TDMS-SECR-00881,dropper,ASR-JUC,SECR,20.5,27.6,180,3.36,10.3,3.7,1.03,0,5.1,0
TDMS-ER-00882,stagger_wire,NGP-BZA,ER,18.7,15.2,7,3.9,8.7,111.9,0.1,0,2.7,0
TDMS-SER-00883,feeder_cable,ADI-BRC,SER,11.1,33.6,48,4.42,5.9,35.1,3.34,0,1.1,0
TDMS-WR-00884,dropper,LTT-NED,WR,21.9,16.5,59,3.45,8.8,95.5,4.3,1,4.1,0
TDMS-NR-00885,dropper,BPL-NGP,NR,3.4,15.2,22,5.0,5.8,3.0,1.76,4,3.2,0
TDMS-ER-00886,stagger_wire,BPL-NGP,ER,17.3,34.7,14,2.73,8.5,175.2,0.72,0,3.9,0
TDMS-ECR-00887,sub_station_25kV,MAS-ED,ECR,50.0,23.3,15,1.04,23.9,57.7,1.8,0,6.6,1
TDMS-SR-00888,switching_post,AZ-MGS,SR,27.0,31.0,20,2.52,19.1,67.5,8.54,1,5.2,1
TDMS-WR-00889,OHE_mast,ASR-JUC,WR,12.1,30.9,11,4.28,4.9,97.0,0.53,0,4.0,0
TDMS-SCR-00890,switching_post,NDLS-UMB,SCR,31.4,29.7,22,3.33,16.6,112.7,0.21,1,5.6,1
TDMS-NFR-00891,return_conductor,NDLS-UMB,NFR,47.7,19.6,63,1.99,25.4,50.2,1.33,0,7.9,1
TDMS-WCR-00892,section_insulator,HWH-BWN,WCR,8.8,34.4,40,4.13,9.4,37.7,7.1,0,4.0,0
TDMS-SCR-00893,stagger_wire,KYN-IGP,SCR,34.4,32.8,62,3.21,21.3,5.2,1.39,0,4.0,1
TDMS-NCR-00894,return_conductor,AWB-SC,NCR,8.1,12.3,136,4.45,3.8,4.6,3.86,0,2.5,0
TDMS-SWR-00895,OHE_mast,BCT-RTM,SWR,26.1,27.6,12,3.03,10.7,14.6,0.12,0,3.3,0
TDMS-WCR-00896,dropper,AGC-JHS,WCR,25.9,26.8,18,3.31,10.4,21.3,1.24,1,4.9,0
TDMS-SECR-00897,feeder_cable,AWB-SC,SECR,5.2,10.1,17,4.7,4.6,182.2,2.64,0,3.2,0
TDMS-SER-00898,OHE_mast,ALD-CNB,SER,9.2,21.3,50,4.25,8.9,41.0,2.19,0,3.9,1
TDMS-WCR-00899,booster_transformer,BCT-RTM,WCR,5.5,20.1,23,4.58,6.0,41.7,2.41,1,2.9,0
TDMS-ECoR-00900,stagger_wire,AZ-MGS,ECoR,24.3,14.0,14,3.53,14.0,31.9,1.65,2,6.2,0
TDMS-SWR-00901,OHE_mast,LDH-ASR,SWR,15.1,24.7,44,3.97,7.0,5.6,2.86,0,2.9,0
TDMS-NCR-00902,feeder_cable,ED-CBE,NCR,16.7,18.5,108,4.13,13.6,31.6,5.25,0,4.0,0
TDMS-ECoR-00903,dropper,BPL-NGP,ECoR,15.2,20.1,16,4.09,11.8,12.2,0.25,1,4.2,0
TDMS-CR-00904,return_conductor,BZA-MAS,CR,17.5,27.9,55,3.69,7.2,33.5,1.47,0,5.4,0
TDMS-SCR-00905,sub_station_25kV,ED-CBE,SCR,10.4,14.2,23,3.89,9.9,14.1,3.83,0,3.3,0
TDMS-ER-00906,sub_station_25kV,BRC-ST,ER,24.3,25.2,99,3.34,14.9,28.9,4.69,2,5.2,0
TDMS-NR-00907,booster_transformer,ASR-JUC,NR,40.6,28.4,38,2.74,18.3,39.2,2.93,0,6.1,1
TDMS-ECR-00908,OHE_mast,CNB-NDLS,ECR,11.6,28.0,22,3.91,8.2,25.1,1.5,1,3.2,0
TDMS-ECoR-00909,stagger_wire,LTT-NED,ECoR,15.8,20.8,72,3.68,6.9,0.8,0.92,1,4.2,0
TDMS-NWR-00910,booster_transformer,HWH-BWN,NWR,17.1,16.8,32,4.35,12.5,7.0,2.04,2,4.1,0
TDMS-SCR-00911,OHE_mast,ED-CBE,SCR,15.4,33.0,49,3.86,11.3,37.6,1.27,1,3.3,0
TDMS-WR-00912,stagger_wire,KYN-IGP,WR,11.3,26.2,53,3.53,11.3,9.1,3.37,0,3.7,0
TDMS-ECoR-00913,stagger_wire,SC-KZJ,ECoR,19.7,17.0,123,3.16,8.0,9.1,3.76,3,5.7,0
TDMS-WCR-00914,sub_station_25kV,LTT-NED,WCR,25.8,21.3,5,2.49,15.8,46.9,2.27,0,3.7,1
TDMS-SWR-00915,dropper,CNB-NDLS,SWR,30.5,34.0,28,2.69,12.5,22.1,4.94,2,5.6,0
TDMS-NWR-00916,dropper,CNB-NDLS,NWR,17.1,19.4,37,3.37,7.6,51.7,0.39,0,3.0,0
TDMS-NER-00917,switching_post,ADI-BRC,NER,4.9,13.0,110,4.37,2.1,3.7,6.52,4,4.5,0
TDMS-CR-00918,dropper,MGS-ALD,CR,28.0,22.8,5,3.53,11.6,61.0,0.41,1,5.2,0
TDMS-NER-00919,OHE_mast,BWN-AZ,NER,13.6,16.3,12,3.78,8.3,35.1,3.45,0,3.4,0
TDMS-NFR-00920,sub_station_25kV,CNB-NDLS,NFR,10.9,13.9,123,4.14,4.9,29.8,1.54,0,3.2,0
TDMS-SR-00921,dropper,BZA-MAS,SR,24.6,8.8,29,3.47,15.1,65.5,1.77,3,7.3,1
TDMS-SECR-00922,section_insulator,ASR-JUC,SECR,35.7,21.2,48,2.85,15.4,118.2,7.76,0,6.3,1
TDMS-NCR-00923,feeder_cable,MAS-ED,NCR,12.4,24.0,36,4.19,6.8,42.2,2.28,1,3.0,0
TDMS-NER-00924,OHE_mast,KYN-IGP,NER,50.0,12.3,103,1.5,25.8,5.7,0.51,0,6.4,1
TDMS-CR-00925,switching_post,KYN-IGP,CR,10.9,23.7,5,4.42,5.9,38.5,3.7,1,3.5,0
TDMS-SR-00926,dropper,JUC-ADI,SR,40.2,32.1,5,2.34,18.3,0.1,6.34,2,5.5,1
TDMS-SECR-00927,OHE_mast,BRC-ST,SECR,25.4,22.8,27,2.85,10.3,15.9,7.77,0,4.2,0
TDMS-SER-00928,feeder_cable,ASR-JUC,SER,5.4,20.6,103,4.41,3.5,48.4,1.54,0,3.4,0
TDMS-NER-00929,OHE_mast,ED-CBE,NER,16.3,23.8,41,3.3,7.9,82.1,5.03,0,4.1,0
TDMS-SCR-00930,return_conductor,JUC-ADI,SCR,43.1,12.3,54,2.0,22.4,17.7,3.93,1,6.8,1
TDMS-WCR-00931,switching_post,JUC-ADI,WCR,16.5,33.3,98,3.43,6.9,11.2,6.85,0,4.3,0
TDMS-SER-00932,stagger_wire,CSTM-KYN,SER,5.9,19.2,7,4.04,2.7,7.1,4.07,1,2.5,0
TDMS-SCR-00933,switching_post,ED-CBE,SCR,13.4,19.3,44,3.95,9.2,26.6,5.64,0,5.0,0
TDMS-SER-00934,stagger_wire,SC-KZJ,SER,18.2,15.3,8,3.87,11.5,23.7,1.62,0,3.9,0
TDMS-NCR-00935,return_conductor,LDH-ASR,NCR,17.4,13.3,69,4.02,9.2,27.5,1.99,0,3.5,0
TDMS-NWR-00936,switching_post,MGS-ALD,NWR,29.2,14.5,65,3.35,13.0,12.2,0.7,0,4.0,0
TDMS-NFR-00937,section_insulator,CSTM-KYN,NFR,3.6,14.5,5,5.0,4.1,25.4,3.13,0,2.5,0
TDMS-CR-00938,dropper,LTT-NED,CR,37.9,26.1,129,1.7,18.8,17.3,0.37,1,7.3,1
TDMS-WR-00939,sub_station_25kV,AZ-MGS,WR,9.4,27.8,22,4.95,4.2,167.5,0.98,0,3.7,0
TDMS-SECR-00940,dropper,ST-BCT,SECR,9.8,17.9,5,3.8,5.8,8.4,3.79,0,2.3,0
TDMS-NER-00941,dropper,HWH-BWN,NER,9.3,26.9,12,3.27,7.7,5.1,7.05,0,5.0,0
TDMS-SER-00942,OHE_mast,NDLS-UMB,SER,40.0,31.3,106,2.43,16.9,67.0,4.84,0,5.7,1
TDMS-NFR-00943,sub_station_25kV,KZJ-BZA,NFR,12.0,35.7,30,4.08,7.0,59.1,2.55,2,3.5,1
TDMS-NCR-00944,return_conductor,AZ-MGS,NCR,11.1,12.5,50,4.55,6.0,68.2,8.06,1,4.1,0
TDMS-WCR-00945,OHE_mast,JHS-BPL,WCR,1.0,23.4,26,5.0,0.7,27.4,3.04,1,3.1,0
TDMS-ER-00946,auto_transformer,JHS-BPL,ER,27.8,13.1,5,2.6,15.9,9.9,0.73,0,4.9,1
TDMS-ECoR-00947,section_insulator,NGP-BZA,ECoR,3.6,16.1,47,4.75,1.7,94.6,1.7,0,2.0,0
TDMS-WR-00948,feeder_cable,ST-BCT,WR,36.6,16.6,200,2.82,17.0,63.1,6.06,0,5.8,1
TDMS-NCR-00949,OHE_mast,NGP-BZA,NCR,7.4,27.4,32,4.48,3.1,54.8,7.77,0,2.8,0
TDMS-SER-00950,return_conductor,ADI-BRC,SER,42.0,25.3,11,2.48,17.9,1.5,7.28,0,5.7,1
TDMS-ECR-00951,return_conductor,LTT-NED,ECR,35.1,36.4,14,2.32,14.0,26.6,0.13,0,6.1,1
TDMS-NFR-00952,OHE_mast,AGC-JHS,NFR,6.9,15.0,12,4.31,12.3,16.6,3.1,0,4.4,0
TDMS-NCR-00953,section_insulator,NDLS-UMB,NCR,22.6,12.9,130,3.62,10.3,16.9,2.07,0,5.5,0
TDMS-CR-00954,dropper,CNB-NDLS,CR,21.4,15.7,137,3.44,19.7,5.4,1.76,1,5.5,1
TDMS-ER-00955,stagger_wire,CSTM-KYN,ER,10.9,10.9,15,4.28,6.3,85.9,0.24,0,3.1,0
TDMS-NR-00956,feeder_cable,HWH-BWN,NR,27.1,31.5,5,3.26,18.0,11.1,1.44,1,6.1,1
TDMS-NWR-00957,dropper,BZA-MAS,NWR,29.2,16.0,17,3.43,12.3,2.0,1.88,0,4.7,0
TDMS-CR-00958,OHE_mast,AZ-MGS,CR,39.1,10.9,37,2.22,15.8,24.6,1.08,0,5.6,1
TDMS-ECR-00959,switching_post,BZA-MAS,ECR,10.2,16.0,76,4.29,4.7,31.4,4.53,0,3.5,0
TDMS-ER-00960,switching_post,MAS-ED,ER,20.4,20.5,24,3.68,10.9,17.6,0.69,0,3.5,0
TDMS-NFR-00961,feeder_cable,ED-CBE,NFR,12.8,30.9,29,3.87,15.1,18.3,1.41,0,3.8,1
TDMS-ECR-00962,stagger_wire,SC-KZJ,ECR,3.1,12.0,6,4.77,1.4,20.0,2.17,0,3.7,0
TDMS-ECoR-00963,switching_post,LDH-ASR,ECoR,25.1,18.7,38,3.7,13.2,46.2,2.3,0,5.3,0
TDMS-ER-00964,section_insulator,NDLS-AGC,ER,18.0,17.1,42,3.41,7.5,11.9,0.5,0,1.7,0
TDMS-NCR-00965,return_conductor,JUC-ADI,NCR,7.8,12.4,6,4.0,5.4,112.6,0.21,1,2.8,0
TDMS-NER-00966,feeder_cable,NDLS-AGC,NER,20.3,26.6,17,3.5,11.3,19.2,6.31,0,5.3,0
TDMS-SWR-00967,sub_station_25kV,MGS-ALD,SWR,8.9,15.3,15,4.08,6.0,21.8,0.4,5,4.6,1
TDMS-WCR-00968,OHE_mast,JUC-ADI,WCR,20.1,15.7,96,4.0,10.4,6.4,3.11,1,4.3,0
TDMS-NWR-00969,dropper,ED-CBE,NWR,5.2,25.7,38,4.52,7.3,25.0,3.79,1,2.9,0
TDMS-WCR-00970,section_insulator,LTT-NED,WCR,7.6,26.5,55,4.42,4.8,47.7,4.68,1,3.6,0
TDMS-CR-00971,feeder_cable,BZA-MAS,CR,11.7,27.8,23,3.97,4.9,16.5,0.29,0,2.1,0
TDMS-ER-00972,feeder_cable,AZ-MGS,ER,21.8,25.2,22,2.81,10.9,8.5,1.06,0,3.8,0
TDMS-WCR-00973,OHE_mast,ALD-CNB,WCR,15.3,23.4,16,3.89,8.2,58.4,0.66,0,3.9,0
TDMS-ER-00974,stagger_wire,JHS-BPL,ER,30.6,14.5,12,3.21,17.5,36.2,0.15,0,6.9,1
TDMS-NR-00975,OHE_mast,AWB-SC,NR,34.5,9.2,149,2.58,22.4,26.9,2.94,3,6.9,1
TDMS-ECR-00976,switching_post,ADI-BRC,ECR,20.4,19.1,25,3.3,15.6,19.5,0.49,0,4.4,1
TDMS-NCR-00977,auto_transformer,MAS-ED,NCR,19.1,21.3,18,2.98,13.6,13.4,0.63,1,7.0,0
TDMS-SR-00978,switching_post,SC-KZJ,SR,5.3,7.8,20,4.74,3.8,4.9,1.69,0,1.2,0
TDMS-NER-00979,OHE_mast,BCT-RTM,NER,35.4,12.9,20,2.96,14.8,12.4,0.38,0,5.1,1
TDMS-ECoR-00980,feeder_cable,MGS-ALD,ECoR,4.7,17.9,8,4.6,2.5,12.8,2.98,0,1.7,0
TDMS-NCR-00981,dropper,NGP-BZA,NCR,39.8,16.0,10,2.28,20.4,16.4,4.54,1,5.8,0
TDMS-ECoR-00982,dropper,LTT-NED,ECoR,6.2,20.8,49,4.36,11.6,12.7,2.8,0,3.9,0
TDMS-NWR-00983,sub_station_25kV,AWB-SC,NWR,13.3,27.2,5,3.5,9.6,0.9,1.65,0,3.4,0
TDMS-NER-00984,stagger_wire,LDH-ASR,NER,19.7,14.9,58,3.82,12.6,13.9,5.33,0,4.8,1
TDMS-NER-00985,sub_station_25kV,BWN-AZ,NER,24.6,22.8,8,3.4,19.9,0.4,5.02,1,6.0,1
TDMS-SCR-00986,stagger_wire,ASR-JUC,SCR,11.9,18.9,69,4.01,13.0,53.4,7.21,0,2.9,0
TDMS-WR-00987,feeder_cable,JHS-BPL,WR,12.7,17.3,18,3.96,5.5,8.4,7.07,0,2.1,0
TDMS-SCR-00988,dropper,BZA-MAS,SCR,14.2,31.2,6,3.58,11.7,5.1,4.97,0,4.4,0
TDMS-SCR-00989,dropper,MGS-ALD,SCR,21.6,24.2,64,3.25,15.6,40.1,2.5,1,3.9,1
TDMS-CR-00990,booster_transformer,JUC-ADI,CR,16.0,17.0,27,3.82,6.7,119.1,0.1,0,2.9,1
TDMS-SECR-00991,dropper,HWH-BWN,SECR,17.2,25.0,8,4.13,13.3,102.0,3.88,0,4.4,0
TDMS-ECoR-00992,section_insulator,ADI-BRC,ECoR,17.0,26.8,42,3.59,10.4,31.9,1.98,0,4.5,0
TDMS-NCR-00993,sub_station_25kV,CSTM-KYN,NCR,32.5,22.7,41,2.63,16.8,17.0,0.27,0,5.2,0
TDMS-WCR-00994,OHE_mast,NGP-BZA,WCR,25.1,35.4,44,3.31,20.0,9.9,3.92,3,7.3,1
TDMS-SCR-00995,OHE_mast,BZA-MAS,SCR,16.6,18.9,14,3.57,8.1,19.4,1.58,0,3.2,0
TDMS-SR-00996,booster_transformer,SC-KZJ,SR,37.5,18.8,5,2.84,19.1,1.8,1.34,0,6.2,1
TDMS-SCR-00997,OHE_mast,NGP-BZA,SCR,4.4,10.0,63,4.92,5.7,35.3,4.95,0,2.5,0
TDMS-NFR-00998,OHE_mast,NDLS-AGC,NFR,7.4,19.5,5,4.67,7.3,95.1,1.04,0,3.6,0
TDMS-NWR-00999,booster_transformer,ASR-JUC,NWR,7.0,12.9,16,4.38,5.0,43.8,0.94,0,2.6,0
TDMS-WR-01000,OHE_mast,NDLS-AGC,WR,28.3,10.6,16,3.07,13.6,38.6,0.81,0,4.6,0
TDMS-ECR-01001,OHE_mast,JHS-BPL,ECR,8.4,24.1,11,4.5,9.4,13.4,0.87,0,4.0,0
TDMS-SER-01002,booster_transformer,JUC-ADI,SER,25.0,16.5,20,3.99,10.7,23.4,2.48,0,4.6,0
TDMS-ECoR-01003,stagger_wire,MAS-ED,ECoR,22.9,15.3,65,2.82,12.0,122.8,5.01,1,4.0,0
TDMS-SECR-01004,return_conductor,NGP-BZA,SECR,26.8,10.6,67,3.23,12.9,54.1,9.67,1,6.8,0
TDMS-CR-01005,dropper,NGP-BZA,CR,14.6,11.1,6,4.05,7.4,2.6,0.1,1,2.4,0
TDMS-NFR-01006,OHE_mast,ED-CBE,NFR,13.1,42.2,72,3.73,11.9,8.3,0.76,1,3.1,0
TDMS-CR-01007,feeder_cable,BCT-RTM,CR,13.6,55.2,6,3.4,5.6,22.9,1.88,2,4.9,0
TDMS-SER-01008,stagger_wire,HWH-BWN,SER,27.5,18.0,71,3.15,12.3,73.2,13.47,1,5.8,1
TDMS-NR-01009,OHE_mast,BRC-ST,NR,9.7,17.0,17,4.49,7.8,96.3,5.99,0,3.6,0
TDMS-SCR-01010,feeder_cable,AWB-SC,SCR,6.8,25.2,5,4.28,4.5,16.0,1.14,1,3.0,0
TDMS-SCR-01011,switching_post,ASR-JUC,SCR,14.2,20.1,125,3.77,10.3,7.7,1.25,0,3.5,0
TDMS-SER-01012,OHE_mast,KZJ-BZA,SER,10.9,15.8,50,4.07,6.4,5.3,0.1,0,3.3,0
TDMS-WR-01013,dropper,ADI-BRC,WR,10.3,16.1,26,3.97,4.6,3.4,3.9,0,2.8,0
TDMS-SWR-01014,OHE_mast,JHS-BPL,SWR,3.6,20.8,6,5.0,4.5,7.0,4.4,1,2.5,0
TDMS-NWR-01015,OHE_mast,ALD-CNB,NWR,14.9,21.4,5,3.63,7.2,4.2,0.8,2,4.5,1
TDMS-NR-01016,dropper,AWB-SC,NR,27.4,20.6,59,3.58,11.5,27.5,5.23,1,5.5,0
TDMS-NER-01017,booster_transformer,MGS-ALD,NER,17.5,15.1,127,4.03,9.9,56.8,2.16,0,3.7,0
TDMS-NER-01018,feeder_cable,SC-KZJ,NER,17.7,15.3,96,3.54,12.7,14.2,1.88,0,4.8,0
TDMS-WR-01019,OHE_mast,ED-CBE,WR,14.0,11.8,29,4.43,7.3,28.9,1.62,1,3.7,0
TDMS-NR-01020,OHE_mast,ALD-CNB,NR,12.7,60.0,15,3.63,6.2,84.5,2.71,0,3.0,0
TDMS-SECR-01021,stagger_wire,ALD-CNB,SECR,29.2,33.7,6,2.44,21.1,100.9,2.45,0,5.7,1
TDMS-ECR-01022,section_insulator,JUC-ADI,ECR,20.4,31.1,17,3.15,11.7,17.3,3.86,0,5.3,0
TDMS-SWR-01023,dropper,JUC-ADI,SWR,20.4,21.1,75,4.12,9.6,52.8,1.94,0,4.4,0
TDMS-SECR-01024,OHE_mast,BZA-MAS,SECR,11.4,15.8,57,4.11,5.6,3.0,0.81,3,5.3,0
TDMS-SR-01025,sub_station_25kV,ALD-CNB,SR,15.8,14.3,125,4.13,6.8,34.0,0.46,1,3.7,0
TDMS-NWR-01026,dropper,CNB-NDLS,NWR,9.2,39.2,9,3.87,5.6,35.8,0.66,0,3.3,0
TDMS-ECR-01027,OHE_mast,KZJ-BZA,ECR,8.6,19.3,8,4.16,4.7,31.6,1.27,1,4.0,0
TDMS-NER-01028,section_insulator,BCT-RTM,NER,48.7,29.6,40,1.98,30.0,7.2,8.39,0,7.0,1
TDMS-WCR-01029,OHE_mast,ST-BCT,WCR,16.2,18.1,54,3.98,8.1,43.9,3.58,1,3.0,1
TDMS-SER-01030,dropper,ADI-BRC,SER,13.0,21.6,19,3.98,5.8,10.5,1.64,1,2.8,0
TDMS-SWR-01031,OHE_mast,ADI-BRC,SWR,23.8,19.9,44,2.98,10.5,99.6,0.51,0,4.9,0
TDMS-NFR-01032,section_insulator,HWH-BWN,NFR,15.8,26.6,65,4.35,6.3,3.7,3.97,0,4.8,0
TDMS-SER-01033,booster_transformer,CBE-TVC,SER,29.6,11.5,56,2.8,14.3,45.1,1.66,0,4.4,0
TDMS-SECR-01034,switching_post,MAS-ED,SECR,24.3,20.0,10,3.83,16.4,19.7,4.4,0,4.3,1
TDMS-SECR-01035,OHE_mast,CBE-TVC,SECR,24.8,18.7,39,3.44,12.6,16.0,5.15,0,6.2,0
TDMS-NCR-01036,booster_transformer,ASR-JUC,NCR,9.2,26.7,35,4.03,3.9,14.5,2.65,1,1.7,0
TDMS-NER-01037,feeder_cable,AWB-SC,NER,10.4,25.1,42,4.17,8.6,18.6,5.04,0,4.2,0
TDMS-NWR-01038,stagger_wire,NGP-BZA,NWR,41.3,25.2,26,2.67,17.1,10.6,2.6,0,6.1,1
TDMS-ER-01039,feeder_cable,KZJ-BZA,ER,15.0,26.8,38,4.14,7.0,74.0,2.12,0,3.5,0
TDMS-SER-01040,booster_transformer,BRC-ST,SER,19.0,25.5,23,3.3,8.3,39.5,4.37,0,3.9,0
TDMS-WCR-01041,OHE_mast,BPL-NGP,WCR,19.5,16.5,84,3.5,16.5,53.7,1.62,2,5.6,1
TDMS-NER-01042,feeder_cable,JHS-BPL,NER,21.1,33.2,13,3.2,10.5,10.6,2.91,1,4.6,1
TDMS-ECR-01043,stagger_wire,MGS-ALD,ECR,32.0,34.3,5,2.94,16.8,9.4,1.46,1,6.0,1
TDMS-SCR-01044,dropper,CBE-TVC,SCR,47.9,20.6,9,2.22,24.0,22.3,8.3,0,5.5,1
TDMS-ECR-01045,feeder_cable,BRC-ST,ECR,10.0,19.0,52,3.83,6.2,49.3,3.68,0,3.3,0
TDMS-CR-01046,dropper,MAS-ED,CR,12.7,27.1,16,4.02,8.3,142.9,6.15,2,4.8,0
TDMS-SECR-01047,OHE_mast,ALD-CNB,SECR,11.2,13.2,13,4.56,5.5,18.4,2.24,2,3.2,0
TDMS-SR-01048,OHE_mast,SC-KZJ,SR,20.7,16.0,13,3.83,19.6,79.2,6.53,0,5.5,1
TDMS-SER-01049,OHE_mast,BWN-AZ,SER,27.6,15.0,5,3.49,11.6,107.2,2.41,0,4.7,0
TDMS-ECoR-01050,booster_transformer,ED-CBE,ECoR,29.6,13.0,136,2.87,12.0,0.3,4.22,0,4.2,0
TDMS-NR-01051,switching_post,AZ-MGS,NR,7.2,23.7,19,4.66,4.1,50.1,4.11,2,2.9,0
TDMS-SR-01052,booster_transformer,LDH-ASR,SR,22.7,31.7,46,3.21,18.4,22.3,0.28,0,4.2,1
TDMS-SR-01053,OHE_mast,ST-BCT,SR,41.7,14.3,58,2.7,18.6,35.7,1.38,1,5.4,1
TDMS-NWR-01054,feeder_cable,SC-KZJ,NWR,5.2,16.1,21,4.22,2.3,30.1,13.75,4,3.2,1
TDMS-SER-01055,OHE_mast,ADI-BRC,SER,33.5,20.7,93,2.3,16.9,80.4,0.72,2,6.0,1
TDMS-ECR-01056,OHE_mast,LDH-ASR,ECR,7.4,20.6,56,4.99,16.7,8.2,1.33,0,4.4,1
TDMS-WR-01057,OHE_mast,JHS-BPL,WR,4.2,25.9,5,5.0,1.7,46.7,11.42,0,3.9,1
TDMS-SECR-01058,OHE_mast,LDH-ASR,SECR,4.3,20.1,77,4.39,3.7,11.6,1.21,1,3.1,0
TDMS-NR-01059,OHE_mast,BZA-MAS,NR,20.2,14.4,11,2.85,12.8,72.0,5.22,0,3.2,0
TDMS-NER-01060,OHE_mast,CNB-NDLS,NER,3.7,55.0,22,3.75,3.3,82.6,1.71,0,3.1,0
TDMS-SECR-01061,switching_post,NGP-BZA,SECR,45.0,17.1,200,1.87,19.3,9.6,8.17,0,6.4,0
TDMS-NCR-01062,stagger_wire,BWN-AZ,NCR,6.7,17.3,13,3.97,3.4,17.6,2.74,3,4.2,0
TDMS-CR-01063,section_insulator,BZA-MAS,CR,5.3,21.7,121,4.38,2.6,30.4,10.71,2,3.6,1
TDMS-SR-01064,feeder_cable,LTT-NED,SR,8.5,19.0,67,4.36,3.7,2.8,0.35,0,2.3,0
TDMS-SCR-01065,section_insulator,BPL-NGP,SCR,8.9,22.5,58,3.97,8.0,28.2,0.95,0,3.6,0
TDMS-CR-01066,dropper,AWB-SC,CR,19.0,18.7,200,3.29,8.7,36.6,2.74,0,4.2,0
TDMS-WCR-01067,stagger_wire,MAS-ED,WCR,19.2,20.9,101,3.4,9.5,96.4,0.36,0,3.2,0
TDMS-NER-01068,booster_transformer,ALD-CNB,NER,27.8,38.5,85,2.74,16.7,18.2,4.06,0,5.2,1
TDMS-NR-01069,booster_transformer,CNB-NDLS,NR,19.2,12.1,5,3.81,9.2,11.0,8.07,2,4.7,0
TDMS-CR-01070,OHE_mast,NGP-BZA,CR,32.3,16.5,21,2.84,13.2,30.3,3.05,4,7.0,0
TDMS-ECR-01071,feeder_cable,LTT-NED,ECR,8.6,21.7,18,4.05,5.1,67.9,3.62,0,4.6,0
TDMS-ECoR-01072,stagger_wire,NGP-BZA,ECoR,13.9,20.6,5,3.9,8.1,33.6,0.51,1,3.8,0
TDMS-NCR-01073,OHE_mast,LTT-NED,NCR,17.3,17.5,5,4.02,7.0,80.0,3.06,0,4.5,0
TDMS-NCR-01074,switching_post,NDLS-AGC,NCR,6.4,25.9,51,5.0,5.2,7.9,1.71,0,2.0,0
TDMS-SECR-01075,sub_station_25kV,NDLS-UMB,SECR,24.8,15.2,74,2.96,10.4,81.9,4.21,0,4.5,0
TDMS-SWR-01076,feeder_cable,NDLS-UMB,SWR,11.5,22.7,43,4.03,5.0,32.9,1.1,1,3.6,0
TDMS-SWR-01077,stagger_wire,ST-BCT,SWR,5.7,18.1,68,4.51,6.0,13.3,3.28,0,2.9,0
TDMS-NCR-01078,dropper,KZJ-BZA,NCR,11.6,21.7,41,4.57,5.1,3.8,0.24,0,2.2,0
TDMS-SR-01079,OHE_mast,MGS-ALD,SR,11.2,36.9,56,3.82,4.8,3.2,1.12,0,4.1,0
TDMS-SER-01080,booster_transformer,ASR-JUC,SER,8.8,20.0,57,4.42,5.3,44.9,2.74,0,3.4,0
TDMS-WCR-01081,switching_post,AZ-MGS,WCR,14.7,21.9,74,4.39,7.5,119.4,2.54,2,4.3,0
TDMS-SR-01082,OHE_mast,AZ-MGS,SR,12.2,26.8,16,3.98,8.1,51.6,2.62,1,3.4,0
TDMS-NFR-01083,dropper,AWB-SC,NFR,11.8,16.1,70,3.69,13.7,53.7,1.88,0,4.2,0
TDMS-SWR-01084,stagger_wire,ST-BCT,SWR,24.2,38.8,31,3.72,10.0,8.9,2.79,0,4.9,0
TDMS-ER-01085,switching_post,MGS-ALD,ER,41.3,32.7,146,1.99,24.9,15.0,0.99,1,6.8,1
TDMS-ECoR-01086,OHE_mast,BCT-RTM,ECoR,14.6,15.6,8,4.31,9.9,64.3,1.78,0,3.7,0
TDMS-SECR-01087,dropper,CBE-TVC,SECR,47.1,22.0,195,2.21,19.8,27.8,0.52,2,7.3,1
TDMS-SWR-01088,booster_transformer,NDLS-AGC,SWR,12.1,12.5,5,3.68,11.6,1.0,1.31,3,4.3,0
TDMS-ECR-01089,section_insulator,AWB-SC,ECR,8.7,39.5,41,3.99,3.6,12.2,3.23,0,1.7,0
TDMS-CR-01090,switching_post,BWN-AZ,CR,22.1,20.2,51,3.62,21.1,85.0,2.5,1,5.1,0
TDMS-SR-01091,switching_post,JHS-BPL,SR,14.1,23.6,103,4.03,10.1,68.1,0.11,1,3.4,0
TDMS-SWR-01092,OHE_mast,JHS-BPL,SWR,33.7,29.7,64,2.21,14.7,8.2,3.68,0,5.2,1
TDMS-NCR-01093,dropper,ST-BCT,NCR,7.4,19.2,5,4.67,6.4,11.3,2.72,0,3.7,0
TDMS-ER-01094,dropper,AGC-JHS,ER,10.9,26.8,43,4.1,15.3,115.0,1.48,0,4.1,1
TDMS-SCR-01095,switching_post,MGS-ALD,SCR,37.0,17.3,54,3.16,16.1,20.6,2.74,2,5.7,0
TDMS-NCR-01096,OHE_mast,BPL-NGP,NCR,10.7,23.6,10,4.47,6.0,6.0,0.18,1,3.0,0
TDMS-ECR-01097,stagger_wire,AWB-SC,ECR,29.5,20.9,48,2.96,17.4,27.8,4.19,2,5.7,0
TDMS-SR-01098,switching_post,LTT-NED,SR,13.0,15.1,5,3.42,7.0,25.5,2.81,0,4.3,0
TDMS-NWR-01099,OHE_mast,ST-BCT,NWR,16.4,22.2,6,3.78,6.9,144.2,0.83,0,2.7,0
TDMS-SCR-01100,return_conductor,MAS-ED,SCR,18.1,30.1,20,3.43,10.4,41.5,0.1,0,3.9,0
TDMS-NR-01101,return_conductor,ADI-BRC,NR,15.3,22.8,9,4.0,7.4,24.2,3.04,0,3.2,0
TDMS-NR-01102,section_insulator,BCT-RTM,NR,15.5,5.0,5,4.25,14.8,18.5,6.11,1,4.9,0
TDMS-NWR-01103,feeder_cable,AWB-SC,NWR,14.1,18.4,43,4.4,6.0,38.1,0.36,1,3.4,0
TDMS-NFR-01104,OHE_mast,JHS-BPL,NFR,23.6,12.6,27,3.52,11.5,30.4,6.81,0,4.3,0
TDMS-NCR-01105,switching_post,KZJ-BZA,NCR,8.4,33.8,11,4.16,7.4,44.2,5.44,0,2.1,0
TDMS-NCR-01106,sub_station_25kV,CSTM-KYN,NCR,17.1,34.0,10,3.52,13.6,31.9,1.93,0,3.3,0
TDMS-WCR-01107,OHE_mast,NDLS-AGC,WCR,34.4,28.1,40,2.32,17.9,95.8,1.47,1,5.7,1
TDMS-NCR-01108,stagger_wire,AWB-SC,NCR,10.8,24.4,5,4.46,12.5,0.2,0.8,0,3.5,0
TDMS-NWR-01109,feeder_cable,LDH-ASR,NWR,18.3,17.6,12,3.67,11.5,32.8,0.19,0,4.0,0
TDMS-WCR-01110,booster_transformer,CBE-TVC,WCR,7.4,16.1,5,4.04,4.0,63.0,0.96,0,2.7,0
TDMS-ER-01111,stagger_wire,ASR-JUC,ER,17.2,18.9,65,3.46,12.3,3.8,5.14,1,4.9,0
TDMS-ER-01112,OHE_mast,ST-BCT,ER,9.4,20.2,168,4.17,6.1,3.9,1.97,3,3.8,0
TDMS-SWR-01113,feeder_cable,AGC-JHS,SWR,2.8,6.8,13,4.92,4.8,4.0,0.13,0,2.0,0
TDMS-SCR-01114,OHE_mast,ALD-CNB,SCR,25.8,43.0,28,3.35,11.4,113.7,2.2,3,6.7,0
TDMS-SR-01115,OHE_mast,ALD-CNB,SR,15.4,20.5,25,4.39,18.2,74.8,3.95,0,5.2,1
TDMS-ER-01116,OHE_mast,ST-BCT,ER,13.6,24.1,35,3.86,8.3,4.6,4.21,4,5.4,0
TDMS-ECR-01117,return_conductor,ST-BCT,ECR,30.3,21.1,21,2.72,18.0,42.1,5.72,0,5.3,1
TDMS-WR-01118,booster_transformer,ST-BCT,WR,28.8,25.0,6,3.22,18.9,34.9,3.82,0,6.5,1
TDMS-SR-01119,feeder_cable,LDH-ASR,SR,20.0,14.4,12,3.55,10.3,5.8,0.1,1,4.4,0
TDMS-NR-01120,switching_post,BPL-NGP,NR,20.0,22.6,71,3.66,12.3,30.0,1.62,0,4.7,0
TDMS-CR-01121,OHE_mast,MAS-ED,CR,15.7,31.9,41,3.69,14.2,1.6,1.23,0,4.8,0
TDMS-NER-01122,dropper,ADI-BRC,NER,12.7,18.1,5,4.0,6.0,0.2,1.82,1,4.8,0
TDMS-NER-01123,return_conductor,ED-CBE,NER,6.4,22.4,10,3.56,3.7,13.6,4.72,0,3.7,0
TDMS-WR-01124,booster_transformer,AGC-JHS,WR,18.4,22.5,22,3.79,13.2,100.7,0.12,1,4.1,0
TDMS-SECR-01125,sub_station_25kV,LTT-NED,SECR,36.0,15.1,46,2.28,15.6,32.9,3.34,0,5.3,1
TDMS-SER-01126,return_conductor,CNB-NDLS,SER,21.0,48.4,69,2.9,9.2,1.3,1.56,1,4.2,0
TDMS-NCR-01127,stagger_wire,NDLS-AGC,NCR,17.7,13.7,39,2.85,7.2,1.4,19.44,3,4.2,0
TDMS-SWR-01128,feeder_cable,CNB-NDLS,SWR,9.0,34.6,103,3.45,5.1,5.1,1.03,0,2.8,0
TDMS-SECR-01129,dropper,JHS-BPL,SECR,12.8,30.2,73,4.13,11.4,12.7,2.02,0,2.8,0
TDMS-SWR-01130,sub_station_25kV,NDLS-AGC,SWR,22.9,15.2,29,3.47,10.1,6.6,8.83,0,4.2,0
TDMS-ECoR-01131,stagger_wire,BRC-ST,ECoR,22.4,13.9,58,3.3,23.0,10.2,0.54,0,3.5,1
TDMS-NR-01132,switching_post,ED-CBE,NR,16.8,16.5,7,3.76,6.8,6.9,2.57,2,4.7,0
TDMS-ER-01133,feeder_cable,ED-CBE,ER,28.8,20.2,19,2.66,12.3,60.0,2.94,0,3.9,0
TDMS-ECoR-01134,feeder_cable,AGC-JHS,ECoR,24.2,24.0,5,3.41,12.2,20.7,2.9,4,5.2,0
TDMS-SCR-01135,OHE_mast,UMB-LDH,SCR,15.2,17.0,60,4.04,10.8,44.7,4.32,0,4.4,0
TDMS-SCR-01136,switching_post,AZ-MGS,SCR,23.4,10.0,120,3.65,11.7,14.7,0.44,0,4.2,1
TDMS-NR-01137,OHE_mast,LDH-ASR,NR,8.0,16.4,21,4.45,3.4,23.9,3.75,1,2.9,0
TDMS-NR-01138,switching_post,ADI-BRC,NR,27.7,14.6,16,2.49,12.6,37.6,0.53,0,4.0,1
TDMS-NER-01139,return_conductor,SC-KZJ,NER,13.7,11.8,13,3.68,11.4,2.8,1.7,0,3.3,0
TDMS-SECR-01140,sub_station_25kV,JHS-BPL,SECR,10.6,18.2,5,4.38,4.5,11.6,7.3,0,3.8,0
TDMS-CR-01141,OHE_mast,CSTM-KYN,CR,7.0,14.6,16,4.79,5.0,132.1,0.52,1,3.4,0
TDMS-NWR-01142,dropper,ADI-BRC,NWR,25.1,23.8,5,3.75,13.2,77.5,3.65,0,5.1,0
TDMS-ER-01143,OHE_mast,BWN-AZ,ER,21.0,23.6,37,3.92,24.9,105.5,3.09,0,4.5,1
TDMS-SECR-01144,OHE_mast,CNB-NDLS,SECR,37.0,27.0,51,2.02,15.5,1.6,3.9,0,6.4,1
TDMS-CR-01145,sub_station_25kV,ASR-JUC,CR,18.5,33.8,19,3.72,16.0,33.2,7.13,1,4.6,1
TDMS-NER-01146,OHE_mast,NGP-BZA,NER,20.2,21.0,23,3.06,9.9,13.0,4.94,1,3.6,0
TDMS-NFR-01147,stagger_wire,LDH-ASR,NFR,22.3,21.2,17,3.53,9.1,74.6,2.36,0,3.7,0
TDMS-NCR-01148,feeder_cable,NGP-BZA,NCR,13.5,17.6,13,4.03,11.1,36.4,0.69,1,4.8,0
TDMS-ER-01149,return_conductor,NGP-BZA,ER,8.2,15.9,17,4.05,3.6,8.4,0.49,0,3.3,0
TDMS-SCR-01150,booster_transformer,JUC-ADI,SCR,13.5,14.2,37,3.72,5.7,2.9,0.2,1,2.9,1
TDMS-WCR-01151,switching_post,KYN-IGP,WCR,10.9,26.2,37,3.87,4.4,48.4,2.0,0,2.9,0
TDMS-ECoR-01152,feeder_cable,UMB-LDH,ECoR,22.2,7.7,59,3.72,10.4,106.2,6.09,1,4.2,0
TDMS-NFR-01153,dropper,MGS-ALD,NFR,11.0,14.8,6,4.5,5.1,15.5,0.73,0,2.5,0
TDMS-SR-01154,dropper,LDH-ASR,SR,3.5,26.5,143,4.58,1.9,22.7,7.0,0,4.0,0
TDMS-SER-01155,switching_post,SC-KZJ,SER,8.5,10.6,33,5.0,9.3,52.8,0.5,0,3.1,0
TDMS-ECoR-01156,dropper,CNB-NDLS,ECoR,15.2,24.8,84,3.3,8.0,35.8,6.61,0,4.5,0
TDMS-WR-01157,booster_transformer,ALD-CNB,WR,7.8,11.6,5,4.94,4.9,38.6,3.58,0,2.9,0
TDMS-ECoR-01158,feeder_cable,CBE-TVC,ECoR,32.4,19.0,20,3.15,17.8,12.3,0.93,0,5.2,1
TDMS-CR-01159,feeder_cable,KZJ-BZA,CR,8.2,16.2,58,4.38,4.9,4.5,11.66,0,3.9,1
TDMS-ER-01160,dropper,AZ-MGS,ER,12.3,29.4,5,4.67,5.4,25.6,1.76,0,4.3,0
TDMS-SR-01161,OHE_mast,JHS-BPL,SR,4.1,29.0,8,4.09,2.0,32.3,0.6,4,3.8,0
TDMS-ECR-01162,OHE_mast,ADI-BRC,ECR,32.5,16.9,38,2.43,14.2,58.8,3.47,0,6.0,1
TDMS-SR-01163,dropper,BPL-NGP,SR,15.0,12.2,30,4.31,10.0,3.3,0.54,1,4.0,0
TDMS-NCR-01164,feeder_cable,AZ-MGS,NCR,20.3,18.1,22,3.4,10.9,8.4,6.64,0,4.1,0
TDMS-NR-01165,sub_station_25kV,AWB-SC,NR,9.2,15.3,8,4.01,9.9,10.3,7.7,0,3.7,0
TDMS-ECR-01166,sub_station_25kV,BWN-AZ,ECR,17.3,17.4,5,3.77,7.4,31.5,0.22,0,4.2,0
TDMS-ECR-01167,switching_post,BRC-ST,ECR,20.8,13.7,5,3.36,10.3,21.3,1.97,1,5.7,0
TDMS-SCR-01168,OHE_mast,LTT-NED,SCR,25.7,24.9,42,3.03,15.6,48.9,0.2,0,4.3,1
TDMS-SCR-01169,booster_transformer,JUC-ADI,SCR,7.3,16.4,25,4.32,6.8,78.8,1.39,0,3.2,0
TDMS-ECR-01170,OHE_mast,CNB-NDLS,ECR,11.4,19.6,68,3.95,5.6,38.9,3.69,0,2.1,0
TDMS-SWR-01171,dropper,ED-CBE,SWR,23.3,11.9,18,3.45,10.3,82.0,1.37,0,3.9,0
TDMS-SWR-01172,switching_post,CNB-NDLS,SWR,18.7,30.1,5,3.47,9.1,42.9,8.06,0,4.0,0
TDMS-SR-01173,dropper,CSTM-KYN,SR,16.0,25.2,31,3.72,6.5,35.5,0.8,0,3.1,0
TDMS-NFR-01174,booster_transformer,UMB-LDH,NFR,6.6,14.0,26,4.45,3.2,31.0,0.6,0,3.3,0
TDMS-SR-01175,booster_transformer,JUC-ADI,SR,28.0,43.0,9,2.76,12.6,27.9,3.18,0,5.3,0
TDMS-NWR-01176,section_insulator,CSTM-KYN,NWR,5.2,17.6,200,4.71,6.0,7.5,7.4,0,4.0,0
TDMS-SR-01177,OHE_mast,JHS-BPL,SR,18.6,12.3,5,3.51,10.4,27.2,0.1,0,3.3,0
TDMS-CR-01178,OHE_mast,JUC-ADI,CR,14.4,18.7,21,4.12,20.9,60.0,4.97,1,6.0,1
TDMS-CR-01179,stagger_wire,BWN-AZ,CR,7.3,29.2,33,4.28,4.2,31.7,2.26,0,1.5,0
TDMS-NR-01180,feeder_cable,LTT-NED,NR,15.3,21.9,18,3.52,11.9,22.3,0.21,0,3.7,0
TDMS-SCR-01181,dropper,ADI-BRC,SCR,12.5,17.0,20,4.12,6.3,112.5,3.25,0,2.8,0
TDMS-NR-01182,booster_transformer,BCT-RTM,NR,6.5,34.3,103,4.45,3.5,0.8,1.63,3,4.3,0
TDMS-ECR-01183,feeder_cable,BWN-AZ,ECR,15.5,27.2,23,3.74,8.2,5.4,1.64,1,2.6,0
TDMS-NWR-01184,booster_transformer,ASR-JUC,NWR,22.4,30.3,27,2.85,11.0,90.4,0.28,0,4.5,0
TDMS-NWR-01185,return_conductor,KZJ-BZA,NWR,14.1,15.3,30,4.04,6.8,5.1,3.45,3,3.3,0
TDMS-NER-01186,OHE_mast,BRC-ST,NER,11.5,23.8,41,4.21,11.2,32.5,0.35,4,5.4,0
TDMS-NFR-01187,sub_station_25kV,JUC-ADI,NFR,22.9,27.7,21,3.34,17.1,100.8,1.99,5,7.0,1
TDMS-NER-01188,feeder_cable,CBE-TVC,NER,22.0,10.3,120,3.04,11.1,46.2,5.33,0,4.0,0
TDMS-ER-01189,auto_transformer,NGP-BZA,ER,27.7,13.6,5,3.13,14.3,23.3,4.1,1,6.0,0
TDMS-WCR-01190,OHE_mast,MAS-ED,WCR,7.6,16.3,12,4.26,6.5,3.4,0.71,0,2.4,0
TDMS-ECoR-01191,sub_station_25kV,SC-KZJ,ECoR,13.7,21.2,145,3.59,6.5,9.1,5.15,0,3.6,0
TDMS-ECR-01192,OHE_mast,NDLS-UMB,ECR,7.0,23.4,12,4.62,6.2,48.9,6.39,0,3.0,1
TDMS-WR-01193,section_insulator,ASR-JUC,WR,13.5,28.0,87,4.28,6.9,47.1,4.04,0,4.5,0
TDMS-WCR-01194,dropper,CNB-NDLS,WCR,11.0,9.9,54,3.91,6.0,35.2,15.93,1,2.4,1
TDMS-ECoR-01195,switching_post,MGS-ALD,ECoR,22.7,34.8,76,3.56,15.3,29.6,0.24,3,7.0,1
TDMS-WR-01196,sub_station_25kV,BWN-AZ,WR,30.6,22.1,49,3.0,14.7,13.7,0.23,0,5.9,0
TDMS-NFR-01197,return_conductor,KYN-IGP,NFR,17.8,14.6,24,3.65,15.3,41.1,2.96,2,5.5,1
TDMS-NWR-01198,OHE_mast,AZ-MGS,NWR,41.7,26.4,173,2.57,20.6,117.7,1.2,0,6.2,1
TDMS-SCR-01199,booster_transformer,JUC-ADI,SCR,8.2,8.2,5,4.35,5.7,42.6,1.74,1,3.0,0
TDMS-NER-01200,OHE_mast,ED-CBE,NER,13.0,19.2,35,3.96,8.9,85.5,3.99,0,3.3,0
TDMS-NWR-01201,OHE_mast,AGC-JHS,NWR,16.7,24.7,18,3.49,7.9,50.3,7.04,0,3.2,0
TDMS-ER-01202,stagger_wire,JHS-BPL,ER,5.4,16.6,38,4.39,4.0,55.8,0.82,1,2.2,0
TDMS-CR-01203,booster_transformer,ED-CBE,CR,5.0,24.4,124,4.49,3.8,5.6,0.58,0,3.1,0
TDMS-ECoR-01204,booster_transformer,KZJ-BZA,ECoR,22.6,27.7,151,3.38,14.3,4.1,4.17,1,5.6,0
TDMS-WCR-01205,stagger_wire,BRC-ST,WCR,25.7,10.9,17,3.29,11.4,15.3,5.68,0,5.5,0
TDMS-ECoR-01206,feeder_cable,ADI-BRC,ECoR,33.4,17.3,124,2.65,15.8,18.9,4.46,3,6.4,1
TDMS-WCR-01207,feeder_cable,AZ-MGS,WCR,42.5,33.1,194,2.07,18.7,40.6,0.41,0,6.6,1
TDMS-SR-01208,sub_station_25kV,BPL-NGP,SR,14.4,13.9,29,3.85,14.3,20.3,4.27,0,2.9,0
TDMS-SR-01209,auto_transformer,MAS-ED,SR,5.6,13.6,6,4.88,8.0,15.3,1.73,0,3.0,0
TDMS-NWR-01210,dropper,CNB-NDLS,NWR,12.7,32.3,159,3.72,13.1,205.6,2.82,0,3.8,1
TDMS-CR-01211,OHE_mast,BPL-NGP,CR,15.1,25.8,102,3.35,7.8,35.9,1.54,0,3.7,0
TDMS-ECoR-01212,OHE_mast,BRC-ST,ECoR,16.4,27.4,48,3.33,8.1,2.6,0.1,0,3.0,0
TDMS-ER-01213,OHE_mast,BPL-NGP,ER,14.7,36.3,5,4.2,6.8,0.8,16.76,1,3.5,1
TDMS-ECoR-01214,sub_station_25kV,LTT-NED,ECoR,28.5,16.2,19,3.38,12.2,53.1,0.58,0,4.1,0
TDMS-SWR-01215,OHE_mast,LDH-ASR,SWR,15.7,18.6,7,3.63,8.0,24.8,3.36,0,4.2,0
TDMS-NER-01216,stagger_wire,BWN-AZ,NER,36.8,14.6,9,2.62,15.3,90.1,0.75,2,6.1,1
TDMS-ER-01217,feeder_cable,ADI-BRC,ER,25.6,13.9,52,3.05,26.9,54.5,0.11,0,6.0,1
TDMS-WR-01218,sub_station_25kV,CBE-TVC,WR,28.2,32.2,22,2.9,11.9,63.1,13.48,2,4.8,0
TDMS-SECR-01219,switching_post,AZ-MGS,SECR,26.4,18.7,18,3.72,14.7,9.7,0.1,1,5.8,0
TDMS-SECR-01220,feeder_cable,CBE-TVC,SECR,19.9,25.9,28,3.89,13.3,17.0,2.88,0,4.7,0
TDMS-SECR-01221,feeder_cable,BRC-ST,SECR,11.9,25.6,7,4.02,14.4,45.6,4.04,0,4.1,0
TDMS-NCR-01222,stagger_wire,SC-KZJ,NCR,24.7,14.4,25,2.6,11.0,74.1,2.5,0,3.7,0
TDMS-ER-01223,auto_transformer,MGS-ALD,ER,6.8,21.2,123,4.42,9.0,66.4,4.39,0,3.3,0
TDMS-ECR-01224,OHE_mast,ASR-JUC,ECR,4.5,10.2,71,4.64,2.8,16.4,0.56,0,2.9,0
TDMS-NR-01225,section_insulator,BZA-MAS,NR,14.7,21.5,5,3.86,8.0,35.8,0.1,0,4.5,0
TDMS-SWR-01226,feeder_cable,BZA-MAS,SWR,17.2,18.6,25,3.49,9.5,0.1,2.3,1,4.8,0
TDMS-ECoR-01227,OHE_mast,ALD-CNB,ECoR,15.1,10.2,88,4.33,8.2,108.1,1.71,0,3.2,0
TDMS-SECR-01228,switching_post,BWN-AZ,SECR,28.2,19.9,13,2.92,11.8,13.0,4.37,0,3.2,0
TDMS-ECoR-01229,dropper,ED-CBE,ECoR,10.5,52.3,82,4.04,17.8,5.3,0.19,1,5.1,1
TDMS-NWR-01230,OHE_mast,NDLS-UMB,NWR,20.5,28.1,40,3.62,8.8,59.8,0.17,1,3.4,1
TDMS-NCR-01231,OHE_mast,BCT-RTM,NCR,12.1,16.3,5,4.0,5.0,49.7,1.23,0,3.0,0
TDMS-ER-01232,feeder_cable,BWN-AZ,ER,24.0,16.3,96,3.68,9.6,18.4,4.69,3,5.5,0
TDMS-WR-01233,booster_transformer,BRC-ST,WR,15.7,20.0,102,3.58,10.4,20.3,1.9,3,4.8,0
TDMS-NWR-01234,dropper,JHS-BPL,NWR,12.1,25.6,78,4.04,5.0,48.4,4.64,0,3.3,0
TDMS-NFR-01235,booster_transformer,ADI-BRC,NFR,23.8,14.4,33,3.97,10.3,1.0,3.06,0,3.0,0
TDMS-WCR-01236,dropper,BWN-AZ,WCR,4.8,16.7,58,4.22,4.1,121.9,1.68,0,2.6,0
TDMS-NWR-01237,dropper,JUC-ADI,NWR,17.9,18.3,6,3.7,7.9,105.4,5.4,1,5.1,0
TDMS-WR-01238,OHE_mast,AWB-SC,WR,25.5,10.8,88,3.46,15.5,20.3,3.29,1,5.0,1
TDMS-NR-01239,booster_transformer,LDH-ASR,NR,16.5,23.2,133,3.86,8.5,54.8,1.63,0,4.3,0
TDMS-NER-01240,stagger_wire,NGP-BZA,NER,38.5,22.9,17,2.56,22.0,33.4,0.36,0,5.8,1
TDMS-SER-01241,OHE_mast,CNB-NDLS,SER,11.7,16.0,13,3.85,11.2,48.6,1.37,0,3.3,0
TDMS-NCR-01242,section_insulator,CNB-NDLS,NCR,9.1,16.1,12,4.31,5.6,95.3,0.18,0,2.6,0
TDMS-SWR-01243,auto_transformer,LTT-NED,SWR,11.6,13.8,18,4.0,5.4,22.5,1.98,0,2.1,0
TDMS-NR-01244,sub_station_25kV,ADI-BRC,NR,17.6,22.4,5,4.29,8.4,22.5,0.17,2,4.8,0
TDMS-SWR-01245,OHE_mast,NDLS-UMB,SWR,39.2,14.3,70,2.48,22.2,72.9,4.41,1,6.5,1
TDMS-NER-01246,stagger_wire,LDH-ASR,NER,16.3,24.6,17,3.22,11.7,0.9,1.32,1,3.6,1
TDMS-NFR-01247,feeder_cable,ASR-JUC,NFR,10.4,29.5,5,4.19,5.0,11.8,2.82,0,2.5,0
TDMS-ER-01248,return_conductor,JHS-BPL,ER,7.5,22.8,200,4.68,5.0,6.0,1.09,0,1.6,0
TDMS-ECoR-01249,dropper,NGP-BZA,ECoR,31.4,17.4,10,2.99,16.5,91.1,6.42,0,5.5,1
TDMS-NER-01250,booster_transformer,BWN-AZ,NER,6.8,17.9,76,4.21,3.8,33.3,2.03,0,2.4,0
TDMS-SWR-01251,feeder_cable,KZJ-BZA,SWR,6.3,14.7,30,4.28,6.2,1.6,4.13,1,3.1,1
TDMS-NER-01252,sub_station_25kV,MAS-ED,NER,22.4,22.2,21,3.49,9.3,21.6,3.24,0,4.4,0
TDMS-WR-01253,OHE_mast,BZA-MAS,WR,50.0,15.9,49,2.17,22.3,69.8,3.62,0,7.4,1
TDMS-SCR-01254,sub_station_25kV,BZA-MAS,SCR,7.6,34.5,89,4.46,4.5,3.9,2.18,7,6.5,1
TDMS-SER-01255,booster_transformer,MGS-ALD,SER,17.4,11.7,5,3.86,7.2,14.0,19.75,0,3.9,1
TDMS-NR-01256,OHE_mast,BWN-AZ,NR,17.0,16.8,5,3.52,12.2,89.9,0.32,2,4.6,0
TDMS-CR-01257,switching_post,JUC-ADI,CR,15.8,15.7,188,3.87,7.3,2.7,2.13,2,3.4,0
TDMS-NCR-01258,dropper,AGC-JHS,NCR,19.7,21.9,14,3.65,8.5,222.0,1.37,0,4.8,1
TDMS-CR-01259,OHE_mast,MGS-ALD,CR,12.2,15.0,5,3.99,7.5,14.8,1.34,0,4.0,0
TDMS-NCR-01260,stagger_wire,ST-BCT,NCR,6.3,25.8,17,3.85,9.1,1.5,4.21,1,3.0,0
TDMS-SCR-01261,OHE_mast,ASR-JUC,SCR,7.1,21.9,8,4.51,8.1,6.9,0.1,1,4.4,0
TDMS-ECR-01262,dropper,HWH-BWN,ECR,6.8,23.4,27,4.67,3.1,40.9,1.46,1,3.5,0
TDMS-NCR-01263,section_insulator,JHS-BPL,NCR,8.2,10.2,95,5.0,4.9,5.7,1.59,4,4.0,0
TDMS-ER-01264,OHE_mast,NGP-BZA,ER,10.3,15.3,101,4.02,13.1,57.4,2.12,0,3.1,0
TDMS-SCR-01265,dropper,AWB-SC,SCR,8.8,27.8,16,3.91,4.1,20.1,1.51,2,4.7,0
TDMS-ER-01266,booster_transformer,ALD-CNB,ER,16.6,13.0,29,3.89,9.0,91.2,1.04,2,4.1,0
TDMS-SWR-01267,section_insulator,KZJ-BZA,SWR,9.9,14.0,35,4.43,4.0,3.3,2.4,0,3.5,0
TDMS-SR-01268,dropper,HWH-BWN,SR,24.1,25.7,13,3.17,9.9,20.2,7.15,0,4.5,0
TDMS-SR-01269,OHE_mast,CSTM-KYN,SR,5.6,13.0,8,4.45,3.2,35.6,1.19,1,1.6,0
TDMS-NCR-01270,stagger_wire,CNB-NDLS,NCR,16.3,10.8,29,4.51,7.3,74.7,0.33,1,4.1,0
TDMS-WCR-01271,OHE_mast,ED-CBE,WCR,4.2,15.2,23,4.08,4.1,30.7,2.08,0,2.6,0
TDMS-SER-01272,section_insulator,NDLS-AGC,SER,6.9,44.1,103,3.97,3.4,55.6,5.56,5,5.6,1
TDMS-WCR-01273,stagger_wire,NDLS-AGC,WCR,22.3,12.1,84,3.19,11.8,39.5,0.44,1,5.3,0
TDMS-NER-01274,booster_transformer,HWH-BWN,NER,11.9,11.6,49,4.09,11.0,13.7,5.67,1,4.1,0
TDMS-ECoR-01275,dropper,JUC-ADI,ECoR,30.9,38.0,15,2.27,17.4,20.7,3.74,0,6.2,1
TDMS-CR-01276,dropper,CSTM-KYN,CR,37.2,23.3,20,3.2,18.7,74.2,2.46,3,6.6,1
TDMS-SECR-01277,OHE_mast,HWH-BWN,SECR,7.0,23.1,8,4.21,3.1,4.6,1.78,5,4.7,1
TDMS-ECoR-01278,sub_station_25kV,NGP-BZA,ECoR,14.1,10.2,14,4.26,6.5,138.1,1.63,1,3.9,0
TDMS-SER-01279,feeder_cable,BRC-ST,SER,11.7,10.9,185,4.78,5.9,39.8,3.88,3,3.4,0
TDMS-NR-01280,OHE_mast,NDLS-UMB,NR,18.8,21.5,36,3.86,10.8,21.9,1.93,0,3.9,0
TDMS-WR-01281,booster_transformer,AGC-JHS,WR,20.4,11.6,76,3.64,9.2,80.7,3.18,0,3.1,0
TDMS-WR-01282,OHE_mast,AZ-MGS,WR,21.9,27.9,14,3.45,8.8,33.9,0.11,2,4.4,0
TDMS-CR-01283,OHE_mast,NDLS-AGC,CR,7.3,12.8,23,4.23,7.4,47.8,8.46,0,1.7,0
TDMS-NER-01284,auto_transformer,CSTM-KYN,NER,18.2,26.7,41,3.52,14.1,4.2,1.8,0,3.2,0
TDMS-SR-01285,stagger_wire,BZA-MAS,SR,23.2,17.2,5,4.08,12.8,70.6,7.36,2,6.2,0
TDMS-NFR-01286,feeder_cable,BWN-AZ,NFR,4.4,16.0,103,4.75,3.0,98.3,2.99,2,4.2,0
TDMS-SECR-01287,switching_post,MAS-ED,SECR,22.5,11.1,84,3.37,12.1,3.7,3.25,0,4.3,0
TDMS-SWR-01288,stagger_wire,MAS-ED,SWR,17.4,49.7,178,4.06,10.8,10.2,0.66,0,4.1,0
TDMS-SWR-01289,OHE_mast,AWB-SC,SWR,10.1,14.4,21,4.19,4.6,21.0,0.22,0,2.2,0
TDMS-NWR-01290,switching_post,BCT-RTM,NWR,25.5,28.2,5,3.54,15.7,28.5,0.73,0,3.6,1
TDMS-WCR-01291,sub_station_25kV,CBE-TVC,WCR,14.0,12.5,51,4.24,9.6,94.4,2.3,1,4.7,0
TDMS-ECoR-01292,booster_transformer,KYN-IGP,ECoR,11.5,36.4,6,3.9,6.8,268.6,0.11,1,4.0,1
TDMS-SR-01293,sub_station_25kV,ASR-JUC,SR,6.7,28.1,16,4.13,3.1,54.8,6.31,0,2.1,0
TDMS-NFR-01294,OHE_mast,LTT-NED,NFR,14.3,19.6,10,4.14,10.9,54.1,1.65,0,3.1,0
TDMS-SR-01295,stagger_wire,CNB-NDLS,SR,10.2,15.4,45,4.78,5.4,60.9,1.99,0,3.2,0
TDMS-WR-01296,stagger_wire,ASR-JUC,WR,13.2,27.4,46,3.85,5.9,7.2,0.47,0,3.3,0
TDMS-NER-01297,OHE_mast,AGC-JHS,NER,48.1,15.3,18,2.2,30.0,21.5,5.87,2,8.7,1
TDMS-CR-01298,OHE_mast,NDLS-UMB,CR,15.6,23.3,61,3.55,9.1,58.2,3.23,1,3.7,0
TDMS-WR-01299,stagger_wire,JHS-BPL,WR,30.3,23.6,68,3.12,16.8,93.3,0.28,0,4.7,1
TDMS-ECoR-01300,booster_transformer,BWN-AZ,ECoR,15.3,29.9,52,3.96,6.6,105.3,0.62,0,2.9,0
TDMS-WCR-01301,dropper,NGP-BZA,WCR,11.3,20.0,5,4.05,7.4,0.1,0.15,0,4.9,0
TDMS-NR-01302,switching_post,KYN-IGP,NR,10.6,11.4,7,4.05,8.2,102.6,2.86,1,3.5,0
TDMS-SR-01303,booster_transformer,MGS-ALD,SR,8.4,8.0,21,4.61,4.3,117.9,0.4,0,3.0,0
TDMS-ECR-01304,section_insulator,CSTM-KYN,ECR,7.9,12.8,25,4.7,3.6,0.1,1.99,1,2.0,0
TDMS-ER-01305,OHE_mast,AGC-JHS,ER,27.6,33.4,17,3.12,15.3,0.5,3.69,2,5.3,1
TDMS-NFR-01306,section_insulator,ST-BCT,NFR,19.6,27.8,36,3.74,8.8,12.6,2.24,2,4.4,0
TDMS-ECR-01307,OHE_mast,MGS-ALD,ECR,8.7,28.6,16,4.75,6.1,2.4,1.9,1,4.7,0
TDMS-SR-01308,sub_station_25kV,CNB-NDLS,SR,19.1,12.2,24,4.06,12.2,38.8,0.31,0,5.0,0
TDMS-NFR-01309,dropper,AWB-SC,NFR,19.3,23.9,5,3.27,8.1,23.6,2.18,0,2.8,0
TDMS-WCR-01310,stagger_wire,CBE-TVC,WCR,9.6,13.5,19,4.28,6.1,10.7,0.22,0,3.6,0
TDMS-NCR-01311,dropper,BRC-ST,NCR,31.2,19.0,53,2.81,16.8,62.6,0.1,1,5.3,1
TDMS-NER-01312,sub_station_25kV,NDLS-UMB,NER,15.7,12.4,31,3.84,6.8,7.5,5.69,0,3.3,0
TDMS-NWR-01313,stagger_wire,BWN-AZ,NWR,12.0,22.6,57,3.98,5.0,58.1,7.97,0,2.2,0
TDMS-SWR-01314,booster_transformer,JUC-ADI,SWR,1.9,14.7,42,5.0,2.0,144.5,0.1,0,2.2,0
TDMS-NFR-01315,section_insulator,JUC-ADI,NFR,16.3,27.4,179,3.32,11.9,34.8,3.09,3,5.0,0
TDMS-NER-01316,dropper,BPL-NGP,NER,30.2,25.0,14,2.74,12.8,69.8,0.79,0,3.4,1
TDMS-ECoR-01317,stagger_wire,AWB-SC,ECoR,27.4,17.9,5,3.11,11.9,4.2,1.87,0,5.0,0
TDMS-SECR-01318,OHE_mast,UMB-LDH,SECR,10.6,10.4,6,3.94,4.4,14.5,2.14,0,3.5,0
TDMS-NR-01319,feeder_cable,BPL-NGP,NR,21.2,17.4,14,3.25,9.4,46.9,2.1,2,4.5,0
TDMS-NFR-01320,dropper,JHS-BPL,NFR,14.3,20.6,38,3.75,8.1,48.2,3.07,1,4.3,0
TDMS-SWR-01321,feeder_cable,JHS-BPL,SWR,50.0,17.9,66,1.98,25.0,5.0,0.68,0,7.7,1
TDMS-NWR-01322,dropper,AWB-SC,NWR,19.4,21.2,5,3.52,8.4,99.5,4.17,3,4.4,0
TDMS-SER-01323,OHE_mast,KYN-IGP,SER,10.0,25.3,151,4.39,5.0,119.4,0.75,2,2.7,1
TDMS-SECR-01324,dropper,ALD-CNB,SECR,4.9,14.7,19,4.45,2.9,1.3,6.75,2,3.6,0
TDMS-CR-01325,sub_station_25kV,AWB-SC,CR,10.9,24.8,78,4.17,6.9,66.6,0.24,0,3.5,0
TDMS-SR-01326,OHE_mast,LDH-ASR,SR,10.7,28.0,50,4.35,6.6,5.9,0.23,0,4.3,1
TDMS-NCR-01327,OHE_mast,BWN-AZ,NCR,16.9,24.0,40,3.91,8.1,5.2,0.28,2,4.4,1
TDMS-CR-01328,sub_station_25kV,AWB-SC,CR,27.4,32.3,5,2.9,17.6,48.2,3.29,0,5.4,1
TDMS-ECR-01329,dropper,JHS-BPL,ECR,6.4,14.7,101,4.48,6.8,3.4,0.33,1,3.1,0
TDMS-SR-01330,dropper,NGP-BZA,SR,43.5,10.9,21,2.44,19.6,23.8,0.64,5,7.5,1
TDMS-SWR-01331,feeder_cable,LTT-NED,SWR,35.2,30.3,100,2.67,16.8,19.4,1.19,3,7.3,0
TDMS-ECoR-01332,stagger_wire,BWN-AZ,ECoR,45.8,20.5,9,2.32,19.4,45.5,3.24,0,6.8,1
TDMS-SER-01333,sub_station_25kV,BWN-AZ,SER,15.1,20.2,153,3.74,17.1,63.6,2.91,0,3.5,1
TDMS-SR-01334,feeder_cable,ED-CBE,SR,10.9,35.3,43,4.17,5.4,9.5,6.34,0,3.2,0
TDMS-NER-01335,switching_post,SC-KZJ,NER,38.2,12.0,81,2.75,18.3,8.2,0.46,0,5.3,1
TDMS-NWR-01336,switching_post,CBE-TVC,NWR,13.6,13.9,31,3.9,10.7,94.8,0.54,0,4.2,0
TDMS-SCR-01337,OHE_mast,ED-CBE,SCR,34.1,34.9,40,2.77,25.6,0.2,0.81,0,6.1,1
TDMS-ECoR-01338,section_insulator,ASR-JUC,ECoR,4.8,16.1,17,4.65,6.0,33.0,1.09,0,2.8,0
TDMS-NR-01339,OHE_mast,SC-KZJ,NR,45.6,14.1,61,2.15,18.4,36.0,3.72,0,6.7,1
TDMS-WR-01340,return_conductor,AZ-MGS,WR,15.8,22.6,104,3.74,7.0,68.3,2.19,1,4.3,0
TDMS-CR-01341,section_insulator,NDLS-UMB,CR,6.2,27.3,56,3.77,5.5,9.8,2.3,1,2.4,0
TDMS-SECR-01342,dropper,KZJ-BZA,SECR,19.9,17.4,28,3.42,8.5,119.3,1.02,0,3.9,0
TDMS-ECoR-01343,booster_transformer,HWH-BWN,ECoR,13.1,20.6,81,3.88,7.7,2.9,4.06,4,5.1,0
TDMS-WR-01344,OHE_mast,ST-BCT,WR,14.4,22.3,31,4.17,9.6,14.5,1.86,0,3.0,0
TDMS-SER-01345,booster_transformer,JHS-BPL,SER,12.7,24.6,26,3.58,9.2,11.3,1.9,5,5.8,1
TDMS-ECoR-01346,OHE_mast,SC-KZJ,ECoR,10.1,24.2,49,3.96,5.9,9.8,0.82,2,4.3,0
TDMS-NWR-01347,return_conductor,ALD-CNB,NWR,16.9,23.1,11,3.78,7.0,7.3,1.02,0,2.5,0
TDMS-WCR-01348,booster_transformer,ALD-CNB,WCR,12.6,13.4,29,4.19,6.6,8.2,2.28,5,4.8,1
TDMS-SCR-01349,switching_post,BZA-MAS,SCR,16.9,18.6,5,3.38,7.6,59.6,0.19,0,3.8,0
TDMS-SR-01350,return_conductor,LTT-NED,SR,10.8,13.0,187,5.0,9.9,134.3,8.44,0,3.8,0
TDMS-CR-01351,auto_transformer,JHS-BPL,CR,19.0,29.9,146,4.1,15.5,59.2,2.36,1,4.8,1
TDMS-ECR-01352,stagger_wire,AZ-MGS,ECR,17.0,17.0,191,3.75,13.6,11.5,3.04,2,5.6,0
TDMS-SECR-01353,OHE_mast,ADI-BRC,SECR,13.0,21.0,94,4.05,7.1,11.5,0.1,0,3.4,0
TDMS-NCR-01354,dropper,ALD-CNB,NCR,9.0,19.2,104,4.33,4.8,52.7,0.13,5,4.9,1
TDMS-CR-01355,feeder_cable,BZA-MAS,CR,13.1,16.2,5,3.54,10.3,16.0,9.83,0,4.1,0
TDMS-ECR-01356,switching_post,CNB-NDLS,ECR,25.7,18.7,10,3.33,12.2,64.1,0.51,3,7.1,0
TDMS-SER-01357,dropper,KZJ-BZA,SER,7.3,12.5,49,4.54,7.0,0.6,0.53,0,3.2,0
TDMS-SCR-01358,stagger_wire,ED-CBE,SCR,17.8,16.1,10,3.87,8.3,18.8,6.44,0,3.8,0
TDMS-NCR-01359,dropper,UMB-LDH,NCR,20.3,18.9,5,3.8,15.2,19.4,4.78,1,4.5,1
TDMS-SCR-01360,stagger_wire,MAS-ED,SCR,28.7,24.6,23,2.72,19.6,15.9,3.19,0,5.2,1
TDMS-ECoR-01361,dropper,BWN-AZ,ECoR,18.7,14.1,118,3.3,8.2,50.6,3.61,0,2.7,0
TDMS-SWR-01362,OHE_mast,BPL-NGP,SWR,9.4,36.9,200,4.15,6.1,44.9,0.1,0,3.1,0
TDMS-ER-01363,stagger_wire,MGS-ALD,ER,15.6,11.0,30,4.26,9.7,214.5,3.45,1,3.8,1
TDMS-WR-01364,return_conductor,BRC-ST,WR,16.3,31.4,42,3.43,7.4,38.1,0.78,0,3.3,0
TDMS-ER-01365,OHE_mast,UMB-LDH,ER,10.3,13.1,19,4.29,4.7,71.9,0.77,0,3.4,0
TDMS-SCR-01366,sub_station_25kV,UMB-LDH,SCR,27.5,11.5,14,3.37,11.7,10.9,1.71,0,4.7,0
TDMS-NR-01367,switching_post,SC-KZJ,NR,22.6,15.6,119,3.5,14.5,42.3,1.64,0,5.4,0
TDMS-SWR-01368,dropper,BPL-NGP,SWR,18.3,25.7,57,3.78,8.5,26.5,2.27,0,4.7,0
TDMS-ECR-01369,OHE_mast,BWN-AZ,ECR,22.7,9.8,11,3.29,11.2,77.0,3.91,0,4.1,0
TDMS-SECR-01370,return_conductor,CSTM-KYN,SECR,19.7,16.0,12,3.37,7.9,85.3,6.88,2,5.1,0
TDMS-ECoR-01371,dropper,BRC-ST,ECoR,9.9,21.9,57,4.19,4.8,11.7,1.8,1,3.6,0
TDMS-ER-01372,stagger_wire,MAS-ED,ER,13.1,17.1,22,4.93,7.5,2.5,2.71,2,4.6,0
TDMS-SER-01373,dropper,BRC-ST,SER,6.1,17.7,30,4.52,3.7,31.0,2.05,1,3.2,1
TDMS-WR-01374,sub_station_25kV,NDLS-AGC,WR,12.6,24.4,74,4.37,11.4,16.4,0.1,0,3.4,0
TDMS-ER-01375,OHE_mast,ED-CBE,ER,22.9,28.5,52,3.07,11.5,49.6,5.25,2,5.3,0
TDMS-NCR-01376,switching_post,BWN-AZ,NCR,14.4,17.9,131,3.74,9.8,0.2,3.99,0,3.3,0
TDMS-ER-01377,OHE_mast,JHS-BPL,ER,18.9,23.0,79,3.41,10.4,46.6,9.62,0,5.1,0
TDMS-CR-01378,dropper,NDLS-UMB,CR,14.7,25.7,13,3.73,16.7,31.0,1.4,0,5.0,1
TDMS-WCR-01379,return_conductor,JHS-BPL,WCR,6.7,12.4,36,4.05,4.6,15.6,5.15,2,5.7,0
TDMS-NWR-01380,feeder_cable,LTT-NED,NWR,26.8,19.3,13,3.37,11.6,34.1,3.9,0,4.4,0
TDMS-CR-01381,booster_transformer,JUC-ADI,CR,4.7,10.2,16,4.82,2.2,109.0,0.37,1,3.5,0
TDMS-WCR-01382,booster_transformer,NGP-BZA,WCR,42.2,35.2,61,2.06,26.0,86.9,10.54,1,8.4,1
TDMS-ECoR-01383,OHE_mast,AZ-MGS,ECoR,27.1,29.3,21,3.1,11.0,82.6,0.5,0,4.6,0
TDMS-ECR-01384,booster_transformer,LDH-ASR,ECR,7.5,16.3,29,4.72,4.4,10.8,5.32,0,2.9,0
TDMS-NER-01385,feeder_cable,BWN-AZ,NER,27.8,22.5,49,3.2,11.3,20.7,1.93,1,4.7,0
TDMS-CR-01386,sub_station_25kV,NDLS-UMB,CR,28.3,6.9,24,2.86,13.4,3.0,2.75,0,4.2,0
TDMS-SECR-01387,section_insulator,LTT-NED,SECR,19.7,39.2,25,3.29,8.2,5.6,2.18,1,4.8,0
TDMS-WR-01388,booster_transformer,ASR-JUC,WR,6.1,15.2,19,4.58,3.0,10.8,0.21,1,3.4,0
TDMS-ECoR-01389,dropper,NGP-BZA,ECoR,11.6,25.9,27,4.12,8.6,86.1,8.83,0,4.2,0
TDMS-NCR-01390,auto_transformer,CSTM-KYN,NCR,15.2,12.7,69,4.33,6.3,5.1,6.2,0,4.2,0
TDMS-SER-01391,sub_station_25kV,BPL-NGP,SER,13.5,38.0,40,3.56,8.5,17.3,2.65,0,2.5,0
TDMS-NWR-01392,auto_transformer,CBE-TVC,NWR,32.4,20.9,5,2.83,20.9,1.2,2.02,0,5.8,1
TDMS-WR-01393,dropper,NDLS-AGC,WR,3.9,8.1,5,4.65,6.9,12.2,1.21,0,3.0,0
TDMS-NER-01394,stagger_wire,BRC-ST,NER,11.9,23.2,5,3.65,7.1,64.0,0.58,0,3.7,0
TDMS-ER-01395,switching_post,CNB-NDLS,ER,4.2,20.4,10,4.9,1.7,103.9,4.58,1,2.1,1
TDMS-NWR-01396,stagger_wire,LTT-NED,NWR,8.3,13.4,11,5.0,12.4,21.3,2.18,1,4.4,0
TDMS-SWR-01397,stagger_wire,BPL-NGP,SWR,26.4,25.9,5,2.6,11.2,13.1,3.4,1,4.6,0
TDMS-NWR-01398,OHE_mast,BPL-NGP,NWR,22.6,17.8,52,3.53,13.7,34.2,1.05,0,4.1,0
TDMS-ECR-01399,auto_transformer,CBE-TVC,ECR,15.6,27.2,54,3.34,7.3,1.1,6.66,0,3.1,0
TDMS-ECR-01400,stagger_wire,AZ-MGS,ECR,13.6,15.5,33,4.42,7.3,16.2,11.47,0,2.7,1
TDMS-ER-01401,return_conductor,SC-KZJ,ER,9.2,17.8,46,3.69,5.3,61.7,3.25,0,3.4,0
TDMS-SCR-01402,section_insulator,CSTM-KYN,SCR,20.9,19.9,99,3.48,13.4,0.8,5.78,0,2.6,0
TDMS-ECR-01403,OHE_mast,JUC-ADI,ECR,13.2,23.4,11,4.13,6.4,12.9,0.8,0,3.7,0
TDMS-SER-01404,OHE_mast,AZ-MGS,SER,22.3,18.5,27,3.86,9.5,8.6,10.75,2,4.9,1
TDMS-NCR-01405,booster_transformer,JUC-ADI,NCR,4.1,27.4,23,4.41,1.6,17.4,0.77,0,2.1,0
TDMS-SCR-01406,dropper,HWH-BWN,SCR,8.4,10.2,77,4.18,3.5,3.0,0.78,2,4.2,0
TDMS-NWR-01407,stagger_wire,JUC-ADI,NWR,6.6,41.4,16,4.04,5.4,22.3,7.6,0,2.4,0
TDMS-NR-01408,OHE_mast,ADI-BRC,NR,10.9,28.9,21,3.81,12.4,25.4,1.01,0,3.3,0
TDMS-CR-01409,stagger_wire,MGS-ALD,CR,21.0,28.1,9,3.62,9.7,4.0,1.36,0,3.3,0
TDMS-SCR-01410,section_insulator,UMB-LDH,SCR,20.4,21.1,5,3.4,9.6,68.8,5.76,2,3.9,0
TDMS-NWR-01411,OHE_mast,LDH-ASR,NWR,13.0,15.0,99,3.82,6.6,52.0,5.85,0,3.3,1
TDMS-NWR-01412,booster_transformer,SC-KZJ,NWR,31.6,27.9,73,2.46,16.6,12.1,0.26,0,6.6,1
TDMS-CR-01413,feeder_cable,BCT-RTM,CR,14.8,25.3,71,3.78,11.8,6.2,1.16,2,4.4,0
TDMS-ECR-01414,sub_station_25kV,MAS-ED,ECR,11.2,16.9,13,4.14,5.3,254.0,0.83,2,4.1,1
TDMS-SER-01415,booster_transformer,NDLS-AGC,SER,18.4,18.9,6,3.26,8.6,1.1,6.85,0,2.8,0
TDMS-ECoR-01416,OHE_mast,ALD-CNB,ECoR,23.2,18.7,41,3.22,10.1,29.2,1.05,1,4.6,0
TDMS-NFR-01417,booster_transformer,KYN-IGP,NFR,20.7,14.0,28,3.18,12.2,53.2,0.81,1,4.8,1
TDMS-WR-01418,sub_station_25kV,UMB-LDH,WR,19.4,25.3,12,3.67,8.8,111.1,1.04,0,4.4,0
TDMS-WR-01419,switching_post,ADI-BRC,WR,15.8,17.6,67,4.12,7.6,29.5,6.26,1,3.1,0
TDMS-SECR-01420,switching_post,CBE-TVC,SECR,11.5,23.5,7,4.35,15.7,34.4,0.63,2,5.6,1
TDMS-SECR-01421,auto_transformer,JUC-ADI,SECR,17.7,21.6,77,3.66,9.7,88.8,0.61,1,3.4,0
TDMS-ECR-01422,feeder_cable,AZ-MGS,ECR,18.7,9.9,124,3.66,9.4,21.0,5.46,0,5.5,0
TDMS-SER-01423,booster_transformer,BPL-NGP,SER,19.8,31.7,61,3.13,8.8,18.7,0.57,4,5.4,0
TDMS-NCR-01424,feeder_cable,CSTM-KYN,NCR,19.3,46.4,50,3.25,9.1,88.6,2.1,0,5.3,0
TDMS-NER-01425,return_conductor,BCT-RTM,NER,9.8,14.7,19,4.7,4.5,51.9,1.98,0,4.0,1
TDMS-ER-01426,booster_transformer,MGS-ALD,ER,18.2,19.6,8,3.59,8.0,43.9,0.1,2,4.0,0
TDMS-WR-01427,dropper,SC-KZJ,WR,34.2,36.2,11,2.7,20.5,7.2,2.81,2,5.7,1
TDMS-NR-01428,sub_station_25kV,KYN-IGP,NR,8.8,24.6,19,4.58,11.1,22.3,3.34,1,4.0,0
TDMS-SER-01429,dropper,UMB-LDH,SER,18.4,9.7,27,4.32,14.2,20.3,0.68,5,5.7,1
TDMS-ECoR-01430,auto_transformer,MAS-ED,ECoR,2.9,18.0,107,4.77,2.7,98.3,2.58,1,3.9,0
TDMS-ECoR-01431,OHE_mast,SC-KZJ,ECoR,12.3,17.1,25,4.01,7.5,1.9,0.47,0,4.6,0
TDMS-CR-01432,OHE_mast,HWH-BWN,CR,8.1,14.4,107,4.62,6.0,166.7,4.05,0,3.0,0
TDMS-WCR-01433,feeder_cable,JHS-BPL,WCR,36.6,18.5,12,2.91,16.8,97.9,2.3,0,5.8,1
TDMS-NR-01434,dropper,ST-BCT,NR,26.2,26.3,75,2.79,11.7,40.5,1.59,0,4.5,0
TDMS-SCR-01435,section_insulator,AZ-MGS,SCR,25.8,14.0,45,3.22,11.6,22.2,9.77,0,3.1,0
TDMS-NER-01436,switching_post,NGP-BZA,NER,6.9,30.5,9,4.04,12.9,58.8,9.18,1,5.3,0
TDMS-SCR-01437,stagger_wire,AZ-MGS,SCR,7.4,30.4,6,3.95,8.2,71.9,0.12,0,2.4,0
TDMS-NFR-01438,section_insulator,NDLS-UMB,NFR,10.5,17.5,5,4.88,6.8,7.6,1.06,1,3.2,0
TDMS-SCR-01439,return_conductor,JHS-BPL,SCR,19.2,13.9,18,2.9,8.0,83.4,0.82,1,5.0,0
TDMS-NFR-01440,OHE_mast,HWH-BWN,NFR,6.6,33.8,12,4.09,4.4,6.3,9.18,0,1.6,0
TDMS-NER-01441,OHE_mast,ALD-CNB,NER,11.7,9.1,130,4.33,6.3,20.8,0.61,1,3.6,0
TDMS-NWR-01442,sub_station_25kV,KZJ-BZA,NWR,13.0,30.3,61,4.11,7.3,9.1,0.17,1,3.3,0
TDMS-ECoR-01443,stagger_wire,LTT-NED,ECoR,5.6,26.6,5,4.45,3.5,31.1,0.68,0,2.9,0
TDMS-ECoR-01444,OHE_mast,ALD-CNB,ECoR,5.2,31.6,57,4.4,7.3,107.1,4.19,1,3.3,0
TDMS-NER-01445,return_conductor,AWB-SC,NER,6.4,7.1,13,4.13,4.7,16.9,2.16,1,4.0,0
TDMS-ER-01446,switching_post,SC-KZJ,ER,8.7,20.7,71,3.99,10.7,68.2,10.26,0,4.3,1
TDMS-NWR-01447,dropper,KZJ-BZA,NWR,26.5,14.0,27,3.38,19.2,28.8,5.01,1,6.6,1
TDMS-NR-01448,section_insulator,CNB-NDLS,NR,19.1,21.3,11,3.88,9.3,67.3,0.66,0,4.6,0
TDMS-NR-01449,feeder_cable,NDLS-AGC,NR,9.1,22.5,82,4.29,4.5,92.3,1.42,0,3.6,0
TDMS-SECR-01450,feeder_cable,AZ-MGS,SECR,9.1,43.1,145,4.16,8.4,22.8,5.06,0,2.4,0
TDMS-NCR-01451,feeder_cable,ST-BCT,NCR,35.0,12.6,30,3.38,20.4,20.1,3.99,2,8.2,1
TDMS-ECoR-01452,dropper,UMB-LDH,ECoR,38.5,15.2,23,2.4,15.9,9.5,1.2,0,5.0,1
TDMS-SWR-01453,dropper,UMB-LDH,SWR,12.2,12.7,47,4.23,7.2,88.6,2.67,0,4.3,0
TDMS-CR-01454,section_insulator,LDH-ASR,CR,29.8,24.7,12,3.13,12.0,54.6,2.64,0,4.5,0
TDMS-WCR-01455,auto_transformer,MAS-ED,WCR,6.7,40.1,124,4.35,3.6,24.8,6.33,0,3.4,0
TDMS-NR-01456,dropper,LDH-ASR,NR,26.6,20.6,46,3.18,16.4,19.8,0.1,1,5.1,1
TDMS-NER-01457,return_conductor,BRC-ST,NER,24.0,17.3,60,3.66,12.4,4.3,0.9,0,4.8,0
TDMS-SWR-01458,OHE_mast,BZA-MAS,SWR,32.1,34.7,69,2.92,14.7,8.9,3.73,1,5.2,0
TDMS-ECoR-01459,dropper,AZ-MGS,ECoR,18.2,26.9,72,3.76,8.8,13.3,3.13,0,2.1,0
TDMS-SCR-01460,return_conductor,LTT-NED,SCR,3.1,7.7,61,4.43,1.4,86.4,1.25,0,2.2,1
TDMS-SER-01461,OHE_mast,BZA-MAS,SER,15.4,28.3,14,3.92,8.4,44.1,5.88,0,4.8,0
TDMS-WR-01462,return_conductor,BZA-MAS,WR,8.9,17.2,48,4.62,11.2,8.2,3.98,0,3.1,0
TDMS-ECR-01463,dropper,CNB-NDLS,ECR,16.6,12.4,42,4.16,9.7,17.3,2.74,1,4.7,0
TDMS-NFR-01464,OHE_mast,ALD-CNB,NFR,6.7,35.6,112,3.69,4.0,8.3,0.84,1,2.3,0
TDMS-NWR-01465,OHE_mast,MAS-ED,NWR,20.8,13.7,61,3.8,12.1,13.8,1.06,3,5.3,0
TDMS-WCR-01466,stagger_wire,AGC-JHS,WCR,39.0,13.4,36,2.75,18.4,6.8,3.12,0,5.8,0
TDMS-WCR-01467,switching_post,JUC-ADI,WCR,15.9,11.9,115,3.84,7.8,68.6,10.05,0,3.4,1
TDMS-ER-01468,booster_transformer,AWB-SC,ER,9.2,12.9,89,4.66,4.4,2.4,5.76,1,2.9,1
TDMS-WCR-01469,dropper,AZ-MGS,WCR,33.1,14.6,15,2.54,14.6,23.7,0.7,3,5.5,0
TDMS-ER-01470,stagger_wire,MGS-ALD,ER,20.0,21.2,116,3.65,10.7,13.5,4.13,0,4.7,0
TDMS-SECR-01471,dropper,LDH-ASR,SECR,21.6,14.6,28,3.36,11.6,20.7,8.28,2,5.0,0
TDMS-NCR-01472,stagger_wire,MGS-ALD,NCR,9.9,18.1,14,4.22,5.7,89.8,0.31,0,1.7,0
TDMS-WCR-01473,OHE_mast,JHS-BPL,WCR,23.9,16.2,8,3.34,11.6,24.5,3.42,0,2.9,0
TDMS-NCR-01474,switching_post,BZA-MAS,NCR,34.7,20.7,51,2.8,30.0,22.9,0.27,4,9.0,1
TDMS-SCR-01475,dropper,JHS-BPL,SCR,34.2,28.4,46,2.81,17.7,21.8,0.1,0,5.5,1
TDMS-WR-01476,dropper,BWN-AZ,WR,8.1,16.4,41,4.55,4.6,6.3,11.12,1,2.8,1
TDMS-WR-01477,booster_transformer,BPL-NGP,WR,14.6,20.5,78,3.55,8.3,32.7,0.7,0,4.5,0
TDMS-SCR-01478,dropper,HWH-BWN,SCR,27.1,16.7,182,3.17,18.2,13.2,4.82,0,4.9,1
TDMS-NR-01479,stagger_wire,CSTM-KYN,NR,6.6,30.5,6,4.24,4.1,37.9,2.45,0,2.8,0
TDMS-CR-01480,OHE_mast,JHS-BPL,CR,25.8,12.2,78,3.41,13.2,43.5,2.98,1,5.8,1
TDMS-SR-01481,OHE_mast,LDH-ASR,SR,27.3,46.5,57,2.74,11.3,67.4,0.49,0,5.2,0
TDMS-NCR-01482,feeder_cable,MAS-ED,NCR,11.3,12.8,27,4.01,7.9,48.8,4.24,0,3.9,0
TDMS-ER-01483,section_insulator,KYN-IGP,ER,34.7,38.8,19,2.29,16.0,38.3,1.24,0,5.1,1
TDMS-NR-01484,feeder_cable,UMB-LDH,NR,21.9,15.6,43,3.07,11.7,58.7,2.77,0,3.1,0
TDMS-NWR-01485,stagger_wire,NDLS-UMB,NWR,11.6,16.2,57,4.12,4.8,43.3,1.53,0,3.3,0
TDMS-SR-01486,OHE_mast,LDH-ASR,SR,8.6,13.8,30,4.13,3.7,16.8,0.59,0,3.2,0
TDMS-SWR-01487,dropper,MAS-ED,SWR,19.5,14.8,13,3.98,9.6,4.8,0.44,0,2.8,0
TDMS-SWR-01488,sub_station_25kV,NGP-BZA,SWR,7.0,13.2,57,4.36,3.6,56.0,1.5,4,4.0,0
TDMS-SCR-01489,stagger_wire,AWB-SC,SCR,4.2,23.5,6,4.16,5.0,9.8,0.1,1,3.1,0
TDMS-ER-01490,booster_transformer,AZ-MGS,ER,37.6,12.8,9,2.02,15.7,79.2,9.96,2,6.4,1
TDMS-NR-01491,dropper,BWN-AZ,NR,33.7,8.4,41,3.25,14.1,48.0,1.01,0,4.9,0
TDMS-ER-01492,OHE_mast,BRC-ST,ER,20.3,13.1,26,3.82,11.9,23.8,3.38,0,3.0,0
TDMS-SECR-01493,feeder_cable,NDLS-AGC,SECR,9.3,22.5,42,4.4,4.0,132.0,2.55,0,2.2,0
TDMS-SER-01494,dropper,UMB-LDH,SER,15.6,30.4,74,4.0,6.8,55.6,3.94,0,4.2,0
TDMS-WR-01495,OHE_mast,NGP-BZA,WR,18.5,44.0,71,3.67,7.8,26.3,5.29,0,3.0,0
TDMS-NCR-01496,dropper,AGC-JHS,NCR,4.5,24.4,39,4.48,3.2,14.3,6.27,1,2.6,0
TDMS-SWR-01497,stagger_wire,ED-CBE,SWR,22.0,36.8,90,2.87,9.1,12.3,3.33,0,2.6,0
TDMS-NWR-01498,switching_post,SC-KZJ,NWR,24.0,32.8,17,2.62,12.5,12.1,1.47,0,5.0,1
TDMS-ER-01499,stagger_wire,NDLS-UMB,ER,14.1,11.4,33,3.92,13.9,24.7,2.04,0,4.0,0
TDMS-SER-01500,return_conductor,KYN-IGP,SER,22.8,28.2,46,3.62,10.2,8.5,1.37,3,4.6,0
TDMS-SECR-01501,booster_transformer,BWN-AZ,SECR,19.4,20.8,26,3.23,7.9,50.1,9.01,0,3.6,0
TDMS-NCR-01502,auto_transformer,MAS-ED,NCR,18.2,42.5,113,3.33,10.3,71.9,1.16,0,5.4,0
TDMS-SR-01503,OHE_mast,UMB-LDH,SR,5.7,15.3,180,4.51,3.5,3.4,0.92,1,3.2,1
TDMS-NER-01504,sub_station_25kV,AGC-JHS,NER,6.3,31.6,5,4.17,4.8,54.6,2.39,2,4.8,0
TDMS-ER-01505,OHE_mast,UMB-LDH,ER,36.8,38.9,75,2.42,15.0,28.3,0.3,1,4.8,1
TDMS-ECoR-01506,switching_post,MAS-ED,ECoR,32.2,21.5,200,2.95,14.3,3.4,6.48,0,4.9,0
TDMS-ER-01507,dropper,KZJ-BZA,ER,6.7,33.9,90,4.04,8.6,14.5,12.77,0,2.4,0
TDMS-WR-01508,dropper,HWH-BWN,WR,10.1,13.7,97,4.6,5.1,86.5,1.28,0,2.8,0
TDMS-ECoR-01509,booster_transformer,SC-KZJ,ECoR,43.3,22.6,94,2.15,20.5,50.5,0.37,0,6.1,1
TDMS-WR-01510,OHE_mast,HWH-BWN,WR,14.1,37.7,5,3.71,9.7,20.4,0.97,0,4.5,0
TDMS-SER-01511,section_insulator,BZA-MAS,SER,30.6,31.5,8,2.83,13.3,49.8,1.63,0,5.5,0
TDMS-NWR-01512,OHE_mast,NDLS-UMB,NWR,25.4,19.4,18,3.23,14.4,12.1,5.47,0,5.1,0
TDMS-WCR-01513,sub_station_25kV,CSTM-KYN,WCR,15.6,9.6,10,4.21,8.5,8.2,10.3,0,2.5,1
TDMS-NWR-01514,booster_transformer,UMB-LDH,NWR,14.7,10.7,34,3.96,7.1,100.5,3.82,0,3.7,0
TDMS-SECR-01515,stagger_wire,NDLS-UMB,SECR,26.3,11.5,13,3.27,11.3,15.9,8.09,0,3.3,0
TDMS-ECR-01516,switching_post,MGS-ALD,ECR,10.3,19.3,7,4.53,5.0,9.5,0.6,1,3.8,0
TDMS-NFR-01517,dropper,NDLS-AGC,NFR,4.4,17.5,9,4.57,2.7,37.0,7.94,1,3.2,0
TDMS-CR-01518,booster_transformer,JHS-BPL,CR,8.6,16.3,61,4.61,4.8,85.2,2.59,0,3.2,0
TDMS-NCR-01519,OHE_mast,AWB-SC,NCR,14.6,18.7,9,4.36,10.9,57.0,1.79,0,4.2,0
TDMS-NWR-01520,section_insulator,NDLS-UMB,NWR,20.9,14.9,30,3.97,12.3,23.3,1.81,0,5.5,0
TDMS-ECoR-01521,OHE_mast,AZ-MGS,ECoR,29.5,19.1,101,3.32,18.2,40.4,9.17,0,5.5,1
TDMS-NFR-01522,feeder_cable,JHS-BPL,NFR,32.4,10.8,35,2.79,13.5,9.0,1.36,0,5.1,0
TDMS-SER-01523,dropper,JHS-BPL,SER,13.1,24.9,9,4.11,8.1,28.6,0.51,1,4.0,0
TDMS-SER-01524,dropper,KZJ-BZA,SER,10.9,60.0,24,3.29,5.5,73.0,2.69,2,3.2,0
TDMS-WCR-01525,dropper,MAS-ED,WCR,5.4,26.8,54,3.45,8.6,108.5,0.35,0,3.6,0
TDMS-WR-01526,section_insulator,UMB-LDH,WR,16.4,53.5,33,3.64,7.7,52.6,3.74,0,3.2,0
TDMS-SCR-01527,OHE_mast,NDLS-AGC,SCR,20.1,37.4,65,2.98,12.9,19.9,0.1,1,5.9,0
TDMS-CR-01528,OHE_mast,KYN-IGP,CR,32.7,13.9,5,2.56,22.7,12.4,1.58,0,5.5,1
TDMS-ER-01529,section_insulator,ADI-BRC,ER,18.2,15.2,18,3.91,14.1,15.5,4.83,0,3.9,0
TDMS-NFR-01530,OHE_mast,LTT-NED,NFR,23.9,14.2,7,2.81,17.2,55.5,1.58,0,5.2,1
TDMS-NWR-01531,OHE_mast,NGP-BZA,NWR,19.7,47.8,124,3.19,11.0,8.6,4.35,0,3.5,0
TDMS-NR-01532,feeder_cable,BZA-MAS,NR,27.8,30.8,11,2.82,12.7,20.6,3.65,2,5.1,0
TDMS-NCR-01533,OHE_mast,CNB-NDLS,NCR,45.1,21.2,72,2.23,19.3,133.1,3.32,0,6.6,1
TDMS-ECR-01534,OHE_mast,ED-CBE,ECR,9.3,16.7,9,4.2,4.2,99.7,1.6,0,3.5,0
TDMS-SECR-01535,sub_station_25kV,ADI-BRC,SECR,9.8,7.5,102,4.45,4.5,100.8,7.52,0,3.2,0
TDMS-NFR-01536,OHE_mast,NGP-BZA,NFR,31.6,21.6,5,3.24,13.1,2.2,1.34,1,4.8,0
TDMS-ECoR-01537,dropper,BCT-RTM,ECoR,23.4,22.4,15,3.61,10.6,108.9,1.44,0,4.8,0
TDMS-NCR-01538,booster_transformer,BZA-MAS,NCR,18.5,16.1,6,3.36,9.8,8.2,3.59,1,3.1,0
TDMS-NER-01539,section_insulator,ALD-CNB,NER,7.5,15.0,17,4.23,8.1,56.0,4.12,0,2.5,0
TDMS-SR-01540,stagger_wire,JHS-BPL,SR,21.9,24.6,33,3.76,9.7,8.5,1.13,0,4.3,0
TDMS-SCR-01541,booster_transformer,ED-CBE,SCR,14.8,17.1,158,4.25,6.9,19.7,4.77,2,3.8,0
TDMS-NCR-01542,feeder_cable,BWN-AZ,NCR,46.6,16.7,17,1.92,20.3,21.4,5.26,8,9.5,1
TDMS-SCR-01543,OHE_mast,BCT-RTM,SCR,49.7,20.6,12,1.93,19.9,27.8,0.14,2,7.8,1
TDMS-NCR-01544,stagger_wire,JUC-ADI,NCR,4.1,24.5,46,4.41,2.2,89.3,1.9,0,2.2,0
TDMS-NCR-01545,booster_transformer,NDLS-UMB,NCR,28.1,23.5,17,3.13,15.1,40.4,3.23,0,4.7,1
TDMS-ER-01546,OHE_mast,BRC-ST,ER,13.5,20.1,17,4.19,6.6,8.7,0.87,0,2.6,0
TDMS-SWR-01547,OHE_mast,NDLS-UMB,SWR,31.1,26.8,145,2.9,12.9,22.5,3.26,0,5.1,0
TDMS-SECR-01548,sub_station_25kV,ED-CBE,SECR,9.5,12.6,11,4.33,9.6,6.3,0.58,0,3.9,0
TDMS-WR-01549,OHE_mast,CNB-NDLS,WR,21.4,20.5,5,3.35,11.9,16.5,0.1,1,5.7,0
TDMS-NWR-01550,OHE_mast,JUC-ADI,NWR,20.8,40.4,106,3.24,9.3,22.1,2.61,0,3.0,0
TDMS-SECR-01551,dropper,SC-KZJ,SECR,14.4,9.1,45,4.2,13.4,15.0,0.21,0,3.3,0
TDMS-WR-01552,OHE_mast,CNB-NDLS,WR,12.5,21.8,46,3.78,14.1,59.1,1.8,1,3.6,0
TDMS-NER-01553,sub_station_25kV,AZ-MGS,NER,9.4,16.8,53,3.8,4.5,0.6,1.71,0,2.1,0
TDMS-ER-01554,feeder_cable,SC-KZJ,ER,6.0,19.1,23,4.53,8.4,108.4,9.12,0,4.0,0
TDMS-CR-01555,OHE_mast,CSTM-KYN,CR,12.8,27.9,33,4.24,6.0,29.6,0.39,5,4.3,1
TDMS-SCR-01556,OHE_mast,CSTM-KYN,SCR,11.3,19.2,64,4.52,8.0,64.8,2.08,2,3.5,0
TDMS-NCR-01557,feeder_cable,ED-CBE,NCR,17.7,27.3,36,3.58,8.1,8.3,4.62,1,4.0,1
TDMS-WR-01558,feeder_cable,BRC-ST,WR,15.5,15.3,40,3.9,11.7,17.3,0.34,0,3.4,0
TDMS-ER-01559,booster_transformer,NDLS-UMB,ER,15.4,17.1,133,3.76,6.9,137.7,3.08,1,4.5,0
TDMS-NR-01560,switching_post,KZJ-BZA,NR,44.0,18.7,23,2.35,17.7,31.0,9.59,5,8.2,1
TDMS-SR-01561,section_insulator,JHS-BPL,SR,14.4,26.6,16,3.86,6.3,17.8,0.1,0,3.1,1
TDMS-SCR-01562,sub_station_25kV,UMB-LDH,SCR,24.0,9.4,5,3.7,11.4,262.8,1.89,0,5.1,1
TDMS-NCR-01563,OHE_mast,BZA-MAS,NCR,10.1,18.5,5,4.47,4.6,46.8,5.79,1,3.9,0
TDMS-NFR-01564,OHE_mast,BWN-AZ,NFR,7.0,24.7,26,4.54,4.4,66.1,0.61,0,3.7,0
TDMS-ECoR-01565,OHE_mast,ST-BCT,ECoR,4.4,36.2,16,3.84,2.5,8.6,2.86,0,1.2,0
TDMS-SWR-01566,sub_station_25kV,AGC-JHS,SWR,20.5,13.7,32,3.86,9.3,0.6,2.5,0,3.9,0
TDMS-WCR-01567,switching_post,NGP-BZA,WCR,20.8,12.0,5,3.63,17.5,98.5,3.5,0,4.6,1
TDMS-ECR-01568,OHE_mast,LDH-ASR,ECR,2.5,18.2,51,4.36,1.3,14.5,3.91,0,2.2,0
TDMS-WCR-01569,switching_post,BCT-RTM,WCR,11.9,20.5,5,4.16,6.8,57.8,2.73,3,4.7,0
TDMS-SCR-01570,switching_post,ED-CBE,SCR,18.9,20.4,5,3.68,13.5,22.5,4.41,0,4.5,0
TDMS-ECoR-01571,sub_station_25kV,JHS-BPL,ECoR,13.7,16.0,5,3.77,6.9,85.7,0.78,0,3.7,0
TDMS-SR-01572,booster_transformer,KZJ-BZA,SR,9.2,10.7,5,4.3,15.7,12.0,6.21,0,3.8,1
TDMS-NER-01573,feeder_cable,SC-KZJ,NER,17.0,18.3,15,4.12,7.4,30.2,7.29,0,3.3,0
TDMS-ECoR-01574,dropper,AGC-JHS,ECoR,11.1,26.9,87,4.36,4.6,18.2,0.78,0,3.1,0
TDMS-NFR-01575,OHE_mast,NGP-BZA,NFR,7.3,25.5,7,4.34,3.0,46.3,13.86,3,3.2,1
TDMS-ECR-01576,OHE_mast,KZJ-BZA,ECR,19.8,10.6,79,3.79,10.9,30.8,4.62,0,4.4,0
TDMS-NER-01577,stagger_wire,AGC-JHS,NER,38.6,11.3,36,2.6,16.9,53.3,0.32,0,6.5,1
TDMS-NCR-01578,OHE_mast,MGS-ALD,NCR,22.2,19.1,6,2.96,11.9,23.0,1.47,0,5.2,0
TDMS-SWR-01579,OHE_mast,BWN-AZ,SWR,9.4,22.8,102,4.09,11.8,60.5,0.1,0,3.2,0
TDMS-CR-01580,stagger_wire,ED-CBE,CR,19.8,28.4,32,4.18,11.5,28.4,1.81,0,3.6,0
TDMS-NWR-01581,section_insulator,SC-KZJ,NWR,13.4,27.6,37,4.04,10.3,4.9,3.49,1,4.2,0
TDMS-NR-01582,section_insulator,ASR-JUC,NR,39.8,11.6,35,2.85,16.8,52.6,1.35,0,6.7,1
TDMS-NR-01583,switching_post,BZA-MAS,NR,11.7,37.9,85,3.02,5.7,22.5,0.52,0,2.6,0
TDMS-ECR-01584,dropper,BWN-AZ,ECR,11.5,19.7,73,3.99,6.4,61.3,9.48,1,3.7,0
TDMS-NFR-01585,sub_station_25kV,LTT-NED,NFR,24.9,19.6,5,3.42,10.0,94.6,0.5,1,3.8,0
TDMS-NCR-01586,booster_transformer,NDLS-AGC,NCR,12.4,42.5,43,3.54,6.8,94.4,10.8,0,5.2,1
TDMS-SR-01587,dropper,NDLS-AGC,SR,20.6,41.2,159,3.47,12.3,61.1,3.32,0,4.4,1
TDMS-ECoR-01588,OHE_mast,MGS-ALD,ECoR,35.4,14.8,50,2.52,15.6,5.0,0.44,0,6.6,0
TDMS-SR-01589,stagger_wire,CNB-NDLS,SR,18.4,16.0,87,3.55,10.5,131.5,5.52,0,3.7,0
TDMS-ER-01590,feeder_cable,NDLS-UMB,ER,14.7,54.7,10,3.63,6.7,29.7,6.3,0,4.2,0
TDMS-ECoR-01591,feeder_cable,AZ-MGS,ECoR,14.8,22.6,49,4.05,8.2,98.2,0.48,1,3.5,0
TDMS-CR-01592,dropper,ADI-BRC,CR,26.1,17.1,50,3.06,12.7,46.3,2.62,0,5.0,0
TDMS-CR-01593,switching_post,UMB-LDH,CR,17.0,15.8,5,3.74,8.7,9.5,6.48,1,3.9,0
TDMS-SWR-01594,booster_transformer,KZJ-BZA,SWR,16.5,30.8,21,3.95,9.8,39.7,4.44,0,3.4,0
TDMS-SER-01595,dropper,LDH-ASR,SER,30.0,17.6,22,2.5,18.3,18.4,0.69,1,6.0,1
TDMS-NFR-01596,switching_post,AZ-MGS,NFR,4.1,9.3,61,4.55,7.6,0.7,0.31,2,3.7,0
TDMS-ECoR-01597,switching_post,MGS-ALD,ECoR,16.9,32.5,36,3.63,6.9,74.8,2.61,1,3.0,0
TDMS-SWR-01598,sub_station_25kV,SC-KZJ,SWR,13.5,15.5,8,3.98,5.6,157.9,1.97,0,3.0,0
TDMS-WR-01599,stagger_wire,ALD-CNB,WR,25.1,17.5,18,2.68,10.4,29.8,10.42,0,3.2,1
TDMS-NWR-01600,return_conductor,AGC-JHS,NWR,17.7,13.5,5,3.72,14.1,15.3,1.69,0,3.9,0
TDMS-WCR-01601,section_insulator,ALD-CNB,WCR,8.1,10.5,18,5.0,3.5,9.6,0.47,1,2.8,0
TDMS-WR-01602,switching_post,CBE-TVC,WR,14.2,17.7,5,3.89,8.3,11.7,1.43,0,3.6,0
TDMS-NCR-01603,booster_transformer,CSTM-KYN,NCR,26.3,22.5,187,3.08,13.6,72.7,0.15,2,5.3,0
TDMS-SR-01604,sub_station_25kV,MAS-ED,SR,9.2,24.2,71,3.63,6.4,6.8,1.92,0,3.7,0
TDMS-ECoR-01605,OHE_mast,JHS-BPL,ECoR,24.8,17.5,143,3.16,13.9,106.6,13.56,0,5.3,1
TDMS-NWR-01606,switching_post,UMB-LDH,NWR,9.3,28.3,26,4.28,5.0,22.2,3.58,0,3.2,0
TDMS-SER-01607,stagger_wire,CSTM-KYN,SER,20.7,41.9,20,3.53,12.1,42.7,1.45,0,4.9,0
TDMS-WR-01608,return_conductor,JHS-BPL,WR,8.2,18.3,174,4.4,6.6,22.0,7.08,1,2.9,0
TDMS-WR-01609,OHE_mast,BWN-AZ,WR,22.5,15.3,87,3.4,9.5,234.7,1.06,2,6.0,1
TDMS-SR-01610,OHE_mast,CNB-NDLS,SR,8.2,26.4,53,4.3,5.3,18.6,2.13,0,2.0,0
TDMS-CR-01611,dropper,LDH-ASR,CR,21.7,14.0,20,3.13,13.8,18.9,5.17,1,4.0,0
TDMS-ECoR-01612,section_insulator,BCT-RTM,ECoR,19.6,50.3,12,3.54,9.8,82.1,3.58,0,4.4,0
TDMS-SER-01613,feeder_cable,JHS-BPL,SER,35.3,32.3,30,2.54,16.2,4.9,0.16,5,8.6,1
TDMS-NER-01614,return_conductor,AGC-JHS,NER,13.2,28.2,12,4.05,15.6,7.8,6.63,1,4.7,1
TDMS-ECR-01615,return_conductor,ASR-JUC,ECR,18.0,16.4,8,3.64,8.0,149.1,2.96,0,4.8,0
TDMS-SCR-01616,OHE_mast,NGP-BZA,SCR,14.2,19.7,17,3.65,9.4,3.9,13.18,2,4.3,1
TDMS-SR-01617,switching_post,MAS-ED,SR,25.9,15.7,5,3.52,13.4,1.8,7.12,0,4.4,0
TDMS-NCR-01618,dropper,NDLS-AGC,NCR,17.4,26.2,31,3.53,17.1,56.6,1.87,0,4.9,1
TDMS-SR-01619,dropper,NDLS-AGC,SR,11.8,15.0,73,3.74,7.2,25.1,4.35,0,3.6,0
TDMS-ECoR-01620,OHE_mast,NGP-BZA,ECoR,11.9,39.5,132,4.14,5.1,30.2,4.2,0,4.6,0
TDMS-NWR-01621,booster_transformer,LTT-NED,NWR,18.2,15.0,24,3.62,19.1,29.0,0.12,0,4.7,1
TDMS-SR-01622,sub_station_25kV,JHS-BPL,SR,35.5,10.2,147,2.89,15.0,84.7,2.24,0,4.6,0
TDMS-ECoR-01623,OHE_mast,MGS-ALD,ECoR,17.1,32.7,55,3.6,7.9,19.1,1.71,1,4.1,0
TDMS-ECoR-01624,booster_transformer,NDLS-UMB,ECoR,46.1,29.9,5,1.9,19.9,65.0,0.84,0,6.6,1
TDMS-SWR-01625,dropper,BCT-RTM,SWR,20.7,20.8,24,3.39,12.8,34.0,0.17,0,5.0,0
TDMS-WR-01626,section_insulator,BWN-AZ,WR,16.7,18.8,144,3.84,6.7,6.5,2.89,1,3.8,0
TDMS-SR-01627,OHE_mast,LDH-ASR,SR,19.0,23.3,12,3.34,13.2,51.1,1.65,1,3.6,0
TDMS-NWR-01628,feeder_cable,UMB-LDH,NWR,9.7,27.0,5,4.34,13.8,4.0,0.1,2,5.1,0
TDMS-ER-01629,sub_station_25kV,UMB-LDH,ER,18.0,30.6,15,3.96,11.3,11.5,12.16,3,4.8,1
TDMS-ER-01630,switching_post,CNB-NDLS,ER,7.0,17.6,41,4.87,2.8,32.5,16.11,1,3.7,1
TDMS-SWR-01631,feeder_cable,BZA-MAS,SWR,39.2,49.3,78,2.84,25.1,23.8,7.48,0,7.0,1
TDMS-ECoR-01632,auto_transformer,ED-CBE,ECoR,13.7,15.8,30,4.53,5.5,29.1,1.11,0,2.9,0
TDMS-ER-01633,section_insulator,LDH-ASR,ER,19.4,12.8,44,3.6,11.1,28.1,3.47,0,3.6,0
TDMS-WR-01634,OHE_mast,UMB-LDH,WR,14.1,24.3,99,3.86,5.6,32.1,4.85,0,2.8,0
TDMS-SECR-01635,OHE_mast,BWN-AZ,SECR,8.0,14.1,44,4.14,4.3,13.9,0.51,1,3.4,0
TDMS-ER-01636,sub_station_25kV,CSTM-KYN,ER,39.6,28.7,34,2.49,20.0,21.1,1.99,1,6.7,1
TDMS-NCR-01637,OHE_mast,LTT-NED,NCR,13.3,36.6,5,3.59,13.8,54.3,4.01,0,4.0,0
TDMS-ECoR-01638,auto_transformer,BPL-NGP,ECoR,22.9,29.3,49,3.49,9.2,80.9,1.06,0,4.2,0
TDMS-SR-01639,dropper,AWB-SC,SR,24.1,24.8,35,3.12,14.9,1.2,0.31,0,6.0,0
TDMS-WCR-01640,OHE_mast,BRC-ST,WCR,21.4,11.8,79,3.65,10.5,20.0,2.4,1,5.7,0
TDMS-ECR-01641,dropper,LDH-ASR,ECR,21.5,28.9,33,3.69,11.2,19.1,1.59,0,3.7,0
TDMS-ECoR-01642,return_conductor,CNB-NDLS,ECoR,3.9,12.8,14,4.7,3.1,30.7,1.8,0,3.3,0
TDMS-NER-01643,switching_post,ADI-BRC,NER,8.0,18.3,8,4.59,4.4,0.1,5.28,1,3.2,0
TDMS-NER-01644,OHE_mast,CSTM-KYN,NER,42.3,10.7,52,2.49,17.5,14.2,1.56,0,5.3,1
TDMS-ECR-01645,section_insulator,AZ-MGS,ECR,34.3,14.7,27,2.75,15.1,38.6,2.63,0,5.9,1
TDMS-SCR-01646,OHE_mast,BZA-MAS,SCR,17.3,22.8,47,3.31,13.5,10.5,6.33,0,3.8,0
TDMS-NWR-01647,stagger_wire,ST-BCT,NWR,6.0,21.1,79,4.4,2.7,2.3,3.11,0,2.1,0
TDMS-SR-01648,OHE_mast,KZJ-BZA,SR,40.5,22.7,17,2.56,26.2,10.6,3.95,2,6.4,1
TDMS-ER-01649,dropper,ADI-BRC,ER,23.1,9.3,44,3.2,9.7,74.3,3.1,1,4.5,0
TDMS-ER-01650,OHE_mast,KYN-IGP,ER,11.4,25.4,119,4.71,4.7,12.7,1.45,1,2.9,0
TDMS-ECR-01651,booster_transformer,ADI-BRC,ECR,5.9,42.3,10,4.44,4.7,24.8,0.35,2,4.6,0
TDMS-SECR-01652,feeder_cable,JHS-BPL,SECR,19.1,14.0,87,3.74,30.0,4.9,1.46,0,5.9,1
TDMS-NCR-01653,booster_transformer,CBE-TVC,NCR,31.2,18.0,9,2.47,17.2,52.6,2.8,2,6.1,1
TDMS-SWR-01654,dropper,NDLS-AGC,SWR,15.9,11.3,20,3.92,8.0,22.3,0.1,1,3.7,0
TDMS-SECR-01655,auto_transformer,BPL-NGP,SECR,11.8,24.1,25,3.7,9.5,8.3,4.95,1,3.4,0
TDMS-NCR-01656,feeder_cable,HWH-BWN,NCR,12.0,45.4,41,3.88,10.2,136.9,6.57,0,2.9,0
TDMS-NER-01657,section_insulator,NGP-BZA,NER,11.3,17.7,8,4.3,5.3,73.0,0.1,3,6.0,0
TDMS-SECR-01658,sub_station_25kV,BWN-AZ,SECR,12.0,25.3,30,4.47,4.9,18.7,2.44,0,3.0,0
TDMS-NER-01659,feeder_cable,CSTM-KYN,NER,6.2,22.1,128,4.85,9.6,5.2,8.61,0,2.8,0
TDMS-CR-01660,section_insulator,JHS-BPL,CR,19.8,24.9,18,3.38,8.6,38.5,1.91,1,4.3,0
TDMS-WCR-01661,OHE_mast,AWB-SC,WCR,22.9,13.9,11,3.27,11.2,60.8,6.22,1,4.9,0
TDMS-NER-01662,feeder_cable,AZ-MGS,NER,20.2,17.0,5,3.75,8.8,83.7,0.65,2,3.9,0
TDMS-CR-01663,booster_transformer,AWB-SC,CR,9.4,13.5,55,4.29,5.1,21.9,0.27,0,2.5,0
TDMS-ECR-01664,OHE_mast,ST-BCT,ECR,11.8,14.9,31,4.05,7.8,9.5,5.68,1,4.1,1
TDMS-ECoR-01665,feeder_cable,NDLS-UMB,ECoR,26.1,20.2,33,2.92,12.8,9.6,1.92,0,4.2,0
TDMS-WCR-01666,OHE_mast,HWH-BWN,WCR,30.4,28.6,168,3.25,20.3,0.7,1.23,0,4.7,1
TDMS-NCR-01667,booster_transformer,CNB-NDLS,NCR,7.4,16.5,12,4.09,4.4,62.3,2.4,2,3.2,0
TDMS-SCR-01668,OHE_mast,MGS-ALD,SCR,19.4,21.7,81,3.86,9.5,28.2,3.95,1,3.6,1
TDMS-ECoR-01669,sub_station_25kV,KZJ-BZA,ECoR,19.2,26.1,8,2.56,7.7,103.6,1.99,0,4.7,0
TDMS-SECR-01670,feeder_cable,KZJ-BZA,SECR,11.3,20.1,27,4.17,5.5,7.5,1.28,0,3.4,1
TDMS-SER-01671,OHE_mast,HWH-BWN,SER,17.9,31.8,47,3.91,11.1,14.9,6.93,3,3.4,0
TDMS-WR-01672,feeder_cable,NDLS-UMB,WR,7.3,20.8,85,4.73,6.7,77.9,2.92,0,2.7,1
TDMS-ECoR-01673,OHE_mast,BZA-MAS,ECoR,17.4,11.2,57,3.43,7.5,38.4,2.88,0,4.3,0
TDMS-NCR-01674,OHE_mast,NDLS-UMB,NCR,15.7,29.4,44,3.68,18.9,17.5,2.7,0,5.1,1
TDMS-ECoR-01675,OHE_mast,BWN-AZ,ECoR,15.6,14.2,5,4.15,8.0,12.5,1.31,2,4.0,0
TDMS-NCR-01676,dropper,LTT-NED,NCR,37.7,31.0,36,2.79,16.0,35.1,9.29,0,6.2,1
TDMS-SR-01677,OHE_mast,AWB-SC,SR,40.4,30.9,20,2.25,20.1,19.5,8.96,2,6.5,1
TDMS-ECR-01678,sub_station_25kV,NGP-BZA,ECR,24.6,15.1,154,3.14,12.6,12.3,3.69,3,5.2,0
TDMS-NFR-01679,OHE_mast,ED-CBE,NFR,23.6,40.8,17,3.42,11.3,18.9,1.52,1,4.2,0
TDMS-NCR-01680,OHE_mast,ASR-JUC,NCR,21.0,41.5,5,3.38,13.3,49.0,1.0,0,5.3,0
TDMS-NWR-01681,OHE_mast,NDLS-AGC,NWR,3.1,10.4,7,4.59,4.1,21.8,10.14,0,2.6,1
TDMS-ER-01682,feeder_cable,KZJ-BZA,ER,8.9,16.6,52,4.56,13.9,25.8,1.44,0,3.4,0
TDMS-NR-01683,feeder_cable,UMB-LDH,NR,7.9,18.9,23,4.26,8.5,44.0,1.25,0,2.6,0
TDMS-WR-01684,OHE_mast,MGS-ALD,WR,33.0,19.0,22,3.08,15.6,26.5,8.74,1,5.4,1
TDMS-SR-01685,dropper,AGC-JHS,SR,8.9,34.7,21,4.01,6.7,121.8,0.94,0,2.8,0
TDMS-WR-01686,switching_post,MGS-ALD,WR,12.1,12.1,144,4.31,7.1,2.9,1.02,2,3.5,0
TDMS-SCR-01687,auto_transformer,ASR-JUC,SCR,9.7,18.7,7,4.99,5.7,44.9,1.55,0,2.8,0
TDMS-NWR-01688,dropper,CNB-NDLS,NWR,17.0,38.5,83,3.39,10.1,79.3,8.79,1,4.5,0
TDMS-SWR-01689,stagger_wire,NGP-BZA,SWR,20.5,19.0,87,2.74,9.0,12.6,0.53,0,6.2,0
TDMS-NCR-01690,OHE_mast,BZA-MAS,NCR,8.5,29.0,48,4.14,4.4,21.3,2.88,2,3.4,0
TDMS-NCR-01691,sub_station_25kV,CNB-NDLS,NCR,13.5,11.3,13,4.46,6.1,19.3,2.99,0,3.4,0
TDMS-SER-01692,booster_transformer,BPL-NGP,SER,14.1,40.8,43,3.76,8.3,96.8,3.92,1,3.3,0
TDMS-WR-01693,OHE_mast,ALD-CNB,WR,7.4,36.6,5,3.91,10.1,15.2,0.96,1,5.1,0
TDMS-SWR-01694,feeder_cable,CSTM-KYN,SWR,18.8,20.3,121,4.81,17.3,31.6,1.07,3,6.0,1
TDMS-NER-01695,OHE_mast,UMB-LDH,NER,14.9,17.3,49,3.71,6.6,7.2,0.84,0,3.7,0
TDMS-WR-01696,switching_post,AGC-JHS,WR,21.4,23.3,6,3.46,9.3,1.7,2.0,1,4.7,1
TDMS-SECR-01697,OHE_mast,CNB-NDLS,SECR,12.3,17.8,67,3.57,6.9,43.6,1.73,0,5.2,0
TDMS-NER-01698,stagger_wire,UMB-LDH,NER,13.2,28.1,16,3.95,8.0,31.8,3.0,0,4.1,0
TDMS-NR-01699,switching_post,AZ-MGS,NR,9.8,16.8,5,3.87,6.0,3.6,3.74,4,4.9,0
TDMS-NFR-01700,OHE_mast,CSTM-KYN,NFR,6.6,12.6,11,4.94,3.7,125.7,5.0,0,2.8,0
TDMS-NCR-01701,OHE_mast,ST-BCT,NCR,20.9,27.3,47,3.17,12.1,22.5,1.8,0,4.3,0
TDMS-ECoR-01702,switching_post,NDLS-AGC,ECoR,13.9,14.0,47,4.08,6.2,26.1,2.91,1,3.2,0
TDMS-CR-01703,switching_post,CBE-TVC,CR,11.4,20.9,139,4.18,4.8,25.6,0.75,1,3.2,0
TDMS-CR-01704,dropper,UMB-LDH,CR,9.4,35.7,21,4.14,4.5,28.6,3.55,1,4.1,0
TDMS-WCR-01705,OHE_mast,ALD-CNB,WCR,20.1,12.4,68,3.91,14.8,26.3,12.5,0,4.0,1
TDMS-SCR-01706,return_conductor,BPL-NGP,SCR,14.3,12.0,29,4.25,6.4,72.3,5.35,3,4.3,0
TDMS-NCR-01707,booster_transformer,KYN-IGP,NCR,19.3,19.2,61,3.64,9.6,25.4,1.4,0,3.7,0
TDMS-NR-01708,feeder_cable,MGS-ALD,NR,34.2,20.2,31,2.35,14.5,32.5,1.99,2,5.4,1
TDMS-ECR-01709,dropper,NDLS-UMB,ECR,6.5,26.2,28,4.06,10.2,14.7,0.4,1,3.9,0
TDMS-SER-01710,dropper,CBE-TVC,SER,13.0,40.8,21,3.76,10.1,31.0,2.03,0,3.6,0
TDMS-NCR-01711,dropper,LTT-NED,NCR,35.7,11.4,5,2.79,15.7,37.3,1.96,0,4.6,1
TDMS-WCR-01712,section_insulator,ED-CBE,WCR,19.2,20.4,83,3.34,12.7,53.7,1.7,0,3.8,1
TDMS-NFR-01713,OHE_mast,CSTM-KYN,NFR,19.3,10.5,44,3.35,18.9,74.3,1.57,0,4.7,0
TDMS-WCR-01714,stagger_wire,KZJ-BZA,WCR,10.3,25.2,29,5.0,6.8,41.3,0.1,1,3.0,0
TDMS-NR-01715,OHE_mast,NDLS-AGC,NR,17.2,15.8,35,3.65,7.6,6.0,0.33,2,3.5,0
TDMS-ECoR-01716,feeder_cable,BPL-NGP,ECoR,16.6,23.9,9,3.76,7.9,4.0,0.74,0,2.9,0
TDMS-NFR-01717,sub_station_25kV,HWH-BWN,NFR,4.6,24.4,136,4.77,4.1,35.6,1.47,0,2.5,0
TDMS-ECoR-01718,section_insulator,HWH-BWN,ECoR,12.1,24.4,14,4.16,7.5,11.9,3.08,1,3.3,0
TDMS-NFR-01719,dropper,BPL-NGP,NFR,26.0,19.4,5,3.06,15.5,62.7,0.34,1,5.5,1
TDMS-NCR-01720,OHE_mast,HWH-BWN,NCR,29.3,9.6,41,3.34,13.6,105.8,4.63,1,6.0,0
TDMS-SR-01721,feeder_cable,CNB-NDLS,SR,16.6,12.2,77,4.26,6.8,22.2,1.82,0,2.9,0
TDMS-NR-01722,dropper,ED-CBE,NR,17.0,24.3,44,3.56,7.0,38.2,0.35,0,2.9,0
TDMS-CR-01723,OHE_mast,MGS-ALD,CR,7.9,30.2,14,4.58,10.3,46.9,3.91,0,3.9,0
TDMS-ER-01724,OHE_mast,ASR-JUC,ER,20.7,10.3,24,3.85,11.3,59.5,0.1,1,4.6,0
TDMS-NER-01725,OHE_mast,BWN-AZ,NER,28.6,8.8,55,3.12,16.3,26.6,5.63,0,5.8,1
TDMS-ER-01726,auto_transformer,CSTM-KYN,ER,11.0,40.7,51,3.83,7.9,2.2,6.56,1,3.6,0
TDMS-WCR-01727,dropper,BPL-NGP,WCR,49.4,21.9,27,2.5,26.7,8.2,3.16,0,7.3,1
TDMS-SR-01728,switching_post,UMB-LDH,SR,24.6,10.8,5,3.69,9.9,2.0,5.59,2,5.7,0
TDMS-SWR-01729,booster_transformer,JHS-BPL,SWR,20.7,12.3,36,3.47,10.1,29.0,1.38,0,3.7,0
TDMS-ECR-01730,OHE_mast,MAS-ED,ECR,18.1,16.2,26,3.51,7.7,34.8,7.14,0,2.2,0
TDMS-NER-01731,dropper,KZJ-BZA,NER,33.1,13.3,16,2.43,15.3,0.9,0.44,0,6.7,1
TDMS-SECR-01732,stagger_wire,KYN-IGP,SECR,24.9,14.7,57,3.02,17.0,14.2,1.67,1,6.1,1
TDMS-ECR-01733,booster_transformer,AGC-JHS,ECR,24.4,23.5,22,3.49,11.3,101.9,1.42,0,3.9,0
TDMS-NWR-01734,return_conductor,CSTM-KYN,NWR,12.0,19.3,35,4.21,5.2,2.1,5.82,1,3.1,0
TDMS-NWR-01735,OHE_mast,BPL-NGP,NWR,32.1,21.6,8,2.69,13.6,26.4,0.14,1,3.9,0
TDMS-SECR-01736,stagger_wire,ED-CBE,SECR,20.5,24.5,6,3.6,10.3,44.5,1.93,1,4.9,0
TDMS-NER-01737,OHE_mast,BWN-AZ,NER,30.7,15.6,28,2.33,15.4,13.8,2.47,0,4.8,1
TDMS-NR-01738,sub_station_25kV,BWN-AZ,NR,9.1,35.8,7,4.39,3.6,91.7,2.93,1,4.3,0
TDMS-ER-01739,switching_post,ST-BCT,ER,2.6,24.9,116,5.0,2.5,6.4,1.08,1,2.3,0
TDMS-NR-01740,sub_station_25kV,NDLS-AGC,NR,41.9,23.8,34,2.48,19.9,47.2,9.27,1,5.5,1
TDMS-NR-01741,switching_post,JUC-ADI,NR,4.9,16.0,36,4.63,5.1,21.5,7.51,0,2.2,0
TDMS-ER-01742,OHE_mast,ASR-JUC,ER,11.6,25.1,53,4.24,7.5,11.7,1.9,0,3.8,0
TDMS-NWR-01743,dropper,MGS-ALD,NWR,50.0,24.1,32,1.0,20.1,23.8,6.15,0,5.2,1
TDMS-NR-01744,dropper,BCT-RTM,NR,4.6,24.3,44,4.64,7.2,31.7,1.48,0,3.7,0
TDMS-SCR-01745,sub_station_25kV,BZA-MAS,SCR,19.4,27.4,12,3.28,11.9,10.7,0.31,0,3.7,0
TDMS-NWR-01746,auto_transformer,BRC-ST,NWR,26.6,24.4,11,3.54,11.5,99.4,0.56,0,4.7,0
TDMS-NFR-01747,stagger_wire,HWH-BWN,NFR,33.2,22.3,5,3.08,15.1,4.5,4.48,0,3.7,1
TDMS-NWR-01748,section_insulator,CNB-NDLS,NWR,27.8,32.0,27,3.28,19.5,32.9,0.92,1,4.6,1
TDMS-NCR-01749,feeder_cable,CBE-TVC,NCR,19.2,12.7,25,3.55,10.5,26.3,5.89,3,5.6,0
TDMS-NFR-01750,feeder_cable,ST-BCT,NFR,13.7,34.0,105,3.56,9.6,79.6,6.9,0,3.2,0
TDMS-SER-01751,feeder_cable,ST-BCT,SER,11.4,20.9,6,4.31,8.5,24.0,0.73,0,4.0,0
TDMS-ECR-01752,switching_post,JUC-ADI,ECR,25.6,13.4,43,3.15,12.7,36.2,0.1,0,4.1,0
TDMS-SECR-01753,dropper,BWN-AZ,SECR,14.1,35.7,12,3.53,7.8,103.5,1.55,3,4.2,0
TDMS-SWR-01754,return_conductor,ED-CBE,SWR,14.7,21.0,73,3.5,13.9,2.0,0.1,0,3.1,0
TDMS-ECR-01755,feeder_cable,ED-CBE,ECR,33.5,23.5,7,3.3,15.5,29.4,0.86,0,5.2,1
TDMS-SR-01756,stagger_wire,JHS-BPL,SR,11.8,17.5,5,3.91,5.1,103.1,2.09,0,2.6,0
TDMS-WCR-01757,OHE_mast,BRC-ST,WCR,8.7,26.3,19,4.46,6.4,4.1,1.82,0,3.5,0
TDMS-SWR-01758,dropper,ED-CBE,SWR,14.9,28.4,69,3.71,7.3,86.2,3.03,0,4.6,0
TDMS-SECR-01759,booster_transformer,ASR-JUC,SECR,28.4,16.1,10,3.01,11.5,0.8,0.1,1,5.3,0
TDMS-WR-01760,section_insulator,JUC-ADI,WR,14.7,13.6,15,4.35,7.2,69.2,1.92,0,4.6,0
TDMS-NWR-01761,feeder_cable,NDLS-AGC,NWR,20.0,25.4,47,3.65,18.2,82.2,1.62,0,4.6,1
TDMS-CR-01762,feeder_cable,AGC-JHS,CR,4.2,13.0,19,4.76,5.5,0.4,0.83,0,3.9,0
TDMS-NR-01763,dropper,AGC-JHS,NR,11.1,25.8,46,4.31,6.2,10.2,3.49,1,5.1,0
TDMS-ECR-01764,return_conductor,JHS-BPL,ECR,11.2,20.9,59,4.35,11.2,22.0,1.18,0,3.4,0
TDMS-SECR-01765,feeder_cable,MAS-ED,SECR,10.6,20.6,12,4.02,5.8,24.3,2.05,2,3.5,0
TDMS-NR-01766,sub_station_25kV,JUC-ADI,NR,19.2,12.0,26,3.63,11.5,39.6,0.64,0,3.4,0
TDMS-NR-01767,OHE_mast,CNB-NDLS,NR,19.8,20.5,13,3.92,16.3,3.2,0.59,0,3.7,1
TDMS-NCR-01768,switching_post,JHS-BPL,NCR,16.0,17.7,58,4.42,6.5,0.8,2.53,0,3.3,0
TDMS-NFR-01769,dropper,BCT-RTM,NFR,21.9,9.3,32,3.5,14.9,8.6,0.28,1,5.0,0
TDMS-CR-01770,section_insulator,NGP-BZA,CR,11.1,15.1,5,4.81,5.5,62.0,7.81,0,2.7,0
TDMS-SER-01771,OHE_mast,HWH-BWN,SER,11.5,16.7,62,4.16,6.7,15.4,10.93,1,4.5,1
TDMS-NFR-01772,OHE_mast,KYN-IGP,NFR,15.2,19.7,70,3.87,8.9,50.5,0.44,0,3.5,0
TDMS-SCR-01773,dropper,MAS-ED,SCR,29.5,18.6,14,3.48,13.4,20.4,0.57,0,5.7,0
TDMS-NR-01774,dropper,BPL-NGP,NR,18.7,13.2,44,3.56,9.3,44.3,2.17,0,4.1,0
TDMS-SER-01775,section_insulator,UMB-LDH,SER,11.1,9.4,132,4.55,5.4,0.4,0.95,1,4.4,0
TDMS-SCR-01776,booster_transformer,SC-KZJ,SCR,12.0,15.6,19,4.48,9.5,2.0,0.91,0,2.6,0
TDMS-NFR-01777,switching_post,JHS-BPL,NFR,9.0,35.7,91,4.51,4.3,52.4,3.42,0,3.7,0
TDMS-SCR-01778,OHE_mast,AWB-SC,SCR,16.6,35.2,143,3.52,9.1,109.8,4.47,1,4.3,0
TDMS-SECR-01779,section_insulator,CSTM-KYN,SECR,33.5,26.3,30,2.87,15.1,5.6,2.02,0,5.0,1
TDMS-SCR-01780,auto_transformer,AZ-MGS,SCR,15.7,17.7,12,4.26,8.9,18.2,0.89,1,4.1,0
TDMS-WR-01781,return_conductor,AGC-JHS,WR,6.7,30.3,7,4.3,5.1,63.1,6.91,0,4.3,0
TDMS-SER-01782,OHE_mast,ADI-BRC,SER,32.9,11.8,31,3.04,14.5,5.0,3.64,0,5.6,0
TDMS-ER-01783,dropper,MGS-ALD,ER,13.1,23.4,104,3.65,7.9,14.5,3.3,0,4.1,0
TDMS-NR-01784,auto_transformer,LDH-ASR,NR,20.1,17.8,48,3.49,9.2,11.1,2.98,0,4.7,0
TDMS-NR-01785,dropper,CNB-NDLS,NR,20.5,17.2,66,3.23,9.5,28.2,6.59,0,3.9,0
TDMS-SCR-01786,OHE_mast,BPL-NGP,SCR,32.2,21.7,26,2.88,15.0,6.5,0.59,1,6.0,0
TDMS-WCR-01787,return_conductor,BPL-NGP,WCR,13.7,20.4,17,4.11,7.1,28.6,2.77,0,3.2,0
TDMS-ER-01788,OHE_mast,SC-KZJ,ER,20.2,11.9,166,4.53,13.1,43.3,2.12,0,4.2,0
TDMS-WR-01789,OHE_mast,NDLS-UMB,WR,10.6,36.6,10,3.36,7.8,26.8,2.07,1,3.5,0
TDMS-NER-01790,dropper,MAS-ED,NER,15.7,20.5,123,3.86,6.5,5.0,0.4,0,3.3,0
TDMS-SER-01791,booster_transformer,ADI-BRC,SER,25.7,39.6,97,3.01,10.4,1.3,0.58,1,3.5,0
TDMS-CR-01792,booster_transformer,NDLS-AGC,CR,7.7,16.3,5,3.77,5.0,167.0,2.35,0,2.7,0
TDMS-NER-01793,OHE_mast,NDLS-UMB,NER,32.1,37.2,15,2.57,14.3,48.7,0.92,0,5.2,0
TDMS-SR-01794,stagger_wire,BZA-MAS,SR,9.6,22.1,81,3.91,4.4,82.3,8.76,0,2.6,0
TDMS-SCR-01795,booster_transformer,JHS-BPL,SCR,28.1,31.9,16,3.09,11.9,0.1,0.66,1,4.6,0
TDMS-WCR-01796,feeder_cable,ADI-BRC,WCR,8.4,15.5,36,4.3,3.6,65.5,2.41,1,3.0,0
TDMS-SER-01797,switching_post,BPL-NGP,SER,35.9,13.6,37,2.36,14.4,108.9,1.64,0,6.1,1
TDMS-ECR-01798,stagger_wire,BRC-ST,ECR,5.5,43.6,58,4.29,5.1,9.6,2.47,0,3.9,0
TDMS-SECR-01799,dropper,KZJ-BZA,SECR,45.6,6.5,128,3.0,18.8,13.5,1.97,0,6.9,1
TDMS-ECR-01800,OHE_mast,ST-BCT,ECR,16.2,13.6,5,3.74,19.4,36.2,0.89,0,6.6,1
TDMS-WCR-01801,auto_transformer,NDLS-UMB,WCR,40.6,34.0,121,2.48,17.5,7.4,8.92,0,7.3,1
TDMS-NR-01802,auto_transformer,BWN-AZ,NR,16.1,29.8,80,4.11,7.1,1.2,0.4,0,3.5,0
TDMS-NWR-01803,stagger_wire,CSTM-KYN,NWR,11.4,31.6,5,3.96,5.3,60.0,0.33,2,3.6,0
TDMS-ECR-01804,sub_station_25kV,LTT-NED,ECR,12.7,19.8,50,3.98,8.2,67.8,8.98,0,2.0,0
TDMS-SWR-01805,booster_transformer,BWN-AZ,SWR,12.8,21.3,50,4.71,6.8,37.2,1.67,0,2.3,0
TDMS-ECoR-01806,dropper,ASR-JUC,ECoR,8.1,23.3,14,4.91,3.3,24.4,1.76,1,2.2,0
TDMS-SCR-01807,OHE_mast,ED-CBE,SCR,10.5,16.5,66,4.66,4.5,35.0,0.8,0,2.9,0
TDMS-NFR-01808,OHE_mast,AWB-SC,NFR,21.6,16.7,92,3.32,9.8,20.4,2.21,3,4.8,0
TDMS-WCR-01809,booster_transformer,KZJ-BZA,WCR,25.2,20.1,12,3.0,10.5,12.0,0.77,0,4.3,0
TDMS-SECR-01810,dropper,BCT-RTM,SECR,22.5,20.2,80,2.97,9.1,4.0,8.96,0,4.7,0
TDMS-NCR-01811,auto_transformer,CSTM-KYN,NCR,30.3,20.9,64,2.64,18.8,13.1,0.32,1,6.3,1
TDMS-NCR-01812,auto_transformer,ST-BCT,NCR,27.8,47.0,5,2.34,14.1,32.0,1.32,0,4.4,1
TDMS-SWR-01813,switching_post,BWN-AZ,SWR,26.3,16.3,52,3.43,11.9,1.0,2.14,1,5.4,0
TDMS-NER-01814,feeder_cable,BCT-RTM,NER,6.4,45.2,7,3.79,16.2,76.2,6.06,0,4.2,1
TDMS-NER-01815,return_conductor,HWH-BWN,NER,14.3,17.2,10,3.67,22.2,28.2,0.11,6,7.5,0
TDMS-NCR-01816,sub_station_25kV,NGP-BZA,NCR,20.9,26.0,5,3.14,12.1,34.0,2.45,0,4.9,0
TDMS-SER-01817,dropper,ED-CBE,SER,27.7,19.4,58,3.05,13.4,11.6,0.42,0,4.9,0
TDMS-NWR-01818,dropper,JUC-ADI,NWR,16.3,14.2,125,4.61,9.3,193.0,0.3,0,4.2,0
TDMS-SER-01819,OHE_mast,ADI-BRC,SER,17.9,26.2,15,3.72,9.9,22.9,8.54,0,3.4,0
TDMS-ECR-01820,stagger_wire,BCT-RTM,ECR,22.6,18.9,31,2.8,10.0,9.2,0.1,0,3.5,1
TDMS-SER-01821,stagger_wire,BRC-ST,SER,26.6,17.7,30,3.12,13.1,123.0,0.92,1,5.6,0
TDMS-SECR-01822,OHE_mast,AZ-MGS,SECR,41.2,9.5,5,2.01,16.8,0.4,8.39,0,5.5,1
TDMS-WCR-01823,section_insulator,ST-BCT,WCR,4.2,16.7,16,4.2,1.9,130.6,1.41,0,2.4,0
TDMS-SR-01824,feeder_cable,LTT-NED,SR,19.2,22.2,10,3.45,8.7,15.3,1.38,3,5.2,0
TDMS-NCR-01825,OHE_mast,ADI-BRC,NCR,28.1,24.8,5,3.22,12.2,54.5,1.11,0,4.4,0
TDMS-ER-01826,sub_station_25kV,AWB-SC,ER,42.9,13.1,6,2.49,21.8,15.8,0.87,0,6.7,1
TDMS-NWR-01827,stagger_wire,BRC-ST,NWR,6.8,17.8,37,4.67,2.9,37.4,0.63,0,2.7,0
TDMS-NWR-01828,switching_post,ALD-CNB,NWR,5.4,16.1,53,4.21,2.3,33.4,0.82,2,3.0,0
TDMS-ECoR-01829,dropper,NDLS-UMB,ECoR,10.6,11.5,200,4.51,5.9,70.0,0.1,1,2.8,0
TDMS-NWR-01830,OHE_mast,LTT-NED,NWR,10.6,17.0,55,4.03,7.9,36.3,1.31,0,3.9,0
TDMS-NER-01831,section_insulator,UMB-LDH,NER,21.5,12.7,5,3.81,19.1,86.1,0.15,4,6.0,1
TDMS-NFR-01832,sub_station_25kV,JHS-BPL,NFR,17.8,14.8,26,3.83,8.2,71.7,2.89,0,4.2,0
TDMS-ECR-01833,OHE_mast,JHS-BPL,ECR,13.9,15.1,49,4.53,5.7,22.2,4.77,0,2.8,0
TDMS-SER-01834,sub_station_25kV,MGS-ALD,SER,39.9,27.4,30,2.12,21.1,33.8,0.51,0,5.3,1
TDMS-SECR-01835,sub_station_25kV,CSTM-KYN,SECR,16.6,15.3,16,3.81,9.7,69.4,4.88,4,4.6,0
TDMS-SECR-01836,sub_station_25kV,MAS-ED,SECR,35.0,27.4,5,3.03,19.5,91.0,0.16,0,5.6,1
TDMS-NR-01837,OHE_mast,BWN-AZ,NR,18.8,14.1,23,3.75,7.7,3.7,1.66,1,4.3,1
TDMS-ECoR-01838,OHE_mast,SC-KZJ,ECoR,21.9,26.5,18,3.22,9.5,66.1,5.57,1,4.9,0
TDMS-NCR-01839,feeder_cable,ASR-JUC,NCR,1.0,13.3,88,4.75,7.4,30.9,3.66,0,2.2,0
TDMS-ECR-01840,switching_post,ASR-JUC,ECR,11.1,14.9,8,4.71,10.1,38.0,1.52,0,3.7,0
TDMS-WCR-01841,stagger_wire,CBE-TVC,WCR,20.5,19.2,152,3.14,10.0,19.5,3.73,0,4.7,0
TDMS-SER-01842,stagger_wire,JHS-BPL,SER,5.5,23.5,81,4.36,8.3,3.0,0.28,2,4.2,0
TDMS-SCR-01843,stagger_wire,BWN-AZ,SCR,15.6,29.2,13,4.04,10.2,116.5,0.63,0,4.9,0
TDMS-SWR-01844,section_insulator,ADI-BRC,SWR,34.2,15.2,5,2.8,18.7,110.2,4.27,0,6.1,1
TDMS-SER-01845,return_conductor,HWH-BWN,SER,25.7,26.7,28,3.66,11.1,8.7,1.97,1,4.3,0
TDMS-SECR-01846,return_conductor,ED-CBE,SECR,44.0,9.7,46,2.11,18.5,19.5,1.19,0,6.0,1
TDMS-ECR-01847,dropper,HWH-BWN,ECR,24.2,40.4,16,3.27,14.1,35.9,0.27,1,5.4,0
TDMS-SWR-01848,OHE_mast,NDLS-UMB,SWR,32.4,12.1,5,3.37,18.8,33.0,1.48,2,7.5,1
TDMS-SER-01849,section_insulator,ST-BCT,SER,6.9,18.3,138,4.74,7.4,5.3,1.1,1,3.2,1
TDMS-CR-01850,OHE_mast,KYN-IGP,CR,6.9,14.4,18,3.99,3.4,0.4,0.43,1,2.2,0
TDMS-SR-01851,return_conductor,CSTM-KYN,SR,42.4,22.9,121,2.61,24.6,156.7,2.18,0,7.0,1
TDMS-ECR-01852,stagger_wire,BWN-AZ,ECR,16.4,14.6,17,3.88,17.7,164.4,0.49,1,5.6,1
TDMS-SWR-01853,feeder_cable,JHS-BPL,SWR,28.2,9.9,45,2.97,11.5,32.1,6.61,0,4.4,0
TDMS-WCR-01854,OHE_mast,NGP-BZA,WCR,6.8,13.0,40,4.28,9.3,23.3,15.82,0,3.5,1
TDMS-NR-01855,return_conductor,LTT-NED,NR,29.7,18.4,75,2.81,16.2,127.4,0.5,0,4.4,1
TDMS-WR-01856,OHE_mast,HWH-BWN,WR,23.4,10.8,108,3.21,10.0,25.4,0.43,1,4.5,0
TDMS-WR-01857,auto_transformer,AWB-SC,WR,26.5,25.7,27,3.51,11.3,25.6,1.98,1,5.5,0
TDMS-ECoR-01858,OHE_mast,MAS-ED,ECoR,6.5,43.7,24,4.78,3.4,5.2,11.55,0,2.5,1
TDMS-WR-01859,OHE_mast,ASR-JUC,WR,13.4,43.8,72,3.78,5.5,18.2,1.77,0,2.0,0
TDMS-ECoR-01860,OHE_mast,AGC-JHS,ECoR,17.4,12.9,6,4.28,8.1,41.8,1.56,0,2.7,0
TDMS-SCR-01861,OHE_mast,MGS-ALD,SCR,50.0,9.2,13,2.27,25.0,52.4,9.32,0,7.0,1
TDMS-SR-01862,booster_transformer,LDH-ASR,SR,22.3,13.6,5,3.2,9.6,217.8,1.81,2,4.6,1
TDMS-SR-01863,OHE_mast,MGS-ALD,SR,24.3,22.6,16,3.25,10.5,62.5,4.8,0,3.8,0
TDMS-NER-01864,sub_station_25kV,ALD-CNB,NER,13.4,15.1,35,4.39,9.2,45.7,1.72,1,4.3,0
TDMS-WR-01865,switching_post,AZ-MGS,WR,31.6,26.5,52,3.18,16.6,8.0,3.62,0,6.0,1
TDMS-SWR-01866,stagger_wire,JHS-BPL,SWR,15.4,12.8,14,3.67,7.7,17.8,7.57,0,2.3,0
TDMS-SECR-01867,sub_station_25kV,JHS-BPL,SECR,18.4,24.3,54,3.26,12.9,51.8,3.14,1,4.2,0
TDMS-NER-01868,booster_transformer,JHS-BPL,NER,19.1,16.7,24,3.91,9.0,25.9,10.56,0,3.0,1
TDMS-SCR-01869,section_insulator,BPL-NGP,SCR,12.7,10.0,61,3.93,5.8,57.5,3.97,0,3.0,0
TDMS-SECR-01870,booster_transformer,ASR-JUC,SECR,28.2,21.8,34,3.09,12.1,43.4,0.2,1,5.4,0
TDMS-SCR-01871,booster_transformer,LTT-NED,SCR,29.5,33.8,91,2.75,12.7,25.1,0.12,1,5.1,0
TDMS-SR-01872,OHE_mast,NDLS-UMB,SR,21.8,13.9,84,3.37,9.3,16.3,0.47,0,3.4,0
TDMS-NR-01873,auto_transformer,ALD-CNB,NR,15.5,18.4,24,3.88,6.6,7.0,0.46,0,3.8,0
TDMS-SCR-01874,booster_transformer,CNB-NDLS,SCR,21.7,13.6,73,3.72,9.2,23.3,0.1,2,4.5,0
TDMS-SECR-01875,stagger_wire,KZJ-BZA,SECR,39.7,27.0,38,3.02,16.7,44.8,1.41,0,5.6,1
TDMS-NCR-01876,OHE_mast,MGS-ALD,NCR,2.4,26.5,12,4.31,5.3,3.0,14.75,1,3.2,1
TDMS-CR-01877,feeder_cable,BCT-RTM,CR,12.5,18.0,5,3.87,5.4,15.3,2.63,2,4.6,0
TDMS-SECR-01878,feeder_cable,NDLS-AGC,SECR,11.2,16.4,5,3.99,6.3,5.8,4.03,2,3.8,0
TDMS-NCR-01879,switching_post,UMB-LDH,NCR,26.8,26.2,12,3.25,11.2,13.8,1.81,2,6.6,0
TDMS-SCR-01880,OHE_mast,UMB-LDH,SCR,24.0,18.3,5,3.11,11.2,65.8,0.58,3,5.4,0
TDMS-CR-01881,OHE_mast,NGP-BZA,CR,11.4,29.1,9,4.15,5.1,20.1,1.3,0,1.5,0
TDMS-SR-01882,feeder_cable,MGS-ALD,SR,8.3,19.4,24,3.68,4.5,82.2,0.76,3,3.5,0
TDMS-NWR-01883,sub_station_25kV,NDLS-UMB,NWR,23.7,26.5,7,2.97,9.8,52.6,2.41,0,4.1,1
TDMS-WCR-01884,booster_transformer,MGS-ALD,WCR,7.7,23.2,58,4.26,7.6,18.3,1.89,1,4.1,0
TDMS-NCR-01885,switching_post,LTT-NED,NCR,36.2,18.1,5,2.41,14.6,7.1,5.76,1,6.7,1
TDMS-WCR-01886,dropper,AGC-JHS,WCR,15.0,8.1,117,4.27,13.1,0.1,0.71,0,4.3,0
TDMS-NFR-01887,OHE_mast,AWB-SC,NFR,30.8,21.2,21,2.87,16.6,22.1,2.55,2,6.1,1
TDMS-ER-01888,dropper,SC-KZJ,ER,20.4,10.7,5,3.44,10.5,28.0,0.1,0,4.1,1
TDMS-NCR-01889,OHE_mast,KZJ-BZA,NCR,9.0,34.2,5,4.07,4.5,23.8,4.81,0,3.5,0
TDMS-NFR-01890,return_conductor,LTT-NED,NFR,15.2,14.0,112,4.1,6.4,18.3,2.46,0,3.9,0
TDMS-ECoR-01891,return_conductor,SC-KZJ,ECoR,33.1,20.6,27,3.15,18.3,51.9,0.2,1,4.9,1
TDMS-NR-01892,feeder_cable,AWB-SC,NR,13.0,10.6,92,4.31,7.8,4.0,5.07,0,2.2,0
TDMS-SER-01893,booster_transformer,MGS-ALD,SER,21.5,7.7,35,3.8,10.3,4.6,0.19,1,4.6,0
TDMS-NR-01894,auto_transformer,BPL-NGP,NR,10.9,14.7,5,4.68,6.4,31.7,1.69,0,2.9,0
TDMS-SR-01895,dropper,ASR-JUC,SR,34.2,28.1,47,2.2,15.3,1.2,6.02,0,4.9,1
TDMS-WCR-01896,dropper,LDH-ASR,WCR,9.1,13.5,60,4.35,5.5,20.3,0.18,1,3.8,0
TDMS-ER-01897,auto_transformer,BZA-MAS,ER,22.8,22.2,33,3.36,9.7,8.7,0.88,1,4.9,0
TDMS-NER-01898,OHE_mast,BCT-RTM,NER,13.4,18.7,14,4.08,8.7,9.5,1.11,0,3.3,0
TDMS-SR-01899,section_insulator,MGS-ALD,SR,8.5,21.8,80,4.14,4.3,26.5,2.41,1,2.6,0
TDMS-NR-01900,sub_station_25kV,NDLS-UMB,NR,27.3,20.5,5,3.12,12.1,30.8,2.02,1,3.5,0
TDMS-CR-01901,auto_transformer,NGP-BZA,CR,22.8,15.9,34,3.68,11.1,21.3,5.59,2,4.0,0
TDMS-WCR-01902,dropper,ASR-JUC,WCR,8.1,24.6,81,4.54,16.0,5.8,6.81,2,5.0,1
TDMS-ECR-01903,auto_transformer,AWB-SC,ECR,17.4,21.5,22,3.67,8.7,25.4,1.29,5,6.3,1
TDMS-SCR-01904,dropper,KYN-IGP,SCR,3.3,23.6,22,4.17,1.9,64.3,6.91,0,3.1,0
TDMS-NWR-01905,stagger_wire,BWN-AZ,NWR,7.7,16.8,15,4.73,6.3,45.3,1.5,0,2.4,0
TDMS-SR-01906,booster_transformer,LDH-ASR,SR,12.8,16.9,20,3.87,5.8,29.2,4.54,1,4.3,0
TDMS-SER-01907,section_insulator,BZA-MAS,SER,24.7,26.2,18,2.88,16.4,6.1,2.63,0,4.4,1
TDMS-NCR-01908,feeder_cable,KYN-IGP,NCR,36.6,35.1,20,2.56,18.5,37.4,5.04,3,6.7,1
TDMS-SER-01909,feeder_cable,ADI-BRC,SER,22.2,20.1,5,3.58,9.1,28.1,2.81,0,4.9,0
TDMS-CR-01910,return_conductor,BPL-NGP,CR,18.5,12.9,17,4.18,8.4,69.8,4.78,0,3.8,0
TDMS-NFR-01911,OHE_mast,MGS-ALD,NFR,25.6,17.8,128,3.21,11.3,6.6,2.61,0,4.3,0
TDMS-NWR-01912,stagger_wire,AGC-JHS,NWR,14.9,22.4,21,3.96,12.0,19.7,0.37,0,3.9,0
TDMS-SWR-01913,auto_transformer,ASR-JUC,SWR,39.4,24.3,122,2.51,21.0,4.3,4.67,0,5.8,1
TDMS-NCR-01914,sub_station_25kV,ADI-BRC,NCR,10.5,12.7,5,4.14,10.2,29.7,3.54,1,4.4,0
TDMS-WCR-01915,OHE_mast,UMB-LDH,WCR,10.4,15.0,45,4.11,22.7,93.5,4.5,0,4.0,1
TDMS-NR-01916,OHE_mast,CSTM-KYN,NR,41.9,17.8,22,2.69,19.2,115.3,0.3,0,6.3,1
TDMS-NCR-01917,auto_transformer,BWN-AZ,NCR,22.4,36.2,19,3.14,9.2,1.2,3.51,0,2.9,0
TDMS-NR-01918,dropper,ADI-BRC,NR,15.0,10.0,38,3.83,8.2,18.4,4.48,1,5.6,0
TDMS-SER-01919,dropper,MAS-ED,SER,47.8,26.9,5,2.28,21.3,15.7,1.38,0,7.3,1
TDMS-ER-01920,booster_transformer,BRC-ST,ER,28.4,10.1,58,2.78,13.3,40.1,9.14,0,5.1,0
TDMS-NFR-01921,booster_transformer,UMB-LDH,NFR,14.9,18.6,77,4.13,6.0,49.3,3.4,2,4.3,0
TDMS-WR-01922,switching_post,BWN-AZ,WR,10.2,27.6,5,4.44,4.5,8.3,0.18,1,2.7,0
TDMS-ER-01923,OHE_mast,ADI-BRC,ER,27.0,12.3,7,2.88,11.5,8.1,3.31,0,5.2,0
TDMS-ECoR-01924,feeder_cable,SC-KZJ,ECoR,23.7,14.6,5,3.23,15.7,13.4,0.1,3,6.4,1
TDMS-SER-01925,stagger_wire,KZJ-BZA,SER,14.6,28.7,125,3.71,6.2,1.0,0.54,3,2.4,0
TDMS-WR-01926,sub_station_25kV,ASR-JUC,WR,17.8,29.1,52,4.09,8.9,34.1,1.47,0,4.1,0
TDMS-NER-01927,OHE_mast,BPL-NGP,NER,14.0,19.2,15,4.15,8.3,47.8,1.2,1,4.3,0
TDMS-NR-01928,switching_post,ASR-JUC,NR,3.1,20.4,5,4.99,2.1,0.2,3.83,0,2.6,0
TDMS-SER-01929,switching_post,SC-KZJ,SER,37.3,38.8,49,2.67,15.9,22.7,1.07,0,4.7,1
TDMS-NER-01930,section_insulator,CSTM-KYN,NER,13.5,38.2,5,3.65,9.4,24.4,4.53,2,3.0,0
TDMS-NR-01931,feeder_cable,AWB-SC,NR,8.3,34.6,114,4.61,8.2,37.7,0.96,0,3.9,0
TDMS-ECoR-01932,dropper,LTT-NED,ECoR,17.4,11.6,13,3.57,10.6,55.8,2.4,2,3.8,0
TDMS-SR-01933,sub_station_25kV,CBE-TVC,SR,20.4,27.3,13,3.48,17.3,80.6,3.01,0,4.6,1
TDMS-NWR-01934,sub_station_25kV,BWN-AZ,NWR,19.2,19.2,27,3.62,8.7,6.8,8.34,3,4.6,0
TDMS-SWR-01935,OHE_mast,AZ-MGS,SWR,10.7,25.0,129,4.14,29.0,20.2,0.1,0,5.8,1
TDMS-WCR-01936,switching_post,KZJ-BZA,WCR,45.7,15.1,22,2.61,18.5,36.5,1.11,1,5.4,1
TDMS-NWR-01937,booster_transformer,NDLS-AGC,NWR,10.9,11.2,18,3.97,5.3,26.9,0.68,1,2.1,0
TDMS-SR-01938,OHE_mast,SC-KZJ,SR,3.2,16.1,39,4.65,3.4,43.7,3.53,0,3.5,0
TDMS-NER-01939,feeder_cable,ASR-JUC,NER,20.4,33.9,170,3.5,9.4,33.5,1.9,3,4.4,0
TDMS-SR-01940,feeder_cable,BZA-MAS,SR,11.1,8.9,12,4.23,4.9,15.9,2.31,1,3.6,0
TDMS-ER-01941,dropper,BZA-MAS,ER,31.3,27.8,91,2.87,17.0,100.1,0.25,1,5.8,1
TDMS-CR-01942,stagger_wire,JUC-ADI,CR,17.4,23.5,30,3.05,7.9,69.1,2.48,0,2.8,0
TDMS-NR-01943,OHE_mast,LDH-ASR,NR,50.0,16.9,69,1.84,23.0,52.2,1.07,0,7.3,1
TDMS-WCR-01944,OHE_mast,MGS-ALD,WCR,22.9,14.4,20,3.61,12.8,19.6,4.46,1,6.0,0
TDMS-ECR-01945,return_conductor,UMB-LDH,ECR,10.8,20.6,26,4.1,4.7,2.1,1.35,0,2.7,0
TDMS-WR-01946,feeder_cable,ST-BCT,WR,8.0,18.7,22,4.45,3.4,147.5,0.11,1,3.0,0
TDMS-WCR-01947,sub_station_25kV,AZ-MGS,WCR,25.7,12.1,32,3.25,21.3,45.3,0.2,0,5.3,1
TDMS-SECR-01948,dropper,JUC-ADI,SECR,24.7,23.6,7,3.06,14.5,13.5,1.1,0,5.2,0
TDMS-NER-01949,dropper,CSTM-KYN,NER,26.0,12.2,79,3.22,11.8,24.3,1.19,0,4.6,0
TDMS-ER-01950,feeder_cable,KYN-IGP,ER,38.1,34.7,22,2.6,19.1,11.4,3.45,1,5.9,1
TDMS-NWR-01951,auto_transformer,AWB-SC,NWR,11.1,28.3,18,3.86,8.5,54.1,1.04,0,3.6,0
TDMS-NER-01952,return_conductor,CNB-NDLS,NER,26.5,14.6,81,3.57,15.2,41.4,4.38,0,4.5,1
TDMS-WCR-01953,OHE_mast,BWN-AZ,WCR,21.9,20.7,10,3.92,13.8,29.3,2.42,1,4.9,0
TDMS-SR-01954,stagger_wire,CSTM-KYN,SR,27.3,20.4,58,3.13,12.8,18.8,1.09,0,5.3,0
TDMS-ECR-01955,auto_transformer,UMB-LDH,ECR,19.6,53.2,18,2.77,9.1,14.6,0.89,2,4.6,0
TDMS-WR-01956,feeder_cable,JHS-BPL,WR,8.7,9.0,38,4.95,4.9,67.1,1.17,0,2.5,0
TDMS-NWR-01957,stagger_wire,BCT-RTM,NWR,26.3,32.2,32,3.7,12.4,19.9,1.12,0,4.4,0
TDMS-ECR-01958,OHE_mast,LDH-ASR,ECR,16.0,15.0,39,3.99,7.5,25.9,2.68,3,4.0,0
TDMS-SWR-01959,stagger_wire,MGS-ALD,SWR,20.5,23.5,39,4.03,8.9,7.6,4.6,0,3.3,0
TDMS-WCR-01960,switching_post,MAS-ED,WCR,12.0,22.3,52,3.91,9.0,80.2,0.76,0,3.5,0
TDMS-NER-01961,booster_transformer,KZJ-BZA,NER,25.6,19.5,28,3.39,16.7,11.3,4.6,0,4.5,1
TDMS-SER-01962,stagger_wire,JHS-BPL,SER,7.3,23.6,30,4.08,9.2,7.4,0.11,0,3.4,0
TDMS-SECR-01963,switching_post,ED-CBE,SECR,5.0,11.5,63,4.87,3.1,39.2,1.14,2,3.9,0
TDMS-NWR-01964,feeder_cable,CSTM-KYN,NWR,10.1,10.1,10,4.4,4.5,5.8,1.28,1,4.2,1
TDMS-WCR-01965,dropper,ALD-CNB,WCR,41.8,16.2,67,2.0,18.6,152.6,0.13,0,5.5,1
TDMS-NR-01966,OHE_mast,ALD-CNB,NR,21.5,27.4,5,3.16,9.3,32.8,2.33,0,3.9,0
TDMS-SWR-01967,booster_transformer,HWH-BWN,SWR,12.2,18.6,38,3.78,6.7,1.9,0.16,0,3.7,0
TDMS-WCR-01968,OHE_mast,KZJ-BZA,WCR,36.7,11.2,25,2.87,17.3,6.0,3.16,0,6.2,1
TDMS-ER-01969,OHE_mast,SC-KZJ,ER,21.9,15.7,45,3.57,14.0,108.1,3.19,0,3.5,0
TDMS-ECoR-01970,dropper,CSTM-KYN,ECoR,16.2,16.3,30,3.95,11.2,31.8,0.59,0,3.2,0
TDMS-ECR-01971,return_conductor,BZA-MAS,ECR,20.6,9.9,70,3.8,8.3,17.5,0.25,1,4.6,0
TDMS-WCR-01972,booster_transformer,BWN-AZ,WCR,19.8,18.5,9,3.7,8.2,47.5,0.27,0,3.8,0
TDMS-CR-01973,return_conductor,NDLS-UMB,CR,18.5,17.5,14,3.9,18.1,18.6,0.93,0,3.9,1
TDMS-ECoR-01974,OHE_mast,MAS-ED,ECoR,16.0,16.2,38,3.9,7.5,6.2,4.61,0,3.2,0
TDMS-CR-01975,feeder_cable,UMB-LDH,CR,18.3,16.6,12,3.48,13.7,54.6,2.61,0,4.8,0
TDMS-CR-01976,booster_transformer,ASR-JUC,CR,8.8,22.6,130,3.84,4.2,18.1,2.69,2,4.4,0
TDMS-SER-01977,section_insulator,NDLS-UMB,SER,23.1,18.6,88,3.57,15.0,158.4,2.02,2,5.7,0
TDMS-WR-01978,stagger_wire,BWN-AZ,WR,8.8,14.3,64,4.73,3.7,12.5,2.79,0,2.5,0
TDMS-ECoR-01979,booster_transformer,JHS-BPL,ECoR,28.7,17.3,62,3.05,12.0,3.3,9.17,0,3.5,0
TDMS-NER-01980,auto_transformer,MGS-ALD,NER,16.7,12.9,46,4.73,11.7,34.8,5.84,1,4.9,0
TDMS-NR-01981,OHE_mast,CNB-NDLS,NR,24.6,17.2,59,3.27,16.2,4.2,0.11,1,6.0,1
TDMS-NFR-01982,return_conductor,JHS-BPL,NFR,25.5,21.8,5,3.97,12.3,63.5,1.43,0,4.1,0
TDMS-NER-01983,dropper,KYN-IGP,NER,6.6,23.4,39,4.36,3.3,18.5,4.38,0,3.5,0
TDMS-NER-01984,stagger_wire,KYN-IGP,NER,15.1,22.5,13,4.23,9.8,145.4,10.41,0,3.0,1
TDMS-SECR-01985,feeder_cable,CBE-TVC,SECR,23.5,14.1,5,3.32,9.8,92.2,0.61,1,4.9,0
TDMS-ER-01986,switching_post,ALD-CNB,ER,20.9,29.3,160,3.27,11.7,29.0,2.92,0,4.0,0
TDMS-WR-01987,OHE_mast,ASR-JUC,WR,5.6,22.7,131,4.52,5.2,17.5,6.85,0,2.3,0
TDMS-ECoR-01988,booster_transformer,AWB-SC,ECoR,21.6,18.5,106,3.7,10.5,182.7,1.41,0,3.4,0
TDMS-NER-01989,OHE_mast,AGC-JHS,NER,12.0,20.4,46,4.06,7.7,17.7,1.4,0,3.3,0
TDMS-ECR-01990,dropper,CSTM-KYN,ECR,14.4,16.5,5,3.57,9.1,4.9,0.32,0,3.2,1
TDMS-ECR-01991,feeder_cable,CNB-NDLS,ECR,22.8,26.0,15,3.52,11.6,53.4,1.25,0,3.9,0
TDMS-WR-01992,OHE_mast,MGS-ALD,WR,22.2,18.1,5,4.16,9.2,70.6,8.22,0,4.2,1
TDMS-WR-01993,booster_transformer,BWN-AZ,WR,20.6,17.0,18,3.6,8.5,15.7,5.02,1,5.1,0
TDMS-ER-01994,section_insulator,UMB-LDH,ER,28.6,13.1,15,3.24,24.3,13.0,0.8,0,6.7,1
TDMS-WCR-01995,section_insulator,BCT-RTM,WCR,11.9,12.7,38,3.66,9.9,22.4,9.79,1,2.5,0
TDMS-NER-01996,feeder_cable,HWH-BWN,NER,17.4,11.1,6,4.28,8.4,8.9,0.33,2,5.3,0
TDMS-SWR-01997,feeder_cable,BPL-NGP,SWR,40.6,21.7,17,2.46,20.6,89.4,15.0,2,5.9,1
TDMS-ECR-01998,stagger_wire,NGP-BZA,ECR,29.3,25.2,102,3.3,11.7,76.8,1.86,0,5.1,0
TDMS-ER-01999,stagger_wire,BCT-RTM,ER,13.5,33.6,11,3.74,7.5,48.9,0.8,0,2.4,0
TDMS-NCR-02000,feeder_cable,ED-CBE,NCR,6.1,24.6,30,4.46,2.4,70.0,0.64,0,2.7,0
TDMS-SECR-02001,stagger_wire,LDH-ASR,SECR,9.8,11.7,5,4.17,5.8,11.6,3.95,0,3.9,0
TDMS-NCR-02002,stagger_wire,ASR-JUC,NCR,28.2,26.7,62,2.37,15.3,26.0,2.85,1,4.3,1
TDMS-ECR-02003,dropper,CBE-TVC,ECR,42.3,18.7,5,2.28,19.2,18.2,10.22,0,6.3,1
TDMS-SWR-02004,booster_transformer,NDLS-UMB,SWR,6.9,22.6,8,4.36,3.9,69.5,8.26,1,3.1,0
TDMS-SWR-02005,auto_transformer,ASR-JUC,SWR,2.8,16.0,192,4.92,5.7,6.4,5.43,0,4.1,0
TDMS-WCR-02006,OHE_mast,MAS-ED,WCR,20.1,28.0,15,3.11,12.3,8.4,0.92,2,4.5,0
TDMS-NER-02007,section_insulator,CBE-TVC,NER,36.9,24.6,5,2.48,19.8,38.3,5.17,3,7.2,1
TDMS-NWR-02008,switching_post,CBE-TVC,NWR,19.9,10.8,12,3.53,10.7,19.5,3.93,0,5.1,0
TDMS-SCR-02009,OHE_mast,SC-KZJ,SCR,11.6,17.6,25,3.39,8.6,6.4,6.78,0,2.7,0
TDMS-SCR-02010,OHE_mast,AGC-JHS,SCR,12.9,13.7,28,4.0,10.4,4.6,1.87,6,6.5,1
TDMS-WCR-02011,return_conductor,MGS-ALD,WCR,14.7,29.8,23,4.1,7.4,25.7,0.77,0,4.1,0
TDMS-NER-02012,booster_transformer,CNB-NDLS,NER,29.3,20.2,6,2.83,13.7,53.7,5.65,0,5.6,0
TDMS-ER-02013,OHE_mast,ED-CBE,ER,16.5,16.6,9,3.9,9.6,2.2,2.86,1,4.0,0
TDMS-SECR-02014,dropper,ADI-BRC,SECR,21.0,19.1,49,3.65,10.4,54.1,1.97,1,3.9,0
TDMS-ECR-02015,auto_transformer,ADI-BRC,ECR,12.9,23.8,162,4.03,5.5,38.1,2.95,0,3.1,0
TDMS-SECR-02016,auto_transformer,ADI-BRC,SECR,13.3,32.1,62,3.72,21.0,16.0,6.85,2,6.2,1
TDMS-SCR-02017,OHE_mast,NDLS-UMB,SCR,19.7,15.8,66,3.77,14.4,1.2,0.42,2,4.0,0
TDMS-SWR-02018,stagger_wire,NGP-BZA,SWR,7.2,22.3,25,4.34,8.0,139.9,0.67,0,2.8,0
TDMS-ER-02019,switching_post,KYN-IGP,ER,14.9,21.7,19,3.58,13.1,18.9,0.39,0,3.3,0
TDMS-SWR-02020,booster_transformer,CBE-TVC,SWR,5.0,12.0,72,4.7,2.9,108.6,2.7,0,2.6,0
TDMS-NFR-02021,OHE_mast,JHS-BPL,NFR,5.6,24.9,53,4.69,6.9,29.8,0.58,0,3.8,0
TDMS-NCR-02022,feeder_cable,ALD-CNB,NCR,15.2,16.4,26,3.71,7.0,33.6,0.21,0,3.7,0
TDMS-NR-02023,OHE_mast,BCT-RTM,NR,22.6,52.2,63,3.3,15.6,16.0,2.76,0,4.1,1
TDMS-SR-02024,dropper,BPL-NGP,SR,26.1,13.8,5,3.92,11.0,20.8,0.94,0,5.5,0
TDMS-SECR-02025,feeder_cable,UMB-LDH,SECR,25.4,16.7,5,3.65,18.4,43.1,2.81,0,6.2,1
TDMS-ER-02026,OHE_mast,BWN-AZ,ER,2.2,12.2,55,4.92,2.7,25.2,2.79,0,2.6,0
TDMS-SCR-02027,sub_station_25kV,BPL-NGP,SCR,10.1,12.6,177,4.39,5.2,20.1,0.96,4,4.2,0
TDMS-WCR-02028,stagger_wire,HWH-BWN,WCR,4.8,22.3,7,4.3,9.3,1.2,6.07,0,2.7,0
TDMS-SER-02029,stagger_wire,BRC-ST,SER,35.5,38.0,134,2.31,19.3,18.4,2.9,0,5.7,1
TDMS-SWR-02030,OHE_mast,CSTM-KYN,SWR,21.8,13.5,158,3.69,12.5,8.5,2.81,0,4.3,0
TDMS-ER-02031,stagger_wire,KYN-IGP,ER,12.5,18.1,5,4.08,7.0,106.9,6.42,0,2.4,0
TDMS-SCR-02032,OHE_mast,MAS-ED,SCR,17.8,23.8,27,4.23,8.3,11.9,7.96,1,4.0,0
TDMS-NCR-02033,OHE_mast,NDLS-AGC,NCR,6.3,16.4,25,4.1,3.0,2.5,5.17,1,2.6,0
TDMS-NR-02034,sub_station_25kV,NDLS-UMB,NR,13.1,23.2,10,3.7,15.7,7.3,2.57,0,4.7,1
TDMS-WR-02035,booster_transformer,AGC-JHS,WR,21.4,24.6,26,3.05,10.4,5.4,2.3,2,4.9,0
TDMS-ER-02036,feeder_cable,NDLS-AGC,ER,6.8,16.4,81,4.89,8.6,7.9,1.18,1,4.0,0
TDMS-CR-02037,feeder_cable,AGC-JHS,CR,9.6,21.2,111,3.71,5.8,11.1,0.46,1,3.7,0
TDMS-SER-02038,stagger_wire,LDH-ASR,SER,11.5,31.4,18,3.93,7.0,122.5,4.41,0,2.3,0
TDMS-ECR-02039,section_insulator,BCT-RTM,ECR,13.2,17.1,11,3.87,7.2,58.0,5.72,0,2.2,0
TDMS-NWR-02040,section_insulator,BWN-AZ,NWR,9.8,16.9,33,3.53,13.0,10.2,1.47,0,3.6,0
TDMS-NFR-02041,dropper,CBE-TVC,NFR,20.6,20.7,15,3.14,8.9,45.3,6.31,0,2.8,1
TDMS-SR-02042,OHE_mast,BPL-NGP,SR,30.2,26.0,34,2.82,12.2,41.4,3.78,1,5.6,0
TDMS-NCR-02043,return_conductor,CNB-NDLS,NCR,12.1,27.7,44,3.94,7.5,15.9,7.18,1,3.6,0
TDMS-ECoR-02044,dropper,BRC-ST,ECoR,13.2,10.2,71,4.31,6.3,18.5,5.44,1,4.2,0
TDMS-SCR-02045,return_conductor,HWH-BWN,SCR,16.6,29.4,47,3.68,7.8,92.8,0.1,0,4.6,0
TDMS-SCR-02046,feeder_cable,HWH-BWN,SCR,5.2,14.1,34,4.38,10.7,26.2,0.89,0,2.4,1
TDMS-NFR-02047,section_insulator,JUC-ADI,NFR,10.8,16.2,50,4.43,11.6,114.5,3.16,0,3.7,0
TDMS-SWR-02048,feeder_cable,ADI-BRC,SWR,27.9,14.7,11,3.64,11.4,8.1,5.09,0,5.4,0
TDMS-ER-02049,stagger_wire,ADI-BRC,ER,7.5,16.4,122,3.98,15.7,1.5,6.01,1,4.4,0
TDMS-NER-02050,return_conductor,JUC-ADI,NER,23.7,22.1,47,3.26,10.5,27.1,4.28,1,4.7,0
TDMS-SWR-02051,switching_post,BRC-ST,SWR,27.9,33.6,84,3.43,11.4,35.6,0.34,0,3.9,0
TDMS-NR-02052,sub_station_25kV,KYN-IGP,NR,2.6,52.9,11,4.14,1.7,29.4,0.17,2,2.9,0
TDMS-SECR-02053,OHE_mast,LTT-NED,SECR,11.6,14.5,51,4.02,10.3,42.1,3.03,2,4.7,0
TDMS-NWR-02054,feeder_cable,ST-BCT,NWR,26.2,12.1,5,4.17,16.9,17.5,1.09,0,5.7,1
TDMS-WCR-02055,booster_transformer,AGC-JHS,WCR,22.4,16.9,7,3.6,10.2,5.8,5.75,1,3.9,0
TDMS-ECoR-02056,OHE_mast,BRC-ST,ECoR,35.9,25.3,6,2.57,17.3,13.1,3.94,0,5.9,1
TDMS-ECR-02057,dropper,HWH-BWN,ECR,21.7,16.5,97,3.9,9.4,3.0,9.58,0,4.0,0
TDMS-SR-02058,auto_transformer,BWN-AZ,SR,18.8,42.4,28,3.7,8.1,2.9,0.53,0,4.0,0
TDMS-SER-02059,OHE_mast,MGS-ALD,SER,20.5,8.0,51,4.53,18.0,18.8,13.83,0,4.2,1
TDMS-NWR-02060,switching_post,CBE-TVC,NWR,6.9,21.5,165,4.74,8.5,90.9,1.77,1,3.9,0
TDMS-SCR-02061,OHE_mast,UMB-LDH,SCR,30.8,16.6,93,2.7,19.5,27.2,1.23,1,6.5,1
TDMS-NWR-02062,OHE_mast,ADI-BRC,NWR,20.3,13.0,42,3.44,14.5,7.4,2.84,1,5.1,0
TDMS-SECR-02063,OHE_mast,MAS-ED,SECR,16.2,22.0,13,3.99,12.7,17.9,6.16,0,3.2,0
TDMS-NER-02064,stagger_wire,AGC-JHS,NER,38.7,11.3,7,2.89,17.4,152.1,9.7,3,7.8,1
TDMS-ER-02065,OHE_mast,AZ-MGS,ER,23.9,27.5,51,3.67,14.0,1.3,2.32,0,4.2,1
TDMS-WCR-02066,dropper,UMB-LDH,WCR,10.7,39.5,18,4.2,6.6,36.8,1.61,0,3.0,0
TDMS-SECR-02067,feeder_cable,LTT-NED,SECR,21.5,43.9,24,3.28,8.8,37.7,1.13,0,4.1,0
TDMS-NWR-02068,feeder_cable,JUC-ADI,NWR,19.1,19.5,50,3.92,8.1,85.3,2.05,0,4.0,0
TDMS-WR-02069,OHE_mast,JUC-ADI,WR,50.0,23.0,73,2.41,21.4,21.5,4.39,0,7.7,1
TDMS-SER-02070,auto_transformer,AZ-MGS,SER,9.0,26.5,36,4.31,4.8,21.9,0.11,4,3.0,0
TDMS-NR-02071,dropper,NDLS-UMB,NR,12.2,25.1,87,4.17,7.5,139.0,4.13,0,3.7,0
TDMS-NCR-02072,dropper,BCT-RTM,NCR,23.4,21.9,83,3.46,10.6,1.0,0.45,0,4.8,0
TDMS-SECR-02073,auto_transformer,SC-KZJ,SECR,14.3,34.2,36,3.72,7.5,37.4,4.45,1,4.0,0
TDMS-SER-02074,stagger_wire,KZJ-BZA,SER,10.5,14.2,5,4.38,5.8,48.4,0.25,1,3.3,0
TDMS-NWR-02075,OHE_mast,NDLS-AGC,NWR,32.5,20.6,52,3.17,14.5,3.8,0.46,1,4.6,0
TDMS-NER-02076,OHE_mast,BWN-AZ,NER,13.1,13.4,21,3.96,7.3,50.0,3.64,1,4.0,0
TDMS-NWR-02077,booster_transformer,ED-CBE,NWR,13.9,40.1,68,3.62,11.1,43.1,3.02,1,5.7,0
TDMS-ECR-02078,OHE_mast,JUC-ADI,ECR,26.0,16.8,5,3.47,12.7,0.7,0.96,0,5.6,0
TDMS-SER-02079,sub_station_25kV,MGS-ALD,SER,20.7,13.0,27,3.55,13.4,75.9,2.19,3,5.6,0
TDMS-NWR-02080,auto_transformer,AZ-MGS,NWR,30.9,15.7,24,3.75,13.0,40.5,4.98,0,4.2,0
TDMS-NER-02081,feeder_cable,MGS-ALD,NER,11.8,14.2,9,4.36,7.1,104.5,2.01,0,3.9,0
TDMS-NCR-02082,feeder_cable,SC-KZJ,NCR,7.7,17.4,36,4.46,6.8,39.4,1.38,3,4.6,0
TDMS-NER-02083,OHE_mast,LTT-NED,NER,6.4,19.3,33,4.9,4.0,22.1,1.47,1,1.7,0
TDMS-ECoR-02084,booster_transformer,CNB-NDLS,ECoR,13.7,8.3,29,3.9,10.5,38.3,0.59,1,3.1,0
TDMS-SR-02085,return_conductor,BWN-AZ,SR,14.3,20.8,18,4.51,8.7,79.6,4.44,1,5.6,0
TDMS-WCR-02086,OHE_mast,BWN-AZ,WCR,15.0,14.7,112,4.63,6.0,21.9,1.94,0,2.5,0
TDMS-SCR-02087,OHE_mast,ALD-CNB,SCR,12.6,7.1,69,4.23,10.2,22.0,1.54,0,3.5,0
TDMS-NFR-02088,dropper,SC-KZJ,NFR,17.8,22.4,83,3.79,7.7,4.4,2.25,0,4.2,0
TDMS-NFR-02089,sub_station_25kV,BZA-MAS,NFR,2.3,25.7,14,4.45,6.7,33.2,3.11,1,3.1,0
TDMS-WCR-02090,OHE_mast,UMB-LDH,WCR,26.3,21.5,144,2.52,14.5,23.5,1.16,1,4.8,0
TDMS-ECoR-02091,stagger_wire,ALD-CNB,ECoR,16.8,14.5,17,4.09,10.4,19.0,3.58,1,5.0,0
TDMS-SECR-02092,OHE_mast,MGS-ALD,SECR,13.2,17.2,5,3.28,8.9,1.6,0.4,1,4.3,0
TDMS-NFR-02093,return_conductor,BWN-AZ,NFR,7.2,14.2,77,4.5,3.7,37.0,4.87,0,3.1,1
TDMS-ER-02094,OHE_mast,CNB-NDLS,ER,11.8,28.1,5,4.02,18.2,2.3,0.99,0,3.7,1
TDMS-WCR-02095,dropper,JUC-ADI,WCR,16.0,13.7,160,4.12,9.0,3.7,0.64,2,4.5,0
TDMS-CR-02096,feeder_cable,NDLS-UMB,CR,13.2,29.5,5,3.35,7.9,2.2,12.02,0,4.3,1
TDMS-SCR-02097,OHE_mast,AZ-MGS,SCR,23.3,39.2,6,4.0,14.2,13.4,6.18,1,5.0,0
TDMS-WR-02098,stagger_wire,AWB-SC,WR,12.6,21.8,5,4.25,5.4,29.1,3.24,0,3.1,0
TDMS-NWR-02099,dropper,MAS-ED,NWR,32.0,27.6,5,2.71,18.7,36.2,2.41,0,5.3,1
TDMS-NFR-02100,auto_transformer,AGC-JHS,NFR,20.3,18.5,11,3.68,10.9,16.9,1.1,0,4.6,0
TDMS-NFR-02101,sub_station_25kV,LDH-ASR,NFR,11.9,23.4,71,4.32,5.0,47.5,3.02,0,2.9,0
TDMS-NER-02102,return_conductor,NDLS-AGC,NER,50.0,23.4,5,1.13,22.3,60.8,0.99,0,6.8,1
TDMS-ECoR-02103,dropper,CNB-NDLS,ECoR,43.0,23.3,86,2.13,23.7,36.9,1.78,0,5.5,1
TDMS-SECR-02104,sub_station_25kV,ADI-BRC,SECR,14.5,34.3,16,3.63,13.2,16.7,2.52,0,4.2,0
TDMS-NER-02105,sub_station_25kV,BPL-NGP,NER,12.8,47.6,99,3.45,8.1,1.9,0.81,2,3.4,0
TDMS-NCR-02106,OHE_mast,MAS-ED,NCR,15.6,18.1,24,3.78,8.5,110.3,2.83,1,4.4,0
TDMS-ECoR-02107,feeder_cable,MGS-ALD,ECoR,41.1,22.6,55,2.27,18.5,153.3,0.83,0,5.3,1
TDMS-ECoR-02108,section_insulator,BWN-AZ,ECoR,13.7,10.0,7,4.19,6.0,4.1,0.49,1,3.2,0
TDMS-SCR-02109,sub_station_25kV,LTT-NED,SCR,17.2,15.7,35,4.03,7.5,21.7,4.85,0,3.2,0
TDMS-WCR-02110,booster_transformer,ALD-CNB,WCR,3.3,22.4,17,4.65,5.0,9.9,3.51,0,2.7,0
TDMS-NR-02111,feeder_cable,ASR-JUC,NR,17.6,18.8,13,3.49,10.6,31.6,1.0,0,4.3,0
TDMS-WCR-02112,switching_post,HWH-BWN,WCR,18.9,38.4,50,3.47,7.6,26.7,3.96,0,4.8,0
TDMS-NR-02113,sub_station_25kV,BCT-RTM,NR,1.0,18.1,105,4.26,1.7,9.7,0.62,0,2.8,0
TDMS-SR-02114,stagger_wire,AGC-JHS,SR,16.5,31.9,45,3.62,10.5,95.9,3.98,0,4.0,0
TDMS-NWR-02115,switching_post,ASR-JUC,NWR,19.7,13.9,96,3.42,8.3,89.4,0.1,2,5.1,0
TDMS-SR-02116,OHE_mast,MAS-ED,SR,20.6,26.9,21,3.94,12.4,47.6,0.1,1,4.0,1
TDMS-WCR-02117,dropper,SC-KZJ,WCR,13.2,25.7,49,4.09,6.7,50.8,0.24,0,3.4,0
TDMS-NR-02118,OHE_mast,MGS-ALD,NR,17.2,10.3,5,4.13,15.3,17.2,1.76,3,7.0,1
TDMS-ECoR-02119,switching_post,CNB-NDLS,ECoR,16.9,16.9,135,3.75,14.8,19.6,0.6,0,3.4,0
TDMS-NFR-02120,OHE_mast,AWB-SC,NFR,16.1,38.4,55,3.88,7.1,26.8,4.22,2,4.9,0
TDMS-SR-02121,OHE_mast,NDLS-AGC,SR,8.0,25.3,34,4.44,8.2,40.8,9.86,3,4.6,0
TDMS-WR-02122,stagger_wire,CSTM-KYN,WR,10.9,32.6,90,4.18,5.6,22.8,1.89,0,2.4,0
TDMS-NWR-02123,feeder_cable,KYN-IGP,NWR,19.9,12.7,56,3.86,9.3,12.7,2.71,1,4.1,0
TDMS-SER-02124,OHE_mast,NGP-BZA,SER,23.3,13.7,26,3.92,15.1,81.3,1.24,0,5.4,1
TDMS-NR-02125,dropper,CBE-TVC,NR,45.4,15.3,37,2.27,20.3,13.1,1.62,0,7.6,1
TDMS-WCR-02126,feeder_cable,NDLS-AGC,WCR,33.7,29.7,36,2.48,17.3,39.1,2.96,0,6.1,1
TDMS-SECR-02127,OHE_mast,AZ-MGS,SECR,26.0,26.5,48,3.2,11.6,49.6,2.31,0,4.7,0
TDMS-SCR-02128,dropper,AZ-MGS,SCR,38.8,14.2,64,2.95,20.1,39.1,1.11,0,5.6,1
TDMS-SECR-02129,dropper,ADI-BRC,SECR,23.7,21.3,21,3.44,13.4,55.8,0.86,0,4.7,0
TDMS-NCR-02130,switching_post,UMB-LDH,NCR,10.1,32.2,65,3.9,13.4,9.0,2.86,0,3.9,0
TDMS-NWR-02131,OHE_mast,UMB-LDH,NWR,25.5,31.6,14,3.02,10.8,19.9,7.34,0,4.1,0
TDMS-CR-02132,stagger_wire,CSTM-KYN,CR,5.4,21.2,21,4.33,3.0,32.7,0.13,0,1.1,0
TDMS-NCR-02133,dropper,BZA-MAS,NCR,20.0,25.0,21,3.84,23.5,81.9,0.26,1,5.2,0
TDMS-NFR-02134,switching_post,BCT-RTM,NFR,20.2,25.6,5,3.34,11.1,137.6,0.7,0,3.7,0
TDMS-ER-02135,section_insulator,CSTM-KYN,ER,12.3,12.7,9,4.44,5.4,78.5,3.43,0,3.2,0
TDMS-CR-02136,auto_transformer,JUC-ADI,CR,11.2,16.1,180,4.37,8.5,5.3,0.24,0,3.0,0
TDMS-SER-02137,feeder_cable,KZJ-BZA,SER,14.1,47.2,31,4.5,6.2,1.2,6.74,1,4.6,0
TDMS-ECoR-02138,auto_transformer,AZ-MGS,ECoR,27.5,41.1,11,3.3,13.1,13.3,1.46,1,5.7,0
TDMS-WCR-02139,switching_post,BRC-ST,WCR,5.8,19.3,21,4.19,11.4,20.9,0.5,2,3.5,0
TDMS-ECR-02140,OHE_mast,MGS-ALD,ECR,14.8,16.0,26,4.63,8.1,5.3,3.38,2,4.1,0
TDMS-SER-02141,booster_transformer,CSTM-KYN,SER,8.3,13.0,28,4.6,6.1,45.5,11.51,0,2.7,1
TDMS-ER-02142,feeder_cable,LTT-NED,ER,27.1,60.0,25,2.74,12.5,92.3,3.97,0,4.6,0
TDMS-NFR-02143,OHE_mast,MAS-ED,NFR,29.8,20.1,69,3.26,16.9,20.4,1.69,0,5.6,1
TDMS-WCR-02144,section_insulator,AZ-MGS,WCR,24.6,29.3,19,3.75,10.5,180.7,7.23,1,4.5,0
TDMS-NCR-02145,sub_station_25kV,ED-CBE,NCR,28.1,20.0,40,3.28,13.4,13.8,1.26,0,4.4,0
TDMS-NFR-02146,switching_post,CBE-TVC,NFR,15.6,30.1,27,3.38,7.5,20.7,0.57,4,6.0,0
TDMS-SR-02147,section_insulator,NDLS-UMB,SR,17.4,12.5,28,4.46,12.7,2.3,11.41,0,3.3,1
TDMS-NWR-02148,section_insulator,AZ-MGS,NWR,20.1,17.0,128,3.27,9.9,49.7,3.85,1,5.5,0
TDMS-SECR-02149,stagger_wire,BCT-RTM,SECR,20.5,24.6,17,3.86,9.0,0.5,0.81,0,4.4,0
TDMS-ECoR-02150,feeder_cable,BCT-RTM,ECoR,23.8,35.8,6,3.5,16.2,22.5,2.86,0,5.0,1
TDMS-SR-02151,sub_station_25kV,AWB-SC,SR,8.7,18.0,21,4.65,5.8,10.3,3.09,0,2.3,0
TDMS-SER-02152,booster_transformer,JUC-ADI,SER,15.7,19.5,6,3.58,11.8,39.8,1.55,5,7.2,1
TDMS-NCR-02153,OHE_mast,BPL-NGP,NCR,14.4,32.7,77,4.14,7.2,9.7,3.69,0,4.4,0
TDMS-SWR-02154,booster_transformer,ADI-BRC,SWR,46.1,30.4,12,2.12,28.0,32.8,1.25,0,6.4,1
TDMS-NFR-02155,stagger_wire,AZ-MGS,NFR,17.6,21.2,37,3.45,10.5,3.5,1.63,0,4.5,0
TDMS-SER-02156,OHE_mast,SC-KZJ,SER,8.1,14.7,9,4.3,12.5,3.2,16.48,2,4.1,1
TDMS-NWR-02157,return_conductor,MGS-ALD,NWR,5.7,37.4,5,4.65,3.2,86.9,11.52,0,2.7,1
TDMS-NER-02158,OHE_mast,MAS-ED,NER,28.2,12.6,17,3.47,14.0,61.4,0.33,0,5.6,0
TDMS-NER-02159,section_insulator,SC-KZJ,NER,50.0,33.9,200,1.54,20.6,137.2,2.45,3,8.1,1
TDMS-CR-02160,feeder_cable,NGP-BZA,CR,2.1,14.3,165,4.95,1.0,10.3,0.71,3,4.4,0
TDMS-WCR-02161,booster_transformer,CBE-TVC,WCR,15.8,17.2,28,4.02,6.8,13.8,1.0,0,4.5,0
TDMS-ER-02162,dropper,BWN-AZ,ER,16.7,15.6,21,3.99,10.7,253.7,3.5,1,5.7,1
TDMS-SR-02163,section_insulator,BRC-ST,SR,17.3,30.8,166,3.59,12.9,45.6,4.12,1,3.8,0
TDMS-NR-02164,OHE_mast,ST-BCT,NR,16.0,24.9,25,3.71,6.6,14.4,1.17,0,4.8,0
TDMS-NER-02165,auto_transformer,AGC-JHS,NER,33.5,17.9,5,2.82,14.7,11.9,2.46,0,4.1,0
TDMS-NWR-02166,OHE_mast,NDLS-UMB,NWR,10.1,37.1,140,3.54,6.3,73.7,3.22,0,3.8,0
TDMS-SR-02167,return_conductor,JHS-BPL,SR,21.8,15.2,83,3.4,10.5,20.4,2.22,0,3.8,0
TDMS-SCR-02168,return_conductor,UMB-LDH,SCR,7.5,10.2,52,4.29,3.2,1.7,0.1,0,3.9,0
TDMS-NER-02169,dropper,AWB-SC,NER,3.4,13.5,90,4.51,2.3,18.0,0.34,1,3.5,0
TDMS-NWR-02170,feeder_cable,CBE-TVC,NWR,39.1,19.0,7,2.34,17.5,7.8,0.3,2,6.7,1
TDMS-CR-02171,auto_transformer,BRC-ST,CR,16.3,15.6,11,4.35,6.6,3.9,1.46,1,3.9,0
TDMS-SR-02172,dropper,MAS-ED,SR,25.8,15.5,5,2.91,12.8,87.0,1.72,0,5.2,0
TDMS-SR-02173,OHE_mast,UMB-LDH,SR,8.3,20.1,116,3.83,7.3,47.5,1.18,1,3.6,0
TDMS-SER-02174,return_conductor,ALD-CNB,SER,19.7,9.9,18,3.28,8.6,44.4,2.54,4,6.9,0
TDMS-NCR-02175,OHE_mast,BZA-MAS,NCR,16.1,24.3,119,3.66,8.4,36.7,0.3,1,3.7,0
TDMS-WCR-02176,OHE_mast,ALD-CNB,WCR,19.0,17.7,29,3.67,9.3,50.8,13.81,2,4.9,1
TDMS-NFR-02177,OHE_mast,LDH-ASR,NFR,15.7,24.7,57,3.97,7.5,118.0,1.54,1,4.7,0
TDMS-ER-02178,feeder_cable,BWN-AZ,ER,28.1,14.8,62,2.61,15.0,2.8,0.14,0,4.1,0
TDMS-SWR-02179,dropper,MGS-ALD,SWR,16.4,23.0,16,3.75,10.9,1.4,4.06,0,4.4,0
TDMS-SWR-02180,feeder_cable,NDLS-UMB,SWR,24.9,32.8,27,2.91,10.9,33.0,0.74,0,4.7,0
TDMS-NWR-02181,switching_post,MGS-ALD,NWR,39.5,26.9,104,2.81,29.6,20.9,0.14,0,7.1,1
TDMS-ER-02182,feeder_cable,LDH-ASR,ER,24.0,10.2,69,3.37,11.5,3.4,0.8,0,2.9,0
TDMS-SCR-02183,return_conductor,UMB-LDH,SCR,18.6,38.0,37,3.4,17.3,124.8,0.1,0,5.0,1
TDMS-CR-02184,OHE_mast,CNB-NDLS,CR,7.2,22.0,23,4.61,3.2,58.1,1.98,4,3.3,0
TDMS-SCR-02185,return_conductor,HWH-BWN,SCR,7.9,15.8,169,4.25,8.6,26.6,0.45,1,4.7,0
TDMS-NCR-02186,stagger_wire,UMB-LDH,NCR,23.0,15.7,5,3.31,11.8,124.1,6.12,3,4.1,0
TDMS-NR-02187,OHE_mast,ADI-BRC,NR,16.2,21.4,65,3.53,15.8,58.7,3.93,0,5.5,1
TDMS-ECoR-02188,auto_transformer,ASR-JUC,ECoR,7.1,14.6,39,4.33,6.0,3.2,6.52,0,2.3,0
TDMS-ER-02189,OHE_mast,AWB-SC,ER,36.8,19.8,116,2.41,18.2,43.7,1.15,0,5.0,1
TDMS-NCR-02190,booster_transformer,JHS-BPL,NCR,32.4,41.0,61,2.36,16.0,25.5,5.85,1,5.2,1
TDMS-SCR-02191,dropper,ASR-JUC,SCR,22.8,9.6,7,3.44,9.7,35.8,5.29,0,3.6,0
TDMS-ER-02192,OHE_mast,UMB-LDH,ER,4.2,24.0,69,5.0,4.5,11.0,0.26,1,3.6,0
TDMS-NR-02193,sub_station_25kV,KYN-IGP,NR,4.2,31.2,17,4.94,3.2,25.2,3.08,0,2.2,0
TDMS-NWR-02194,stagger_wire,BRC-ST,NWR,14.6,18.9,18,4.59,9.7,16.0,6.51,3,5.0,0
TDMS-CR-02195,feeder_cable,LDH-ASR,CR,18.9,21.9,30,3.66,8.8,23.4,4.58,1,3.8,0
TDMS-WCR-02196,switching_post,AGC-JHS,WCR,8.7,22.1,45,4.41,7.7,4.4,3.72,2,4.5,0
TDMS-SECR-02197,feeder_cable,CSTM-KYN,SECR,6.5,25.9,5,4.79,12.2,5.5,2.08,3,5.9,0
TDMS-SER-02198,switching_post,JHS-BPL,SER,22.2,22.7,140,3.58,9.3,24.5,8.11,0,3.3,0
TDMS-NER-02199,feeder_cable,LDH-ASR,NER,27.2,28.9,45,2.83,13.2,11.1,6.12,0,4.5,1
TDMS-ER-02200,stagger_wire,SC-KZJ,ER,25.3,26.6,23,3.31,13.3,12.7,2.93,0,4.4,0
TDMS-ECR-02201,switching_post,AGC-JHS,ECR,15.9,28.0,47,3.37,7.9,41.6,0.16,0,2.5,0
TDMS-SER-02202,OHE_mast,NGP-BZA,SER,8.3,21.4,51,4.09,8.3,0.5,6.0,1,3.0,1
TDMS-CR-02203,return_conductor,HWH-BWN,CR,19.7,13.4,5,3.91,14.3,24.6,7.44,2,4.3,0
TDMS-WR-02204,dropper,LTT-NED,WR,7.2,11.2,5,3.6,5.2,34.0,0.22,0,3.0,0
TDMS-SWR-02205,OHE_mast,LTT-NED,SWR,12.9,24.3,36,3.71,7.0,17.0,2.67,2,4.7,0
TDMS-SCR-02206,feeder_cable,MAS-ED,SCR,16.2,17.8,23,3.6,10.4,30.3,0.39,1,3.1,0
TDMS-WCR-02207,dropper,BCT-RTM,WCR,9.1,17.3,28,3.77,4.0,70.5,1.99,0,2.7,0
TDMS-SECR-02208,OHE_mast,CSTM-KYN,SECR,27.3,21.3,10,3.38,13.7,23.4,1.2,1,5.1,0
TDMS-NFR-02209,sub_station_25kV,CSTM-KYN,NFR,6.0,15.3,124,4.53,3.3,26.6,1.89,0,3.0,0
TDMS-SER-02210,feeder_cable,SC-KZJ,SER,16.7,17.7,19,3.69,16.0,78.3,1.52,0,4.7,1
TDMS-SR-02211,feeder_cable,NDLS-AGC,SR,28.7,30.2,5,3.33,14.1,24.5,8.78,1,5.9,0
TDMS-ECR-02212,feeder_cable,NGP-BZA,ECR,17.5,17.9,45,3.39,13.5,114.9,5.61,0,4.4,0
TDMS-ECR-02213,booster_transformer,LTT-NED,ECR,29.1,16.2,39,3.21,12.7,92.3,2.65,0,4.0,0
TDMS-NWR-02214,return_conductor,BWN-AZ,NWR,11.6,19.3,39,4.1,6.8,1.5,1.31,0,3.2,0
TDMS-SWR-02215,dropper,HWH-BWN,SWR,8.3,32.3,5,4.08,4.1,8.0,0.68,0,3.3,1
TDMS-NR-02216,booster_transformer,UMB-LDH,NR,25.8,13.7,66,3.22,14.9,27.3,1.14,0,4.3,0
TDMS-NCR-02217,sub_station_25kV,BRC-ST,NCR,6.4,39.5,18,3.92,4.5,5.7,0.1,2,4.0,0
TDMS-NFR-02218,OHE_mast,UMB-LDH,NFR,18.1,18.9,137,3.48,7.7,83.1,0.52,2,4.3,0
TDMS-NFR-02219,switching_post,BWN-AZ,NFR,3.4,27.3,43,4.55,1.9,23.5,0.28,2,3.2,0
TDMS-NCR-02220,dropper,NDLS-AGC,NCR,22.7,25.6,50,3.91,13.6,7.0,2.94,0,4.1,0
TDMS-NER-02221,sub_station_25kV,CSTM-KYN,NER,10.8,25.6,39,3.47,4.6,45.4,1.69,0,3.4,0
TDMS-WCR-02222,dropper,BZA-MAS,WCR,6.2,30.6,27,3.89,4.4,48.2,0.6,0,2.5,0
TDMS-CR-02223,booster_transformer,BRC-ST,CR,14.0,14.6,18,4.34,6.5,28.6,2.63,1,3.5,0
TDMS-WCR-02224,feeder_cable,NGP-BZA,WCR,8.9,21.5,7,4.38,11.3,6.3,1.71,0,3.1,0
TDMS-SR-02225,switching_post,CBE-TVC,SR,4.8,23.2,43,4.81,2.7,67.0,8.35,0,3.1,0
TDMS-ECoR-02226,sub_station_25kV,CBE-TVC,ECoR,9.9,17.7,200,4.36,4.5,88.5,2.65,0,3.4,0
TDMS-SECR-02227,OHE_mast,NDLS-AGC,SECR,10.1,21.1,23,3.92,5.8,101.9,3.2,1,3.5,0
TDMS-WR-02228,dropper,HWH-BWN,WR,4.6,33.1,12,4.42,5.2,9.7,3.14,0,3.0,0
TDMS-NCR-02229,dropper,JHS-BPL,NCR,13.5,15.7,71,4.19,8.9,36.5,1.08,0,3.7,0
TDMS-SER-02230,OHE_mast,BCT-RTM,SER,20.9,28.5,123,3.43,11.5,48.3,6.38,0,3.4,0
TDMS-NFR-02231,section_insulator,CBE-TVC,NFR,27.2,19.6,191,3.39,12.0,3.2,2.95,0,4.3,1
TDMS-NER-02232,feeder_cable,ASR-JUC,NER,39.1,18.1,86,2.79,15.7,32.8,11.1,1,6.4,1
TDMS-SR-02233,OHE_mast,CNB-NDLS,SR,21.4,18.0,32,3.81,11.8,2.0,9.62,0,3.7,0
TDMS-SCR-02234,feeder_cable,CBE-TVC,SCR,37.6,14.7,86,2.33,22.0,65.0,2.65,0,5.9,1
TDMS-NCR-02235,sub_station_25kV,BCT-RTM,NCR,11.6,23.5,5,3.91,5.8,85.9,0.22,1,3.9,0
TDMS-WR-02236,OHE_mast,BWN-AZ,WR,24.0,8.5,74,3.53,10.1,40.1,3.67,0,3.1,0
TDMS-NR-02237,booster_transformer,BPL-NGP,NR,37.8,16.1,5,2.52,16.2,104.9,0.1,0,6.2,1
TDMS-NR-02238,OHE_mast,KZJ-BZA,NR,21.4,20.2,42,3.4,11.0,12.7,3.51,0,5.1,0
TDMS-NR-02239,auto_transformer,NDLS-AGC,NR,26.4,13.4,18,3.82,14.9,49.2,1.93,1,5.1,0
TDMS-NR-02240,OHE_mast,KZJ-BZA,NR,12.5,21.1,36,3.67,8.4,7.8,2.4,0,3.4,0
TDMS-NCR-02241,feeder_cable,ASR-JUC,NCR,23.7,22.6,16,2.79,12.0,2.7,6.7,0,3.8,0
TDMS-NR-02242,OHE_mast,ED-CBE,NR,5.7,21.2,5,4.77,8.6,22.1,3.57,0,3.6,0
TDMS-NR-02243,OHE_mast,BCT-RTM,NR,2.8,20.0,70,4.61,5.5,119.9,1.87,0,2.4,0
TDMS-CR-02244,booster_transformer,AWB-SC,CR,31.1,20.6,5,2.63,13.1,70.2,5.38,0,4.7,0
TDMS-ECR-02245,OHE_mast,BRC-ST,ECR,31.9,24.4,43,2.8,16.7,48.2,1.15,0,5.6,1
TDMS-CR-02246,OHE_mast,ASR-JUC,CR,16.4,47.0,16,4.13,7.5,43.9,6.72,0,3.0,0
TDMS-SCR-02247,return_conductor,LDH-ASR,SCR,9.1,19.3,44,4.54,16.5,12.0,0.34,1,3.6,1
TDMS-SWR-02248,booster_transformer,ASR-JUC,SWR,10.2,11.9,25,4.42,5.1,1.2,7.17,0,3.4,0
TDMS-SER-02249,dropper,CSTM-KYN,SER,18.9,20.3,93,3.49,7.8,24.4,2.84,0,3.9,0
TDMS-WCR-02250,booster_transformer,UMB-LDH,WCR,8.8,26.5,58,4.38,6.5,14.7,5.93,1,2.2,0
TDMS-ECR-02251,section_insulator,BWN-AZ,ECR,12.4,23.2,12,3.86,7.9,17.8,3.23,1,2.4,0
TDMS-CR-02252,stagger_wire,KYN-IGP,CR,3.2,34.0,150,5.0,5.6,3.0,6.36,0,2.2,0
TDMS-NCR-02253,feeder_cable,KYN-IGP,NCR,8.5,14.8,13,4.52,8.4,12.2,4.21,0,4.5,0
TDMS-NCR-02254,feeder_cable,BRC-ST,NCR,19.4,19.9,7,3.57,18.6,34.6,0.11,2,4.6,1
TDMS-NCR-02255,OHE_mast,BPL-NGP,NCR,11.1,13.8,166,3.94,8.8,94.3,0.62,0,3.6,0
TDMS-NER-02256,feeder_cable,NDLS-AGC,NER,4.1,30.7,5,5.0,7.4,68.2,1.71,1,3.2,1
TDMS-SR-02257,booster_transformer,AGC-JHS,SR,50.0,21.4,19,1.66,28.3,14.1,6.82,0,6.2,1
TDMS-CR-02258,stagger_wire,SC-KZJ,CR,33.7,9.1,45,3.31,14.4,59.2,14.25,1,4.1,1
TDMS-SR-02259,stagger_wire,AGC-JHS,SR,31.0,14.3,138,3.02,13.0,46.5,0.5,1,4.7,0
TDMS-SR-02260,OHE_mast,BRC-ST,SR,4.2,19.5,15,4.65,4.1,6.2,8.89,2,3.4,0
TDMS-NFR-02261,feeder_cable,AGC-JHS,NFR,19.1,9.3,48,3.81,9.0,35.4,1.26,0,5.5,0
TDMS-SER-02262,feeder_cable,KZJ-BZA,SER,21.0,12.4,5,3.35,8.5,62.8,0.73,0,5.5,0
TDMS-ECoR-02263,return_conductor,NDLS-UMB,ECoR,20.6,10.7,56,3.37,13.3,5.9,0.33,1,5.0,0
TDMS-NWR-02264,dropper,SC-KZJ,NWR,3.9,20.6,111,4.69,2.3,2.6,0.31,0,2.7,0
TDMS-ER-02265,switching_post,MGS-ALD,ER,12.9,23.1,7,4.24,7.0,2.7,8.17,0,3.4,0
TDMS-ER-02266,sub_station_25kV,AGC-JHS,ER,21.9,13.7,67,3.89,13.2,29.5,1.44,0,3.8,0
TDMS-NFR-02267,sub_station_25kV,ALD-CNB,NFR,19.4,17.7,31,3.61,10.4,1.4,9.23,0,3.5,1
TDMS-CR-02268,feeder_cable,NGP-BZA,CR,18.9,31.0,41,3.36,19.2,25.9,2.12,1,4.5,1
TDMS-ECoR-02269,booster_transformer,CBE-TVC,ECoR,11.5,15.0,55,4.62,10.0,30.1,1.48,1,3.3,0
TDMS-SECR-02270,sub_station_25kV,CNB-NDLS,SECR,1.5,11.1,54,4.8,6.0,9.1,4.55,0,2.9,0
TDMS-NER-02271,OHE_mast,ADI-BRC,NER,15.3,14.5,29,3.29,10.9,140.2,1.87,0,3.3,0
TDMS-SER-02272,OHE_mast,NDLS-UMB,SER,31.0,23.6,27,3.2,16.5,54.8,2.2,0,4.6,1
TDMS-SCR-02273,feeder_cable,ALD-CNB,SCR,14.4,25.9,15,3.82,8.4,20.1,6.3,0,3.3,0
TDMS-ECoR-02274,switching_post,BZA-MAS,ECoR,32.4,31.7,8,2.46,17.4,80.7,4.37,2,5.3,1
TDMS-NWR-02275,OHE_mast,BZA-MAS,NWR,33.3,9.2,86,3.32,16.1,23.5,4.69,0,4.7,1
TDMS-ECR-02276,auto_transformer,SC-KZJ,ECR,32.3,26.2,78,3.0,14.6,50.9,3.05,1,4.8,0
TDMS-NR-02277,feeder_cable,NGP-BZA,NR,20.9,13.1,87,3.53,10.6,36.4,0.53,1,4.0,0
TDMS-ECR-02278,dropper,ED-CBE,ECR,37.9,30.1,166,1.43,17.5,24.8,0.36,5,9.5,1
TDMS-ECR-02279,OHE_mast,ADI-BRC,ECR,19.9,22.1,19,3.38,20.6,12.2,4.14,0,5.1,1
TDMS-WR-02280,feeder_cable,UMB-LDH,WR,10.3,17.6,26,4.65,6.1,0.8,4.05,0,3.7,0
TDMS-NCR-02281,sub_station_25kV,AZ-MGS,NCR,11.3,14.9,112,4.11,8.9,1.3,1.83,0,3.4,0
TDMS-WCR-02282,dropper,BZA-MAS,WCR,24.4,8.5,9,3.68,12.5,41.2,1.34,2,4.2,0
TDMS-NCR-02283,stagger_wire,CSTM-KYN,NCR,8.5,15.8,41,4.32,5.3,81.7,6.87,0,3.4,0
TDMS-ER-02284,OHE_mast,KYN-IGP,ER,11.7,17.1,52,4.17,11.1,71.4,1.28,1,3.9,0
TDMS-NR-02285,dropper,JUC-ADI,NR,7.5,28.8,62,4.27,6.2,31.7,0.91,0,2.7,0
TDMS-NER-02286,booster_transformer,NGP-BZA,NER,8.4,21.6,82,4.79,8.9,1.6,4.06,1,3.8,0
TDMS-SECR-02287,section_insulator,ALD-CNB,SECR,17.4,18.8,13,3.83,14.3,2.7,0.52,3,5.7,0
TDMS-CR-02288,feeder_cable,JUC-ADI,CR,45.0,60.0,41,1.63,21.6,8.0,3.13,3,8.6,1
TDMS-ECR-02289,booster_transformer,AGC-JHS,ECR,30.5,14.5,124,3.35,12.9,9.8,4.86,2,5.5,0
TDMS-ECR-02290,auto_transformer,ST-BCT,ECR,17.8,25.9,103,3.49,12.9,19.2,3.67,0,3.3,0
TDMS-SCR-02291,OHE_mast,BWN-AZ,SCR,17.5,48.4,40,3.66,7.3,9.0,1.22,0,3.6,0
TDMS-NER-02292,sub_station_25kV,SC-KZJ,NER,6.0,22.9,14,4.7,2.8,14.4,3.29,0,3.4,0
TDMS-NR-02293,auto_transformer,NDLS-AGC,NR,15.8,19.7,33,3.6,8.0,2.6,1.7,1,4.1,0
TDMS-SWR-02294,booster_transformer,BCT-RTM,SWR,10.9,21.8,19,4.07,4.5,21.1,1.96,0,3.0,0
TDMS-SWR-02295,OHE_mast,AGC-JHS,SWR,14.7,21.5,51,3.66,6.0,30.1,3.88,0,2.3,0
TDMS-CR-02296,return_conductor,AGC-JHS,CR,11.4,14.6,39,4.47,19.1,51.4,3.09,1,5.5,1
TDMS-NCR-02297,feeder_cable,LTT-NED,NCR,17.6,36.5,7,3.53,10.7,2.8,1.03,0,5.1,0
TDMS-SR-02298,OHE_mast,CSTM-KYN,SR,8.3,28.8,22,4.58,7.8,102.4,0.85,0,3.4,0
TDMS-SCR-02299,stagger_wire,CBE-TVC,SCR,17.5,18.2,135,4.57,13.0,23.5,6.09,0,4.4,0
TDMS-SCR-02300,feeder_cable,ED-CBE,SCR,30.3,18.0,70,2.98,12.2,21.4,5.67,1,5.4,0
TDMS-SWR-02301,OHE_mast,AGC-JHS,SWR,24.5,21.5,24,3.23,11.5,127.9,1.54,2,5.3,0
TDMS-NER-02302,feeder_cable,JHS-BPL,NER,50.0,25.1,89,2.31,25.8,29.7,6.01,1,6.7,1
TDMS-NCR-02303,booster_transformer,UMB-LDH,NCR,41.2,29.4,29,2.38,20.7,12.1,2.02,1,5.9,1
TDMS-CR-02304,sub_station_25kV,CNB-NDLS,CR,17.6,17.1,30,4.05,7.4,1.1,5.69,1,4.1,0
TDMS-NCR-02305,return_conductor,ADI-BRC,NCR,37.1,13.5,76,2.44,23.2,83.5,0.6,0,5.1,1
TDMS-NER-02306,stagger_wire,NDLS-UMB,NER,50.0,20.6,59,1.97,25.4,57.6,4.35,1,8.1,1
TDMS-WR-02307,dropper,AZ-MGS,WR,24.8,25.7,5,3.32,11.4,41.6,1.59,0,3.5,0
TDMS-NER-02308,booster_transformer,CBE-TVC,NER,27.6,24.2,22,3.17,19.2,23.5,2.09,0,6.3,1
TDMS-ECoR-02309,OHE_mast,HWH-BWN,ECoR,9.6,16.3,5,4.19,8.8,62.5,2.41,2,4.4,0
TDMS-CR-02310,OHE_mast,KZJ-BZA,CR,31.5,17.1,35,3.26,13.1,12.7,3.41,0,4.1,0
TDMS-SECR-02311,sub_station_25kV,BZA-MAS,SECR,6.0,16.3,26,4.49,3.8,9.9,0.34,1,1.9,0
TDMS-ECoR-02312,auto_transformer,ADI-BRC,ECoR,18.4,22.3,12,3.64,8.8,106.6,0.87,0,4.5,0
TDMS-ER-02313,sub_station_25kV,HWH-BWN,ER,5.0,8.3,194,4.36,10.3,2.9,3.83,0,3.1,0
TDMS-ECR-02314,auto_transformer,SC-KZJ,ECR,11.2,28.5,6,4.13,6.4,95.1,0.1,1,2.9,0
TDMS-NFR-02315,dropper,BRC-ST,NFR,15.4,16.3,98,3.84,8.3,10.4,1.42,0,5.3,0
TDMS-WCR-02316,booster_transformer,ED-CBE,WCR,11.3,8.9,125,4.09,5.1,114.6,1.19,1,3.9,0
TDMS-NR-02317,feeder_cable,ASR-JUC,NR,20.8,22.0,97,3.28,9.2,19.4,2.05,0,4.1,0
TDMS-WCR-02318,OHE_mast,BPL-NGP,WCR,21.9,19.1,27,3.37,9.7,19.4,12.15,0,3.4,1
TDMS-ECR-02319,OHE_mast,AGC-JHS,ECR,9.8,10.1,161,4.46,9.4,1.9,4.15,1,4.3,0
TDMS-SER-02320,auto_transformer,LDH-ASR,SER,18.2,17.0,5,3.45,8.8,69.8,9.52,1,4.2,0
TDMS-SR-02321,OHE_mast,NDLS-AGC,SR,11.4,33.2,16,4.76,5.9,80.5,0.79,0,2.9,0
TDMS-CR-02322,switching_post,NDLS-AGC,CR,16.1,15.2,6,3.74,8.9,49.9,3.49,2,5.1,0
TDMS-ECR-02323,stagger_wire,MGS-ALD,ECR,12.0,21.1,7,4.33,5.7,53.4,3.78,0,2.7,0
TDMS-NCR-02324,OHE_mast,KYN-IGP,NCR,12.4,42.3,61,4.02,5.1,14.7,10.24,0,2.8,1
TDMS-WR-02325,auto_transformer,BCT-RTM,WR,15.8,27.2,14,4.01,8.7,44.6,16.92,1,4.7,1
TDMS-ER-02326,dropper,ST-BCT,ER,26.3,34.5,22,2.84,11.9,0.6,2.58,0,4.8,0
TDMS-SR-02327,switching_post,KYN-IGP,SR,12.9,23.9,41,4.52,7.0,51.9,1.38,0,3.0,0
TDMS-WR-02328,feeder_cable,KZJ-BZA,WR,49.8,13.5,69,1.9,23.2,99.8,4.19,1,8.7,0
TDMS-NCR-02329,auto_transformer,ADI-BRC,NCR,13.2,20.6,15,3.98,11.4,10.8,1.25,1,4.8,0
TDMS-SWR-02330,feeder_cable,BRC-ST,SWR,12.0,23.3,79,4.19,6.0,3.0,0.59,0,2.5,0
TDMS-SWR-02331,switching_post,BCT-RTM,SWR,19.2,16.1,34,4.22,14.0,48.9,2.82,2,4.7,0
TDMS-CR-02332,feeder_cable,JHS-BPL,CR,21.6,16.4,55,3.09,11.7,108.7,3.73,0,3.9,0
TDMS-NCR-02333,sub_station_25kV,ADI-BRC,NCR,20.1,25.4,53,3.59,16.4,88.5,1.53,2,5.7,1
TDMS-SECR-02334,OHE_mast,ALD-CNB,SECR,23.5,14.0,101,3.58,11.8,106.1,19.51,0,5.1,1
TDMS-SWR-02335,dropper,NDLS-UMB,SWR,21.3,17.2,77,3.58,12.7,44.0,1.05,0,5.3,0
TDMS-ER-02336,dropper,AZ-MGS,ER,32.2,23.2,93,3.26,13.0,20.1,0.8,0,3.7,1
TDMS-SER-02337,OHE_mast,BRC-ST,SER,24.1,11.1,50,3.22,9.8,22.9,3.92,0,4.3,0
TDMS-ER-02338,auto_transformer,UMB-LDH,ER,50.0,13.9,5,1.97,20.3,100.1,0.1,4,8.1,1
TDMS-ECR-02339,dropper,JUC-ADI,ECR,16.7,21.4,7,4.1,12.7,44.2,2.23,0,4.7,0
TDMS-NER-02340,switching_post,CNB-NDLS,NER,5.5,39.1,77,4.24,2.8,38.2,1.45,0,3.1,0
TDMS-NFR-02341,stagger_wire,BZA-MAS,NFR,19.0,14.3,44,3.85,8.3,43.4,0.3,0,4.5,0
TDMS-NER-02342,auto_transformer,UMB-LDH,NER,19.1,17.6,5,3.52,7.8,73.1,1.39,3,4.8,0
TDMS-CR-02343,switching_post,ST-BCT,CR,15.8,17.9,7,3.93,12.3,2.3,2.5,0,5.1,0
TDMS-NFR-02344,switching_post,BPL-NGP,NFR,7.2,53.4,94,4.15,3.2,7.3,2.34,0,2.2,0
TDMS-NCR-02345,stagger_wire,SC-KZJ,NCR,23.7,24.1,37,3.52,12.9,10.3,13.7,0,5.6,1
TDMS-NER-02346,dropper,ED-CBE,NER,4.9,19.7,5,4.59,3.3,9.5,0.73,3,4.5,0
TDMS-NCR-02347,stagger_wire,ST-BCT,NCR,3.9,20.8,5,4.81,2.6,29.8,4.79,0,1.7,0
TDMS-SR-02348,stagger_wire,ADI-BRC,SR,50.0,16.3,200,1.64,25.2,14.4,6.03,1,6.2,1
TDMS-ER-02349,OHE_mast,ED-CBE,ER,19.3,16.6,15,4.1,9.1,18.4,0.25,0,3.7,0
TDMS-SR-02350,OHE_mast,LTT-NED,SR,24.7,24.8,48,3.31,10.0,27.5,0.1,1,3.5,0
TDMS-NWR-02351,dropper,AZ-MGS,NWR,16.4,34.3,17,3.76,7.2,30.5,0.44,0,2.8,0
TDMS-ECR-02352,stagger_wire,LTT-NED,ECR,12.0,20.6,64,4.24,6.5,24.0,0.23,1,3.4,0
TDMS-NR-02353,OHE_mast,BWN-AZ,NR,11.1,58.0,107,3.61,4.8,32.9,7.38,0,1.9,0
TDMS-NCR-02354,stagger_wire,AWB-SC,NCR,15.4,19.0,28,3.9,6.5,13.5,0.24,0,1.9,0
TDMS-NFR-02355,feeder_cable,ST-BCT,NFR,7.5,20.1,106,3.94,3.7,38.5,2.04,1,3.2,0
TDMS-WR-02356,section_insulator,ED-CBE,WR,15.3,18.2,15,3.94,8.5,18.5,15.16,0,4.7,1
TDMS-WCR-02357,OHE_mast,ED-CBE,WCR,4.8,14.3,51,4.68,5.6,128.5,1.45,0,3.5,0
TDMS-SCR-02358,sub_station_25kV,CNB-NDLS,SCR,16.0,19.7,7,4.11,9.7,98.1,0.95,0,1.7,0
TDMS-ECR-02359,switching_post,ED-CBE,ECR,21.1,27.2,13,3.28,8.5,59.2,7.12,0,3.5,0
TDMS-NFR-02360,switching_post,BCT-RTM,NFR,15.4,14.0,76,3.51,7.9,70.2,1.98,3,4.7,1
TDMS-ER-02361,sub_station_25kV,ALD-CNB,ER,29.5,37.6,123,3.01,13.5,143.5,4.2,0,5.6,0
TDMS-SECR-02362,section_insulator,AGC-JHS,SECR,13.5,32.3,57,3.8,6.2,8.3,1.77,0,3.4,0
TDMS-ECR-02363,booster_transformer,AWB-SC,ECR,8.7,31.7,7,4.51,6.2,41.1,2.01,0,3.1,0
TDMS-ECoR-02364,auto_transformer,ALD-CNB,ECoR,15.7,27.3,5,3.56,7.2,6.5,6.13,1,4.1,0
TDMS-SR-02365,OHE_mast,BPL-NGP,SR,14.3,16.8,5,3.46,19.3,11.4,7.09,0,3.0,1
TDMS-ER-02366,OHE_mast,BZA-MAS,ER,14.2,20.5,17,4.19,9.2,22.2,0.8,0,3.0,0
TDMS-SWR-02367,dropper,BCT-RTM,SWR,8.6,33.3,18,4.13,10.9,5.4,2.5,0,3.8,0
TDMS-ER-02368,OHE_mast,BZA-MAS,ER,11.4,21.0,5,4.33,4.7,16.7,9.25,1,3.6,0
TDMS-SR-02369,OHE_mast,BZA-MAS,SR,28.1,12.6,193,2.94,12.7,35.6,8.1,2,4.2,0
TDMS-WR-02370,section_insulator,BPL-NGP,WR,19.8,22.3,36,3.37,8.2,5.2,6.64,0,3.5,0
TDMS-CR-02371,switching_post,JUC-ADI,CR,9.5,19.9,5,4.63,6.8,38.4,6.49,1,3.9,0
TDMS-WR-02372,switching_post,AGC-JHS,WR,9.8,11.2,50,4.69,4.4,19.1,8.94,0,2.5,0
TDMS-CR-02373,feeder_cable,JUC-ADI,CR,7.6,25.3,90,4.12,4.0,18.5,6.33,0,2.7,0
TDMS-SER-02374,OHE_mast,ST-BCT,SER,17.4,20.9,13,3.56,9.1,89.5,2.63,1,2.8,0
TDMS-NWR-02375,OHE_mast,NGP-BZA,NWR,29.7,18.5,72,3.13,20.7,19.8,6.94,0,5.9,1
TDMS-ECR-02376,feeder_cable,KYN-IGP,ECR,18.1,10.5,97,3.08,15.7,49.0,2.01,2,5.5,1
TDMS-CR-02377,booster_transformer,JHS-BPL,CR,6.3,32.0,6,4.55,4.5,99.2,0.36,1,2.7,0
TDMS-WCR-02378,feeder_cable,JHS-BPL,WCR,23.4,14.1,24,3.43,10.8,53.9,1.25,1,4.6,0
TDMS-SR-02379,stagger_wire,ALD-CNB,SR,20.9,51.6,5,3.53,9.6,43.2,0.9,1,3.8,0
TDMS-NFR-02380,OHE_mast,NDLS-AGC,NFR,14.3,28.4,5,4.04,15.3,12.7,0.36,0,3.4,1
TDMS-NWR-02381,feeder_cable,KZJ-BZA,NWR,27.4,34.6,65,3.03,15.1,52.0,3.07,0,5.0,1
TDMS-SER-02382,feeder_cable,SC-KZJ,SER,23.4,21.2,5,3.74,11.8,9.3,0.66,0,3.6,0
TDMS-SER-02383,dropper,BZA-MAS,SER,10.5,23.0,35,3.68,4.5,3.1,0.62,1,3.5,0
TDMS-ER-02384,sub_station_25kV,NDLS-UMB,ER,8.5,17.8,30,4.61,3.9,32.1,1.09,2,5.4,0
TDMS-SCR-02385,booster_transformer,KYN-IGP,SCR,22.8,22.3,29,3.63,14.9,101.8,0.83,0,4.6,0
TDMS-ECoR-02386,section_insulator,LDH-ASR,ECoR,14.3,13.8,100,4.36,15.6,13.8,2.4,3,5.7,1
TDMS-NWR-02387,feeder_cable,JUC-ADI,NWR,10.8,7.5,39,3.8,9.3,14.9,0.1,0,3.5,0
TDMS-SER-02388,OHE_mast,ST-BCT,SER,31.8,19.3,141,2.96,14.4,33.4,1.75,0,3.6,0
TDMS-ECR-02389,return_conductor,CSTM-KYN,ECR,32.9,10.2,60,2.82,14.0,6.8,3.22,0,4.6,0
TDMS-WCR-02390,stagger_wire,UMB-LDH,WCR,21.2,21.8,29,3.69,8.9,45.4,0.62,0,2.2,0
TDMS-SCR-02391,section_insulator,BZA-MAS,SCR,8.7,16.8,6,4.87,4.0,25.9,0.49,0,3.3,0
TDMS-SCR-02392,feeder_cable,BZA-MAS,SCR,8.9,19.3,39,4.27,4.9,7.5,7.09,0,2.3,0
TDMS-SWR-02393,stagger_wire,BZA-MAS,SWR,19.0,16.7,52,3.79,11.7,25.3,5.15,0,3.8,0
TDMS-SER-02394,OHE_mast,KZJ-BZA,SER,25.9,30.6,136,2.99,14.2,4.7,0.89,3,5.6,0
TDMS-WCR-02395,OHE_mast,NDLS-UMB,WCR,37.9,14.4,16,2.7,16.9,39.3,5.4,0,5.5,1
TDMS-SWR-02396,OHE_mast,JHS-BPL,SWR,21.4,33.1,200,3.68,10.0,4.3,6.52,0,4.9,0
TDMS-NER-02397,booster_transformer,LDH-ASR,NER,16.2,21.6,5,4.07,8.0,56.4,0.37,5,4.5,1
TDMS-NER-02398,feeder_cable,JUC-ADI,NER,24.2,12.2,10,3.75,14.5,46.0,4.19,0,4.4,0
TDMS-NR-02399,section_insulator,AGC-JHS,NR,12.4,16.1,163,4.04,5.4,2.6,2.22,0,1.7,0
TDMS-NR-02400,stagger_wire,NDLS-UMB,NR,23.6,10.9,23,3.28,9.9,3.3,3.9,1,5.0,0
TDMS-NCR-02401,OHE_mast,ASR-JUC,NCR,4.9,11.6,194,4.33,2.3,15.4,3.73,0,1.3,0
TDMS-CR-02402,dropper,BRC-ST,CR,19.0,16.1,200,3.77,15.0,5.5,1.86,1,5.3,0
TDMS-SER-02403,sub_station_25kV,KZJ-BZA,SER,2.4,24.1,15,4.44,1.2,15.9,0.1,1,2.8,0
TDMS-SECR-02404,sub_station_25kV,BZA-MAS,SECR,6.9,42.0,28,4.04,6.2,9.2,3.29,0,2.5,0
TDMS-NWR-02405,OHE_mast,ST-BCT,NWR,27.3,22.8,10,3.61,12.9,45.3,2.69,2,6.2,0
TDMS-ER-02406,section_insulator,CNB-NDLS,ER,14.0,18.5,78,4.21,6.0,5.4,2.01,2,4.9,0
TDMS-SR-02407,dropper,ASR-JUC,SR,27.7,15.3,6,3.28,12.8,1.4,3.53,1,4.9,0
TDMS-ECoR-02408,dropper,CNB-NDLS,ECoR,13.9,7.3,8,4.01,6.6,10.0,2.5,0,3.3,0
TDMS-ECoR-02409,dropper,MGS-ALD,ECoR,20.6,14.8,73,3.83,10.1,18.7,1.3,0,3.2,0
TDMS-ER-02410,switching_post,LTT-NED,ER,8.9,19.6,68,4.14,10.4,0.8,4.74,0,4.4,0
TDMS-CR-02411,return_conductor,CSTM-KYN,CR,42.6,25.9,70,2.57,17.7,54.2,4.05,2,6.7,1
TDMS-ER-02412,switching_post,CNB-NDLS,ER,26.5,27.5,10,3.45,11.6,54.6,2.63,0,5.6,0
TDMS-ECoR-02413,OHE_mast,BZA-MAS,ECoR,3.7,15.7,56,4.9,6.7,25.7,2.18,0,3.9,0
TDMS-ECoR-02414,switching_post,SC-KZJ,ECoR,17.7,27.5,22,3.55,9.9,27.4,3.11,0,3.7,0
TDMS-NFR-02415,switching_post,ASR-JUC,NFR,6.8,47.7,47,3.94,3.3,51.4,2.84,0,1.6,0
TDMS-WR-02416,booster_transformer,ST-BCT,WR,6.0,39.9,10,4.92,10.3,54.8,0.7,2,4.2,1
TDMS-CR-02417,OHE_mast,JUC-ADI,CR,15.4,40.3,112,3.0,8.2,42.5,0.53,1,3.4,1
TDMS-CR-02418,stagger_wire,ADI-BRC,CR,12.3,16.7,40,4.47,13.7,4.2,0.88,1,4.3,0
TDMS-SCR-02419,OHE_mast,HWH-BWN,SCR,20.9,12.7,63,3.51,8.4,35.5,1.34,0,4.5,0
TDMS-ECoR-02420,dropper,AWB-SC,ECoR,7.4,12.2,25,4.8,4.6,35.3,5.88,1,4.3,0
TDMS-SWR-02421,booster_transformer,MAS-ED,SWR,10.4,24.7,85,4.41,5.9,19.9,0.35,2,3.6,0
TDMS-ECR-02422,dropper,BRC-ST,ECR,5.7,47.8,21,4.13,3.4,7.3,3.33,0,4.5,0
TDMS-NER-02423,OHE_mast,ALD-CNB,NER,6.7,18.4,15,4.06,3.6,109.0,0.36,1,2.3,0
TDMS-ECR-02424,OHE_mast,ASR-JUC,ECR,10.1,17.0,181,3.96,4.7,61.7,1.4,1,3.0,0
TDMS-SCR-02425,switching_post,BRC-ST,SCR,9.5,39.3,30,4.02,6.5,23.3,1.52,0,4.0,0
TDMS-SER-02426,dropper,NDLS-UMB,SER,10.1,24.0,19,3.83,12.5,13.5,3.78,0,3.1,0
TDMS-SER-02427,section_insulator,AGC-JHS,SER,8.2,24.5,37,4.45,7.3,21.5,6.65,0,3.9,0
TDMS-SER-02428,switching_post,AWB-SC,SER,23.0,20.7,78,3.72,10.2,26.1,3.06,0,4.3,0
TDMS-NFR-02429,dropper,BCT-RTM,NFR,20.7,26.7,32,4.06,10.8,60.0,7.03,0,3.8,0
TDMS-WR-02430,dropper,CNB-NDLS,WR,10.2,16.4,33,4.7,7.6,1.9,1.42,2,5.0,0
TDMS-CR-02431,OHE_mast,NDLS-AGC,CR,14.6,18.0,33,3.56,7.9,46.2,4.23,0,3.0,0
TDMS-ECR-02432,switching_post,AGC-JHS,ECR,29.1,21.2,30,3.2,14.3,40.4,2.56,0,5.1,0
TDMS-SER-02433,stagger_wire,CSTM-KYN,SER,28.6,36.2,53,3.04,14.1,43.8,4.31,0,6.0,0
TDMS-ECR-02434,sub_station_25kV,SC-KZJ,ECR,10.0,24.0,80,4.61,7.6,49.9,3.42,0,2.1,0
TDMS-NWR-02435,dropper,BPL-NGP,NWR,5.7,43.6,43,3.92,4.0,125.3,1.29,3,3.8,0
TDMS-NFR-02436,dropper,CBE-TVC,NFR,27.8,17.0,17,3.25,15.0,64.4,2.38,0,6.1,1
TDMS-WCR-02437,stagger_wire,ALD-CNB,WCR,5.8,22.7,73,4.23,8.7,34.1,11.42,1,3.5,1
TDMS-NER-02438,switching_post,LDH-ASR,NER,7.9,9.0,5,4.47,4.2,22.7,3.16,0,2.1,0
TDMS-NFR-02439,auto_transformer,MAS-ED,NFR,9.6,25.7,21,4.36,4.9,76.6,3.51,5,6.4,1
TDMS-NER-02440,section_insulator,KYN-IGP,NER,15.4,7.3,78,4.21,7.6,190.5,0.77,1,4.6,1
TDMS-NR-02441,OHE_mast,CSTM-KYN,NR,30.2,32.2,56,2.74,12.8,144.2,2.44,4,6.5,0
TDMS-CR-02442,sub_station_25kV,LDH-ASR,CR,5.8,30.9,155,4.2,12.4,32.0,0.91,0,3.6,0
TDMS-SWR-02443,OHE_mast,KZJ-BZA,SWR,12.6,16.5,21,4.49,7.1,42.3,4.21,0,2.7,0
TDMS-NER-02444,section_insulator,UMB-LDH,NER,27.8,12.4,45,3.22,12.2,68.7,3.99,0,4.9,0
TDMS-NCR-02445,OHE_mast,NGP-BZA,NCR,33.9,14.1,70,2.84,16.3,21.1,4.64,0,6.7,1
TDMS-WR-02446,dropper,ED-CBE,WR,23.6,11.8,31,3.08,13.9,48.4,0.1,1,4.6,0
TDMS-ECoR-02447,section_insulator,CSTM-KYN,ECoR,23.8,17.3,15,3.28,10.7,18.9,3.44,0,4.5,0
TDMS-NCR-02448,OHE_mast,BWN-AZ,NCR,11.3,19.2,5,4.45,5.1,38.8,0.59,0,3.8,0
TDMS-SR-02449,auto_transformer,CNB-NDLS,SR,8.9,17.8,11,4.35,12.7,6.4,0.1,0,3.7,0
TDMS-NFR-02450,sub_station_25kV,KZJ-BZA,NFR,27.4,32.6,5,2.09,26.8,59.3,5.03,0,5.4,1
TDMS-ECoR-02451,dropper,NDLS-AGC,ECoR,17.2,22.5,13,3.41,7.9,3.9,6.28,1,3.7,0
TDMS-NFR-02452,feeder_cable,CSTM-KYN,NFR,10.7,26.9,5,4.45,6.3,5.8,5.81,0,2.9,0
TDMS-NFR-02453,OHE_mast,AGC-JHS,NFR,3.7,19.7,5,5.0,1.6,70.1,0.1,0,1.9,0
TDMS-SECR-02454,OHE_mast,NGP-BZA,SECR,9.0,16.5,21,4.16,8.6,32.7,0.1,2,4.5,0
TDMS-NWR-02455,dropper,LDH-ASR,NWR,2.5,15.0,29,5.0,1.1,28.0,4.11,0,1.0,0
TDMS-ECoR-02456,return_conductor,LTT-NED,ECoR,25.6,12.7,39,3.08,14.6,85.1,6.53,1,5.5,0
TDMS-ECR-02457,booster_transformer,HWH-BWN,ECR,6.5,33.9,77,4.4,3.6,16.1,0.2,1,2.6,0
TDMS-SER-02458,feeder_cable,BPL-NGP,SER,17.1,15.3,5,3.75,15.0,16.1,3.84,0,3.8,0
TDMS-ER-02459,section_insulator,KYN-IGP,ER,12.1,20.7,5,4.09,5.7,30.4,2.64,0,2.9,0
TDMS-NR-02460,switching_post,LTT-NED,NR,20.2,27.9,23,3.19,29.1,74.1,1.63,0,4.7,1
TDMS-CR-02461,section_insulator,CBE-TVC,CR,12.1,18.8,41,3.94,5.3,9.3,3.84,3,4.0,0
TDMS-NFR-02462,stagger_wire,SC-KZJ,NFR,42.8,13.6,10,2.52,24.0,13.9,5.7,0,6.3,0
TDMS-SER-02463,OHE_mast,ST-BCT,SER,19.7,17.0,10,4.02,8.4,52.0,4.44,1,4.7,0
TDMS-NFR-02464,stagger_wire,BPL-NGP,NFR,8.9,41.2,5,4.48,8.8,178.8,2.76,0,3.1,0
TDMS-NER-02465,stagger_wire,AGC-JHS,NER,24.7,26.6,39,3.2,10.9,47.8,0.54,0,3.5,0
TDMS-SCR-02466,switching_post,JHS-BPL,SCR,18.1,14.5,37,4.07,9.0,33.1,0.31,0,3.8,0
TDMS-NCR-02467,dropper,ALD-CNB,NCR,9.3,26.0,32,4.17,5.9,83.3,1.24,0,3.2,0
TDMS-ECoR-02468,feeder_cable,NDLS-UMB,ECoR,20.4,27.3,124,3.56,15.1,21.0,1.28,0,4.2,1
TDMS-ECoR-02469,stagger_wire,CSTM-KYN,ECoR,10.4,45.3,29,3.92,4.7,45.4,1.85,1,4.2,0
TDMS-ECoR-02470,stagger_wire,LDH-ASR,ECoR,19.2,28.9,73,3.4,16.4,11.0,1.12,0,3.8,1
TDMS-SWR-02471,OHE_mast,ADI-BRC,SWR,12.0,25.3,21,4.0,5.5,20.1,1.8,0,3.2,1
TDMS-ECR-02472,feeder_cable,NDLS-UMB,ECR,22.4,22.0,65,2.98,12.1,50.7,16.17,0,4.7,1
TDMS-ER-02473,booster_transformer,JUC-ADI,ER,23.3,22.0,77,3.25,13.0,37.4,1.51,0,5.1,0
TDMS-ECR-02474,OHE_mast,ASR-JUC,ECR,47.3,12.5,5,2.15,24.1,93.8,1.29,0,6.0,1
TDMS-NCR-02475,OHE_mast,BRC-ST,NCR,2.5,10.8,5,4.22,12.4,9.3,1.9,0,3.7,1
TDMS-ECR-02476,OHE_mast,BPL-NGP,ECR,36.0,19.8,97,1.84,14.6,26.9,3.75,0,5.5,1
TDMS-ECoR-02477,OHE_mast,HWH-BWN,ECoR,19.4,28.7,29,3.37,12.3,2.1,6.1,0,3.5,0
TDMS-WCR-02478,OHE_mast,SC-KZJ,WCR,13.1,15.4,61,4.07,6.7,139.2,1.38,0,3.9,0
TDMS-SECR-02479,stagger_wire,MGS-ALD,SECR,30.6,14.4,42,2.68,15.9,37.1,4.27,0,4.9,1
TDMS-NCR-02480,dropper,NDLS-AGC,NCR,25.2,13.7,39,3.27,11.1,8.0,0.14,1,4.5,0
TDMS-NFR-02481,switching_post,AGC-JHS,NFR,34.9,20.9,5,2.55,22.6,76.4,2.69,0,6.3,0
TDMS-SR-02482,return_conductor,BRC-ST,SR,26.6,13.5,5,3.21,14.8,4.7,5.61,1,5.4,0
TDMS-SECR-02483,feeder_cable,NDLS-AGC,SECR,25.5,51.1,41,2.11,11.8,86.2,0.6,1,4.3,1
TDMS-ECoR-02484,dropper,ED-CBE,ECoR,20.8,14.5,182,3.71,18.4,1.6,2.76,0,3.6,1
TDMS-SCR-02485,feeder_cable,NGP-BZA,SCR,13.7,37.8,44,4.55,10.1,112.8,9.73,0,3.8,0
TDMS-ER-02486,OHE_mast,SC-KZJ,ER,18.8,34.4,59,3.29,11.3,14.1,0.46,3,4.9,0
TDMS-WCR-02487,sub_station_25kV,ADI-BRC,WCR,16.9,17.9,5,3.64,12.0,18.3,6.05,0,4.0,0
TDMS-SER-02488,feeder_cable,AGC-JHS,SER,15.6,19.1,106,4.24,9.4,39.6,3.96,1,3.9,0
TDMS-WR-02489,OHE_mast,KZJ-BZA,WR,10.4,33.5,46,3.78,6.1,114.0,1.16,0,3.2,0
TDMS-SECR-02490,stagger_wire,NDLS-UMB,SECR,9.8,13.8,58,4.69,4.9,8.6,5.12,0,2.0,0
TDMS-CR-02491,booster_transformer,ST-BCT,CR,25.4,24.5,91,3.11,10.5,17.7,3.67,1,4.6,0
TDMS-SCR-02492,OHE_mast,BCT-RTM,SCR,21.4,8.0,49,3.43,10.1,45.3,3.84,0,3.7,0
TDMS-NFR-02493,dropper,KYN-IGP,NFR,16.8,18.6,6,3.79,8.6,2.9,5.78,1,4.2,0
TDMS-SER-02494,dropper,KZJ-BZA,SER,26.2,26.6,37,2.66,19.1,16.7,1.15,0,5.0,1
TDMS-NFR-02495,stagger_wire,NGP-BZA,NFR,41.9,11.3,8,2.39,19.7,40.1,7.16,1,6.7,1
TDMS-CR-02496,stagger_wire,CNB-NDLS,CR,28.1,22.6,75,2.93,11.4,23.0,0.71,1,3.3,0
TDMS-SCR-02497,auto_transformer,BWN-AZ,SCR,43.7,11.1,20,2.16,17.6,153.9,1.0,0,5.3,0
TDMS-SWR-02498,auto_transformer,MAS-ED,SWR,28.3,16.7,5,3.01,16.9,148.9,1.42,0,5.4,1
TDMS-NCR-02499,dropper,BPL-NGP,NCR,12.5,50.8,28,3.82,7.7,104.8,3.56,0,3.0,0
TDMS-WR-02500,switching_post,AZ-MGS,WR,17.3,31.9,30,3.33,9.4,124.3,0.23,0,4.8,0
TDMS-CR-02501,OHE_mast,ALD-CNB,CR,13.3,22.0,128,3.88,6.6,121.8,0.87,2,4.6,0
TDMS-SER-02502,dropper,NDLS-AGC,SER,8.2,18.5,5,4.51,7.1,73.6,1.67,1,3.7,0
TDMS-NER-02503,dropper,HWH-BWN,NER,24.3,17.8,12,3.35,15.1,119.2,1.31,0,3.5,1
TDMS-SR-02504,sub_station_25kV,BRC-ST,SR,12.5,11.7,76,3.96,11.8,0.4,9.04,0,4.9,1
TDMS-ECR-02505,OHE_mast,ADI-BRC,ECR,7.1,17.2,13,4.17,4.6,61.1,0.52,1,2.7,0
TDMS-SER-02506,feeder_cable,NDLS-AGC,SER,19.3,16.9,117,2.99,8.0,30.7,0.18,1,4.4,0
TDMS-SECR-02507,stagger_wire,MGS-ALD,SECR,9.9,53.7,19,3.83,10.0,25.3,1.7,0,2.6,0
TDMS-WR-02508,feeder_cable,BCT-RTM,WR,15.8,18.1,80,3.73,9.8,5.4,0.43,0,4.4,0
TDMS-SER-02509,auto_transformer,HWH-BWN,SER,21.8,15.8,48,3.73,12.5,17.6,2.15,1,4.8,0
TDMS-SECR-02510,OHE_mast,CBE-TVC,SECR,12.1,18.3,14,4.09,13.5,19.4,0.16,1,4.8,0
TDMS-SER-02511,section_insulator,JHS-BPL,SER,5.6,25.6,32,4.32,3.0,9.8,7.67,0,3.2,0
TDMS-SR-02512,booster_transformer,MGS-ALD,SR,18.1,22.6,21,3.43,12.2,116.2,1.06,0,4.6,0
TDMS-SR-02513,switching_post,AGC-JHS,SR,21.3,26.8,109,3.54,10.2,37.7,1.18,0,3.8,0
TDMS-NFR-02514,dropper,CNB-NDLS,NFR,22.5,38.3,130,3.26,17.4,135.7,1.96,0,4.6,1
TDMS-SECR-02515,return_conductor,CBE-TVC,SECR,20.5,19.0,200,3.7,9.4,35.4,0.88,1,4.0,0
TDMS-NFR-02516,dropper,AGC-JHS,NFR,1.8,25.2,94,4.46,3.3,30.1,0.91,0,3.0,0
TDMS-ER-02517,switching_post,CSTM-KYN,ER,22.3,17.0,115,3.5,12.2,19.6,5.97,2,5.2,0
TDMS-SR-02518,sub_station_25kV,AWB-SC,SR,28.6,13.2,45,3.35,11.6,8.8,6.42,0,3.9,0
TDMS-SECR-02519,booster_transformer,ADI-BRC,SECR,29.9,15.9,29,3.43,15.1,8.0,0.18,0,6.2,0
TDMS-SCR-02520,switching_post,CNB-NDLS,SCR,5.7,35.7,42,4.88,5.8,52.0,0.7,0,3.1,0
TDMS-NER-02521,OHE_mast,SC-KZJ,NER,17.8,26.6,83,3.92,12.4,66.9,2.21,1,5.2,0
TDMS-SER-02522,OHE_mast,NDLS-AGC,SER,13.4,31.0,62,3.99,6.5,1.5,15.82,3,3.9,1
TDMS-SR-02523,feeder_cable,JUC-ADI,SR,24.4,19.3,5,2.98,13.6,4.4,8.99,0,5.2,0
TDMS-CR-02524,dropper,LDH-ASR,CR,34.9,26.9,35,2.72,19.1,53.3,4.08,1,6.6,1
TDMS-SCR-02525,auto_transformer,SC-KZJ,SCR,23.1,37.5,22,3.67,14.4,7.5,1.82,2,6.4,0
TDMS-ER-02526,OHE_mast,JHS-BPL,ER,10.5,20.8,14,4.44,5.0,19.1,6.43,0,2.3,0
TDMS-CR-02527,booster_transformer,KZJ-BZA,CR,17.5,19.5,20,4.05,16.3,62.8,2.47,0,3.7,1
TDMS-ECoR-02528,OHE_mast,BWN-AZ,ECoR,34.8,22.2,19,2.48,17.8,82.3,0.41,0,5.9,1
TDMS-WR-02529,OHE_mast,BWN-AZ,WR,16.1,21.6,8,4.17,10.0,98.3,1.16,0,3.4,0
TDMS-WCR-02530,OHE_mast,CNB-NDLS,WCR,11.5,23.7,32,3.68,9.6,16.6,7.14,0,4.3,0
TDMS-WCR-02531,dropper,BCT-RTM,WCR,22.3,18.0,174,3.27,13.5,36.6,11.39,0,5.9,1
TDMS-SR-02532,sub_station_25kV,UMB-LDH,SR,48.0,24.3,14,2.11,19.9,26.2,5.91,3,7.3,1
TDMS-NCR-02533,section_insulator,JHS-BPL,NCR,24.1,15.9,10,3.1,12.4,49.6,1.13,0,4.1,0
TDMS-CR-02534,feeder_cable,NDLS-AGC,CR,12.3,39.1,48,3.83,10.0,53.9,6.17,0,3.1,0
TDMS-SWR-02535,OHE_mast,SC-KZJ,SWR,6.0,12.6,12,4.92,5.7,10.2,0.13,0,2.8,0
TDMS-CR-02536,sub_station_25kV,ST-BCT,CR,10.6,17.9,56,4.19,6.8,114.2,4.4,1,4.1,0
TDMS-SR-02537,OHE_mast,SC-KZJ,SR,7.5,29.0,43,4.64,4.0,26.7,8.52,0,2.6,0
TDMS-ECoR-02538,OHE_mast,MAS-ED,ECoR,14.1,15.5,115,4.17,10.2,10.3,0.93,0,5.0,0
TDMS-SR-02539,section_insulator,ED-CBE,SR,13.8,11.7,12,4.68,5.7,13.1,0.1,1,4.5,0
TDMS-ER-02540,OHE_mast,BWN-AZ,ER,22.4,26.1,87,3.51,12.5,6.0,4.96,2,5.4,0
TDMS-NCR-02541,feeder_cable,ASR-JUC,NCR,14.3,24.6,56,3.56,10.1,7.5,1.11,0,3.7,0
TDMS-ECoR-02542,return_conductor,NDLS-UMB,ECoR,27.3,19.4,26,3.29,18.8,77.1,0.5,0,3.9,1
TDMS-SCR-02543,switching_post,CBE-TVC,SCR,15.0,21.1,15,4.36,10.0,73.0,0.39,0,4.8,0
TDMS-SECR-02544,switching_post,KZJ-BZA,SECR,36.0,17.3,12,2.41,16.6,23.1,0.12,0,5.3,1
TDMS-WCR-02545,OHE_mast,KYN-IGP,WCR,9.4,30.0,26,3.86,4.4,27.4,8.71,0,3.6,0
TDMS-ER-02546,sub_station_25kV,ADI-BRC,ER,3.7,36.2,18,4.6,3.0,2.7,3.51,0,2.3,0
TDMS-NFR-02547,dropper,KYN-IGP,NFR,25.3,24.4,42,2.97,10.4,11.0,1.59,1,3.3,0
TDMS-NER-02548,feeder_cable,JHS-BPL,NER,16.8,28.9,23,3.74,8.5,10.8,3.81,0,3.5,0
TDMS-ECR-02549,stagger_wire,KYN-IGP,ECR,26.6,23.0,11,3.42,11.1,73.4,3.7,0,4.9,0
TDMS-CR-02550,stagger_wire,ALD-CNB,CR,23.8,37.9,72,3.47,10.0,22.9,5.14,0,3.2,0
TDMS-NER-02551,sub_station_25kV,LDH-ASR,NER,6.8,16.2,26,4.29,3.4,1.6,0.93,3,4.3,0
TDMS-NR-02552,stagger_wire,AZ-MGS,NR,22.4,17.2,32,3.58,12.6,12.5,4.85,0,4.5,0
TDMS-NER-02553,sub_station_25kV,ALD-CNB,NER,19.8,23.1,50,3.24,9.0,24.0,0.39,0,2.9,0
TDMS-ECR-02554,return_conductor,BZA-MAS,ECR,27.6,18.5,11,2.82,14.5,7.4,0.93,0,4.5,0
TDMS-CR-02555,auto_transformer,KZJ-BZA,CR,25.5,19.7,18,3.53,14.9,2.8,7.47,0,4.0,0
TDMS-ECoR-02556,return_conductor,HWH-BWN,ECoR,38.4,28.7,11,2.91,24.7,7.0,1.12,1,6.8,1
TDMS-WR-02557,OHE_mast,KZJ-BZA,WR,22.8,12.6,46,3.04,9.4,10.8,7.31,0,3.1,0
TDMS-SER-02558,switching_post,CBE-TVC,SER,21.3,18.6,87,3.14,8.6,27.1,2.24,1,5.6,0
TDMS-ECoR-02559,stagger_wire,ED-CBE,ECoR,29.9,21.3,23,2.8,13.6,58.2,1.28,1,5.2,0
TDMS-NWR-02560,sub_station_25kV,AGC-JHS,NWR,11.8,20.0,9,3.99,5.2,10.7,1.73,1,3.6,0
TDMS-CR-02561,dropper,JUC-ADI,CR,28.3,15.6,63,3.34,12.1,68.3,0.1,0,5.2,0
TDMS-SER-02562,feeder_cable,ASR-JUC,SER,13.2,9.0,200,3.6,15.4,72.1,1.2,2,4.5,1
TDMS-WR-02563,OHE_mast,NDLS-AGC,WR,10.0,25.3,10,3.73,22.9,44.1,0.36,0,4.9,1
TDMS-ECR-02564,feeder_cable,HWH-BWN,ECR,6.7,41.9,11,4.14,15.3,29.5,5.62,0,4.0,1
TDMS-NWR-02565,dropper,AGC-JHS,NWR,8.7,19.9,68,4.13,10.7,5.9,6.27,0,2.9,0
TDMS-NFR-02566,stagger_wire,MAS-ED,NFR,11.6,32.8,20,3.65,16.5,32.2,4.79,2,4.6,1
TDMS-WCR-02567,sub_station_25kV,SC-KZJ,WCR,16.2,7.4,62,3.54,7.1,22.7,0.11,1,4.4,0
TDMS-ER-02568,dropper,AZ-MGS,ER,14.6,25.7,18,3.66,5.9,6.4,0.28,0,3.1,0
TDMS-WR-02569,sub_station_25kV,NDLS-AGC,WR,39.0,30.2,61,2.38,16.8,4.9,1.57,2,6.2,0
TDMS-NWR-02570,sub_station_25kV,ST-BCT,NWR,35.2,33.7,57,2.22,16.6,12.1,1.69,1,7.0,1
TDMS-CR-02571,auto_transformer,MAS-ED,CR,10.3,18.5,74,3.63,6.0,52.4,10.17,1,4.6,1
TDMS-SER-02572,OHE_mast,NDLS-AGC,SER,50.0,33.6,73,1.9,30.0,38.7,3.88,0,7.0,1
TDMS-ECoR-02573,OHE_mast,MGS-ALD,ECoR,10.6,16.9,5,4.2,4.9,6.6,2.32,1,3.2,0
TDMS-WR-02574,booster_transformer,NDLS-UMB,WR,12.3,11.4,50,4.27,5.6,23.8,2.5,0,4.1,0
TDMS-WR-02575,OHE_mast,AWB-SC,WR,5.8,23.0,25,4.51,7.4,12.8,3.48,0,4.2,0
TDMS-ER-02576,stagger_wire,LTT-NED,ER,12.9,26.9,62,4.07,6.8,92.9,3.34,0,4.0,0
TDMS-WR-02577,return_conductor,BZA-MAS,WR,24.4,24.7,126,3.4,11.6,2.8,12.77,0,4.9,1
TDMS-ECoR-02578,dropper,ADI-BRC,ECoR,14.5,31.1,25,4.14,9.2,14.4,12.47,1,3.8,1
TDMS-SR-02579,dropper,ADI-BRC,SR,9.0,21.2,10,3.73,9.5,10.9,6.72,0,2.6,0
TDMS-SWR-02580,feeder_cable,LTT-NED,SWR,3.1,34.6,42,4.79,28.5,20.6,3.77,0,4.7,1
TDMS-SR-02581,section_insulator,AWB-SC,SR,25.8,20.4,6,3.2,23.2,4.0,2.44,0,5.8,1
TDMS-SCR-02582,OHE_mast,AGC-JHS,SCR,6.2,13.8,8,4.49,8.2,10.6,0.33,0,3.0,0
TDMS-NER-02583,section_insulator,ALD-CNB,NER,6.9,18.2,137,4.39,3.3,97.3,15.69,2,2.0,1
TDMS-ER-02584,booster_transformer,HWH-BWN,ER,8.0,27.3,6,4.29,3.7,8.5,4.9,0,2.8,0
TDMS-NWR-02585,switching_post,BWN-AZ,NWR,11.7,20.7,41,4.47,8.6,13.8,4.4,3,5.4,0
TDMS-ECoR-02586,OHE_mast,MAS-ED,ECoR,23.6,14.1,70,3.47,11.9,20.2,2.51,0,6.1,0
TDMS-CR-02587,feeder_cable,JUC-ADI,CR,12.6,20.5,30,3.82,10.1,11.8,0.38,0,3.0,0
TDMS-ECoR-02588,OHE_mast,MAS-ED,ECoR,18.0,25.4,58,4.14,7.8,40.4,0.37,0,3.9,0
TDMS-NER-02589,stagger_wire,ED-CBE,NER,3.4,17.6,38,4.41,9.6,143.7,2.3,1,3.0,0
TDMS-ECR-02590,stagger_wire,SC-KZJ,ECR,14.4,19.7,200,3.31,5.8,30.4,1.86,0,3.6,0
TDMS-ECoR-02591,switching_post,JHS-BPL,ECoR,5.9,15.9,5,4.28,3.0,69.6,3.59,0,1.6,0
TDMS-SR-02592,dropper,NDLS-AGC,SR,14.2,19.4,11,3.92,7.7,3.4,5.98,0,2.5,0
TDMS-SER-02593,OHE_mast,ST-BCT,SER,10.6,16.5,38,4.17,14.0,21.7,0.1,1,4.2,0
TDMS-SR-02594,return_conductor,BWN-AZ,SR,15.4,20.1,32,3.72,11.9,12.4,2.66,0,4.4,0
TDMS-ECR-02595,OHE_mast,MAS-ED,ECR,20.0,24.4,5,3.5,11.5,15.0,1.81,3,4.5,0
TDMS-NWR-02596,dropper,CNB-NDLS,NWR,18.8,37.2,35,3.42,12.2,75.1,0.63,1,3.2,0
TDMS-NCR-02597,feeder_cable,MGS-ALD,NCR,8.3,21.8,5,4.15,4.5,30.6,1.06,0,3.8,0
TDMS-NCR-02598,auto_transformer,MGS-ALD,NCR,24.5,14.2,52,3.58,13.3,18.3,8.13,0,4.3,0
TDMS-WR-02599,OHE_mast,AWB-SC,WR,17.5,17.7,47,3.74,12.8,15.5,3.99,0,3.5,0
TDMS-SWR-02600,booster_transformer,ED-CBE,SWR,27.9,36.3,5,3.2,14.5,2.7,7.2,0,4.8,0
TDMS-NFR-02601,stagger_wire,JUC-ADI,NFR,50.0,23.9,28,1.33,25.7,89.4,1.23,0,6.3,1
TDMS-SWR-02602,sub_station_25kV,CNB-NDLS,SWR,34.7,17.3,55,2.88,18.1,17.0,0.99,0,4.4,1
TDMS-ECoR-02603,auto_transformer,JUC-ADI,ECoR,14.7,22.5,72,3.88,7.2,37.4,0.9,1,4.7,0
TDMS-NWR-02604,OHE_mast,BCT-RTM,NWR,5.3,11.2,5,4.46,5.5,35.1,2.22,1,3.1,0
TDMS-SECR-02605,feeder_cable,NDLS-AGC,SECR,16.7,12.4,28,3.53,8.7,24.4,3.15,0,3.8,0
TDMS-ECR-02606,feeder_cable,AGC-JHS,ECR,6.8,13.1,197,4.61,9.6,65.1,4.05,0,2.9,0
TDMS-NER-02607,feeder_cable,ST-BCT,NER,11.2,24.3,21,4.23,5.0,14.9,0.45,0,3.8,0
TDMS-SECR-02608,auto_transformer,BRC-ST,SECR,50.0,12.8,34,2.33,28.3,29.2,0.87,1,7.6,1
TDMS-NFR-02609,dropper,AZ-MGS,NFR,18.5,29.5,15,3.57,9.1,12.1,1.33,0,4.7,0
TDMS-CR-02610,dropper,AGC-JHS,CR,25.0,16.1,5,3.13,11.8,73.9,0.1,10,8.0,1
TDMS-NER-02611,switching_post,NGP-BZA,NER,27.9,14.6,105,3.07,15.9,38.7,3.8,0,4.4,1
TDMS-ER-02612,feeder_cable,KZJ-BZA,ER,18.2,23.5,44,3.4,8.5,18.2,0.49,0,3.0,0
TDMS-ECR-02613,feeder_cable,ED-CBE,ECR,16.9,28.4,33,3.06,7.2,0.5,1.51,1,4.4,0
TDMS-SECR-02614,switching_post,SC-KZJ,SECR,18.6,18.3,74,3.76,12.9,39.8,9.76,1,5.3,0
TDMS-ER-02615,dropper,BZA-MAS,ER,15.0,31.6,7,3.69,8.9,50.9,3.41,1,3.7,0
TDMS-SCR-02616,dropper,BRC-ST,SCR,11.7,23.9,91,3.56,13.2,37.0,2.8,2,4.8,0
TDMS-NFR-02617,stagger_wire,BCT-RTM,NFR,12.9,10.5,42,4.41,11.3,172.9,0.21,2,4.4,0
TDMS-SER-02618,OHE_mast,MGS-ALD,SER,14.0,20.9,55,4.04,5.9,4.9,0.22,2,4.9,0
TDMS-NR-02619,sub_station_25kV,UMB-LDH,NR,19.6,22.4,43,3.14,12.3,14.0,3.08,0,3.9,0
TDMS-NR-02620,dropper,HWH-BWN,NR,5.5,16.5,77,4.65,3.3,21.9,1.14,0,2.8,0
TDMS-SR-02621,stagger_wire,NDLS-AGC,SR,14.1,19.2,70,3.82,8.3,19.8,1.06,1,4.8,1
TDMS-ECR-02622,sub_station_25kV,ST-BCT,ECR,8.1,18.0,38,4.25,4.7,54.2,1.23,0,2.8,0
TDMS-SR-02623,OHE_mast,ASR-JUC,SR,40.1,14.5,82,2.13,21.2,5.5,3.1,0,5.7,1
TDMS-ECoR-02624,OHE_mast,BRC-ST,ECoR,8.4,16.1,69,4.44,10.0,3.0,0.5,0,3.2,0
TDMS-NWR-02625,return_conductor,SC-KZJ,NWR,20.8,21.9,31,3.6,10.1,1.3,8.81,0,4.0,0
TDMS-NCR-02626,return_conductor,BZA-MAS,NCR,1.0,20.3,5,4.64,1.3,46.7,9.45,0,2.5,0
TDMS-SCR-02627,sub_station_25kV,MGS-ALD,SCR,28.7,17.9,90,3.3,12.8,62.7,3.61,0,4.8,0
TDMS-NWR-02628,OHE_mast,AGC-JHS,NWR,15.1,23.5,21,3.97,6.9,26.0,9.56,1,4.5,0
TDMS-WR-02629,sub_station_25kV,MAS-ED,WR,23.4,30.4,76,2.81,13.0,19.1,1.35,0,4.3,0
TDMS-ECoR-02630,return_conductor,BCT-RTM,ECoR,6.5,35.0,66,4.39,3.5,7.8,0.62,2,2.5,0
TDMS-SR-02631,auto_transformer,ADI-BRC,SR,32.8,39.9,5,2.58,19.9,25.9,0.6,0,5.4,1
TDMS-NR-02632,stagger_wire,AGC-JHS,NR,16.3,22.1,14,4.32,7.3,4.5,2.3,0,4.2,0
TDMS-SCR-02633,OHE_mast,CSTM-KYN,SCR,20.5,55.8,79,2.8,8.3,4.8,0.62,0,4.7,0
TDMS-SR-02634,dropper,JUC-ADI,SR,19.4,52.8,39,3.28,13.9,23.4,0.61,1,5.4,0
TDMS-WCR-02635,OHE_mast,BPL-NGP,WCR,28.4,32.5,17,3.14,12.7,0.8,6.06,4,7.7,0
TDMS-WR-02636,feeder_cable,NDLS-AGC,WR,10.8,16.9,7,4.3,5.1,50.4,1.32,0,2.5,0
TDMS-NWR-02637,OHE_mast,SC-KZJ,NWR,12.7,31.8,25,3.51,8.0,103.8,3.71,1,4.8,0
TDMS-SER-02638,feeder_cable,ADI-BRC,SER,49.7,38.9,44,1.51,26.0,15.9,7.73,0,7.8,1
TDMS-ER-02639,stagger_wire,BZA-MAS,ER,4.2,22.0,19,4.85,3.1,41.4,0.99,2,3.3,0
TDMS-NER-02640,dropper,AWB-SC,NER,30.5,25.9,41,2.72,12.7,98.0,1.89,2,4.0,0
TDMS-NCR-02641,dropper,AGC-JHS,NCR,36.7,25.4,75,2.99,18.3,10.4,3.31,0,5.5,1
TDMS-ECR-02642,sub_station_25kV,LTT-NED,ECR,25.4,16.2,14,2.91,12.4,31.4,0.65,0,4.5,0
TDMS-NR-02643,feeder_cable,AWB-SC,NR,10.7,18.8,5,4.29,7.0,34.9,2.75,0,2.4,0
TDMS-NWR-02644,dropper,LDH-ASR,NWR,8.9,24.1,8,4.06,6.0,70.4,12.28,0,3.0,1
TDMS-SWR-02645,booster_transformer,JUC-ADI,SWR,36.9,28.5,12,2.38,15.7,37.7,10.83,0,5.4,1
TDMS-NCR-02646,feeder_cable,BRC-ST,NCR,38.8,12.4,6,3.16,22.2,61.4,3.19,0,6.4,1
TDMS-WR-02647,dropper,KYN-IGP,WR,15.7,18.8,23,4.11,9.5,13.0,1.54,0,3.1,0
TDMS-NER-02648,section_insulator,NDLS-AGC,NER,42.6,23.1,17,2.51,19.5,47.9,0.75,1,6.3,1
TDMS-CR-02649,switching_post,CBE-TVC,CR,37.2,16.0,21,2.6,16.1,28.1,5.67,0,4.8,1
TDMS-SCR-02650,booster_transformer,CSTM-KYN,SCR,6.4,18.5,20,4.72,4.1,32.6,3.29,0,2.7,0
TDMS-WR-02651,OHE_mast,LDH-ASR,WR,34.8,27.1,12,2.78,16.3,47.8,4.91,0,4.5,1
TDMS-SCR-02652,OHE_mast,AGC-JHS,SCR,21.9,25.2,46,3.79,10.5,67.7,6.58,0,3.9,0
TDMS-CR-02653,feeder_cable,MGS-ALD,CR,32.9,23.7,12,2.56,16.1,10.5,10.25,0,5.4,1
TDMS-SWR-02654,return_conductor,MAS-ED,SWR,1.1,17.9,120,4.89,6.8,11.6,0.36,0,2.4,0
TDMS-WCR-02655,stagger_wire,UMB-LDH,WCR,26.6,10.1,17,2.95,15.7,275.7,1.65,0,4.8,1
TDMS-NCR-02656,OHE_mast,NGP-BZA,NCR,10.2,19.4,137,3.99,4.9,2.4,2.79,0,3.0,0
TDMS-CR-02657,feeder_cable,CNB-NDLS,CR,7.3,37.2,9,4.21,4.4,4.6,0.36,0,3.4,0
TDMS-SWR-02658,return_conductor,MGS-ALD,SWR,50.0,42.0,5,1.27,30.0,28.7,0.34,1,7.9,0
TDMS-ER-02659,feeder_cable,CNB-NDLS,ER,23.7,32.6,16,3.14,10.5,31.7,0.1,0,4.0,0
TDMS-CR-02660,sub_station_25kV,JHS-BPL,CR,7.9,12.0,17,4.27,3.8,50.2,3.17,0,3.0,0
TDMS-SR-02661,auto_transformer,BWN-AZ,SR,17.6,26.2,74,4.48,8.8,98.1,2.91,0,4.1,0
TDMS-ECoR-02662,OHE_mast,AGC-JHS,ECoR,11.7,28.9,66,3.81,11.8,99.6,1.74,0,3.2,0
TDMS-NWR-02663,feeder_cable,CNB-NDLS,NWR,47.8,31.8,9,1.65,22.1,40.7,0.68,0,6.0,1
TDMS-ECoR-02664,OHE_mast,CSTM-KYN,ECoR,9.8,16.7,115,4.13,7.4,56.3,1.1,0,3.3,0
TDMS-WCR-02665,OHE_mast,BRC-ST,WCR,25.7,12.2,19,3.58,11.2,42.5,3.1,1,5.5,0
TDMS-SCR-02666,stagger_wire,MGS-ALD,SCR,12.1,29.3,196,4.25,5.3,7.2,1.74,1,3.4,0
TDMS-SER-02667,OHE_mast,NGP-BZA,SER,28.6,24.3,151,3.28,25.7,115.6,10.78,0,6.5,1
TDMS-ECR-02668,OHE_mast,KYN-IGP,ECR,20.6,47.4,14,3.02,9.3,74.5,3.23,1,5.0,0
TDMS-WCR-02669,OHE_mast,MAS-ED,WCR,22.2,22.5,26,3.62,12.6,4.1,2.11,1,5.5,0
TDMS-SCR-02670,switching_post,ED-CBE,SCR,6.5,44.9,83,3.78,6.0,169.1,0.12,1,2.5,0
TDMS-SWR-02671,OHE_mast,LTT-NED,SWR,14.7,19.3,16,3.63,6.3,74.2,3.45,0,4.1,0
TDMS-NCR-02672,switching_post,SC-KZJ,NCR,24.8,22.6,26,3.68,12.6,89.8,2.53,3,6.4,0
TDMS-SWR-02673,feeder_cable,JHS-BPL,SWR,9.7,13.7,9,4.45,4.2,29.5,3.01,0,3.2,0
TDMS-CR-02674,section_insulator,KZJ-BZA,CR,21.1,13.7,30,3.13,10.0,94.4,1.49,1,4.3,0
TDMS-CR-02675,OHE_mast,MGS-ALD,CR,10.9,46.7,14,4.43,6.6,16.3,2.24,0,3.1,0
TDMS-WR-02676,sub_station_25kV,MGS-ALD,WR,32.0,19.4,5,3.06,17.4,6.8,7.69,0,5.5,1
TDMS-ER-02677,stagger_wire,MAS-ED,ER,10.0,19.8,52,3.83,4.3,1.7,0.73,0,3.3,0
TDMS-ER-02678,OHE_mast,LTT-NED,ER,10.9,20.5,19,3.96,12.5,12.1,0.71,1,3.6,0
TDMS-NCR-02679,sub_station_25kV,MAS-ED,NCR,13.4,18.3,34,4.39,5.6,81.9,0.1,1,3.0,1
TDMS-SCR-02680,feeder_cable,NGP-BZA,SCR,26.8,20.8,36,3.63,12.0,41.4,1.18,1,5.8,0
TDMS-WCR-02681,stagger_wire,BPL-NGP,WCR,12.8,11.2,40,3.69,7.0,17.2,5.48,2,4.5,1
TDMS-NWR-02682,booster_transformer,UMB-LDH,NWR,18.4,26.9,66,3.56,8.6,10.3,0.89,1,4.2,0
TDMS-ER-02683,dropper,AGC-JHS,ER,14.2,16.2,56,3.89,6.0,11.8,5.54,1,3.7,0
TDMS-NR-02684,stagger_wire,ALD-CNB,NR,10.9,28.3,64,3.66,6.5,45.0,2.49,5,5.7,1
TDMS-SWR-02685,dropper,MAS-ED,SWR,32.6,10.0,75,2.84,13.9,7.1,0.61,0,5.0,0
TDMS-NER-02686,dropper,NDLS-UMB,NER,16.2,28.8,22,3.44,9.8,5.8,0.42,1,3.3,1
TDMS-NCR-02687,stagger_wire,AGC-JHS,NCR,15.9,17.9,71,4.08,14.7,40.3,3.47,0,4.9,0
TDMS-NFR-02688,stagger_wire,HWH-BWN,NFR,9.3,17.4,20,4.37,6.8,84.7,0.78,2,5.3,0
TDMS-WR-02689,OHE_mast,AGC-JHS,WR,8.8,15.8,24,4.81,3.9,60.1,7.95,0,3.0,0
TDMS-SWR-02690,dropper,BPL-NGP,SWR,13.7,29.8,104,4.57,7.1,3.6,5.03,2,5.0,0
TDMS-SCR-02691,OHE_mast,UMB-LDH,SCR,25.2,22.4,50,3.42,10.5,60.9,5.14,1,3.6,0
TDMS-ECR-02692,dropper,BWN-AZ,ECR,30.8,13.3,12,2.86,14.1,93.3,0.15,0,5.3,0
TDMS-NR-02693,feeder_cable,MAS-ED,NR,20.6,9.3,49,3.83,17.1,47.5,0.83,0,3.6,1
TDMS-NWR-02694,feeder_cable,BRC-ST,NWR,14.5,34.9,7,3.81,6.9,58.4,1.64,0,3.2,0
TDMS-CR-02695,sub_station_25kV,ST-BCT,CR,27.1,10.2,13,3.6,11.1,84.3,0.84,1,5.2,0
TDMS-NER-02696,stagger_wire,LDH-ASR,NER,21.5,20.5,5,4.02,10.4,30.1,1.19,0,3.4,0
TDMS-NWR-02697,OHE_mast,ADI-BRC,NWR,19.2,13.4,51,3.95,13.9,31.2,0.47,0,4.0,0
TDMS-WR-02698,stagger_wire,JUC-ADI,WR,17.2,26.7,133,3.23,7.3,37.2,0.39,0,3.1,0
TDMS-NCR-02699,section_insulator,MAS-ED,NCR,31.6,15.6,121,2.58,16.7,9.3,1.37,0,5.8,1
TDMS-WR-02700,auto_transformer,BCT-RTM,WR,17.5,56.3,74,3.68,8.6,22.6,7.36,0,3.5,0
TDMS-NR-02701,switching_post,NDLS-AGC,NR,10.9,17.9,7,4.22,6.2,30.2,6.37,3,4.1,0
TDMS-SECR-02702,stagger_wire,KZJ-BZA,SECR,8.1,13.3,83,4.26,7.6,1.8,2.31,0,3.6,0
TDMS-NER-02703,dropper,CBE-TVC,NER,24.8,16.3,5,2.61,20.8,26.0,3.57,2,6.7,1
TDMS-CR-02704,stagger_wire,SC-KZJ,CR,20.5,20.2,111,3.57,9.2,40.3,1.18,0,3.2,0
TDMS-SECR-02705,booster_transformer,BZA-MAS,SECR,21.5,25.9,54,3.74,10.2,55.5,0.47,1,5.9,0
TDMS-ECoR-02706,auto_transformer,MGS-ALD,ECoR,45.4,28.3,8,2.26,18.3,1.9,0.19,0,7.0,1
TDMS-SCR-02707,return_conductor,AWB-SC,SCR,7.3,14.3,37,4.29,4.2,31.7,1.79,1,4.4,0
TDMS-WCR-02708,switching_post,NDLS-AGC,WCR,9.7,14.5,44,4.22,4.7,57.2,1.94,3,4.0,0
TDMS-CR-02709,booster_transformer,BCT-RTM,CR,4.8,30.0,14,4.17,6.1,8.2,1.68,2,4.1,0
TDMS-CR-02710,OHE_mast,BWN-AZ,CR,19.3,15.7,85,3.54,11.2,16.7,2.34,3,5.4,0
TDMS-SCR-02711,booster_transformer,AZ-MGS,SCR,23.1,43.7,32,3.35,10.4,3.3,2.21,0,5.2,0
TDMS-SECR-02712,switching_post,UMB-LDH,SECR,12.9,14.7,37,4.28,8.2,20.3,3.61,0,2.6,0
TDMS-SCR-02713,sub_station_25kV,HWH-BWN,SCR,35.3,11.2,97,3.36,19.4,12.2,5.77,0,7.0,1
TDMS-NWR-02714,stagger_wire,NDLS-UMB,NWR,20.7,16.2,47,3.88,13.9,17.6,6.15,1,5.2,0
TDMS-NR-02715,OHE_mast,KYN-IGP,NR,4.8,16.5,40,4.62,6.6,8.0,1.08,1,3.3,0
TDMS-ER-02716,OHE_mast,KZJ-BZA,ER,50.0,32.7,6,1.31,21.3,12.9,2.97,0,6.2,1
TDMS-NR-02717,dropper,ST-BCT,NR,29.8,22.5,35,2.6,13.9,20.1,10.05,0,5.5,1
TDMS-SECR-02718,booster_transformer,CBE-TVC,SECR,16.5,16.5,110,3.9,9.7,0.6,2.44,0,4.0,0
TDMS-WCR-02719,feeder_cable,ADI-BRC,WCR,13.2,14.6,41,4.47,6.7,15.5,3.05,0,3.7,0
TDMS-NER-02720,booster_transformer,ED-CBE,NER,10.4,26.1,15,3.73,7.4,6.7,5.19,0,4.0,0
TDMS-CR-02721,feeder_cable,BPL-NGP,CR,28.6,13.2,79,3.24,16.0,109.1,0.42,1,5.7,1
TDMS-CR-02722,return_conductor,KZJ-BZA,CR,47.7,11.5,25,2.43,19.4,18.4,0.57,2,8.0,1
TDMS-SR-02723,sub_station_25kV,ALD-CNB,SR,27.3,20.4,5,3.09,12.5,20.0,6.97,2,4.3,0
TDMS-SWR-02724,sub_station_25kV,BZA-MAS,SWR,23.6,30.1,29,3.49,12.3,87.4,8.68,0,5.2,0
TDMS-NWR-02725,booster_transformer,BCT-RTM,NWR,49.5,18.9,64,2.09,21.4,67.2,0.83,0,5.8,1
TDMS-NR-02726,OHE_mast,MAS-ED,NR,50.0,21.6,112,1.77,22.7,3.0,0.25,0,6.8,1
TDMS-ER-02727,section_insulator,NGP-BZA,ER,20.7,18.6,49,4.19,10.7,2.4,4.88,0,2.5,0
TDMS-NFR-02728,OHE_mast,NGP-BZA,NFR,11.0,21.2,82,4.35,11.1,75.0,0.78,0,3.7,0
TDMS-NR-02729,dropper,BCT-RTM,NR,38.3,16.8,62,2.74,17.6,4.9,3.3,2,7.1,1
TDMS-WR-02730,sub_station_25kV,KYN-IGP,WR,11.5,31.7,9,3.8,10.4,24.5,0.46,1,3.5,0
TDMS-NR-02731,dropper,CSTM-KYN,NR,21.8,23.9,186,3.82,9.1,6.4,1.44,0,5.1,1
TDMS-NR-02732,booster_transformer,ST-BCT,NR,11.7,21.5,5,4.09,7.4,23.0,2.01,1,2.6,0
TDMS-ER-02733,auto_transformer,AZ-MGS,ER,12.4,15.9,14,3.99,6.7,9.2,1.33,2,3.6,0
TDMS-CR-02734,sub_station_25kV,ALD-CNB,CR,31.1,25.6,64,2.08,17.2,40.5,2.91,1,4.4,1
TDMS-NFR-02735,feeder_cable,LDH-ASR,NFR,29.3,13.9,6,3.13,13.8,3.5,5.84,1,5.1,0
TDMS-NER-02736,feeder_cable,AGC-JHS,NER,20.4,34.5,37,3.51,12.5,44.7,2.49,4,4.8,0
TDMS-ECR-02737,OHE_mast,ST-BCT,ECR,25.5,15.4,44,3.71,11.2,30.0,2.4,3,4.9,0
TDMS-NCR-02738,feeder_cable,NDLS-AGC,NCR,11.4,22.2,52,4.26,7.5,37.3,2.06,2,5.3,0
TDMS-SR-02739,booster_transformer,ASR-JUC,SR,18.8,20.9,7,3.85,7.6,17.3,9.66,0,2.1,0
TDMS-CR-02740,feeder_cable,ED-CBE,CR,20.5,26.3,10,3.71,8.7,108.4,0.1,2,3.9,0
TDMS-SECR-02741,OHE_mast,UMB-LDH,SECR,28.5,38.4,5,2.73,15.6,4.3,0.34,0,3.6,1
TDMS-SCR-02742,auto_transformer,BRC-ST,SCR,11.3,24.4,8,4.1,4.6,90.2,1.63,1,4.0,0
TDMS-NER-02743,feeder_cable,CSTM-KYN,NER,14.2,14.7,80,4.52,5.7,31.8,5.51,1,4.2,0
TDMS-NR-02744,OHE_mast,JUC-ADI,NR,9.2,27.4,5,4.39,12.2,75.1,8.04,5,4.7,1
TDMS-ECR-02745,OHE_mast,NDLS-UMB,ECR,8.1,24.6,23,4.26,3.6,65.2,8.78,0,3.1,0
TDMS-SR-02746,auto_transformer,NDLS-UMB,SR,6.4,24.5,5,4.42,3.4,11.3,0.81,0,3.2,0
TDMS-NER-02747,dropper,UMB-LDH,NER,25.1,24.3,64,3.35,10.8,9.7,1.63,1,4.9,0
TDMS-ER-02748,feeder_cable,BPL-NGP,ER,21.2,12.7,141,3.78,10.6,27.3,3.31,0,2.7,0
TDMS-NR-02749,stagger_wire,AGC-JHS,NR,13.8,24.9,16,3.75,16.6,49.6,5.64,1,4.0,1
TDMS-SCR-02750,feeder_cable,BCT-RTM,SCR,13.7,37.1,16,3.73,5.7,16.6,3.34,0,3.2,0
TDMS-ECoR-02751,switching_post,CNB-NDLS,ECoR,9.1,12.9,38,4.36,10.0,89.3,6.94,1,3.2,0
TDMS-NCR-02752,switching_post,MGS-ALD,NCR,20.5,13.6,6,3.65,10.8,16.6,0.72,0,3.0,0
TDMS-NR-02753,section_insulator,HWH-BWN,NR,19.3,27.5,41,3.74,11.1,1.7,2.4,0,4.7,1
TDMS-NFR-02754,switching_post,AZ-MGS,NFR,12.9,15.8,35,4.09,9.7,53.6,2.06,0,3.6,0
TDMS-ECoR-02755,dropper,BWN-AZ,ECoR,19.6,22.5,22,3.55,13.9,7.1,5.84,0,5.1,0
TDMS-ER-02756,booster_transformer,NGP-BZA,ER,25.3,19.1,54,3.48,16.2,99.7,0.39,0,5.9,0
TDMS-NR-02757,feeder_cable,AWB-SC,NR,21.1,24.8,35,3.19,12.4,42.7,2.72,0,3.8,0
TDMS-SCR-02758,feeder_cable,ADI-BRC,SCR,2.8,24.7,83,4.24,2.5,14.4,3.38,1,1.2,0
TDMS-NER-02759,OHE_mast,BWN-AZ,NER,16.5,18.5,58,4.63,11.6,22.6,0.51,2,5.1,0
TDMS-ER-02760,sub_station_25kV,BRC-ST,ER,20.1,34.2,39,3.43,9.2,21.6,4.31,1,3.4,0
TDMS-WR-02761,return_conductor,ALD-CNB,WR,23.5,21.6,17,2.96,12.5,31.8,2.84,1,4.8,0
TDMS-ECoR-02762,dropper,SC-KZJ,ECoR,18.3,23.7,5,3.79,9.3,10.1,0.59,0,4.2,0
TDMS-NWR-02763,OHE_mast,NDLS-AGC,NWR,9.0,12.3,20,4.18,10.5,4.6,7.06,0,3.3,0
TDMS-NER-02764,OHE_mast,MAS-ED,NER,6.5,14.3,66,4.57,2.7,37.3,5.66,0,3.2,0
TDMS-NR-02765,section_insulator,MAS-ED,NR,9.1,9.3,99,4.0,5.1,35.0,0.14,1,3.7,0
TDMS-WR-02766,booster_transformer,MGS-ALD,WR,22.0,25.8,85,3.56,8.8,18.5,0.7,1,3.9,0
TDMS-SER-02767,dropper,MGS-ALD,SER,4.7,15.2,20,4.55,3.0,83.7,1.44,2,2.5,0
TDMS-WCR-02768,dropper,CSTM-KYN,WCR,9.7,20.8,5,4.75,4.0,57.8,2.3,1,3.1,0
TDMS-SCR-02769,section_insulator,NDLS-AGC,SCR,9.7,19.6,124,4.52,4.3,9.6,2.44,1,3.5,0
TDMS-NER-02770,OHE_mast,LTT-NED,NER,35.4,24.0,51,2.38,14.9,31.5,0.47,1,5.6,1
TDMS-SER-02771,OHE_mast,CSTM-KYN,SER,13.9,8.7,29,3.41,6.5,4.7,0.35,0,3.3,0
TDMS-NFR-02772,stagger_wire,ST-BCT,NFR,17.0,11.7,67,3.75,7.0,13.5,8.09,1,4.7,0
TDMS-WR-02773,dropper,ADI-BRC,WR,6.4,15.7,5,4.18,10.1,98.5,4.02,0,2.6,0
TDMS-ER-02774,OHE_mast,NDLS-AGC,ER,19.9,17.8,5,3.35,8.5,89.3,0.39,1,4.4,0
TDMS-WCR-02775,switching_post,HWH-BWN,WCR,27.2,16.3,55,3.14,11.4,13.0,6.58,1,4.6,0
TDMS-SWR-02776,section_insulator,BRC-ST,SWR,12.4,26.7,5,3.94,7.5,13.4,0.9,1,4.2,0
TDMS-SR-02777,OHE_mast,ALD-CNB,SR,17.4,11.1,5,3.79,9.2,123.7,1.45,0,4.4,0
TDMS-ECoR-02778,feeder_cable,SC-KZJ,ECoR,18.1,18.6,57,4.45,9.7,29.5,3.08,0,3.8,0
TDMS-SECR-02779,OHE_mast,SC-KZJ,SECR,8.8,20.2,60,4.14,4.1,114.4,3.13,0,4.7,0
TDMS-CR-02780,stagger_wire,SC-KZJ,CR,12.2,17.5,23,4.76,7.0,19.6,2.14,0,3.2,0
TDMS-ER-02781,sub_station_25kV,CBE-TVC,ER,11.7,16.2,22,4.44,4.7,41.3,0.43,0,2.5,0
TDMS-ER-02782,stagger_wire,LTT-NED,ER,7.6,13.1,26,4.5,4.8,64.6,1.1,1,4.7,0
TDMS-SR-02783,sub_station_25kV,ALD-CNB,SR,21.3,24.3,20,3.5,11.8,12.5,1.97,0,4.2,0
TDMS-ECR-02784,feeder_cable,BZA-MAS,ECR,11.1,11.5,26,4.03,5.6,47.3,7.37,0,2.4,0
TDMS-SR-02785,section_insulator,BCT-RTM,SR,42.6,20.5,9,1.96,17.1,1.3,1.3,1,6.1,1
TDMS-ER-02786,feeder_cable,NGP-BZA,ER,14.9,13.0,39,3.79,9.4,3.0,4.8,0,2.9,0
TDMS-ECoR-02787,switching_post,NDLS-UMB,ECoR,14.3,25.4,32,4.09,6.6,12.0,0.1,1,4.2,0
TDMS-NCR-02788,OHE_mast,BWN-AZ,NCR,20.4,16.9,49,3.49,10.6,21.3,1.14,0,4.1,0
TDMS-NCR-02789,OHE_mast,BCT-RTM,NCR,17.7,32.2,9,3.7,7.7,18.8,0.87,2,5.0,0
TDMS-WCR-02790,dropper,CNB-NDLS,WCR,15.3,26.5,5,3.96,7.5,26.1,5.9,1,3.8,1
TDMS-NFR-02791,OHE_mast,BZA-MAS,NFR,18.7,8.9,73,3.78,11.0,63.2,0.68,0,3.9,0
TDMS-NWR-02792,OHE_mast,KYN-IGP,NWR,27.6,41.1,105,2.84,14.7,58.7,6.81,1,5.3,0
TDMS-CR-02793,OHE_mast,ASR-JUC,CR,34.0,22.4,8,2.83,14.6,31.8,2.24,0,3.7,0
TDMS-NWR-02794,stagger_wire,LTT-NED,NWR,11.4,23.9,24,3.58,13.4,6.0,5.19,0,4.6,0
TDMS-NER-02795,booster_transformer,JUC-ADI,NER,25.4,18.3,58,3.16,13.5,41.6,1.28,2,4.6,0
TDMS-SECR-02796,feeder_cable,LTT-NED,SECR,8.6,30.5,33,3.6,6.4,86.4,1.12,4,5.9,0
TDMS-CR-02797,OHE_mast,BPL-NGP,CR,35.5,18.5,37,2.55,21.1,25.5,0.37,0,6.0,1
TDMS-NCR-02798,OHE_mast,CBE-TVC,NCR,4.8,15.7,18,4.95,2.9,7.6,2.99,0,2.0,0
TDMS-SCR-02799,sub_station_25kV,LTT-NED,SCR,9.0,20.8,5,4.07,3.8,12.8,0.51,0,3.5,0
TDMS-ER-02800,switching_post,KZJ-BZA,ER,22.7,16.0,145,3.52,11.8,39.5,3.16,0,4.3,0
TDMS-SCR-02801,OHE_mast,AGC-JHS,SCR,8.8,30.0,61,4.31,4.1,42.1,0.21,1,2.8,0
TDMS-ER-02802,feeder_cable,ASR-JUC,ER,23.3,17.4,17,3.57,10.4,5.2,0.47,1,4.8,0
TDMS-SECR-02803,booster_transformer,JUC-ADI,SECR,12.9,42.3,56,3.8,6.4,49.3,9.59,1,4.8,0
TDMS-ECoR-02804,booster_transformer,BRC-ST,ECoR,21.2,27.6,22,3.52,18.8,138.9,4.01,0,4.6,1
TDMS-ECoR-02805,stagger_wire,ADI-BRC,ECoR,1.6,23.7,9,4.78,6.1,11.6,0.36,0,2.9,0
TDMS-SCR-02806,stagger_wire,CBE-TVC,SCR,18.8,16.9,50,3.67,10.1,0.5,1.48,0,4.5,0
TDMS-NWR-02807,stagger_wire,KYN-IGP,NWR,4.2,21.5,23,4.35,6.7,26.7,0.44,0,2.8,0
TDMS-ER-02808,feeder_cable,AGC-JHS,ER,23.2,22.5,5,3.6,11.2,148.7,1.98,1,4.5,0
TDMS-SR-02809,stagger_wire,KYN-IGP,SR,3.6,14.5,18,4.72,2.9,1.8,8.29,1,2.0,0
TDMS-NR-02810,stagger_wire,ADI-BRC,NR,12.5,25.6,22,4.07,5.1,30.5,1.2,0,3.8,0
TDMS-NER-02811,sub_station_25kV,CNB-NDLS,NER,18.7,21.9,22,3.72,13.6,16.1,4.36,0,3.7,0
TDMS-WCR-02812,OHE_mast,NGP-BZA,WCR,14.7,18.7,38,3.99,8.8,25.5,0.38,0,4.0,0
TDMS-SWR-02813,stagger_wire,NDLS-UMB,SWR,34.3,17.8,25,2.45,14.4,85.1,1.26,0,5.5,1
TDMS-CR-02814,booster_transformer,KYN-IGP,CR,13.8,10.3,60,3.7,12.3,24.3,1.03,1,4.1,0
TDMS-NR-02815,feeder_cable,KYN-IGP,NR,10.4,47.7,43,3.81,5.1,52.5,0.62,0,3.4,0
TDMS-NCR-02816,dropper,NGP-BZA,NCR,20.2,20.6,33,3.72,12.0,62.2,1.01,1,5.4,0
TDMS-NR-02817,OHE_mast,LDH-ASR,NR,14.0,19.8,64,3.72,10.0,43.8,4.67,1,5.6,0
TDMS-WCR-02818,booster_transformer,CBE-TVC,WCR,24.4,16.6,120,3.33,14.7,6.3,2.43,0,4.3,0
TDMS-ECoR-02819,switching_post,BZA-MAS,ECoR,9.7,27.5,11,4.28,8.5,126.6,4.17,0,2.4,0
TDMS-SR-02820,OHE_mast,BRC-ST,SR,12.9,15.9,70,4.56,9.0,8.1,1.8,1,4.2,0
TDMS-NR-02821,switching_post,MAS-ED,NR,33.9,19.3,25,2.43,16.2,36.9,1.25,0,5.2,1
TDMS-SECR-02822,sub_station_25kV,MGS-ALD,SECR,36.5,30.9,37,2.85,16.7,5.8,4.96,0,5.2,1
TDMS-WCR-02823,auto_transformer,BWN-AZ,WCR,30.2,12.3,77,3.2,12.4,0.9,3.53,2,5.0,0
TDMS-SECR-02824,section_insulator,BRC-ST,SECR,23.2,26.3,36,3.85,9.3,1.6,2.02,0,4.1,0
TDMS-SECR-02825,feeder_cable,ADI-BRC,SECR,6.5,40.7,9,3.84,3.0,19.6,5.1,0,1.5,0
TDMS-SER-02826,section_insulator,HWH-BWN,SER,7.7,27.2,170,4.48,6.6,22.8,0.3,0,3.5,0
TDMS-ER-02827,feeder_cable,ADI-BRC,ER,19.4,34.7,82,3.55,7.9,34.6,0.52,1,4.1,0
TDMS-SCR-02828,booster_transformer,LDH-ASR,SCR,11.9,11.1,5,3.85,6.7,16.9,3.68,0,2.7,0
TDMS-ER-02829,booster_transformer,AZ-MGS,ER,7.7,15.7,8,4.48,3.7,21.2,1.83,3,4.8,0
TDMS-NFR-02830,switching_post,LTT-NED,NFR,19.0,20.7,19,2.92,8.2,92.7,7.23,0,4.7,0
TDMS-SWR-02831,switching_post,CNB-NDLS,SWR,30.5,49.4,28,2.93,13.2,16.9,3.78,1,4.6,0
TDMS-CR-02832,feeder_cable,NDLS-AGC,CR,32.6,13.6,7,2.68,15.8,15.1,0.1,0,4.3,1
TDMS-ECoR-02833,switching_post,LTT-NED,ECoR,17.5,14.2,26,4.14,8.4,50.8,4.95,0,3.6,0
TDMS-ECoR-02834,dropper,CBE-TVC,ECoR,6.1,28.5,26,4.9,3.7,153.1,2.39,1,3.2,0
TDMS-ECR-02835,feeder_cable,AWB-SC,ECR,6.9,25.8,13,4.62,3.5,1.0,3.16,3,3.8,0
TDMS-WCR-02836,OHE_mast,AZ-MGS,WCR,4.0,26.7,7,4.73,3.5,2.8,9.51,0,2.7,0
TDMS-CR-02837,stagger_wire,CSTM-KYN,CR,20.5,26.7,7,3.18,12.8,58.3,8.75,0,3.8,0
TDMS-ER-02838,dropper,HWH-BWN,ER,18.5,15.4,80,3.79,8.8,2.4,1.45,0,3.2,0
TDMS-ER-02839,OHE_mast,ALD-CNB,ER,22.3,22.1,71,3.3,9.4,55.1,1.23,4,6.4,0
TDMS-NCR-02840,dropper,AGC-JHS,NCR,15.6,16.0,5,3.82,8.8,18.9,0.98,0,4.7,0
TDMS-NER-02841,switching_post,AGC-JHS,NER,7.7,24.3,11,4.85,8.1,28.5,2.38,0,2.5,0
TDMS-NFR-02842,stagger_wire,NDLS-AGC,NFR,2.9,21.1,5,4.69,3.8,1.1,2.19,1,2.1,0
TDMS-SER-02843,return_conductor,JHS-BPL,SER,44.7,11.5,6,2.35,18.0,14.4,4.33,0,6.1,1
TDMS-SECR-02844,stagger_wire,NDLS-AGC,SECR,29.3,33.5,5,2.89,13.9,72.6,2.6,0,4.3,0
TDMS-ECoR-02845,stagger_wire,AWB-SC,ECoR,11.6,23.3,64,4.44,5.4,122.9,4.12,0,4.2,0
TDMS-WCR-02846,switching_post,BRC-ST,WCR,18.8,20.3,19,3.79,9.5,32.0,0.44,1,3.5,0
TDMS-ECR-02847,OHE_mast,BRC-ST,ECR,21.1,23.6,54,2.97,9.6,167.2,2.06,0,4.0,0
TDMS-NR-02848,return_conductor,JUC-ADI,NR,10.1,14.2,34,4.08,4.8,4.1,1.54,1,2.4,0
TDMS-SWR-02849,stagger_wire,ED-CBE,SWR,22.9,27.6,12,3.78,10.2,81.5,0.97,0,3.8,0
TDMS-NWR-02850,switching_post,JHS-BPL,NWR,28.8,26.1,30,3.04,11.9,56.2,4.66,2,5.3,0
TDMS-SWR-02851,switching_post,JHS-BPL,SWR,24.2,23.3,11,3.16,13.3,4.9,5.84,0,3.0,0
TDMS-CR-02852,dropper,AGC-JHS,CR,28.4,28.2,18,3.4,12.1,47.9,1.56,0,4.1,0
TDMS-CR-02853,section_insulator,NDLS-AGC,CR,13.9,6.2,95,4.01,5.9,41.8,3.34,0,3.2,1
TDMS-SCR-02854,OHE_mast,AWB-SC,SCR,5.0,25.5,76,4.36,6.7,117.4,0.62,1,2.9,0
TDMS-WR-02855,return_conductor,AZ-MGS,WR,14.0,24.5,25,4.0,5.7,10.3,2.51,0,3.3,0
TDMS-NER-02856,OHE_mast,ADI-BRC,NER,12.3,18.3,8,4.03,7.1,16.0,1.47,0,3.2,0
TDMS-ECoR-02857,dropper,ADI-BRC,ECoR,19.1,24.7,7,3.77,9.2,8.5,2.74,0,5.6,0
TDMS-WR-02858,return_conductor,AGC-JHS,WR,23.9,17.0,47,3.02,10.4,107.1,0.1,1,4.9,1
TDMS-SR-02859,OHE_mast,AWB-SC,SR,7.1,13.2,30,4.66,4.4,78.7,1.5,0,2.2,0
TDMS-ER-02860,OHE_mast,BCT-RTM,ER,10.9,20.3,34,3.99,5.1,13.0,2.23,2,3.1,0
TDMS-SCR-02861,switching_post,ADI-BRC,SCR,14.9,26.9,5,4.09,6.4,78.8,10.89,4,5.7,1
TDMS-ECR-02862,dropper,KZJ-BZA,ECR,6.4,38.6,21,4.37,4.2,129.7,11.88,0,1.9,1
TDMS-ECR-02863,dropper,MGS-ALD,ECR,11.1,23.1,20,4.79,11.1,5.5,2.11,2,5.0,0
TDMS-ECoR-02864,stagger_wire,MAS-ED,ECoR,3.0,14.5,14,4.27,3.9,121.8,0.59,1,4.0,0
TDMS-SCR-02865,booster_transformer,AGC-JHS,SCR,17.5,14.2,63,3.68,9.5,87.0,1.09,7,7.1,1
TDMS-NFR-02866,switching_post,NDLS-AGC,NFR,16.2,19.6,6,3.74,9.8,92.9,1.32,0,4.5,0
TDMS-SWR-02867,dropper,AGC-JHS,SWR,29.6,13.2,69,3.0,13.6,2.4,0.77,1,5.5,0
TDMS-NFR-02868,return_conductor,AGC-JHS,NFR,9.9,42.8,5,4.15,9.7,111.9,4.12,1,4.2,0
TDMS-CR-02869,OHE_mast,BWN-AZ,CR,20.4,32.4,7,3.2,9.3,209.5,0.17,4,4.7,1
TDMS-SR-02870,switching_post,MAS-ED,SR,8.8,25.8,33,4.42,4.7,49.9,1.81,0,4.2,0
TDMS-NCR-02871,switching_post,BRC-ST,NCR,11.1,34.8,38,4.03,5.2,72.5,8.12,0,4.4,0
TDMS-NFR-02872,feeder_cable,BWN-AZ,NFR,35.6,22.4,154,2.63,14.5,26.7,4.44,0,4.5,0
TDMS-WR-02873,section_insulator,KZJ-BZA,WR,7.4,21.5,41,4.27,4.1,4.1,0.79,4,4.5,0
TDMS-SER-02874,stagger_wire,KZJ-BZA,SER,19.8,17.1,37,3.53,13.3,25.6,0.18,1,5.3,0
TDMS-SECR-02875,auto_transformer,BZA-MAS,SECR,8.5,23.0,9,4.1,8.0,92.0,4.47,0,3.7,0
TDMS-NFR-02876,OHE_mast,CBE-TVC,NFR,18.7,15.6,5,3.82,14.8,23.6,0.39,0,5.6,0
TDMS-NCR-02877,dropper,BCT-RTM,NCR,19.9,18.2,70,2.91,10.6,16.5,0.1,0,4.6,0
TDMS-NFR-02878,OHE_mast,NGP-BZA,NFR,8.9,21.6,66,4.27,4.3,40.3,0.13,0,3.2,0
TDMS-WCR-02879,auto_transformer,BRC-ST,WCR,6.5,23.0,24,4.48,3.6,138.7,2.89,0,2.7,0
TDMS-NFR-02880,stagger_wire,ASR-JUC,NFR,15.5,24.9,5,3.55,7.0,33.6,0.41,0,3.6,0
TDMS-NER-02881,feeder_cable,LDH-ASR,NER,8.1,19.4,29,4.35,3.4,30.4,0.69,0,3.4,0
TDMS-ECoR-02882,booster_transformer,AZ-MGS,ECoR,50.0,19.9,23,1.94,22.1,25.3,0.12,0,7.2,1
TDMS-SWR-02883,stagger_wire,CNB-NDLS,SWR,20.4,17.8,59,3.73,11.9,21.4,2.34,1,4.5,0
TDMS-NR-02884,dropper,NGP-BZA,NR,16.6,13.4,38,3.98,10.6,21.7,0.27,2,4.8,0
TDMS-ER-02885,dropper,BPL-NGP,ER,25.7,38.5,6,3.16,14.7,141.2,0.8,0,4.7,0
TDMS-WR-02886,switching_post,HWH-BWN,WR,24.3,21.2,8,3.15,10.1,13.1,1.96,0,4.0,0
TDMS-SCR-02887,section_insulator,AWB-SC,SCR,16.8,23.7,7,3.44,8.3,26.0,0.1,5,4.5,1
TDMS-NR-02888,dropper,NDLS-AGC,NR,14.6,21.4,18,3.62,9.1,5.1,2.17,1,3.7,0
TDMS-ECR-02889,booster_transformer,ED-CBE,ECR,43.1,15.4,14,2.62,17.7,25.5,0.54,0,6.3,1
TDMS-CR-02890,auto_transformer,CNB-NDLS,CR,4.4,51.0,13,4.08,3.9,16.4,2.79,1,3.2,1
TDMS-SECR-02891,section_insulator,SC-KZJ,SECR,30.0,11.6,26,2.88,13.2,26.5,0.89,1,5.9,0
TDMS-WR-02892,feeder_cable,AWB-SC,WR,26.0,20.9,79,3.48,12.6,22.7,5.08,0,5.0,0
TDMS-SCR-02893,OHE_mast,NGP-BZA,SCR,18.7,14.9,16,3.48,15.5,88.5,3.45,3,7.0,1
TDMS-SR-02894,feeder_cable,AZ-MGS,SR,39.0,38.8,15,2.55,18.4,37.5,2.47,0,5.4,1
TDMS-NCR-02895,booster_transformer,SC-KZJ,NCR,14.2,16.5,28,4.57,8.8,21.0,3.05,0,3.5,0
TDMS-SR-02896,stagger_wire,NDLS-UMB,SR,18.7,26.4,16,3.29,7.6,19.9,20.68,0,2.1,1
TDMS-SR-02897,dropper,BRC-ST,SR,8.3,10.5,42,4.65,5.7,2.2,1.54,0,2.6,0
TDMS-NFR-02898,dropper,CBE-TVC,NFR,20.0,23.5,5,3.81,8.4,10.6,1.28,1,4.4,0
TDMS-SECR-02899,sub_station_25kV,BCT-RTM,SECR,7.7,30.2,11,4.04,7.0,87.6,2.47,1,3.9,0
TDMS-WR-02900,section_insulator,ST-BCT,WR,16.8,24.7,62,4.34,10.0,18.5,0.23,0,3.7,0
TDMS-SECR-02901,booster_transformer,ADI-BRC,SECR,29.6,9.9,90,2.93,12.4,126.9,0.22,3,5.3,0
TDMS-SECR-02902,stagger_wire,BWN-AZ,SECR,23.1,13.9,24,3.74,10.5,7.2,2.83,0,5.6,0
TDMS-WR-02903,dropper,SC-KZJ,WR,35.6,19.5,12,2.56,17.2,6.2,3.9,2,5.8,1
TDMS-SWR-02904,OHE_mast,AZ-MGS,SWR,22.9,29.1,19,3.12,10.4,83.6,4.13,1,3.2,0
TDMS-SR-02905,dropper,SC-KZJ,SR,17.8,15.9,78,4.11,7.8,29.2,3.37,0,2.4,0
TDMS-CR-02906,OHE_mast,SC-KZJ,CR,17.1,16.1,43,3.42,7.5,76.6,4.15,0,4.6,1
TDMS-SECR-02907,dropper,KZJ-BZA,SECR,18.6,15.7,17,3.58,9.4,14.7,1.34,0,4.4,0
TDMS-SR-02908,OHE_mast,ALD-CNB,SR,11.3,13.6,67,3.94,5.9,10.9,4.43,0,3.5,0
TDMS-SR-02909,OHE_mast,UMB-LDH,SR,40.5,23.5,24,1.87,17.4,39.8,0.75,0,5.4,1
TDMS-CR-02910,OHE_mast,AGC-JHS,CR,47.5,14.9,6,2.23,30.0,15.2,1.14,0,5.9,1
TDMS-WCR-02911,return_conductor,CSTM-KYN,WCR,13.0,43.7,7,3.48,7.4,1.4,0.11,0,2.4,0
TDMS-CR-02912,dropper,HWH-BWN,CR,7.0,18.2,184,4.31,5.0,92.3,6.5,0,1.4,0
TDMS-SCR-02913,feeder_cable,SC-KZJ,SCR,8.9,14.7,10,4.41,8.6,68.7,3.51,0,3.3,0
TDMS-NWR-02914,OHE_mast,HWH-BWN,NWR,10.7,10.0,104,4.11,6.4,29.8,7.76,0,4.1,0
TDMS-WCR-02915,booster_transformer,ALD-CNB,WCR,18.0,8.4,70,4.12,7.3,11.9,1.17,1,3.3,1
TDMS-SWR-02916,OHE_mast,ED-CBE,SWR,9.2,40.2,19,4.26,8.2,15.8,6.31,2,4.1,0
TDMS-SER-02917,stagger_wire,ED-CBE,SER,7.7,27.8,19,3.8,7.0,1.4,2.45,0,3.7,0
TDMS-NFR-02918,OHE_mast,UMB-LDH,NFR,11.0,20.5,46,4.11,5.9,5.4,4.83,0,2.1,0
TDMS-SWR-02919,feeder_cable,BWN-AZ,SWR,8.9,19.3,23,4.26,3.8,16.3,2.21,0,3.2,0
TDMS-WCR-02920,OHE_mast,AZ-MGS,WCR,10.7,9.6,5,4.31,4.8,70.2,0.1,0,3.2,0
TDMS-NER-02921,feeder_cable,ST-BCT,NER,27.2,16.9,142,2.77,18.4,60.4,2.05,0,4.9,1
TDMS-WCR-02922,switching_post,JUC-ADI,WCR,3.6,11.6,22,4.33,4.4,21.2,4.3,0,3.7,0
TDMS-SCR-02923,stagger_wire,NDLS-AGC,SCR,17.1,17.7,13,3.89,11.7,80.2,10.49,0,4.5,1
TDMS-ER-02924,section_insulator,MGS-ALD,ER,23.5,15.1,5,3.14,10.0,33.0,2.86,0,4.7,0
TDMS-ECR-02925,OHE_mast,JHS-BPL,ECR,3.7,22.6,34,4.7,3.6,103.2,3.68,1,2.8,0
TDMS-NR-02926,OHE_mast,MAS-ED,NR,25.2,16.4,24,3.43,12.4,0.9,7.13,1,5.7,0
TDMS-WCR-02927,OHE_mast,LTT-NED,WCR,27.8,12.4,125,3.02,12.5,79.8,4.42,1,3.7,0
TDMS-WCR-02928,dropper,ALD-CNB,WCR,31.7,18.6,5,2.89,14.6,49.3,5.41,0,4.8,0
TDMS-NER-02929,OHE_mast,BCT-RTM,NER,12.0,20.6,138,3.77,7.3,16.5,3.84,2,3.9,0
TDMS-SER-02930,OHE_mast,CSTM-KYN,SER,7.2,26.4,97,4.18,3.1,47.9,2.33,1,2.7,0
TDMS-CR-02931,OHE_mast,KYN-IGP,CR,10.3,42.2,25,4.53,6.9,48.4,3.69,5,4.7,1
TDMS-WCR-02932,OHE_mast,HWH-BWN,WCR,9.2,52.3,25,4.06,3.8,36.9,0.45,0,3.4,0
TDMS-SR-02933,OHE_mast,MAS-ED,SR,25.1,13.3,22,3.69,16.3,96.6,0.35,0,4.5,1
TDMS-NCR-02934,dropper,BRC-ST,NCR,8.7,17.6,16,4.2,5.2,91.4,1.48,0,2.9,0
TDMS-SER-02935,section_insulator,KZJ-BZA,SER,4.4,15.1,55,4.32,3.8,10.4,0.42,0,4.5,0
TDMS-NER-02936,return_conductor,MGS-ALD,NER,28.8,7.5,55,3.53,12.5,10.8,1.58,1,5.1,0
TDMS-ECR-02937,OHE_mast,BWN-AZ,ECR,9.1,26.3,13,4.14,14.5,24.6,7.06,0,3.6,0
TDMS-ECR-02938,sub_station_25kV,BZA-MAS,ECR,25.5,28.2,23,3.01,11.4,45.3,4.6,0,3.9,0
TDMS-SWR-02939,OHE_mast,KZJ-BZA,SWR,8.4,13.4,8,4.58,4.9,56.6,0.97,0,2.8,0
TDMS-WCR-02940,feeder_cable,LDH-ASR,WCR,3.0,31.3,80,4.63,3.4,181.2,7.94,0,2.3,0
TDMS-ER-02941,stagger_wire,ED-CBE,ER,12.8,22.6,13,3.51,8.8,12.1,0.22,1,5.3,0
TDMS-ER-02942,section_insulator,CNB-NDLS,ER,33.1,28.0,48,2.93,14.4,30.9,2.17,1,5.6,0
TDMS-ECoR-02943,feeder_cable,MGS-ALD,ECoR,26.7,20.9,100,3.16,21.0,9.3,0.53,1,5.5,1
TDMS-NWR-02944,booster_transformer,ALD-CNB,NWR,12.5,17.5,17,4.06,6.7,76.9,1.22,2,5.7,0
TDMS-NWR-02945,return_conductor,MGS-ALD,NWR,15.0,27.8,54,3.8,6.9,18.7,1.43,1,3.4,0
TDMS-ECR-02946,OHE_mast,ALD-CNB,ECR,9.2,23.7,45,3.89,4.9,125.4,1.67,2,2.7,0
TDMS-NCR-02947,stagger_wire,HWH-BWN,NCR,23.2,17.3,28,3.19,14.1,51.1,3.49,2,5.0,0
TDMS-SWR-02948,OHE_mast,ED-CBE,SWR,46.1,28.2,72,1.9,20.5,54.5,3.25,0,5.1,1
TDMS-SER-02949,OHE_mast,LDH-ASR,SER,9.1,19.4,58,4.47,5.4,2.7,2.29,0,3.2,0
TDMS-WR-02950,switching_post,BZA-MAS,WR,26.3,16.6,56,3.4,10.6,35.0,0.94,0,4.3,0
TDMS-ECoR-02951,feeder_cable,BRC-ST,ECoR,5.2,13.0,45,4.31,8.0,1.8,1.33,3,4.5,0
TDMS-SECR-02952,OHE_mast,CBE-TVC,SECR,2.5,43.4,11,4.36,4.1,3.1,0.64,0,2.2,0
TDMS-SR-02953,feeder_cable,NDLS-UMB,SR,13.8,15.1,114,3.83,14.0,119.6,0.2,0,4.2,0
TDMS-CR-02954,return_conductor,KZJ-BZA,CR,11.8,9.1,19,4.26,5.0,2.7,1.31,1,4.6,0
TDMS-SER-02955,OHE_mast,LDH-ASR,SER,28.4,35.5,78,2.76,15.9,109.9,2.52,1,6.0,1
TDMS-NCR-02956,OHE_mast,BRC-ST,NCR,25.5,24.9,47,3.27,13.9,11.7,2.23,2,6.1,0
TDMS-ER-02957,booster_transformer,BPL-NGP,ER,19.7,8.6,17,4.04,10.1,0.8,3.13,0,4.4,0
TDMS-WCR-02958,OHE_mast,ASR-JUC,WCR,26.0,31.7,104,3.11,11.0,141.9,0.96,1,5.9,0
TDMS-ECR-02959,switching_post,AWB-SC,ECR,3.4,25.8,5,3.87,1.5,24.9,1.87,0,2.4,0
TDMS-CR-02960,return_conductor,SC-KZJ,CR,8.9,27.9,40,4.24,5.0,15.3,10.11,0,3.0,1
TDMS-ECoR-02961,OHE_mast,ASR-JUC,ECoR,6.5,22.0,47,4.2,7.2,20.4,1.3,2,3.8,0
TDMS-ECR-02962,dropper,KYN-IGP,ECR,14.2,23.7,57,3.55,7.0,104.4,1.73,0,2.9,0
TDMS-NCR-02963,feeder_cable,CSTM-KYN,NCR,31.5,21.3,39,2.8,17.6,11.6,0.26,1,5.6,1
TDMS-NR-02964,feeder_cable,BZA-MAS,NR,3.4,19.1,9,4.8,9.1,105.6,0.46,0,4.1,0
TDMS-SWR-02965,feeder_cable,NGP-BZA,SWR,6.6,25.9,42,4.71,4.1,3.4,3.08,1,2.7,0
TDMS-WR-02966,booster_transformer,CBE-TVC,WR,1.9,22.5,57,4.5,2.5,3.9,9.07,0,2.3,0
TDMS-WCR-02967,sub_station_25kV,ADI-BRC,WCR,18.1,11.4,85,3.83,8.1,27.3,8.09,1,4.8,0
TDMS-WR-02968,dropper,AZ-MGS,WR,9.9,13.6,61,4.11,5.3,16.3,2.45,0,3.0,0
TDMS-NER-02969,switching_post,BRC-ST,NER,43.3,18.4,5,1.89,19.0,0.8,1.99,0,6.0,1
TDMS-SECR-02970,OHE_mast,ST-BCT,SECR,13.2,10.5,39,3.95,12.7,31.3,10.58,0,4.2,1
TDMS-NR-02971,switching_post,NGP-BZA,NR,21.8,17.7,52,3.56,9.5,12.9,2.43,0,4.6,0
TDMS-SWR-02972,sub_station_25kV,BCT-RTM,SWR,26.8,21.0,160,3.11,15.2,30.5,8.09,0,3.8,1
TDMS-SWR-02973,return_conductor,ED-CBE,SWR,13.6,13.0,6,4.28,6.8,35.7,5.2,0,4.0,0
TDMS-SCR-02974,booster_transformer,ALD-CNB,SCR,21.1,32.5,15,3.53,8.4,9.1,2.19,1,4.4,1
TDMS-NER-02975,dropper,JUC-ADI,NER,9.4,12.4,73,4.28,7.6,68.3,0.79,1,2.6,0
TDMS-CR-02976,booster_transformer,BCT-RTM,CR,4.1,15.4,40,4.14,2.9,26.8,2.15,0,2.9,0
TDMS-ECR-02977,OHE_mast,BRC-ST,ECR,13.4,23.5,16,3.96,6.6,52.1,3.96,1,4.5,0
TDMS-SCR-02978,booster_transformer,AZ-MGS,SCR,7.9,14.6,51,4.47,13.3,36.2,4.02,0,3.7,0
TDMS-WR-02979,auto_transformer,CNB-NDLS,WR,39.0,23.1,15,2.18,16.0,32.6,5.64,0,5.9,1
TDMS-WCR-02980,section_insulator,BZA-MAS,WCR,12.7,13.4,9,4.11,6.5,65.4,1.9,0,3.5,1
TDMS-ECoR-02981,OHE_mast,AZ-MGS,ECoR,41.7,34.3,5,2.11,23.9,15.8,2.09,1,7.7,1
TDMS-SECR-02982,feeder_cable,NDLS-AGC,SECR,17.6,14.6,40,4.2,13.0,47.6,0.1,1,5.1,0
TDMS-NWR-02983,section_insulator,SC-KZJ,NWR,43.8,12.0,14,2.59,21.8,9.1,1.66,0,6.2,1
TDMS-ECoR-02984,booster_transformer,NGP-BZA,ECoR,16.3,23.5,47,3.47,6.9,44.9,5.01,0,2.5,0
TDMS-CR-02985,return_conductor,AZ-MGS,CR,24.2,19.5,58,3.48,12.2,18.3,2.85,3,5.0,0
TDMS-SECR-02986,stagger_wire,LDH-ASR,SECR,22.4,10.0,77,3.57,13.1,0.6,0.11,0,5.0,0
TDMS-WCR-02987,sub_station_25kV,ADI-BRC,WCR,7.8,21.7,28,4.58,5.4,85.3,0.91,3,4.7,0
TDMS-ECoR-02988,OHE_mast,CSTM-KYN,ECoR,11.4,26.1,8,4.03,5.4,3.8,3.33,1,2.7,0
TDMS-SR-02989,OHE_mast,AGC-JHS,SR,16.3,48.6,8,2.62,10.9,27.5,3.53,0,3.4,0
TDMS-NWR-02990,OHE_mast,MAS-ED,NWR,19.3,21.7,19,3.43,10.3,54.8,3.6,1,4.2,0
TDMS-CR-02991,OHE_mast,NDLS-UMB,CR,50.0,10.5,49,1.84,21.0,3.9,1.44,0,7.6,0
TDMS-NER-02992,stagger_wire,BZA-MAS,NER,34.3,53.0,106,2.25,20.1,25.1,2.71,2,6.1,1
TDMS-NFR-02993,auto_transformer,CNB-NDLS,NFR,9.4,24.0,125,4.0,3.9,6.2,2.33,3,3.3,0
TDMS-NFR-02994,dropper,JUC-ADI,NFR,31.1,8.8,12,2.71,15.1,97.0,5.79,0,6.1,1
TDMS-NR-02995,OHE_mast,BRC-ST,NR,16.1,25.3,7,3.97,9.0,27.7,0.43,1,4.0,0
TDMS-NWR-02996,switching_post,KYN-IGP,NWR,25.2,21.0,87,3.04,12.2,24.9,0.64,0,4.3,0
TDMS-SCR-02997,dropper,BPL-NGP,SCR,19.5,26.7,52,3.64,19.9,36.2,7.25,0,4.6,1
TDMS-WCR-02998,feeder_cable,SC-KZJ,WCR,1.8,26.2,24,4.25,2.0,23.6,1.08,0,1.8,0
TDMS-SCR-02999,OHE_mast,LTT-NED,SCR,20.5,25.5,5,3.07,9.6,128.1,4.54,0,4.2,0
