asset_id,track_section,zone,rail_age_years,traffic_load_mgt,last_inspection_days,defect_count,ultrasonic_score,geometry_deviation_mm,gauge_deviation_mm,rail_wear_mm,risk_label,maintenance_priority
TMS-NER-00000,MGS-ALD,NER,12.0,13.6,29,2,74.1,4.4,1.3,1.02,0,ROUTINE
TMS-ECoR-00001,KZJ-BZA,ECoR,5.5,27.7,65,0,69.7,3.1,2.66,0.91,0,ROUTINE
TMS-SECR-00002,KZJ-BZA,SECR,13.6,21.1,34,1,63.6,6.25,1.08,2.3,0,ROUTINE
TMS-WR-00003,BPL-NGP,WR,17.9,12.9,35,8,56.3,4.63,0.01,2.42,1,URGENT
TMS-SCR-00004,MAS-ED,SCR,10.6,21.5,8,1,96.2,4.39,0.24,0.85,0,ROUTINE
TMS-NFR-00005,AWB-SC,NFR,23.7,33.0,18,1,32.3,8.08,0.92,3.3,1,URGENT
TMS-SECR-00006,JHS-BPL,SECR,2.5,42.5,14,4,72.2,5.04,2.97,1.77,0,ROUTINE
TMS-NR-00007,HWH-BWN,NR,15.8,10.8,5,4,85.5,5.99,0.38,1.96,0,ROUTINE
TMS-NER-00008,CBE-TVC,NER,13.0,16.3,13,0,83.4,5.07,0.05,1.94,0,ROUTINE
TMS-SR-00009,ED-CBE,SR,6.7,13.3,23,3,86.0,2.58,0.8,1.3,0,ROUTINE
TMS-ECR-00010,ALD-CNB,ECR,13.5,25.6,32,2,70.9,8.16,0.1,2.53,0,ROUTINE
TMS-NER-00011,AWB-SC,NER,8.8,12.6,95,3,71.9,2.81,1.2,1.48,0,ROUTINE
TMS-SCR-00012,BWN-AZ,SCR,20.4,33.9,9,1,40.2,8.27,0.09,3.75,1,URGENT
TMS-SCR-00013,BWN-AZ,SCR,16.3,35.9,5,7,52.4,8.46,0.03,2.7,1,URGENT
TMS-NFR-00014,BWN-AZ,NFR,9.6,30.8,71,13,66.0,6.24,4.3,1.97,1,CRITICAL
TMS-NR-00015,NDLS-AGC,NR,7.9,16.7,99,3,84.0,3.62,1.64,1.06,0,ROUTINE
TMS-ECoR-00016,ED-CBE,ECoR,8.2,17.1,23,7,78.4,6.8,0.19,1.09,1,URGENT
TMS-NFR-00017,MGS-ALD,NFR,5.1,18.5,5,9,96.4,3.04,1.22,1.11,1,URGENT
TMS-NFR-00018,BZA-MAS,NFR,23.6,34.5,23,1,49.4,8.62,0.45,3.76,1,URGENT
TMS-ECR-00019,JHS-BPL,ECR,17.9,11.3,5,5,54.5,7.79,2.15,1.82,0,ROUTINE
TMS-NCR-00020,ADI-BRC,NCR,6.9,25.9,75,1,65.2,3.44,2.52,1.69,0,ROUTINE
TMS-NR-00021,NGP-BZA,NR,22.4,15.3,43,7,55.7,6.7,1.06,3.09,0,ROUTINE
TMS-ER-00022,AWB-SC,ER,11.9,18.8,9,9,67.1,7.91,0.79,2.2,1,URGENT
TMS-NFR-00023,KZJ-BZA,NFR,10.9,29.8,76,6,68.6,4.24,0.57,1.62,1,URGENT
TMS-SER-00024,SC-KZJ,SER,9.6,12.1,35,3,85.8,2.72,0.05,0.55,0,ROUTINE
TMS-SWR-00025,ST-BCT,SWR,8.4,19.9,107,1,82.3,3.8,1.23,0.4,0,ROUTINE
TMS-NCR-00026,UMB-LDH,NCR,16.4,21.1,137,2,56.1,14.49,1.07,2.63,1,URGENT
TMS-ER-00027,HWH-BWN,ER,24.3,21.9,5,10,62.1,5.9,0.36,1.29,1,URGENT
TMS-WCR-00028,AZ-MGS,WCR,24.9,21.3,5,7,49.3,6.22,1.14,2.55,1,URGENT
TMS-SER-00029,NDLS-UMB,SER,10.5,27.7,27,3,70.8,7.4,0.95,1.65,0,ROUTINE
TMS-NR-00030,ST-BCT,NR,5.8,18.5,109,3,74.8,2.63,0.45,1.32,0,ROUTINE
TMS-CR-00031,NDLS-UMB,CR,19.2,25.7,180,2,61.6,16.08,2.04,2.37,1,URGENT
TMS-SER-00032,KYN-IGP,SER,15.0,25.3,29,3,67.7,6.96,0.42,1.34,0,ROUTINE
TMS-SR-00033,JHS-BPL,SR,28.7,24.9,6,4,56.3,12.69,0.9,3.52,0,ROUTINE
TMS-NCR-00034,NDLS-UMB,NCR,25.5,27.4,6,3,43.0,6.33,1.14,3.43,1,URGENT
TMS-SECR-00035,CSTM-KYN,SECR,15.0,24.8,50,2,65.9,4.76,2.5,2.1,0,ROUTINE
TMS-SER-00036,CSTM-KYN,SER,33.0,21.4,31,1,42.8,7.59,0.82,2.92,0,ROUTINE
TMS-NWR-00037,BCT-RTM,NWR,17.1,13.4,27,3,70.1,3.74,0.35,2.1,0,ROUTINE
TMS-CR-00038,CNB-NDLS,CR,13.0,38.2,21,1,71.8,5.13,0.02,2.5,0,ROUTINE
TMS-SCR-00039,HWH-BWN,SCR,4.5,43.7,45,0,65.1,8.85,0.44,2.07,0,ROUTINE
TMS-SCR-00040,LTT-NED,SCR,8.5,19.2,68,0,81.5,2.9,2.08,1.48,0,ROUTINE
TMS-WR-00041,AGC-JHS,WR,13.3,26.6,12,8,71.3,6.9,2.58,1.32,1,URGENT
TMS-SR-00042,CBE-TVC,SR,12.4,17.8,8,2,69.6,5.81,1.38,0.67,0,ROUTINE
TMS-WCR-00043,LDH-ASR,WCR,18.1,16.6,38,0,66.5,4.19,4.44,1.86,0,ROUTINE
TMS-SER-00044,JHS-BPL,SER,10.9,22.7,86,5,73.8,3.87,1.11,2.36,0,ROUTINE
TMS-SER-00045,LDH-ASR,SER,23.0,60.0,14,2,39.1,9.46,0.98,3.7,1,URGENT
TMS-WCR-00046,BCT-RTM,WCR,18.3,42.0,11,8,49.0,8.16,2.68,3.73,1,URGENT
TMS-WR-00047,ASR-JUC,WR,23.7,39.6,8,8,38.3,11.25,0.27,3.79,1,URGENT
TMS-SWR-00048,BCT-RTM,SWR,33.6,27.3,10,6,37.3,8.72,0.02,4.96,1,URGENT
TMS-SWR-00049,KZJ-BZA,SWR,15.5,15.4,5,0,74.6,9.07,3.2,1.99,0,ROUTINE
TMS-WR-00050,JHS-BPL,WR,25.3,33.6,31,5,37.5,6.91,1.15,3.09,1,URGENT
TMS-SWR-00051,MGS-ALD,SWR,11.5,7.1,11,4,86.1,4.24,2.05,0.59,0,ROUTINE
TMS-ECR-00052,AZ-MGS,ECR,11.9,26.0,33,11,70.6,7.59,1.49,2.27,1,CRITICAL
TMS-SER-00053,ED-CBE,SER,13.6,34.4,5,1,61.3,5.32,1.64,2.27,0,ROUTINE
TMS-NER-00054,JUC-ADI,NER,27.5,23.6,5,3,46.5,9.12,1.33,2.81,0,ROUTINE
TMS-ECoR-00055,BWN-AZ,ECoR,8.5,43.1,26,3,56.5,5.75,1.94,2.15,0,ROUTINE
TMS-WCR-00056,ED-CBE,WCR,15.5,12.5,25,10,72.1,19.1,0.18,1.41,1,URGENT
TMS-NWR-00057,MAS-ED,NWR,17.8,42.1,11,0,50.6,6.23,0.43,2.72,1,URGENT
TMS-ECR-00058,BCT-RTM,ECR,12.1,20.8,61,2,73.6,5.09,0.98,1.48,0,ROUTINE
TMS-NR-00059,MAS-ED,NR,6.9,39.7,7,1,68.6,7.27,1.89,3.14,0,ROUTINE
TMS-ECR-00060,JHS-BPL,ECR,19.0,33.4,15,0,50.7,7.78,0.55,2.58,0,ROUTINE
TMS-NER-00061,NDLS-AGC,NER,5.0,40.7,28,5,63.2,5.41,2.47,2.16,0,ROUTINE
TMS-NR-00062,BPL-NGP,NR,28.1,32.8,70,8,27.6,8.28,0.1,3.41,1,URGENT
TMS-NWR-00063,ASR-JUC,NWR,17.3,29.3,18,6,56.4,5.98,2.35,1.96,1,URGENT
TMS-NER-00064,NGP-BZA,NER,22.7,38.3,17,8,26.8,7.31,1.8,3.62,1,URGENT
TMS-ER-00065,NDLS-AGC,ER,14.8,22.7,30,10,55.0,5.84,0.1,2.31,1,URGENT
TMS-ECoR-00066,KZJ-BZA,ECoR,23.5,28.2,13,0,57.5,8.54,0.05,2.85,1,URGENT
TMS-NWR-00067,NGP-BZA,NWR,15.6,22.2,43,3,58.4,4.77,2.75,2.47,0,ROUTINE
TMS-SER-00068,AWB-SC,SER,17.3,16.9,10,4,70.8,9.81,0.23,1.95,0,ROUTINE
TMS-SWR-00069,ED-CBE,SWR,13.7,27.4,60,0,70.2,5.15,0.44,2.23,0,ROUTINE
TMS-ER-00070,ED-CBE,ER,26.3,24.0,11,1,42.3,7.0,3.4,3.49,0,ROUTINE
TMS-SR-00071,NGP-BZA,SR,17.4,36.7,172,5,63.2,6.61,0.63,2.67,0,ROUTINE
TMS-NWR-00072,BRC-ST,NWR,9.2,20.6,13,0,86.7,3.26,1.13,2.33,0,ROUTINE
TMS-SR-00073,CBE-TVC,SR,27.4,16.4,73,3,38.9,5.67,0.05,2.47,0,ROUTINE
TMS-NR-00074,NDLS-AGC,NR,33.5,36.5,17,3,38.6,11.12,1.26,4.54,1,URGENT
TMS-ER-00075,BPL-NGP,ER,12.9,22.8,9,7,64.1,4.72,1.88,2.0,1,URGENT
TMS-ECoR-00076,JHS-BPL,ECoR,25.2,16.2,8,0,41.6,5.56,1.25,2.74,0,ROUTINE
TMS-SER-00077,AGC-JHS,SER,10.6,38.7,66,8,66.7,7.15,2.48,2.81,1,URGENT
TMS-WR-00078,ED-CBE,WR,20.8,32.2,12,7,57.1,12.12,2.25,3.26,1,URGENT
TMS-SER-00079,UMB-LDH,SER,33.5,46.5,14,4,26.0,14.27,0.98,4.0,1,URGENT
TMS-NER-00080,CBE-TVC,NER,34.9,19.4,7,1,52.4,9.36,1.55,3.3,0,ROUTINE
TMS-SER-00081,AGC-JHS,SER,17.5,18.3,113,1,70.6,4.51,0.49,1.96,0,ROUTINE
TMS-SECR-00082,SC-KZJ,SECR,18.4,14.4,9,1,64.7,4.25,0.67,1.99,0,ROUTINE
TMS-NFR-00083,SC-KZJ,NFR,12.4,17.7,9,6,73.9,7.37,1.46,2.05,1,URGENT
TMS-WR-00084,BPL-NGP,WR,11.0,19.0,100,2,98.2,9.75,1.62,0.89,1,URGENT
TMS-ECR-00085,BCT-RTM,ECR,12.5,29.2,80,0,70.4,6.16,0.13,2.45,0,ROUTINE
TMS-SWR-00086,BZA-MAS,SWR,9.1,15.3,10,0,89.9,7.22,2.57,1.5,0,ROUTINE
TMS-CR-00087,KYN-IGP,CR,17.8,17.0,70,0,72.5,7.4,1.52,2.61,0,ROUTINE
TMS-ECoR-00088,JHS-BPL,ECoR,14.2,43.8,10,0,47.6,5.97,0.59,2.3,0,ROUTINE
TMS-ER-00089,ED-CBE,ER,13.3,6.9,5,3,68.2,3.05,0.38,1.37,0,ROUTINE
TMS-NFR-00090,JHS-BPL,NFR,26.6,26.9,60,1,46.4,6.28,1.39,3.35,1,URGENT
TMS-ECoR-00091,SC-KZJ,ECoR,8.3,13.2,51,4,80.1,3.59,1.79,0.39,0,ROUTINE
TMS-ER-00092,BRC-ST,ER,10.8,16.1,12,1,78.1,3.69,3.96,1.26,0,ROUTINE
TMS-SWR-00093,AWB-SC,SWR,11.7,39.2,5,6,72.9,6.0,0.31,2.0,0,ROUTINE
TMS-NCR-00094,AWB-SC,NCR,26.1,22.8,8,0,56.1,5.76,1.05,2.68,0,ROUTINE
TMS-NCR-00095,AGC-JHS,NCR,15.0,60.0,51,2,35.7,9.6,4.66,4.13,1,URGENT
TMS-SR-00096,AWB-SC,SR,22.3,28.5,117,4,47.1,6.07,3.6,3.4,0,ROUTINE
TMS-ECoR-00097,ST-BCT,ECoR,17.6,15.9,10,6,78.8,4.83,0.97,1.96,1,URGENT
TMS-NCR-00098,MGS-ALD,NCR,16.4,27.7,59,0,66.5,5.71,1.2,3.17,0,ROUTINE
TMS-SECR-00099,ADI-BRC,SECR,19.5,34.9,9,2,40.8,5.85,3.72,2.84,0,ROUTINE
TMS-WR-00100,BZA-MAS,WR,19.2,27.4,39,1,56.0,5.98,0.05,2.1,0,ROUTINE
TMS-ER-00101,HWH-BWN,ER,5.6,20.4,5,2,66.2,7.07,5.61,1.57,0,ROUTINE
TMS-SR-00102,AGC-JHS,SR,24.9,11.3,30,1,65.6,9.11,5.66,2.66,0,ROUTINE
TMS-SER-00103,ED-CBE,SER,38.6,19.5,10,1,36.6,7.4,4.33,3.8,0,ROUTINE
TMS-ER-00104,BWN-AZ,ER,11.3,43.3,91,16,59.9,5.22,5.05,2.52,1,CRITICAL
TMS-SR-00105,UMB-LDH,SR,22.9,16.1,11,5,57.0,6.53,0.54,2.44,0,ROUTINE
TMS-SWR-00106,AGC-JHS,SWR,10.9,18.8,17,4,78.7,3.6,0.06,1.88,1,URGENT
TMS-ECoR-00107,CSTM-KYN,ECoR,9.6,33.0,64,1,79.1,8.66,0.5,2.35,1,URGENT
TMS-SWR-00108,BRC-ST,SWR,18.1,28.4,20,1,62.1,6.31,0.64,2.92,0,ROUTINE
TMS-WR-00109,HWH-BWN,WR,10.5,13.1,9,2,83.5,3.41,0.65,1.24,0,ROUTINE
TMS-WCR-00110,BZA-MAS,WCR,15.3,21.3,27,6,69.6,10.13,1.71,1.99,1,URGENT
TMS-WR-00111,BRC-ST,WR,30.6,39.0,64,6,45.6,8.48,2.99,4.01,1,URGENT
TMS-NFR-00112,AGC-JHS,NFR,25.9,22.4,19,0,64.5,6.45,0.38,2.55,0,ROUTINE
TMS-SWR-00113,AGC-JHS,SWR,19.7,39.3,5,0,45.5,6.38,0.89,2.61,0,ROUTINE
TMS-NER-00114,JUC-ADI,NER,12.1,40.3,16,1,60.2,5.54,0.71,3.17,0,ROUTINE
TMS-SER-00115,AWB-SC,SER,24.2,15.3,108,7,56.5,7.71,2.17,2.54,1,URGENT
TMS-NWR-00116,LDH-ASR,NWR,17.3,19.7,5,12,58.7,7.02,0.57,1.74,1,CRITICAL
TMS-SWR-00117,KZJ-BZA,SWR,14.6,28.9,18,2,60.8,5.48,0.09,2.02,0,ROUTINE
TMS-NFR-00118,BRC-ST,NFR,23.3,12.0,36,1,58.5,5.31,0.61,2.08,0,ROUTINE
TMS-NR-00119,AGC-JHS,NR,19.5,20.3,5,0,60.8,5.63,0.66,2.63,0,ROUTINE
TMS-WCR-00120,MAS-ED,WCR,16.1,27.6,14,4,58.7,5.34,2.59,3.07,0,ROUTINE
TMS-SECR-00121,JHS-BPL,SECR,18.3,17.3,98,2,59.6,6.0,1.19,1.95,0,ROUTINE
TMS-ER-00122,ED-CBE,ER,5.8,28.1,5,1,77.7,6.74,1.11,0.62,0,ROUTINE
TMS-WR-00123,UMB-LDH,WR,14.0,17.5,48,6,63.8,3.52,1.37,1.98,1,URGENT
TMS-NR-00124,SC-KZJ,NR,16.7,17.4,64,2,69.2,9.39,1.24,1.3,1,URGENT
TMS-NFR-00125,LDH-ASR,NFR,11.2,29.9,11,1,58.4,4.32,1.72,1.88,0,ROUTINE
TMS-SR-00126,BCT-RTM,SR,7.5,38.4,8,11,69.4,8.8,3.51,2.9,1,CRITICAL
TMS-NWR-00127,UMB-LDH,NWR,14.9,16.7,86,2,82.6,4.1,3.14,1.16,0,ROUTINE
TMS-SER-00128,ADI-BRC,SER,6.2,13.7,50,4,81.9,7.0,1.03,0.72,0,ROUTINE
TMS-SER-00129,NDLS-UMB,SER,3.7,21.9,5,10,90.6,5.4,2.81,0.62,1,URGENT
TMS-SER-00130,ST-BCT,SER,6.6,26.8,8,4,67.7,3.76,2.98,0.9,0,ROUTINE
TMS-SECR-00131,MAS-ED,SECR,9.3,16.6,33,4,74.4,2.78,2.34,1.11,0,ROUTINE
TMS-NWR-00132,CNB-NDLS,NWR,7.8,43.1,19,2,72.0,7.13,0.06,2.21,0,ROUTINE
TMS-SECR-00133,MAS-ED,SECR,18.8,20.9,24,1,41.2,7.94,1.63,2.92,0,ROUTINE
TMS-WR-00134,NDLS-AGC,WR,10.4,16.6,105,0,81.0,5.17,0.56,1.24,0,ROUTINE
TMS-SECR-00135,BWN-AZ,SECR,11.0,48.1,19,5,58.8,6.46,3.1,3.06,0,ROUTINE
TMS-CR-00136,CBE-TVC,CR,25.2,36.8,74,5,41.1,7.0,0.5,4.34,1,URGENT
TMS-NWR-00137,BCT-RTM,NWR,43.3,16.6,37,0,38.4,8.68,3.76,5.11,0,ROUTINE
TMS-NER-00138,CNB-NDLS,NER,33.4,34.0,5,2,21.2,8.36,1.43,3.73,1,URGENT
TMS-NWR-00139,AWB-SC,NWR,4.7,17.1,47,6,87.5,4.64,1.55,1.85,1,URGENT
TMS-NFR-00140,CNB-NDLS,NFR,33.1,30.2,25,3,41.9,7.73,3.28,4.14,1,URGENT
TMS-CR-00141,MGS-ALD,CR,15.8,45.2,8,2,47.9,9.41,6.34,3.69,1,URGENT
TMS-SER-00142,CNB-NDLS,SER,11.5,13.7,11,3,59.5,4.71,0.55,0.92,0,ROUTINE
TMS-NFR-00143,MGS-ALD,NFR,32.5,17.9,28,3,44.7,7.62,0.14,3.13,0,ROUTINE
TMS-NFR-00144,ASR-JUC,NFR,18.0,18.1,32,3,70.6,5.04,1.93,2.37,0,ROUTINE
TMS-WR-00145,ASR-JUC,WR,13.2,24.7,120,0,79.7,5.37,0.11,1.3,0,ROUTINE
TMS-SCR-00146,NDLS-UMB,SCR,14.1,26.8,67,2,52.4,5.81,1.14,1.86,0,ROUTINE
TMS-ECR-00147,BWN-AZ,ECR,10.3,21.4,8,5,71.7,3.8,0.64,1.06,0,ROUTINE
TMS-CR-00148,UMB-LDH,CR,7.1,11.3,52,4,100.0,10.94,0.74,0.82,0,ROUTINE
TMS-NFR-00149,UMB-LDH,NFR,13.4,13.6,5,2,75.2,7.9,0.4,1.5,0,ROUTINE
TMS-ECR-00150,BCT-RTM,ECR,19.8,15.6,5,0,64.9,5.21,1.8,3.6,0,ROUTINE
TMS-ECR-00151,CSTM-KYN,ECR,12.5,27.8,7,2,72.0,4.69,1.27,2.24,0,ROUTINE
TMS-CR-00152,CSTM-KYN,CR,14.7,12.7,31,2,71.8,3.95,4.57,0.96,0,ROUTINE
TMS-SCR-00153,BPL-NGP,SCR,10.7,15.4,7,1,74.0,10.68,0.66,1.55,0,ROUTINE
TMS-NR-00154,ED-CBE,NR,10.5,14.1,15,4,75.6,3.75,0.75,0.13,0,ROUTINE
TMS-SR-00155,NDLS-UMB,SR,21.3,25.4,9,2,66.9,10.09,0.27,3.11,1,URGENT
TMS-NER-00156,ALD-CNB,NER,14.6,34.9,14,1,66.7,5.1,1.42,2.99,0,ROUTINE
TMS-SR-00157,ALD-CNB,SR,25.0,23.6,99,0,53.7,8.64,0.15,2.22,1,URGENT
TMS-NWR-00158,AZ-MGS,NWR,12.6,49.3,180,1,41.3,8.71,5.17,3.2,1,URGENT
TMS-SER-00159,SC-KZJ,SER,13.2,23.6,40,3,64.2,5.97,3.61,1.86,0,ROUTINE
TMS-NER-00160,AZ-MGS,NER,36.8,21.4,29,3,51.0,7.49,1.8,3.41,1,URGENT
TMS-NWR-00161,BRC-ST,NWR,17.1,16.2,43,8,59.9,11.83,0.57,2.75,1,URGENT
TMS-NFR-00162,SC-KZJ,NFR,8.0,24.1,51,2,76.6,3.61,0.66,1.36,0,ROUTINE
TMS-SER-00163,ALD-CNB,SER,13.3,15.9,47,3,71.3,5.74,0.14,1.86,0,ROUTINE
TMS-ER-00164,CNB-NDLS,ER,23.7,15.0,5,0,45.4,7.54,0.43,2.32,0,ROUTINE
TMS-CR-00165,LDH-ASR,CR,5.9,14.8,13,1,76.2,4.92,0.65,1.75,0,ROUTINE
TMS-WCR-00166,KZJ-BZA,WCR,25.6,20.3,14,5,38.7,8.96,0.89,2.73,0,ROUTINE
TMS-NER-00167,NDLS-UMB,NER,11.7,18.2,16,0,59.8,12.25,0.94,1.33,0,ROUTINE
TMS-NER-00168,BCT-RTM,NER,16.8,60.0,14,5,48.6,7.52,3.25,3.74,0,ROUTINE
TMS-SWR-00169,BPL-NGP,SWR,12.9,24.1,54,3,62.5,5.14,0.9,1.35,0,ROUTINE
TMS-NFR-00170,AWB-SC,NFR,7.1,24.0,48,3,92.3,10.35,4.73,2.49,0,ROUTINE
TMS-NR-00171,ADI-BRC,NR,24.9,17.8,5,9,60.3,9.43,0.13,3.44,1,URGENT
TMS-ECR-00172,UMB-LDH,ECR,11.4,60.0,12,4,52.6,15.85,0.36,3.21,1,URGENT
TMS-SER-00173,ED-CBE,SER,6.4,15.3,34,8,89.1,3.93,0.74,0.74,1,URGENT
TMS-NFR-00174,AZ-MGS,NFR,16.9,18.4,5,5,47.8,6.24,3.29,1.85,0,ROUTINE
TMS-NCR-00175,LTT-NED,NCR,10.4,33.1,5,1,67.0,4.82,0.2,1.59,0,ROUTINE
TMS-SCR-00176,UMB-LDH,SCR,5.3,24.1,61,8,88.5,3.95,0.66,1.09,1,URGENT
TMS-ECR-00177,SC-KZJ,ECR,16.8,13.3,21,5,57.6,3.63,0.18,1.59,0,ROUTINE
TMS-CR-00178,AGC-JHS,CR,6.5,22.4,67,0,84.6,5.31,2.23,0.81,0,ROUTINE
TMS-ECR-00179,AZ-MGS,ECR,18.1,29.1,60,4,60.3,10.25,0.5,3.17,0,ROUTINE
TMS-NR-00180,LDH-ASR,NR,26.0,27.2,78,2,34.8,6.31,0.85,3.11,1,URGENT
TMS-WR-00181,AGC-JHS,WR,17.5,28.9,5,0,71.9,6.15,2.55,2.81,0,ROUTINE
TMS-SWR-00182,KYN-IGP,SWR,10.0,53.2,7,0,67.6,7.71,0.28,2.77,0,ROUTINE
TMS-ECR-00183,CBE-TVC,ECR,5.8,24.7,12,1,83.9,4.85,4.41,0.9,0,ROUTINE
TMS-CR-00184,LTT-NED,CR,24.2,30.5,5,2,37.6,6.8,0.75,2.9,1,URGENT
TMS-NR-00185,BWN-AZ,NR,19.1,8.4,23,2,60.3,3.58,0.6,1.55,0,ROUTINE
TMS-SR-00186,KZJ-BZA,SR,12.2,46.8,56,1,57.4,9.95,0.32,3.33,0,ROUTINE
TMS-NER-00187,ASR-JUC,NER,13.6,22.8,105,10,79.7,4.06,0.95,2.66,1,URGENT
TMS-WR-00188,BWN-AZ,WR,18.2,15.7,77,1,63.0,4.38,5.92,1.44,0,ROUTINE
TMS-SWR-00189,JUC-ADI,SWR,9.8,20.5,21,5,76.5,9.69,1.01,1.53,0,ROUTINE
TMS-NER-00190,ST-BCT,NER,24.8,28.9,35,3,42.5,7.42,0.9,3.12,1,URGENT
TMS-SCR-00191,JUC-ADI,SCR,14.5,33.6,9,8,75.5,9.01,0.01,2.23,1,URGENT
TMS-NWR-00192,AZ-MGS,NWR,7.9,21.4,18,0,69.3,7.44,0.51,1.3,0,ROUTINE
TMS-WR-00193,NDLS-UMB,WR,16.4,28.2,71,2,62.7,13.82,0.39,2.44,1,URGENT
TMS-WR-00194,BZA-MAS,WR,35.0,20.0,5,4,47.9,6.93,0.06,2.98,0,ROUTINE
TMS-SR-00195,BWN-AZ,SR,10.5,27.0,26,0,66.3,3.84,0.89,2.0,0,ROUTINE
TMS-SR-00196,UMB-LDH,SR,13.0,24.1,72,2,66.3,4.3,0.22,2.18,0,ROUTINE
TMS-SER-00197,LDH-ASR,SER,15.2,25.0,5,2,57.5,6.42,1.05,1.6,0,ROUTINE
TMS-SECR-00198,AZ-MGS,SECR,31.0,19.6,141,2,32.5,6.83,0.91,3.96,0,ROUTINE
TMS-ECR-00199,ED-CBE,ECR,27.1,26.1,5,4,36.3,7.52,0.38,3.15,1,URGENT
TMS-WR-00200,CBE-TVC,WR,24.9,15.9,76,5,67.4,8.09,2.4,3.31,1,URGENT
TMS-WCR-00201,BZA-MAS,WCR,21.7,24.0,15,0,42.7,5.59,3.92,2.78,0,ROUTINE
TMS-NER-00202,NGP-BZA,NER,11.8,17.2,5,0,67.8,3.82,0.22,1.62,0,ROUTINE
TMS-CR-00203,LTT-NED,CR,7.0,14.9,5,5,71.3,4.84,0.15,1.65,0,ROUTINE
TMS-ECoR-00204,ASR-JUC,ECoR,15.2,16.7,42,2,62.5,3.63,0.63,2.03,0,ROUTINE
TMS-SECR-00205,ST-BCT,SECR,7.9,20.4,71,1,75.6,5.65,1.41,0.83,0,ROUTINE
TMS-WCR-00206,BRC-ST,WCR,14.2,18.0,35,1,71.0,5.83,1.5,1.9,0,ROUTINE
TMS-ECoR-00207,KYN-IGP,ECoR,18.8,26.0,92,0,70.2,5.18,1.47,2.77,0,ROUTINE
TMS-SWR-00208,ASR-JUC,SWR,23.5,22.9,64,4,60.8,5.92,1.29,2.46,0,ROUTINE
TMS-NR-00209,NDLS-AGC,NR,25.2,33.3,5,0,51.2,6.48,0.73,3.99,1,URGENT
TMS-NER-00210,KYN-IGP,NER,23.6,21.5,38,4,59.9,7.0,2.28,2.63,1,URGENT
TMS-NER-00211,MGS-ALD,NER,7.8,23.9,12,1,62.6,4.09,4.59,1.67,0,ROUTINE
TMS-SECR-00212,CBE-TVC,SECR,10.0,46.8,21,2,62.1,6.35,1.34,2.63,0,ROUTINE
TMS-WR-00213,ADI-BRC,WR,16.2,18.6,5,10,76.9,4.14,0.37,2.51,1,URGENT
TMS-SCR-00214,AGC-JHS,SCR,23.5,19.8,11,0,70.1,5.98,1.24,3.08,0,ROUTINE
TMS-SECR-00215,LTT-NED,SECR,5.3,35.9,35,1,83.9,8.69,2.11,1.8,0,ROUTINE
TMS-ECoR-00216,BPL-NGP,ECoR,16.3,15.1,8,0,64.0,3.79,2.66,1.49,0,ROUTINE
TMS-SECR-00217,BPL-NGP,SECR,10.8,37.6,36,2,70.8,12.0,1.9,1.75,0,ROUTINE
TMS-WCR-00218,AZ-MGS,WCR,20.2,20.2,89,3,52.8,8.41,3.32,2.23,0,ROUTINE
TMS-NER-00219,KZJ-BZA,NER,14.6,15.9,5,2,81.3,3.92,4.56,1.84,0,ROUTINE
TMS-SCR-00220,MGS-ALD,SCR,11.3,31.9,53,6,59.7,6.69,1.02,2.09,1,URGENT
TMS-ECR-00221,AWB-SC,ECR,14.1,20.1,35,3,60.6,3.91,1.17,1.8,0,ROUTINE
TMS-NCR-00222,MGS-ALD,NCR,20.3,46.0,5,3,55.7,7.07,0.62,3.07,1,URGENT
TMS-SER-00223,BWN-AZ,SER,20.6,22.9,54,5,57.8,6.26,1.61,1.81,0,ROUTINE
TMS-ER-00224,BZA-MAS,ER,14.5,22.9,8,2,72.8,5.03,1.36,2.02,0,ROUTINE
TMS-SR-00225,HWH-BWN,SR,10.3,17.6,10,6,82.5,6.33,0.3,0.99,1,URGENT
TMS-SECR-00226,LDH-ASR,SECR,20.4,20.9,5,2,49.6,10.33,1.78,2.47,0,ROUTINE
TMS-SWR-00227,LTT-NED,SWR,9.6,19.9,26,5,76.2,8.75,2.45,1.7,0,ROUTINE
TMS-NWR-00228,MGS-ALD,NWR,4.5,37.8,24,0,68.1,4.02,0.3,2.47,0,ROUTINE
TMS-NR-00229,NGP-BZA,NR,23.0,24.9,14,0,37.3,7.76,0.27,2.57,0,ROUTINE
TMS-NCR-00230,BWN-AZ,NCR,5.3,29.4,6,3,76.6,4.84,1.53,0.91,0,ROUTINE
TMS-SER-00231,JUC-ADI,SER,12.5,23.1,63,3,64.2,4.65,0.19,1.75,0,ROUTINE
TMS-SER-00232,UMB-LDH,SER,6.7,18.8,73,2,85.3,13.04,2.49,1.33,1,URGENT
TMS-SER-00233,JUC-ADI,SER,19.2,25.7,27,7,67.4,6.15,1.54,3.15,1,URGENT
TMS-SER-00234,ST-BCT,SER,15.4,41.9,9,0,50.1,7.85,0.05,3.44,1,URGENT
TMS-ECoR-00235,NDLS-AGC,ECoR,6.4,14.6,5,6,74.1,3.53,2.21,0.98,1,URGENT
TMS-SWR-00236,BRC-ST,SWR,11.0,26.3,71,3,69.8,3.97,1.07,1.76,0,ROUTINE
TMS-SWR-00237,ADI-BRC,SWR,24.0,40.4,5,4,46.2,7.14,1.03,2.9,1,URGENT
TMS-SCR-00238,ASR-JUC,SCR,8.4,16.0,5,5,83.5,5.31,0.56,1.08,0,ROUTINE
TMS-WCR-00239,LDH-ASR,WCR,14.9,32.1,22,2,77.9,8.04,0.5,2.69,0,ROUTINE
TMS-SR-00240,UMB-LDH,SR,20.9,32.1,45,7,61.9,6.61,1.04,3.57,1,URGENT
TMS-NER-00241,CSTM-KYN,NER,18.8,13.2,21,8,65.1,4.01,0.0,2.34,1,URGENT
TMS-SER-00242,KZJ-BZA,SER,10.4,34.6,5,1,85.9,10.62,2.38,1.88,0,ROUTINE
TMS-NWR-00243,UMB-LDH,NWR,11.2,17.5,40,3,81.4,4.45,2.3,0.88,0,ROUTINE
TMS-NER-00244,CNB-NDLS,NER,9.8,25.6,35,3,80.4,3.81,2.0,1.91,0,ROUTINE
TMS-SWR-00245,CNB-NDLS,SWR,10.0,33.4,40,3,84.3,4.61,1.38,1.92,0,ROUTINE
TMS-CR-00246,KYN-IGP,CR,18.1,35.9,8,2,58.5,5.68,0.53,3.13,0,ROUTINE
TMS-CR-00247,AWB-SC,CR,2.0,12.0,55,1,92.5,3.73,1.61,0.21,0,ROUTINE
TMS-NWR-00248,NGP-BZA,NWR,8.0,45.4,22,0,67.9,7.27,0.21,3.27,0,ROUTINE
TMS-SCR-00249,NDLS-AGC,SCR,11.0,39.1,26,3,63.7,6.62,0.46,2.21,1,URGENT
TMS-SWR-00250,LDH-ASR,SWR,7.9,33.8,27,2,67.2,5.47,0.07,2.75,1,URGENT
TMS-NWR-00251,LTT-NED,NWR,20.9,25.7,11,1,46.3,6.15,2.94,3.03,1,URGENT
TMS-ECoR-00252,KYN-IGP,ECoR,8.8,18.6,10,6,86.5,8.82,2.64,1.71,1,URGENT
TMS-SECR-00253,BWN-AZ,SECR,9.7,14.4,5,1,87.7,5.83,0.9,0.81,0,ROUTINE
TMS-NWR-00254,BPL-NGP,NWR,10.5,11.6,17,3,74.4,7.27,0.86,0.64,0,ROUTINE
TMS-ECR-00255,KZJ-BZA,ECR,1.7,28.7,23,4,83.5,3.3,3.91,1.18,0,ROUTINE
TMS-NER-00256,ASR-JUC,NER,8.9,33.8,47,2,64.8,11.7,1.69,1.43,0,ROUTINE
TMS-NCR-00257,BCT-RTM,NCR,15.9,21.5,5,0,69.9,4.47,1.85,2.61,0,ROUTINE
TMS-NFR-00258,CBE-TVC,NFR,11.3,18.5,90,4,78.4,3.29,0.67,2.09,0,ROUTINE
TMS-SCR-00259,CNB-NDLS,SCR,40.2,22.8,10,1,25.6,8.62,0.52,4.31,1,URGENT
TMS-NWR-00260,ALD-CNB,NWR,6.6,17.2,15,2,79.5,2.82,0.18,0.9,0,ROUTINE
TMS-SWR-00261,MGS-ALD,SWR,7.8,22.4,5,1,75.4,4.42,0.11,1.97,0,ROUTINE
TMS-NR-00262,MGS-ALD,NR,11.9,16.8,37,2,69.1,3.99,3.54,1.57,0,ROUTINE
TMS-CR-00263,LTT-NED,CR,4.6,28.4,43,6,81.9,3.34,3.55,1.11,1,URGENT
TMS-ECR-00264,NGP-BZA,ECR,13.4,36.5,92,4,44.5,8.65,0.39,2.4,1,URGENT
TMS-SR-00265,CSTM-KYN,SR,16.2,27.2,14,11,62.7,6.02,0.06,2.34,1,CRITICAL
TMS-SER-00266,BWN-AZ,SER,13.5,21.5,10,1,83.0,3.98,0.64,2.14,0,ROUTINE
TMS-NFR-00267,NGP-BZA,NFR,9.6,33.0,45,0,74.5,4.24,4.55,2.67,0,ROUTINE
TMS-WR-00268,NDLS-UMB,WR,15.4,22.4,42,0,58.0,5.07,0.55,1.26,0,ROUTINE
TMS-SCR-00269,HWH-BWN,SCR,13.5,32.6,96,1,56.1,9.4,3.01,3.26,1,URGENT
TMS-NCR-00270,MAS-ED,NCR,11.1,17.2,8,10,70.6,4.46,2.54,1.67,1,URGENT
TMS-WCR-00271,BRC-ST,WCR,13.3,18.1,42,2,65.9,3.74,4.33,1.94,0,ROUTINE
TMS-WCR-00272,CBE-TVC,WCR,20.3,14.9,5,3,67.6,4.8,1.03,2.45,0,ROUTINE
TMS-NFR-00273,JHS-BPL,NFR,10.1,18.4,22,2,69.4,3.09,3.83,1.65,0,ROUTINE
TMS-NWR-00274,KZJ-BZA,NWR,13.2,32.9,5,7,69.1,8.18,2.03,2.72,1,URGENT
TMS-ECoR-00275,HWH-BWN,ECoR,9.3,15.7,37,12,77.0,8.49,3.04,2.91,1,CRITICAL
TMS-CR-00276,AZ-MGS,CR,19.2,8.8,32,7,69.3,3.75,1.98,2.83,1,URGENT
TMS-SWR-00277,SC-KZJ,SWR,16.9,18.8,5,4,70.5,4.42,0.93,2.04,1,URGENT
TMS-CR-00278,JHS-BPL,CR,26.6,13.9,13,0,57.0,5.48,3.77,3.55,0,ROUTINE
TMS-SR-00279,LTT-NED,SR,22.5,18.1,17,7,70.6,8.08,2.42,2.89,1,URGENT
TMS-ECoR-00280,CBE-TVC,ECoR,13.4,51.6,9,2,65.1,9.79,1.54,2.54,0,ROUTINE
TMS-SER-00281,BRC-ST,SER,4.3,15.6,5,2,79.5,2.98,0.99,0.35,0,ROUTINE
TMS-SWR-00282,MAS-ED,SWR,14.7,28.6,13,1,81.1,11.46,0.15,2.29,0,ROUTINE
TMS-NER-00283,CBE-TVC,NER,31.3,21.5,55,3,43.8,7.02,2.53,3.94,0,ROUTINE
TMS-ER-00284,AWB-SC,ER,23.4,25.8,15,7,55.3,7.06,0.81,2.93,1,URGENT
TMS-ECR-00285,AZ-MGS,ECR,17.6,18.1,13,2,72.2,15.28,0.67,2.7,0,ROUTINE
TMS-CR-00286,NGP-BZA,CR,8.4,35.3,99,1,62.1,7.59,0.39,2.55,0,ROUTINE
TMS-NR-00287,AWB-SC,NR,22.1,26.3,5,4,67.7,6.75,1.17,3.06,1,URGENT
TMS-CR-00288,BPL-NGP,CR,12.5,26.6,51,3,70.7,4.23,2.66,1.95,0,ROUTINE
TMS-NFR-00289,AGC-JHS,NFR,15.3,23.1,23,1,76.9,8.84,0.51,1.91,0,ROUTINE
TMS-CR-00290,HWH-BWN,CR,4.0,36.7,101,5,75.4,5.1,3.8,1.6,0,ROUTINE
TMS-SCR-00291,CBE-TVC,SCR,10.2,27.8,17,3,64.3,4.49,0.76,2.31,0,ROUTINE
TMS-CR-00292,CBE-TVC,CR,19.9,25.7,43,6,62.9,6.24,5.23,2.67,1,URGENT
TMS-ER-00293,BZA-MAS,ER,9.0,28.8,5,2,65.1,4.4,1.69,1.89,0,ROUTINE
TMS-ER-00294,KYN-IGP,ER,15.9,11.0,92,4,67.9,4.87,0.69,1.38,0,ROUTINE
TMS-SER-00295,NDLS-UMB,SER,19.0,23.9,14,5,39.8,5.4,6.17,3.05,1,URGENT
TMS-NCR-00296,LDH-ASR,NCR,20.1,21.6,25,5,71.0,5.92,1.35,2.89,0,ROUTINE
TMS-NER-00297,NDLS-UMB,NER,9.6,35.4,5,8,64.8,5.38,2.2,3.56,1,URGENT
TMS-NR-00298,NDLS-AGC,NR,12.1,16.8,101,6,72.0,5.07,0.9,1.71,1,URGENT
TMS-WCR-00299,BPL-NGP,WCR,19.7,24.1,39,1,59.7,4.91,0.19,3.41,0,ROUTINE
TMS-CR-00300,AWB-SC,CR,11.2,47.9,5,1,64.6,7.34,4.99,2.63,0,ROUTINE
TMS-CR-00301,UMB-LDH,CR,7.9,22.0,5,10,67.9,4.74,0.58,0.78,1,URGENT
TMS-ECR-00302,AWB-SC,ECR,33.7,13.0,17,5,32.4,7.09,3.75,2.82,0,ROUTINE
TMS-SWR-00303,AWB-SC,SWR,29.1,53.0,8,1,39.7,9.17,3.57,4.86,1,URGENT
TMS-ER-00304,AGC-JHS,ER,10.2,16.7,12,1,73.1,6.52,0.15,0.85,0,ROUTINE
TMS-NR-00305,CBE-TVC,NR,15.1,14.6,180,1,73.7,4.28,0.18,1.7,0,ROUTINE
TMS-SER-00306,LDH-ASR,SER,16.7,14.9,37,3,64.6,4.44,1.42,2.1,0,ROUTINE
TMS-SR-00307,ED-CBE,SR,19.1,29.7,89,2,62.6,6.49,0.05,3.14,1,URGENT
TMS-WCR-00308,MAS-ED,WCR,11.8,37.3,20,1,60.5,5.41,0.82,1.95,0,ROUTINE
TMS-NCR-00309,BPL-NGP,NCR,9.9,44.9,43,1,65.2,8.63,1.13,2.99,0,ROUTINE
TMS-WCR-00310,AZ-MGS,WCR,21.6,22.3,21,7,61.5,6.69,0.33,2.5,1,URGENT
TMS-NER-00311,JHS-BPL,NER,29.0,15.0,13,1,51.3,8.36,2.21,3.39,0,ROUTINE
TMS-ECoR-00312,BRC-ST,ECoR,20.6,17.7,25,0,63.9,7.24,0.85,2.69,0,ROUTINE
TMS-NER-00313,BZA-MAS,NER,11.0,22.5,19,1,72.1,6.55,0.83,1.56,0,ROUTINE
TMS-SCR-00314,LTT-NED,SCR,16.1,22.0,137,1,53.8,8.24,0.4,1.63,1,URGENT
TMS-NFR-00315,LTT-NED,NFR,19.6,37.5,23,1,39.4,10.98,3.28,3.56,0,ROUTINE
TMS-SCR-00316,CNB-NDLS,SCR,6.7,13.1,58,3,73.9,3.02,0.02,0.56,0,ROUTINE
TMS-CR-00317,BRC-ST,CR,13.4,14.2,38,6,67.2,4.32,0.01,1.67,1,URGENT
TMS-WR-00318,ED-CBE,WR,25.6,19.6,22,4,59.4,5.51,8.09,2.71,1,URGENT
TMS-NCR-00319,NDLS-UMB,NCR,13.9,25.7,22,0,50.0,9.34,0.03,1.67,0,ROUTINE
TMS-NFR-00320,NDLS-UMB,NFR,12.5,18.6,14,1,75.7,5.13,0.25,1.41,0,ROUTINE
TMS-NR-00321,NDLS-AGC,NR,8.6,18.0,5,1,73.0,5.22,3.22,1.29,0,ROUTINE
TMS-ECoR-00322,BPL-NGP,ECoR,27.4,35.5,50,7,45.0,8.1,1.43,3.47,0,ROUTINE
TMS-ER-00323,CNB-NDLS,ER,6.2,26.8,87,1,89.8,4.36,1.47,1.59,0,ROUTINE
TMS-NCR-00324,BRC-ST,NCR,18.6,15.0,8,2,66.2,5.56,0.97,1.9,0,ROUTINE
TMS-NCR-00325,KYN-IGP,NCR,14.5,18.1,90,3,76.5,6.8,0.24,2.43,0,ROUTINE
TMS-SCR-00326,JHS-BPL,SCR,14.8,27.3,9,2,58.8,6.3,0.69,2.93,0,ROUTINE
TMS-WR-00327,AWB-SC,WR,8.5,13.4,26,0,75.8,5.68,1.9,0.81,0,ROUTINE
TMS-WCR-00328,ASR-JUC,WCR,16.1,27.2,14,4,71.4,5.08,1.0,2.05,0,ROUTINE
TMS-WCR-00329,BWN-AZ,WCR,5.9,19.3,5,2,98.3,2.89,1.96,1.32,0,ROUTINE
TMS-CR-00330,NDLS-UMB,CR,17.9,25.7,5,0,66.8,5.2,0.01,2.2,0,ROUTINE
TMS-NWR-00331,NDLS-UMB,NWR,23.9,23.3,15,0,38.0,5.46,1.6,2.69,0,ROUTINE
TMS-SER-00332,CSTM-KYN,SER,13.2,14.2,5,6,64.5,3.51,1.35,1.53,1,URGENT
TMS-SCR-00333,CNB-NDLS,SCR,20.2,17.2,5,3,58.2,4.66,5.5,1.82,0,ROUTINE
TMS-NCR-00334,LTT-NED,NCR,8.7,39.6,5,7,70.6,5.68,3.56,2.08,1,URGENT
TMS-WCR-00335,KZJ-BZA,WCR,17.0,57.3,5,1,41.1,7.41,1.38,3.06,0,ROUTINE
TMS-SECR-00336,CNB-NDLS,SECR,14.2,11.0,5,6,78.0,4.09,1.29,1.59,1,URGENT
TMS-ECR-00337,CSTM-KYN,ECR,21.6,33.7,30,0,42.2,21.15,0.15,4.3,1,URGENT
TMS-ECoR-00338,SC-KZJ,ECoR,16.8,25.0,59,4,70.4,5.92,4.25,2.02,0,ROUTINE
TMS-SER-00339,AWB-SC,SER,15.2,51.1,7,1,53.0,11.54,1.84,2.72,0,ROUTINE
TMS-SCR-00340,NGP-BZA,SCR,7.6,17.8,5,1,85.2,4.98,1.05,0.38,0,ROUTINE
TMS-ECoR-00341,BZA-MAS,ECoR,26.0,31.8,45,0,30.3,10.94,2.92,3.18,1,URGENT
TMS-ECR-00342,LDH-ASR,ECR,24.8,19.7,5,3,55.4,7.26,1.97,2.58,0,ROUTINE
TMS-SR-00343,AGC-JHS,SR,10.8,37.1,46,1,59.2,7.91,1.24,2.1,0,ROUTINE
TMS-ECR-00344,NDLS-UMB,ECR,19.9,56.0,5,6,42.3,8.19,1.16,4.67,1,URGENT
TMS-WR-00345,BWN-AZ,WR,16.9,24.2,9,3,59.0,5.4,3.91,2.37,0,ROUTINE
TMS-ECR-00346,BPL-NGP,ECR,6.8,14.1,5,6,76.6,8.6,2.41,1.72,1,URGENT
TMS-ECoR-00347,SC-KZJ,ECoR,10.1,39.1,9,1,64.9,5.27,0.77,2.85,0,ROUTINE
TMS-WCR-00348,CSTM-KYN,WCR,5.8,27.8,56,2,82.6,4.19,1.49,0.99,0,ROUTINE
TMS-NER-00349,JHS-BPL,NER,5.1,25.8,5,0,90.5,4.94,0.33,1.93,0,ROUTINE
TMS-ECoR-00350,ASR-JUC,ECoR,14.8,41.8,180,2,52.8,6.56,4.06,2.82,0,ROUTINE
TMS-NWR-00351,JHS-BPL,NWR,15.6,14.1,13,2,78.1,3.51,1.78,1.13,0,ROUTINE
TMS-CR-00352,KZJ-BZA,CR,10.8,16.7,89,2,85.5,6.1,4.83,1.18,0,ROUTINE
TMS-NFR-00353,BZA-MAS,NFR,16.9,28.2,7,9,52.7,5.61,0.52,3.06,1,URGENT
TMS-WCR-00354,BWN-AZ,WCR,19.2,16.5,7,9,65.2,4.72,0.57,2.1,1,URGENT
TMS-NER-00355,LTT-NED,NER,17.4,19.6,29,9,70.7,5.59,2.68,1.96,1,URGENT
TMS-ER-00356,NDLS-UMB,ER,11.3,37.0,5,10,62.7,4.67,0.46,2.84,1,URGENT
TMS-NFR-00357,ALD-CNB,NFR,15.9,26.4,56,0,62.3,8.49,0.66,2.99,0,ROUTINE
TMS-CR-00358,LDH-ASR,CR,27.3,13.9,20,1,56.4,5.81,3.24,2.95,0,ROUTINE
TMS-SCR-00359,ST-BCT,SCR,9.6,26.1,42,7,72.5,8.65,1.09,1.65,1,URGENT
TMS-SER-00360,KYN-IGP,SER,16.2,36.4,6,2,56.8,7.61,0.54,3.32,0,ROUTINE
TMS-NWR-00361,ASR-JUC,NWR,5.6,23.8,35,3,74.5,4.34,0.79,0.47,0,ROUTINE
TMS-NWR-00362,BPL-NGP,NWR,19.5,31.5,31,0,50.4,8.73,1.87,2.88,0,ROUTINE
TMS-ER-00363,JUC-ADI,ER,19.9,18.1,49,0,55.9,14.43,0.26,2.84,0,ROUTINE
TMS-NER-00364,BRC-ST,NER,16.0,24.6,12,4,60.7,4.95,4.91,2.87,1,URGENT
TMS-WR-00365,JUC-ADI,WR,15.2,11.8,94,1,70.7,4.1,1.02,2.57,0,ROUTINE
TMS-SWR-00366,BZA-MAS,SWR,24.9,28.6,113,1,43.6,7.35,2.17,3.76,1,URGENT
TMS-SR-00367,NDLS-AGC,SR,8.9,25.6,70,3,66.7,4.93,1.82,1.9,0,ROUTINE
TMS-ECR-00368,ALD-CNB,ECR,8.1,13.2,29,5,74.3,3.88,1.71,0.74,0,ROUTINE
TMS-NER-00369,UMB-LDH,NER,15.6,40.8,19,1,56.1,7.2,0.82,2.77,1,URGENT
TMS-SER-00370,BRC-ST,SER,16.1,27.9,5,7,49.7,8.17,0.06,2.3,1,URGENT
TMS-WCR-00371,HWH-BWN,WCR,18.3,16.8,102,4,70.9,5.13,2.03,1.73,0,ROUTINE
TMS-SR-00372,KZJ-BZA,SR,15.5,28.9,106,2,72.4,4.66,4.61,0.95,1,URGENT
TMS-WCR-00373,BWN-AZ,WCR,12.7,15.0,5,0,83.6,7.28,1.05,1.63,0,ROUTINE
TMS-NWR-00374,ED-CBE,NWR,11.2,15.8,15,2,72.6,5.11,4.61,1.05,0,ROUTINE
TMS-ECoR-00375,BRC-ST,ECoR,11.4,15.0,74,12,71.1,3.33,1.15,1.61,1,CRITICAL
TMS-SER-00376,JUC-ADI,SER,26.3,14.8,5,0,48.5,5.19,0.27,2.05,0,ROUTINE
TMS-CR-00377,LTT-NED,CR,11.7,26.4,7,2,61.4,4.63,0.41,1.29,0,ROUTINE
TMS-ER-00378,ADI-BRC,ER,4.8,23.1,134,2,86.8,2.83,3.0,1.04,0,ROUTINE
TMS-CR-00379,NDLS-UMB,CR,16.7,29.9,65,0,44.6,9.44,1.46,2.99,1,URGENT
TMS-WCR-00380,CNB-NDLS,WCR,24.9,7.2,85,0,54.8,4.96,0.8,2.37,0,ROUTINE
TMS-SWR-00381,CSTM-KYN,SWR,3.4,19.0,5,2,80.8,4.48,2.41,1.33,0,ROUTINE
TMS-SER-00382,ADI-BRC,SER,11.8,19.1,8,1,69.2,5.44,1.54,1.19,0,ROUTINE
TMS-NR-00383,KZJ-BZA,NR,27.5,22.7,32,1,42.8,8.44,3.09,3.16,0,ROUTINE
TMS-NR-00384,BCT-RTM,NR,17.8,22.4,24,4,63.3,5.97,5.31,1.88,0,ROUTINE
TMS-WCR-00385,CBE-TVC,WCR,11.5,24.3,12,1,75.5,6.29,1.58,2.48,0,ROUTINE
TMS-SCR-00386,AGC-JHS,SCR,13.5,23.0,75,2,70.8,5.3,5.3,2.61,0,ROUTINE
TMS-NER-00387,NGP-BZA,NER,15.7,18.5,81,1,59.3,4.78,0.95,1.72,0,ROUTINE
TMS-NWR-00388,BZA-MAS,NWR,16.7,18.9,12,1,51.3,7.93,2.75,2.87,0,ROUTINE
TMS-NWR-00389,MAS-ED,NWR,20.1,21.7,5,1,72.8,5.98,3.55,2.39,0,ROUTINE
TMS-ECR-00390,CNB-NDLS,ECR,12.2,27.2,5,2,75.6,5.68,0.07,2.86,0,ROUTINE
TMS-ECR-00391,ASR-JUC,ECR,16.5,23.0,23,1,78.8,5.57,3.0,1.65,1,URGENT
TMS-WCR-00392,NDLS-AGC,WCR,6.2,16.2,5,11,86.2,5.21,0.79,0.56,1,CRITICAL
TMS-WCR-00393,UMB-LDH,WCR,12.8,15.9,22,3,84.1,4.74,0.76,1.94,0,ROUTINE
TMS-ECR-00394,JUC-ADI,ECR,11.4,27.2,21,1,55.0,5.16,2.28,1.59,0,ROUTINE
TMS-ECoR-00395,MAS-ED,ECoR,13.0,30.1,75,5,54.8,4.95,0.42,2.45,0,ROUTINE
TMS-NFR-00396,ALD-CNB,NFR,7.2,34.1,12,2,67.1,8.66,0.05,1.43,0,ROUTINE
TMS-NCR-00397,ASR-JUC,NCR,8.6,18.2,28,4,79.0,6.72,0.47,0.8,0,ROUTINE
TMS-NFR-00398,BCT-RTM,NFR,23.2,10.5,47,6,54.5,5.45,1.57,2.76,1,URGENT
TMS-CR-00399,LTT-NED,CR,8.7,25.9,31,4,82.1,5.53,4.6,2.76,0,ROUTINE
TMS-NFR-00400,HWH-BWN,NFR,14.2,16.7,107,10,77.8,4.89,0.76,1.74,1,URGENT
TMS-ECoR-00401,HWH-BWN,ECoR,5.5,21.3,32,4,88.8,2.92,2.4,1.61,0,ROUTINE
TMS-SCR-00402,KYN-IGP,SCR,7.9,23.6,81,2,81.8,4.02,0.34,1.49,0,ROUTINE
TMS-CR-00403,CNB-NDLS,CR,41.5,27.7,9,2,26.4,12.28,2.86,4.74,1,URGENT
TMS-NFR-00404,BPL-NGP,NFR,18.5,31.7,28,5,69.5,8.5,2.18,1.16,0,ROUTINE
TMS-ECoR-00405,AWB-SC,ECoR,11.5,35.4,27,12,79.3,4.77,0.89,2.04,1,CRITICAL
TMS-NCR-00406,MAS-ED,NCR,8.4,37.6,159,3,66.7,4.42,3.38,3.17,0,ROUTINE
TMS-NFR-00407,BPL-NGP,NFR,8.7,23.1,8,4,68.4,6.99,0.06,1.82,0,ROUTINE
TMS-ECoR-00408,KZJ-BZA,ECoR,30.3,11.3,5,1,58.6,10.04,2.31,2.85,0,ROUTINE
TMS-SWR-00409,MGS-ALD,SWR,19.4,17.4,33,9,77.2,5.0,0.05,2.54,1,URGENT
TMS-ECR-00410,CBE-TVC,ECR,1.5,39.0,8,0,98.2,4.2,3.0,2.14,1,URGENT
TMS-WCR-00411,KYN-IGP,WCR,11.7,23.6,35,3,75.7,4.46,0.29,0.81,0,ROUTINE
TMS-SWR-00412,ED-CBE,SWR,6.2,53.1,125,5,62.7,5.45,0.06,2.48,0,ROUTINE
TMS-NWR-00413,NDLS-AGC,NWR,15.7,19.1,102,5,57.8,6.62,0.55,1.39,0,ROUTINE
TMS-ECR-00414,UMB-LDH,ECR,15.5,56.0,9,4,48.2,7.73,0.3,4.55,0,ROUTINE
TMS-NWR-00415,ASR-JUC,NWR,15.5,22.2,6,0,58.4,7.72,1.58,1.37,0,ROUTINE
TMS-SECR-00416,LDH-ASR,SECR,16.4,18.8,28,0,57.3,8.18,0.96,1.97,0,ROUTINE
TMS-ER-00417,ED-CBE,ER,8.5,16.7,30,1,86.6,7.49,0.21,1.66,0,ROUTINE
TMS-WCR-00418,AWB-SC,WCR,13.2,28.9,37,3,62.0,7.7,3.72,2.52,0,ROUTINE
TMS-SWR-00419,NDLS-UMB,SWR,16.7,12.6,47,1,68.5,6.62,0.69,1.3,0,ROUTINE
TMS-ER-00420,ADI-BRC,ER,28.2,17.8,32,2,61.5,6.85,0.5,2.46,0,ROUTINE
TMS-ER-00421,BPL-NGP,ER,23.4,21.7,5,4,37.3,5.3,1.8,2.35,0,ROUTINE
TMS-NCR-00422,ED-CBE,NCR,41.1,9.0,54,17,26.2,7.12,0.75,3.39,1,CRITICAL
TMS-ECR-00423,JHS-BPL,ECR,17.3,21.3,5,1,69.8,5.81,0.24,2.02,0,ROUTINE
TMS-WCR-00424,ST-BCT,WCR,11.3,44.2,5,0,57.0,6.12,1.31,3.0,0,ROUTINE
TMS-SECR-00425,CBE-TVC,SECR,19.0,26.4,51,1,54.1,8.5,0.05,2.28,0,ROUTINE
TMS-NWR-00426,ST-BCT,NWR,8.4,17.1,27,0,81.5,4.28,1.48,1.5,0,ROUTINE
TMS-ECoR-00427,AGC-JHS,ECoR,36.2,18.3,41,1,35.3,7.1,3.03,3.29,0,ROUTINE
TMS-CR-00428,AGC-JHS,CR,15.1,25.4,16,3,48.9,5.6,0.46,2.45,0,ROUTINE
TMS-ECoR-00429,BRC-ST,ECoR,21.9,18.1,5,3,53.1,8.18,2.87,2.63,0,ROUTINE
TMS-CR-00430,AWB-SC,CR,14.6,26.8,14,1,52.6,8.31,0.42,2.08,1,URGENT
TMS-SWR-00431,KZJ-BZA,SWR,6.3,17.9,32,9,88.5,2.74,0.34,0.8,1,URGENT
TMS-NR-00432,BRC-ST,NR,12.9,14.7,8,7,62.2,3.32,1.88,1.35,1,URGENT
TMS-WCR-00433,UMB-LDH,WCR,12.0,35.6,40,1,53.1,5.63,0.1,1.99,0,ROUTINE
TMS-ECoR-00434,LTT-NED,ECoR,4.5,29.5,55,9,68.4,3.17,0.06,1.57,1,URGENT
TMS-NFR-00435,JUC-ADI,NFR,4.6,10.4,21,5,94.6,4.11,0.91,1.18,0,ROUTINE
TMS-WCR-00436,BPL-NGP,WCR,21.5,19.4,72,0,52.9,5.96,0.05,2.74,0,ROUTINE
TMS-NFR-00437,JUC-ADI,NFR,8.3,33.7,67,12,81.3,4.38,1.03,2.42,1,CRITICAL
TMS-NER-00438,ED-CBE,NER,14.6,20.8,73,2,74.7,4.07,1.57,1.48,0,ROUTINE
TMS-ECR-00439,CBE-TVC,ECR,13.0,17.6,37,0,80.6,8.6,0.39,1.73,0,ROUTINE
TMS-CR-00440,UMB-LDH,CR,12.0,20.1,12,1,69.2,3.5,3.44,1.43,0,ROUTINE
TMS-WCR-00441,NGP-BZA,WCR,15.1,23.2,22,1,55.9,4.33,0.34,2.16,0,ROUTINE
TMS-CR-00442,LDH-ASR,CR,23.4,20.7,43,2,52.0,5.7,0.41,3.01,0,ROUTINE
TMS-WCR-00443,ALD-CNB,WCR,14.4,21.5,8,2,44.4,4.08,3.66,1.78,0,ROUTINE
TMS-SER-00444,AZ-MGS,SER,21.6,20.9,46,3,61.6,6.98,1.74,1.78,0,ROUTINE
TMS-SCR-00445,KYN-IGP,SCR,20.8,15.0,27,6,63.4,4.81,1.13,1.76,1,URGENT
TMS-ECR-00446,KZJ-BZA,ECR,17.4,14.7,5,6,61.2,5.09,0.6,0.96,1,URGENT
TMS-NCR-00447,BRC-ST,NCR,15.9,14.4,28,4,64.8,7.47,2.2,1.86,0,ROUTINE
TMS-NER-00448,NDLS-UMB,NER,5.0,23.0,5,8,89.9,6.07,1.33,1.11,1,URGENT
TMS-NCR-00449,CBE-TVC,NCR,10.5,28.0,5,5,74.2,4.13,0.63,1.67,0,ROUTINE
TMS-SWR-00450,BWN-AZ,SWR,26.2,15.2,77,11,64.9,5.33,2.62,1.97,1,CRITICAL
TMS-SWR-00451,ADI-BRC,SWR,11.2,12.2,23,3,70.1,4.84,2.37,1.09,1,URGENT
TMS-NCR-00452,JUC-ADI,NCR,13.7,15.7,27,2,61.4,3.78,4.24,1.66,0,ROUTINE
TMS-NCR-00453,LTT-NED,NCR,13.2,38.9,11,2,63.7,8.13,7.91,2.49,1,URGENT
TMS-SECR-00454,MAS-ED,SECR,10.6,19.6,27,0,80.7,4.3,0.02,2.08,0,ROUTINE
TMS-ECR-00455,CSTM-KYN,ECR,14.7,20.4,6,1,70.2,4.17,0.58,1.56,0,ROUTINE
TMS-NCR-00456,ASR-JUC,NCR,13.3,16.1,47,4,68.5,10.6,0.32,1.69,0,ROUTINE
TMS-NFR-00457,JUC-ADI,NFR,11.6,27.9,60,1,92.2,4.09,0.36,2.6,0,ROUTINE
TMS-SCR-00458,ASR-JUC,SCR,8.2,21.1,67,0,93.5,3.18,3.0,2.0,1,URGENT
TMS-SCR-00459,CSTM-KYN,SCR,7.7,16.6,5,2,74.2,5.83,5.53,1.74,0,ROUTINE
TMS-ER-00460,ADI-BRC,ER,20.2,14.7,28,1,57.5,5.41,4.22,2.1,0,ROUTINE
TMS-NR-00461,AWB-SC,NR,2.3,25.8,57,3,77.6,7.97,1.79,1.16,0,ROUTINE
TMS-SWR-00462,MGS-ALD,SWR,14.7,24.7,5,10,76.8,4.42,1.21,2.04,1,URGENT
TMS-CR-00463,KYN-IGP,CR,23.3,13.5,5,3,65.6,4.92,1.52,2.73,0,ROUTINE
TMS-SER-00464,AWB-SC,SER,15.8,36.3,59,3,64.1,5.28,2.9,2.23,0,ROUTINE
TMS-WR-00465,CNB-NDLS,WR,12.7,17.2,55,2,71.1,3.77,0.01,2.03,0,ROUTINE
TMS-WCR-00466,ED-CBE,WCR,8.8,9.1,20,3,89.3,4.19,0.84,0.59,0,ROUTINE
TMS-CR-00467,ED-CBE,CR,14.1,40.9,5,3,61.3,7.96,1.06,3.07,0,ROUTINE
TMS-NR-00468,BPL-NGP,NR,24.0,21.3,25,1,51.9,6.43,3.85,3.09,0,ROUTINE
TMS-SER-00469,KZJ-BZA,SER,22.9,26.4,17,1,55.5,6.14,0.28,3.32,1,URGENT
TMS-SECR-00470,BRC-ST,SECR,14.0,43.3,25,0,70.1,8.08,2.05,3.15,0,ROUTINE
TMS-WCR-00471,KYN-IGP,WCR,20.9,14.9,20,1,67.6,4.71,3.87,2.48,0,ROUTINE
TMS-ECR-00472,KYN-IGP,ECR,12.6,26.9,29,3,59.8,6.96,2.17,3.16,1,URGENT
TMS-ECoR-00473,NDLS-AGC,ECoR,10.7,35.5,45,2,59.4,7.53,0.02,1.61,0,ROUTINE
TMS-ECR-00474,BWN-AZ,ECR,35.8,15.3,52,3,44.7,7.76,1.62,4.16,0,ROUTINE
TMS-WCR-00475,KZJ-BZA,WCR,19.6,39.8,36,4,45.4,6.55,0.35,4.06,0,ROUTINE
TMS-CR-00476,ALD-CNB,CR,27.1,12.6,7,1,56.0,7.06,1.39,2.49,0,ROUTINE
TMS-WCR-00477,BZA-MAS,WCR,28.0,21.4,17,0,42.5,9.75,1.27,3.57,0,ROUTINE
TMS-CR-00478,LDH-ASR,CR,16.2,14.4,5,0,75.1,5.09,4.72,2.73,0,ROUTINE
TMS-SER-00479,NDLS-UMB,SER,8.2,29.3,21,0,64.6,4.81,0.32,1.8,0,ROUTINE
TMS-SER-00480,BRC-ST,SER,3.7,15.1,123,0,89.4,9.51,0.08,0.85,0,ROUTINE
TMS-SWR-00481,ASR-JUC,SWR,9.1,17.3,35,0,74.2,4.29,1.42,1.01,0,ROUTINE
TMS-SECR-00482,KZJ-BZA,SECR,15.2,15.6,5,4,69.0,3.6,0.63,3.0,0,ROUTINE
TMS-SWR-00483,CBE-TVC,SWR,23.8,13.7,10,2,58.4,6.06,2.08,3.08,0,ROUTINE
TMS-NR-00484,SC-KZJ,NR,7.2,16.3,5,1,90.1,3.56,7.49,0.76,1,URGENT
TMS-NCR-00485,AZ-MGS,NCR,15.0,21.8,7,1,66.0,4.68,0.77,2.46,0,ROUTINE
TMS-ECR-00486,JUC-ADI,ECR,13.4,21.3,23,3,77.1,4.48,0.25,1.82,0,ROUTINE
TMS-SER-00487,BWN-AZ,SER,12.3,20.4,14,4,64.2,8.82,1.21,1.05,0,ROUTINE
TMS-NWR-00488,AZ-MGS,NWR,14.7,17.0,7,2,56.3,3.85,0.64,3.3,0,ROUTINE
TMS-NR-00489,NGP-BZA,NR,32.7,19.3,5,4,45.0,9.34,2.37,2.96,0,ROUTINE
TMS-NFR-00490,ALD-CNB,NFR,13.7,11.8,37,3,71.1,7.65,1.15,1.38,0,ROUTINE
TMS-SECR-00491,ALD-CNB,SECR,16.9,16.8,28,0,57.9,4.48,3.58,1.93,0,ROUTINE
TMS-CR-00492,CBE-TVC,CR,6.6,20.3,64,2,71.7,2.75,2.73,1.1,0,ROUTINE
TMS-SWR-00493,KYN-IGP,SWR,25.3,25.0,7,7,42.4,6.53,3.68,2.99,1,URGENT
TMS-NR-00494,LDH-ASR,NR,23.9,23.8,65,1,54.7,6.62,0.53,3.4,0,ROUTINE
TMS-WR-00495,NDLS-UMB,WR,5.5,13.6,30,0,82.1,7.96,3.5,0.86,0,ROUTINE
TMS-ECR-00496,NDLS-AGC,ECR,3.9,26.3,10,3,69.5,3.81,3.02,1.68,0,ROUTINE
TMS-SER-00497,AZ-MGS,SER,21.5,23.3,11,3,51.5,5.28,1.48,2.73,0,ROUTINE
TMS-CR-00498,BZA-MAS,CR,17.8,39.5,17,6,47.5,6.15,3.62,2.4,1,URGENT
TMS-ECoR-00499,ADI-BRC,ECoR,6.1,12.2,21,5,76.2,2.76,0.08,1.23,0,ROUTINE
TMS-WR-00500,AGC-JHS,WR,9.9,21.0,5,3,82.4,3.57,2.31,1.58,0,ROUTINE
TMS-SECR-00501,KZJ-BZA,SECR,13.0,33.5,64,2,63.0,4.75,0.24,1.47,0,ROUTINE
TMS-NR-00502,ST-BCT,NR,8.3,19.7,5,6,95.9,3.21,0.63,0.86,1,URGENT
TMS-WCR-00503,JUC-ADI,WCR,9.8,15.4,23,1,83.7,2.92,1.96,1.8,0,ROUTINE
TMS-NER-00504,CNB-NDLS,NER,17.1,16.0,16,4,72.9,4.3,0.35,3.25,0,ROUTINE
TMS-CR-00505,SC-KZJ,CR,18.8,30.4,25,1,57.8,16.54,0.39,2.8,0,ROUTINE
TMS-WCR-00506,NGP-BZA,WCR,18.5,12.0,76,2,77.5,4.91,0.36,0.43,0,ROUTINE
TMS-ECR-00507,BZA-MAS,ECR,22.8,19.4,158,2,66.1,7.12,0.91,2.82,0,ROUTINE
TMS-WCR-00508,BZA-MAS,WCR,12.6,15.6,5,3,75.1,3.5,0.13,0.85,0,ROUTINE
TMS-ER-00509,BCT-RTM,ER,29.3,16.1,17,0,26.0,9.47,3.26,2.77,1,URGENT
TMS-NWR-00510,NDLS-UMB,NWR,12.9,26.5,59,0,51.2,4.68,1.96,3.04,0,ROUTINE
TMS-SR-00511,BCT-RTM,SR,19.1,19.0,13,2,56.0,12.48,1.08,1.93,0,ROUTINE
TMS-WR-00512,AZ-MGS,WR,15.4,24.4,36,1,66.5,7.89,0.13,2.45,0,ROUTINE
TMS-NCR-00513,SC-KZJ,NCR,22.7,13.5,170,7,47.8,10.51,0.2,2.34,1,URGENT
TMS-SR-00514,CSTM-KYN,SR,19.0,30.9,36,5,59.4,7.53,0.16,2.89,0,ROUTINE
TMS-ECR-00515,SC-KZJ,ECR,25.8,24.2,5,1,50.1,7.95,0.02,2.2,0,ROUTINE
TMS-NFR-00516,AWB-SC,NFR,16.3,36.4,64,7,56.3,9.04,1.65,2.89,0,ROUTINE
TMS-SWR-00517,BCT-RTM,SWR,21.1,18.9,119,1,59.4,7.19,1.07,3.07,0,ROUTINE
TMS-NFR-00518,JHS-BPL,NFR,17.0,26.6,43,0,42.0,6.54,0.72,1.78,0,ROUTINE
TMS-ER-00519,BCT-RTM,ER,36.0,30.4,19,6,43.5,8.72,0.64,4.73,1,URGENT
TMS-WCR-00520,BZA-MAS,WCR,24.2,26.4,103,2,47.6,6.25,0.93,2.53,1,URGENT
TMS-WR-00521,ST-BCT,WR,27.8,43.8,121,3,37.8,10.72,0.97,4.46,1,URGENT
TMS-NCR-00522,ED-CBE,NCR,16.7,11.4,95,8,70.1,4.39,0.22,1.4,1,URGENT
TMS-NER-00523,LTT-NED,NER,14.7,23.8,18,3,61.2,4.24,1.14,1.59,0,ROUTINE
TMS-ER-00524,AWB-SC,ER,34.4,18.9,54,10,39.7,7.98,0.07,3.83,1,URGENT
TMS-WR-00525,KYN-IGP,WR,8.6,18.3,37,1,69.9,4.9,4.19,1.64,0,ROUTINE
TMS-SCR-00526,LTT-NED,SCR,13.4,40.3,6,8,59.0,5.28,1.88,1.94,1,URGENT
TMS-SR-00527,NDLS-AGC,SR,7.7,17.3,26,4,80.4,4.98,0.01,1.81,0,ROUTINE
TMS-ER-00528,BWN-AZ,ER,21.8,31.2,48,3,49.4,6.27,0.51,2.35,1,URGENT
TMS-SR-00529,HWH-BWN,SR,13.8,14.6,79,3,72.5,3.74,6.09,1.47,1,URGENT
TMS-CR-00530,KYN-IGP,CR,17.7,33.4,69,3,61.9,6.98,0.07,2.86,0,ROUTINE
TMS-NFR-00531,AWB-SC,NFR,27.5,22.0,5,1,57.0,6.71,0.24,2.7,0,ROUTINE
TMS-CR-00532,AZ-MGS,CR,11.6,19.8,23,4,88.9,4.52,0.97,2.15,0,ROUTINE
TMS-NWR-00533,KYN-IGP,NWR,14.8,12.0,22,3,77.0,4.62,0.65,1.96,0,ROUTINE
TMS-SCR-00534,BRC-ST,SCR,9.4,19.8,80,7,73.6,8.07,6.32,1.54,1,URGENT
TMS-NCR-00535,LTT-NED,NCR,20.4,16.9,5,5,51.9,4.87,1.16,1.16,0,ROUTINE
TMS-WCR-00536,BZA-MAS,WCR,12.0,44.7,46,0,55.6,6.62,4.25,3.37,0,ROUTINE
TMS-NER-00537,CBE-TVC,NER,9.6,22.7,33,0,63.4,6.34,0.71,1.72,0,ROUTINE
TMS-SECR-00538,HWH-BWN,SECR,21.9,17.5,89,1,56.1,5.14,0.48,2.21,0,ROUTINE
TMS-SR-00539,BPL-NGP,SR,20.3,17.2,21,2,63.3,4.59,0.51,2.37,0,ROUTINE
TMS-NER-00540,JHS-BPL,NER,11.9,12.9,37,6,78.7,2.85,1.52,1.98,1,URGENT
TMS-SR-00541,BRC-ST,SR,9.0,40.8,126,2,67.6,4.83,1.39,2.52,0,ROUTINE
TMS-ECR-00542,HWH-BWN,ECR,9.8,36.7,47,1,68.6,5.05,1.21,2.38,0,ROUTINE
TMS-ER-00543,LDH-ASR,ER,29.0,21.6,5,0,48.2,7.13,0.31,2.38,0,ROUTINE
TMS-NWR-00544,ADI-BRC,NWR,19.5,53.1,6,3,54.0,8.97,0.46,2.84,0,ROUTINE
TMS-NFR-00545,JUC-ADI,NFR,9.5,22.1,60,3,67.3,3.64,0.51,1.53,0,ROUTINE
TMS-SECR-00546,BCT-RTM,SECR,16.2,34.4,14,7,53.0,5.81,3.02,2.97,1,URGENT
TMS-SER-00547,ASR-JUC,SER,10.0,27.8,42,1,83.5,6.13,2.55,2.48,0,ROUTINE
TMS-SR-00548,LTT-NED,SR,24.1,17.6,42,0,49.7,9.82,0.34,3.4,0,ROUTINE
TMS-NER-00549,KYN-IGP,NER,23.8,23.9,177,3,63.1,5.77,0.24,3.97,0,ROUTINE
TMS-NWR-00550,NGP-BZA,NWR,11.8,25.8,22,8,79.7,5.11,0.16,1.86,1,URGENT
TMS-ECoR-00551,ASR-JUC,ECoR,12.2,13.2,46,2,70.5,3.59,0.11,1.72,0,ROUTINE
TMS-SECR-00552,AZ-MGS,SECR,5.1,24.9,5,2,81.9,4.26,6.26,1.51,1,URGENT
TMS-ECoR-00553,MGS-ALD,ECoR,10.8,35.0,21,9,71.0,4.67,2.5,1.99,1,URGENT
TMS-CR-00554,UMB-LDH,CR,43.9,16.8,7,2,41.0,8.56,0.03,4.76,0,ROUTINE
TMS-NFR-00555,UMB-LDH,NFR,14.5,20.4,64,5,67.7,6.27,0.01,2.42,0,ROUTINE
TMS-WCR-00556,BZA-MAS,WCR,21.1,14.2,64,3,60.5,7.72,1.76,2.18,0,ROUTINE
TMS-SWR-00557,NDLS-UMB,SWR,7.9,18.3,9,1,85.1,4.59,0.56,0.91,0,ROUTINE
TMS-WCR-00558,AZ-MGS,WCR,34.5,18.9,13,2,32.9,12.47,0.16,2.93,0,ROUTINE
TMS-SWR-00559,JUC-ADI,SWR,13.7,41.7,42,1,58.7,7.51,0.94,2.42,0,ROUTINE
TMS-SER-00560,BZA-MAS,SER,8.8,19.6,46,2,59.7,5.63,0.03,1.65,0,ROUTINE
TMS-ECR-00561,BPL-NGP,ECR,20.9,18.0,37,1,78.3,5.46,0.83,2.09,0,ROUTINE
TMS-NER-00562,LTT-NED,NER,36.7,21.4,180,2,47.1,7.59,0.41,3.89,0,ROUTINE
TMS-WR-00563,MGS-ALD,WR,20.2,11.2,71,1,64.0,6.07,0.46,1.89,0,ROUTINE
TMS-SER-00564,ST-BCT,SER,31.0,8.6,18,4,41.8,10.37,0.51,2.71,0,ROUTINE
TMS-ER-00565,ADI-BRC,ER,16.8,12.8,13,6,60.6,11.57,0.55,2.04,1,URGENT
TMS-ER-00566,ST-BCT,ER,7.4,25.3,31,4,80.9,4.33,0.03,1.52,0,ROUTINE
TMS-WCR-00567,AGC-JHS,WCR,5.0,22.2,59,4,74.2,4.08,1.27,0.73,0,ROUTINE
TMS-NER-00568,BWN-AZ,NER,14.2,31.4,22,0,53.4,5.39,1.19,2.14,0,ROUTINE
TMS-WR-00569,KYN-IGP,WR,4.9,12.1,46,2,75.7,3.94,1.58,1.23,0,ROUTINE
TMS-NCR-00570,KYN-IGP,NCR,12.7,20.5,5,1,71.6,6.44,0.26,1.98,0,ROUTINE
TMS-ECR-00571,CNB-NDLS,ECR,13.6,11.7,91,2,75.7,3.06,7.89,1.59,1,URGENT
TMS-NWR-00572,HWH-BWN,NWR,7.9,24.7,52,0,91.4,6.91,0.22,1.53,0,ROUTINE
TMS-SR-00573,AGC-JHS,SR,3.7,12.8,17,4,82.8,3.02,2.5,0.38,0,ROUTINE
TMS-WR-00574,AGC-JHS,WR,15.3,20.1,16,4,71.5,5.64,0.37,1.3,0,ROUTINE
TMS-SWR-00575,UMB-LDH,SWR,7.4,24.1,5,3,71.3,3.5,0.87,1.71,0,ROUTINE
TMS-SECR-00576,ED-CBE,SECR,15.4,19.0,59,3,60.5,3.85,0.59,1.89,0,ROUTINE
TMS-NCR-00577,AWB-SC,NCR,12.7,9.0,51,2,80.1,8.71,0.55,1.5,0,ROUTINE
TMS-SR-00578,CSTM-KYN,SR,8.8,43.2,34,2,73.4,10.05,1.0,2.89,0,ROUTINE
TMS-SR-00579,ED-CBE,SR,6.8,18.2,5,1,79.4,5.45,0.41,0.75,1,URGENT
TMS-NCR-00580,BCT-RTM,NCR,27.6,11.7,10,8,42.4,6.36,1.19,1.13,1,URGENT
TMS-CR-00581,BPL-NGP,CR,20.8,30.1,21,8,60.0,6.29,0.43,3.15,1,URGENT
TMS-ECoR-00582,KZJ-BZA,ECoR,21.1,30.6,10,2,57.3,5.95,5.41,3.58,1,URGENT
TMS-SR-00583,BCT-RTM,SR,28.1,19.7,19,1,53.0,5.96,0.41,2.96,0,ROUTINE
TMS-NCR-00584,NDLS-AGC,NCR,20.1,41.0,8,0,63.6,7.52,2.17,3.2,1,URGENT
TMS-WR-00585,KYN-IGP,WR,16.9,16.5,15,8,59.5,7.0,0.95,1.81,1,URGENT
TMS-NCR-00586,MAS-ED,NCR,13.0,23.8,36,6,74.7,6.44,0.06,2.27,1,URGENT
TMS-SCR-00587,BWN-AZ,SCR,10.2,27.2,78,1,76.2,6.53,0.25,1.28,0,ROUTINE
TMS-SER-00588,ADI-BRC,SER,12.2,40.7,17,0,61.2,5.34,3.96,3.24,0,ROUTINE
TMS-NR-00589,ALD-CNB,NR,9.6,10.2,41,3,81.2,6.23,2.57,1.24,0,ROUTINE
TMS-CR-00590,LDH-ASR,CR,14.7,55.5,5,5,53.7,9.9,0.23,3.27,0,ROUTINE
TMS-NFR-00591,AZ-MGS,NFR,24.9,35.5,27,1,49.9,6.77,0.08,3.11,1,URGENT
TMS-NR-00592,NDLS-UMB,NR,17.3,26.6,89,1,54.4,5.6,0.25,2.91,0,ROUTINE
TMS-SER-00593,ST-BCT,SER,15.3,16.1,5,11,76.7,4.52,1.32,1.76,0,ROUTINE
TMS-SER-00594,NDLS-UMB,SER,18.0,15.6,10,3,69.7,6.6,1.51,2.8,0,ROUTINE
TMS-SER-00595,LTT-NED,SER,14.8,24.9,5,2,60.6,8.15,0.71,2.6,0,ROUTINE
TMS-NR-00596,CBE-TVC,NR,21.7,27.0,26,0,57.4,6.36,0.49,3.48,1,URGENT
TMS-NER-00597,NGP-BZA,NER,9.1,25.7,39,3,77.4,3.7,0.35,1.65,0,ROUTINE
TMS-ECoR-00598,CSTM-KYN,ECoR,4.5,23.7,5,3,85.0,2.74,0.87,1.57,0,ROUTINE
TMS-NCR-00599,BPL-NGP,NCR,13.6,26.4,5,1,66.3,6.19,0.03,2.25,0,ROUTINE
TMS-SECR-00600,NGP-BZA,SECR,18.3,9.3,71,2,60.5,4.87,0.01,1.7,0,ROUTINE
TMS-WCR-00601,BRC-ST,WCR,4.9,20.0,21,2,76.0,6.98,2.4,0.67,0,ROUTINE
TMS-ECoR-00602,BRC-ST,ECoR,16.5,12.8,21,4,82.2,9.64,1.13,2.94,0,ROUTINE
TMS-SWR-00603,CSTM-KYN,SWR,23.3,21.8,101,2,54.7,9.81,2.28,2.47,1,URGENT
TMS-WR-00604,KYN-IGP,WR,8.2,37.4,13,5,76.9,4.38,0.18,2.5,0,ROUTINE
TMS-ECR-00605,CNB-NDLS,ECR,19.5,15.4,79,2,63.7,4.83,2.53,2.73,1,URGENT
TMS-NER-00606,LDH-ASR,NER,6.9,16.7,128,2,72.9,2.92,3.84,0.87,0,ROUTINE
TMS-NFR-00607,CSTM-KYN,NFR,26.6,15.8,9,3,56.7,5.4,1.14,2.09,0,ROUTINE
TMS-ECoR-00608,BRC-ST,ECoR,7.0,16.7,25,2,81.9,7.39,0.17,1.44,0,ROUTINE
TMS-WCR-00609,ED-CBE,WCR,13.3,27.7,26,5,73.6,8.71,0.2,1.95,0,ROUTINE
TMS-SECR-00610,AGC-JHS,SECR,20.4,30.4,70,0,52.7,6.48,0.32,2.46,1,URGENT
TMS-ER-00611,UMB-LDH,ER,13.2,40.0,12,4,56.1,11.55,0.31,2.39,0,ROUTINE
TMS-SER-00612,ED-CBE,SER,1.8,14.8,55,6,74.5,3.11,4.35,0.91,1,URGENT
TMS-SR-00613,HWH-BWN,SR,15.3,29.2,123,1,68.4,5.77,2.42,1.65,0,ROUTINE
TMS-SWR-00614,ADI-BRC,SWR,8.3,31.2,64,11,74.6,5.34,0.57,1.82,1,CRITICAL
TMS-ECR-00615,NDLS-UMB,ECR,9.1,43.0,83,3,60.4,5.9,2.54,1.85,0,ROUTINE
TMS-CR-00616,NGP-BZA,CR,22.8,15.3,43,2,61.7,5.33,2.22,3.13,0,ROUTINE
TMS-NFR-00617,ADI-BRC,NFR,29.7,10.0,82,4,42.4,5.65,0.66,2.71,0,ROUTINE
TMS-WR-00618,ASR-JUC,WR,17.1,19.9,6,2,80.8,5.39,0.05,2.76,0,ROUTINE
TMS-ECR-00619,ST-BCT,ECR,16.3,60.0,43,9,31.1,8.76,0.01,4.2,1,URGENT
TMS-SER-00620,JHS-BPL,SER,2.4,14.3,46,2,85.5,4.95,0.59,0.81,0,ROUTINE
TMS-SR-00621,LTT-NED,SR,36.8,27.0,20,0,28.8,8.96,0.07,4.36,1,URGENT
TMS-NER-00622,AWB-SC,NER,16.0,9.1,5,7,68.9,6.67,0.19,1.94,1,URGENT
TMS-SR-00623,AWB-SC,SR,16.6,45.9,34,6,51.5,12.35,0.44,3.67,1,URGENT
TMS-NR-00624,CSTM-KYN,NR,10.6,10.5,5,5,78.6,4.99,0.3,1.22,0,ROUTINE
TMS-SR-00625,BPL-NGP,SR,15.8,8.5,16,2,73.3,3.31,0.23,1.73,0,ROUTINE
TMS-NR-00626,CBE-TVC,NR,23.4,23.1,17,1,50.9,6.6,0.46,2.28,0,ROUTINE
TMS-SWR-00627,NDLS-UMB,SWR,32.4,23.3,180,0,33.4,10.61,2.0,3.1,0,ROUTINE
TMS-NER-00628,LDH-ASR,NER,16.6,39.2,12,5,57.5,6.98,0.88,3.21,0,ROUTINE
TMS-WR-00629,UMB-LDH,WR,4.3,31.2,60,0,93.8,6.47,1.63,1.84,0,ROUTINE
TMS-NWR-00630,ADI-BRC,NWR,12.0,10.0,5,2,67.0,5.59,3.96,0.9,0,ROUTINE
TMS-SER-00631,AGC-JHS,SER,13.3,20.9,26,2,66.2,4.02,0.0,1.92,0,ROUTINE
TMS-NR-00632,MGS-ALD,NR,27.0,16.8,26,2,55.5,6.19,4.53,2.2,0,ROUTINE
TMS-CR-00633,NDLS-AGC,CR,12.8,13.0,34,0,85.1,5.85,0.49,0.82,0,ROUTINE
TMS-SR-00634,ASR-JUC,SR,39.3,26.4,58,1,54.4,8.35,0.51,4.31,1,URGENT
TMS-SR-00635,ST-BCT,SR,8.9,33.7,50,1,79.2,5.13,1.49,1.73,0,ROUTINE
TMS-CR-00636,MAS-ED,CR,7.8,16.1,50,1,74.3,2.75,0.67,1.4,0,ROUTINE
TMS-WR-00637,BWN-AZ,WR,20.8,19.4,19,0,66.1,5.21,0.13,2.22,0,ROUTINE
TMS-ER-00638,JHS-BPL,ER,14.6,20.0,45,1,71.2,4.46,1.86,1.61,0,ROUTINE
TMS-WCR-00639,ALD-CNB,WCR,8.8,17.0,23,1,70.6,4.19,0.3,2.01,0,ROUTINE
TMS-SWR-00640,ALD-CNB,SWR,6.6,18.7,5,0,77.3,7.34,3.98,1.64,0,ROUTINE
TMS-NCR-00641,CNB-NDLS,NCR,12.4,17.0,77,4,58.4,4.19,6.62,1.38,0,ROUTINE
TMS-WCR-00642,BCT-RTM,WCR,34.4,23.3,77,0,23.0,10.82,0.3,4.35,1,URGENT
TMS-NWR-00643,JHS-BPL,NWR,5.6,17.6,13,2,77.3,4.62,2.1,0.64,0,ROUTINE
TMS-NFR-00644,JHS-BPL,NFR,15.6,26.3,85,1,64.5,7.48,7.21,1.78,1,URGENT
TMS-SECR-00645,BWN-AZ,SECR,12.9,17.5,49,3,80.2,6.21,4.66,1.25,0,ROUTINE
TMS-NR-00646,MAS-ED,NR,11.5,28.8,17,1,65.7,4.75,1.25,1.78,1,URGENT
TMS-CR-00647,ADI-BRC,CR,26.1,17.4,14,6,45.0,5.85,0.56,2.34,1,URGENT
TMS-WCR-00648,JUC-ADI,WCR,27.0,28.3,129,7,61.0,13.91,0.02,3.17,1,URGENT
TMS-SECR-00649,SC-KZJ,SECR,11.4,15.8,43,6,66.1,5.65,3.43,1.11,1,URGENT
TMS-NER-00650,BWN-AZ,NER,16.8,31.6,16,8,51.3,5.96,0.05,2.33,1,URGENT
TMS-WCR-00651,AZ-MGS,WCR,26.2,10.9,35,5,51.7,6.42,1.29,2.49,1,URGENT
TMS-WR-00652,AWB-SC,WR,19.5,22.1,29,2,72.2,7.68,0.31,2.86,0,ROUTINE
TMS-NR-00653,ALD-CNB,NR,12.0,17.7,26,1,78.9,3.33,0.42,1.84,0,ROUTINE
TMS-NCR-00654,ST-BCT,NCR,45.0,21.8,36,2,16.9,8.7,0.04,5.08,1,URGENT
TMS-SECR-00655,ALD-CNB,SECR,31.1,13.8,26,1,45.0,5.82,0.06,2.99,0,ROUTINE
TMS-NER-00656,CNB-NDLS,NER,8.1,20.5,37,5,76.8,3.21,0.65,1.37,0,ROUTINE
TMS-ECR-00657,ADI-BRC,ECR,20.2,14.2,83,4,48.7,4.42,3.15,2.93,0,ROUTINE
TMS-SER-00658,AZ-MGS,SER,5.4,20.2,175,4,84.8,3.67,1.25,1.66,0,ROUTINE
TMS-SR-00659,BPL-NGP,SR,10.3,19.4,43,9,74.9,3.77,1.16,2.11,1,URGENT
TMS-WCR-00660,NDLS-AGC,WCR,9.0,25.3,92,1,72.3,3.47,1.45,2.79,0,ROUTINE
TMS-ECR-00661,AZ-MGS,ECR,27.7,22.8,68,0,49.3,7.17,1.15,2.67,0,ROUTINE
TMS-NR-00662,NDLS-AGC,NR,24.7,47.1,12,0,45.7,9.2,0.54,3.03,1,URGENT
TMS-NCR-00663,JUC-ADI,NCR,12.6,18.1,94,0,71.7,4.26,3.18,1.9,0,ROUTINE
TMS-NWR-00664,JUC-ADI,NWR,9.4,21.1,5,4,74.1,3.7,0.97,1.64,0,ROUTINE
TMS-SECR-00665,AWB-SC,SECR,9.7,60.0,14,2,61.7,7.25,2.1,2.72,0,ROUTINE
TMS-SWR-00666,ALD-CNB,SWR,6.1,20.3,35,3,71.4,4.01,3.65,1.44,0,ROUTINE
TMS-SER-00667,ALD-CNB,SER,12.4,32.5,26,2,54.9,5.61,0.01,2.19,0,ROUTINE
TMS-NR-00668,UMB-LDH,NR,18.6,28.0,27,10,56.8,5.23,0.98,2.75,1,URGENT
TMS-WR-00669,CSTM-KYN,WR,9.3,56.5,55,3,63.8,7.14,1.39,3.34,0,ROUTINE
TMS-CR-00670,ADI-BRC,CR,23.0,12.5,7,5,58.6,7.0,1.05,2.74,0,ROUTINE
TMS-SWR-00671,KYN-IGP,SWR,16.4,12.0,140,3,77.5,6.85,3.49,2.13,0,ROUTINE
TMS-SWR-00672,CBE-TVC,SWR,15.3,14.2,20,4,68.0,4.59,4.22,0.52,0,ROUTINE
TMS-SWR-00673,CBE-TVC,SWR,11.3,23.8,104,3,84.1,13.76,0.22,2.23,0,ROUTINE
TMS-ECoR-00674,NGP-BZA,ECoR,25.1,14.9,16,6,53.7,8.66,0.54,2.1,1,URGENT
TMS-NR-00675,JUC-ADI,NR,15.9,9.5,32,1,76.9,3.63,0.46,1.63,0,ROUTINE
TMS-SER-00676,NDLS-AGC,SER,14.4,15.3,20,2,76.7,4.6,1.03,1.94,0,ROUTINE
TMS-WCR-00677,BWN-AZ,WCR,13.4,25.7,39,4,70.6,4.77,0.72,2.59,0,ROUTINE
TMS-SR-00678,NDLS-UMB,SR,9.0,15.5,7,0,79.8,4.19,0.67,1.17,0,ROUTINE
TMS-SR-00679,AGC-JHS,SR,19.4,35.1,17,0,51.7,6.23,1.15,3.0,0,ROUTINE
TMS-WCR-00680,LDH-ASR,WCR,18.0,14.2,5,4,69.4,3.91,1.01,1.86,0,ROUTINE
TMS-NR-00681,AWB-SC,NR,10.8,22.3,31,0,81.1,8.1,0.94,1.76,0,ROUTINE
TMS-NER-00682,CBE-TVC,NER,18.4,19.0,115,1,72.9,5.75,0.18,2.15,0,ROUTINE
TMS-ECoR-00683,ST-BCT,ECoR,20.4,23.9,5,1,52.3,9.9,1.16,2.95,0,ROUTINE
TMS-CR-00684,BPL-NGP,CR,10.7,24.9,37,12,64.9,3.85,0.09,2.56,1,CRITICAL
TMS-SWR-00685,NGP-BZA,SWR,17.4,41.8,52,1,44.2,6.28,1.44,2.32,0,ROUTINE
TMS-SWR-00686,KYN-IGP,SWR,11.7,29.3,8,1,57.9,4.61,1.47,2.65,0,ROUTINE
TMS-NR-00687,LDH-ASR,NR,11.7,18.8,11,0,76.5,4.48,0.45,2.18,0,ROUTINE
TMS-NER-00688,MGS-ALD,NER,15.8,28.4,7,3,66.8,8.88,0.22,2.59,0,ROUTINE
TMS-SR-00689,CNB-NDLS,SR,10.2,30.0,12,0,79.8,6.03,2.4,3.59,0,ROUTINE
TMS-SR-00690,JHS-BPL,SR,15.0,50.3,5,4,52.8,6.39,2.21,3.09,0,ROUTINE
TMS-NCR-00691,LTT-NED,NCR,18.4,20.8,16,0,59.3,5.47,4.38,2.0,0,ROUTINE
TMS-NR-00692,JUC-ADI,NR,6.1,21.5,16,5,95.2,5.2,0.89,2.56,0,ROUTINE
TMS-ECoR-00693,MGS-ALD,ECoR,20.6,37.5,57,0,47.9,6.87,0.57,2.27,1,URGENT
TMS-ER-00694,MGS-ALD,ER,26.5,10.0,56,1,44.6,6.13,0.54,1.73,0,ROUTINE
TMS-ECoR-00695,AWB-SC,ECoR,18.1,20.5,55,1,57.3,6.84,0.3,2.67,0,ROUTINE
TMS-WR-00696,BRC-ST,WR,21.7,29.3,29,0,45.5,12.3,0.65,3.04,1,URGENT
TMS-SR-00697,MAS-ED,SR,5.1,33.7,13,1,83.2,4.27,0.21,1.11,1,URGENT
TMS-SR-00698,KZJ-BZA,SR,38.3,9.2,18,4,31.6,9.21,3.08,3.84,0,ROUTINE
TMS-ECR-00699,UMB-LDH,ECR,25.3,13.0,13,1,67.2,7.59,0.64,2.38,0,ROUTINE
TMS-SR-00700,MAS-ED,SR,16.2,8.2,30,2,71.9,4.65,1.19,0.68,0,ROUTINE
TMS-WCR-00701,JUC-ADI,WCR,24.7,31.5,97,0,49.4,9.58,0.1,3.56,1,URGENT
TMS-CR-00702,ED-CBE,CR,7.7,24.1,11,1,83.9,4.62,0.49,2.07,0,ROUTINE
TMS-NFR-00703,NGP-BZA,NFR,22.4,39.2,21,6,55.3,8.46,0.38,2.71,1,URGENT
TMS-NR-00704,CNB-NDLS,NR,12.0,22.5,37,0,68.5,7.23,3.27,1.12,0,ROUTINE
TMS-SECR-00705,SC-KZJ,SECR,12.3,54.4,65,1,63.2,7.49,0.3,1.88,0,ROUTINE
TMS-ECoR-00706,BPL-NGP,ECoR,6.2,15.2,10,6,84.8,3.45,2.38,1.05,1,URGENT
TMS-WCR-00707,UMB-LDH,WCR,27.9,19.2,11,1,52.2,7.51,0.5,2.75,0,ROUTINE
TMS-NFR-00708,CSTM-KYN,NFR,16.7,26.2,75,5,48.8,7.86,0.36,2.08,0,ROUTINE
TMS-WCR-00709,ALD-CNB,WCR,26.6,16.7,5,2,57.2,5.6,0.01,3.31,0,ROUTINE
TMS-NER-00710,KZJ-BZA,NER,15.9,26.2,32,1,55.2,7.43,0.52,2.06,0,ROUTINE
TMS-ER-00711,AZ-MGS,ER,11.7,21.2,68,2,82.7,4.15,0.11,1.11,0,ROUTINE
TMS-CR-00712,ALD-CNB,CR,15.1,20.7,89,1,83.9,4.07,0.67,1.97,1,URGENT
TMS-SER-00713,AWB-SC,SER,10.1,21.1,5,8,63.7,6.35,0.08,1.79,1,URGENT
TMS-WCR-00714,ST-BCT,WCR,19.2,29.4,16,6,68.3,5.55,0.1,2.14,1,URGENT
TMS-WCR-00715,ED-CBE,WCR,19.3,19.4,10,0,65.6,4.93,0.66,1.72,0,ROUTINE
TMS-SCR-00716,CBE-TVC,SCR,9.2,14.2,29,5,74.8,4.97,0.89,1.81,0,ROUTINE
TMS-ECoR-00717,HWH-BWN,ECoR,21.4,22.8,35,1,43.3,6.7,0.61,1.8,0,ROUTINE
TMS-NFR-00718,MGS-ALD,NFR,21.3,17.2,180,1,34.3,9.63,0.04,1.9,1,URGENT
TMS-SER-00719,HWH-BWN,SER,11.5,14.9,25,2,84.6,9.09,0.29,1.08,0,ROUTINE
TMS-ER-00720,MAS-ED,ER,13.3,11.1,28,4,84.4,3.64,4.2,1.44,0,ROUTINE
TMS-ECR-00721,SC-KZJ,ECR,19.6,32.2,18,0,49.9,6.3,1.27,3.13,0,ROUTINE
TMS-SER-00722,BRC-ST,SER,7.2,28.9,5,0,68.3,3.86,2.89,1.88,0,ROUTINE
TMS-CR-00723,SC-KZJ,CR,23.5,39.0,12,4,45.4,8.1,0.08,3.42,1,URGENT
TMS-CR-00724,ASR-JUC,CR,23.4,22.2,9,2,53.2,6.24,0.01,3.77,0,ROUTINE
TMS-SECR-00725,ADI-BRC,SECR,22.3,34.2,56,3,57.2,6.11,2.28,2.98,1,URGENT
TMS-ECR-00726,BPL-NGP,ECR,11.2,15.2,27,1,75.6,3.9,0.73,0.71,0,ROUTINE
TMS-SCR-00727,JUC-ADI,SCR,22.5,10.3,12,4,69.0,4.33,0.69,2.46,0,ROUTINE
TMS-NR-00728,KZJ-BZA,NR,13.1,16.4,23,3,66.7,6.49,0.41,1.66,0,ROUTINE
TMS-SER-00729,JHS-BPL,SER,25.0,20.4,8,3,54.0,10.67,0.26,2.76,0,ROUTINE
TMS-ECR-00730,NGP-BZA,ECR,8.9,25.6,7,8,79.3,4.08,2.64,1.55,1,URGENT
TMS-CR-00731,NDLS-AGC,CR,16.5,37.1,68,5,54.1,7.55,0.1,2.96,0,ROUTINE
TMS-CR-00732,JHS-BPL,CR,6.9,25.3,101,8,76.3,3.24,1.03,2.27,1,URGENT
TMS-NFR-00733,KZJ-BZA,NFR,10.5,54.8,5,0,72.5,6.86,0.67,3.78,0,ROUTINE
TMS-SR-00734,LDH-ASR,SR,9.9,23.3,50,1,84.5,5.06,0.48,2.78,0,ROUTINE
TMS-SCR-00735,ADI-BRC,SCR,10.4,23.1,21,5,63.4,3.63,2.15,2.11,0,ROUTINE
TMS-SER-00736,ED-CBE,SER,9.2,25.4,17,5,75.9,4.36,3.17,2.48,0,ROUTINE
TMS-SECR-00737,ST-BCT,SECR,11.4,25.8,40,2,54.3,9.99,0.33,2.24,0,ROUTINE
TMS-SECR-00738,BPL-NGP,SECR,9.0,25.7,10,0,77.3,3.77,0.12,1.56,1,URGENT
TMS-SER-00739,AGC-JHS,SER,26.2,13.6,5,4,47.1,6.95,0.71,3.57,0,ROUTINE
TMS-WR-00740,ST-BCT,WR,6.6,31.2,8,0,72.9,7.07,0.87,1.54,0,ROUTINE
TMS-SWR-00741,LDH-ASR,SWR,14.0,60.0,7,3,53.7,9.85,0.08,3.37,0,ROUTINE
TMS-ER-00742,LDH-ASR,ER,15.2,15.6,5,2,71.6,6.48,0.95,2.12,0,ROUTINE
TMS-SECR-00743,CSTM-KYN,SECR,9.4,21.8,13,1,68.5,3.28,4.53,1.69,0,ROUTINE
TMS-ECR-00744,BPL-NGP,ECR,14.2,12.8,22,0,61.6,10.42,0.73,1.09,0,ROUTINE
TMS-ER-00745,JHS-BPL,ER,26.2,30.0,46,7,49.1,8.93,3.45,3.92,1,URGENT
TMS-ECR-00746,AGC-JHS,ECR,26.6,30.0,13,4,39.4,12.56,2.83,3.09,1,URGENT
TMS-NER-00747,ASR-JUC,NER,14.0,12.2,7,2,70.9,10.83,0.86,2.2,0,ROUTINE
TMS-CR-00748,BWN-AZ,CR,15.7,13.1,9,0,60.1,4.29,1.84,1.81,0,ROUTINE
TMS-SR-00749,UMB-LDH,SR,28.3,9.7,77,3,34.3,6.59,0.35,2.65,0,ROUTINE
TMS-NFR-00750,CNB-NDLS,NFR,17.5,41.6,8,1,57.9,8.57,0.22,2.83,0,ROUTINE
TMS-SECR-00751,LDH-ASR,SECR,23.5,15.9,73,0,53.1,8.58,0.0,2.81,1,URGENT
TMS-SR-00752,ALD-CNB,SR,6.6,21.0,20,2,73.4,9.75,0.11,1.12,0,ROUTINE
TMS-SR-00753,UMB-LDH,SR,9.1,19.2,95,5,87.8,10.24,1.48,3.09,1,URGENT
TMS-SR-00754,AWB-SC,SR,7.1,33.0,18,5,79.3,4.5,3.25,2.4,0,ROUTINE
TMS-SWR-00755,NGP-BZA,SWR,29.7,28.9,6,2,44.2,9.05,5.71,4.08,1,URGENT
TMS-ER-00756,BCT-RTM,ER,8.6,28.3,27,8,73.7,3.87,0.99,1.24,1,URGENT
TMS-ECR-00757,CNB-NDLS,ECR,15.2,16.0,31,2,58.5,6.89,0.23,2.29,0,ROUTINE
TMS-NWR-00758,BCT-RTM,NWR,17.0,29.2,35,3,64.3,5.23,0.0,2.74,1,URGENT
TMS-NER-00759,CBE-TVC,NER,12.6,32.2,18,10,75.1,8.89,6.29,2.0,1,URGENT
TMS-ECoR-00760,ASR-JUC,ECoR,7.4,28.8,5,2,74.2,11.15,2.55,2.79,0,ROUTINE
TMS-SR-00761,ST-BCT,SR,30.0,13.3,34,0,57.7,5.74,1.11,2.33,0,ROUTINE
TMS-NR-00762,ASR-JUC,NR,17.8,14.1,94,2,59.3,5.23,0.42,1.58,0,ROUTINE
TMS-ER-00763,BRC-ST,ER,22.7,44.5,110,4,31.7,7.58,1.09,3.59,0,ROUTINE
TMS-SECR-00764,NDLS-UMB,SECR,14.1,48.3,31,3,49.8,7.25,2.74,3.79,0,ROUTINE
TMS-SCR-00765,BZA-MAS,SCR,10.3,21.6,5,1,75.5,3.97,1.22,1.44,0,ROUTINE
TMS-SECR-00766,NGP-BZA,SECR,27.9,21.6,5,2,47.4,6.05,8.11,2.54,1,URGENT
TMS-NFR-00767,ASR-JUC,NFR,10.4,23.6,62,2,70.3,4.45,0.17,1.47,0,ROUTINE
TMS-ECoR-00768,CSTM-KYN,ECoR,13.5,28.0,61,1,70.0,4.72,6.07,1.89,1,URGENT
TMS-NWR-00769,ED-CBE,NWR,14.8,12.5,102,5,70.7,4.81,1.32,1.79,0,ROUTINE
TMS-NR-00770,MAS-ED,NR,10.1,24.3,29,3,61.5,5.74,1.26,1.47,0,ROUTINE
TMS-SECR-00771,MAS-ED,SECR,21.2,14.7,69,0,64.9,5.4,0.67,2.0,0,ROUTINE
TMS-NWR-00772,BZA-MAS,NWR,23.7,22.0,60,4,48.2,5.77,0.06,2.69,0,ROUTINE
TMS-ECoR-00773,CNB-NDLS,ECoR,14.0,15.6,31,7,72.4,3.77,2.14,1.08,1,URGENT
TMS-SR-00774,ST-BCT,SR,8.9,17.1,53,2,75.1,2.71,0.48,1.89,0,ROUTINE
TMS-NR-00775,ALD-CNB,NR,6.1,23.9,5,1,67.6,5.25,0.65,1.35,0,ROUTINE
TMS-NWR-00776,JHS-BPL,NWR,13.1,17.3,35,3,74.5,3.93,1.14,1.39,0,ROUTINE
TMS-NFR-00777,MGS-ALD,NFR,24.1,14.3,107,3,51.4,11.82,0.09,2.64,1,URGENT
TMS-WCR-00778,NDLS-UMB,WCR,12.7,39.7,6,5,53.7,7.83,0.02,2.8,0,ROUTINE
TMS-ECR-00779,KZJ-BZA,ECR,24.9,14.4,47,2,51.9,5.59,0.17,2.42,0,ROUTINE
TMS-CR-00780,BPL-NGP,CR,34.1,8.8,13,1,47.5,6.17,1.99,2.79,0,ROUTINE
TMS-ECR-00781,BRC-ST,ECR,23.8,27.9,59,1,50.5,7.76,0.32,3.15,1,URGENT
TMS-WCR-00782,LTT-NED,WCR,11.8,19.8,41,4,64.0,7.35,1.08,0.87,0,ROUTINE
TMS-ECoR-00783,BZA-MAS,ECoR,7.7,21.9,91,3,74.6,4.66,0.31,1.56,1,URGENT
TMS-ER-00784,MGS-ALD,ER,15.5,23.6,43,3,68.8,4.24,0.5,2.1,0,ROUTINE
TMS-CR-00785,BPL-NGP,CR,36.8,36.9,18,1,26.2,11.56,0.06,4.83,1,URGENT
TMS-NER-00786,KZJ-BZA,NER,12.4,46.8,5,2,50.2,12.26,0.68,3.07,0,ROUTINE
TMS-WCR-00787,CBE-TVC,WCR,4.0,24.6,55,6,87.6,2.67,0.22,1.59,1,URGENT
TMS-NFR-00788,NGP-BZA,NFR,11.1,13.9,18,1,87.9,6.09,1.23,0.79,0,ROUTINE
TMS-NER-00789,AWB-SC,NER,25.7,23.5,38,3,45.6,8.27,2.71,3.85,0,ROUTINE
TMS-SWR-00790,UMB-LDH,SWR,27.4,28.1,5,2,44.1,7.37,3.16,3.51,1,URGENT
TMS-WCR-00791,JUC-ADI,WCR,8.1,33.2,77,0,75.2,5.88,4.06,1.25,0,ROUTINE
TMS-NR-00792,AZ-MGS,NR,8.0,23.5,20,1,74.4,3.43,0.2,0.94,0,ROUTINE
TMS-SER-00793,BCT-RTM,SER,3.3,17.7,88,0,90.6,4.46,1.09,0.97,0,ROUTINE
TMS-CR-00794,BCT-RTM,CR,20.9,15.4,42,3,50.4,6.11,0.18,2.03,0,ROUTINE
TMS-NER-00795,NGP-BZA,NER,7.3,21.2,5,0,78.2,2.97,0.55,2.18,0,ROUTINE
TMS-SECR-00796,ASR-JUC,SECR,8.7,12.2,30,2,88.1,6.33,0.39,1.49,0,ROUTINE
TMS-NER-00797,HWH-BWN,NER,30.1,26.0,84,1,32.9,6.87,0.02,3.37,1,URGENT
TMS-NWR-00798,ADI-BRC,NWR,17.1,23.8,56,1,61.1,5.62,4.03,1.92,0,ROUTINE
TMS-ECR-00799,MGS-ALD,ECR,10.1,23.8,18,2,62.6,3.7,2.28,1.36,0,ROUTINE
TMS-NWR-00800,SC-KZJ,NWR,17.6,29.6,108,1,58.2,7.09,1.1,2.26,1,URGENT
TMS-SWR-00801,ASR-JUC,SWR,7.6,39.7,10,0,75.3,6.99,0.63,1.84,0,ROUTINE
TMS-CR-00802,BCT-RTM,CR,21.2,21.6,16,4,54.8,10.79,0.8,1.91,0,ROUTINE
TMS-CR-00803,HWH-BWN,CR,9.1,22.9,48,3,81.1,3.78,0.34,1.42,0,ROUTINE
TMS-SWR-00804,ADI-BRC,SWR,9.4,19.1,9,0,84.5,3.85,5.17,2.34,0,ROUTINE
TMS-ECoR-00805,KZJ-BZA,ECoR,30.8,27.7,25,0,25.8,7.81,0.5,3.48,1,URGENT
TMS-WCR-00806,NDLS-UMB,WCR,21.3,22.1,45,6,51.1,5.17,0.12,2.33,1,URGENT
TMS-NWR-00807,BPL-NGP,NWR,6.6,35.2,36,2,61.9,7.11,1.25,1.83,0,ROUTINE
TMS-NCR-00808,MAS-ED,NCR,19.8,34.9,5,1,53.7,5.93,2.07,2.84,0,ROUTINE
TMS-SECR-00809,HWH-BWN,SECR,5.7,25.2,34,3,87.3,3.7,5.33,1.61,0,ROUTINE
TMS-SCR-00810,LDH-ASR,SCR,24.1,21.5,29,2,55.5,5.76,1.46,3.24,0,ROUTINE
TMS-ECR-00811,NDLS-UMB,ECR,20.5,19.9,28,1,62.5,6.85,0.31,2.08,0,ROUTINE
TMS-CR-00812,CNB-NDLS,CR,26.6,26.9,61,2,43.4,10.86,0.74,2.93,1,URGENT
TMS-ECoR-00813,NDLS-UMB,ECoR,13.2,26.9,7,2,72.0,6.88,0.57,1.58,0,ROUTINE
TMS-SER-00814,CNB-NDLS,SER,12.6,19.9,48,3,72.7,6.46,0.03,2.32,0,ROUTINE
TMS-SECR-00815,ED-CBE,SECR,5.0,24.9,50,1,89.9,2.91,0.75,2.28,0,ROUTINE
TMS-NWR-00816,BWN-AZ,NWR,3.7,16.3,44,1,87.7,4.55,2.41,0.91,0,ROUTINE
TMS-ECR-00817,HWH-BWN,ECR,26.3,26.6,24,5,35.5,6.2,0.78,3.49,1,URGENT
TMS-SER-00818,ADI-BRC,SER,11.1,16.8,17,0,65.1,4.33,2.86,1.67,0,ROUTINE
TMS-NWR-00819,UMB-LDH,NWR,5.1,30.2,17,2,68.3,5.54,2.04,1.29,0,ROUTINE
TMS-NER-00820,CSTM-KYN,NER,7.8,19.6,46,3,74.0,3.33,1.91,1.18,0,ROUTINE
TMS-SER-00821,CSTM-KYN,SER,5.6,43.4,24,0,82.0,6.61,0.72,2.26,0,ROUTINE
TMS-SWR-00822,ADI-BRC,SWR,12.3,22.5,14,4,79.5,7.89,0.08,2.26,0,ROUTINE
TMS-WR-00823,AGC-JHS,WR,14.8,24.4,34,2,69.0,8.38,3.21,1.89,0,ROUTINE
TMS-WCR-00824,BCT-RTM,WCR,20.2,12.7,63,2,69.7,4.47,1.53,3.12,0,ROUTINE
TMS-ECoR-00825,CBE-TVC,ECoR,10.6,39.0,5,7,70.2,5.35,0.14,2.0,1,URGENT
TMS-ECR-00826,BWN-AZ,ECR,16.2,21.9,125,6,73.1,6.38,0.13,2.02,1,URGENT
TMS-SR-00827,KYN-IGP,SR,24.0,44.5,5,9,33.5,10.84,1.43,3.92,0,ROUTINE
TMS-WR-00828,CSTM-KYN,WR,8.3,22.6,25,10,86.5,4.27,0.82,0.86,1,URGENT
TMS-WCR-00829,NDLS-UMB,WCR,3.1,20.4,28,2,85.9,7.2,0.32,0.69,0,ROUTINE
TMS-NR-00830,ASR-JUC,NR,20.4,18.1,5,3,62.9,6.22,0.41,2.18,0,ROUTINE
TMS-NR-00831,BWN-AZ,NR,43.4,28.7,86,2,29.5,9.41,0.73,4.75,1,URGENT
TMS-ECR-00832,BPL-NGP,ECR,14.6,27.3,22,0,66.7,4.41,2.08,3.18,0,ROUTINE
TMS-SER-00833,HWH-BWN,SER,16.3,13.0,5,5,62.1,6.78,0.33,1.87,0,ROUTINE
TMS-NWR-00834,ALD-CNB,NWR,14.1,17.7,43,1,68.6,3.73,1.82,1.7,0,ROUTINE
TMS-ECoR-00835,KZJ-BZA,ECoR,13.3,29.6,38,3,70.9,4.53,0.3,2.43,0,ROUTINE
TMS-SCR-00836,ASR-JUC,SCR,6.9,17.2,115,2,76.3,5.41,2.16,1.49,0,ROUTINE
TMS-NR-00837,ADI-BRC,NR,22.5,16.0,20,6,53.7,4.72,3.46,2.33,1,URGENT
TMS-ECoR-00838,CNB-NDLS,ECoR,10.6,24.0,10,3,74.9,7.21,0.88,2.1,0,ROUTINE
TMS-NR-00839,NGP-BZA,NR,8.4,23.0,5,8,77.4,4.93,1.54,1.72,1,URGENT
TMS-NER-00840,BZA-MAS,NER,18.8,18.4,46,1,57.5,6.32,0.46,2.0,0,ROUTINE
TMS-WCR-00841,BWN-AZ,WCR,14.9,45.0,33,0,65.9,11.4,3.94,2.85,0,ROUTINE
TMS-NWR-00842,NDLS-AGC,NWR,17.2,20.9,125,1,65.4,8.28,0.83,2.54,1,URGENT
TMS-NER-00843,ASR-JUC,NER,10.2,13.4,43,2,60.8,2.76,1.03,1.81,0,ROUTINE
TMS-SECR-00844,MGS-ALD,SECR,7.7,11.6,94,2,86.0,5.92,0.45,0.58,0,ROUTINE
TMS-NR-00845,BPL-NGP,NR,7.2,33.4,167,5,77.7,5.95,0.32,2.3,0,ROUTINE
TMS-SR-00846,BWN-AZ,SR,16.8,14.3,19,2,73.3,4.43,0.39,2.18,0,ROUTINE
TMS-SR-00847,CBE-TVC,SR,11.9,22.5,5,10,67.5,7.42,0.97,1.55,1,URGENT
TMS-NER-00848,LDH-ASR,NER,9.4,15.6,7,3,70.6,2.71,0.22,2.11,0,ROUTINE
TMS-SWR-00849,AGC-JHS,SWR,15.9,21.3,13,3,65.8,7.72,0.74,2.78,0,ROUTINE
TMS-WR-00850,ED-CBE,WR,6.8,25.5,24,0,78.6,5.0,0.72,1.4,0,ROUTINE
TMS-SR-00851,KZJ-BZA,SR,14.0,12.9,5,5,78.7,3.74,0.85,1.37,0,ROUTINE
TMS-NR-00852,MAS-ED,NR,27.1,18.5,12,6,52.8,5.56,0.82,2.75,1,URGENT
TMS-ECR-00853,ADI-BRC,ECR,44.9,17.0,12,3,33.0,9.57,0.48,4.29,0,ROUTINE
TMS-NER-00854,BZA-MAS,NER,20.4,15.1,5,2,71.1,5.37,0.69,1.48,0,ROUTINE
TMS-SECR-00855,NDLS-AGC,SECR,25.7,19.1,15,3,52.0,9.35,3.49,2.45,0,ROUTINE
TMS-SCR-00856,KZJ-BZA,SCR,15.7,17.3,5,2,60.1,6.84,0.06,2.01,0,ROUTINE
TMS-SCR-00857,UMB-LDH,SCR,11.3,31.5,19,1,75.5,6.0,0.14,2.69,0,ROUTINE
TMS-ER-00858,JUC-ADI,ER,9.2,16.7,7,3,82.5,3.04,3.96,0.99,0,ROUTINE
TMS-WR-00859,MAS-ED,WR,14.8,26.6,60,2,56.6,6.94,0.47,1.65,0,ROUTINE
TMS-SER-00860,ST-BCT,SER,9.4,26.2,5,8,71.0,5.31,0.54,1.83,1,URGENT
TMS-NWR-00861,BCT-RTM,NWR,8.5,12.2,70,2,73.0,2.3,0.63,0.79,0,ROUTINE
TMS-SR-00862,ASR-JUC,SR,4.0,18.1,30,3,69.5,4.92,0.16,1.29,0,ROUTINE
TMS-SR-00863,BWN-AZ,SR,15.4,21.2,21,1,58.5,7.57,2.2,2.01,0,ROUTINE
TMS-SER-00864,AGC-JHS,SER,12.9,24.7,27,0,51.2,6.89,0.27,1.57,0,ROUTINE
TMS-CR-00865,ADI-BRC,CR,15.7,20.2,16,8,70.1,4.36,1.81,2.09,1,URGENT
TMS-SECR-00866,CBE-TVC,SECR,36.6,33.7,5,4,28.7,9.58,0.4,4.93,1,URGENT
TMS-NCR-00867,ST-BCT,NCR,7.6,23.1,50,1,70.3,4.49,1.72,1.0,0,ROUTINE
TMS-NER-00868,CBE-TVC,NER,9.3,26.5,92,2,78.6,8.96,5.36,1.91,1,URGENT
TMS-SWR-00869,AWB-SC,SWR,23.0,17.5,104,2,45.3,10.05,1.07,2.23,1,URGENT
TMS-SECR-00870,BZA-MAS,SECR,24.7,26.7,38,0,59.5,5.97,0.58,2.86,1,URGENT
TMS-NFR-00871,BZA-MAS,NFR,10.9,48.2,18,2,55.9,19.75,0.71,2.56,0,ROUTINE
TMS-SR-00872,ALD-CNB,SR,15.5,27.4,22,6,66.5,7.61,0.73,1.68,1,URGENT
TMS-NWR-00873,ALD-CNB,NWR,17.2,34.5,37,3,48.6,6.28,0.2,3.33,0,ROUTINE
TMS-ER-00874,CNB-NDLS,ER,11.8,19.8,60,1,73.4,6.07,2.56,2.19,0,ROUTINE
TMS-SCR-00875,JHS-BPL,SCR,9.4,32.1,16,0,69.0,4.92,0.72,1.15,0,ROUTINE
TMS-SR-00876,BWN-AZ,SR,6.8,33.3,87,3,70.8,9.19,1.9,1.64,1,URGENT
TMS-ER-00877,BWN-AZ,ER,13.8,24.5,13,1,63.3,4.98,0.47,1.95,0,ROUTINE
TMS-NR-00878,LTT-NED,NR,21.7,21.5,26,4,59.9,7.88,0.66,3.26,0,ROUTINE
TMS-SECR-00879,HWH-BWN,SECR,21.6,12.2,113,2,54.4,4.55,3.27,1.39,0,ROUTINE
TMS-NR-00880,KZJ-BZA,NR,9.0,21.9,97,1,59.8,6.93,0.83,1.81,0,ROUTINE
TMS-NCR-00881,AWB-SC,NCR,9.7,27.8,41,3,71.0,5.62,0.65,1.39,0,ROUTINE
TMS-ECR-00882,UMB-LDH,ECR,21.5,16.3,13,4,68.1,7.83,0.56,2.85,0,ROUTINE
TMS-NFR-00883,NDLS-AGC,NFR,27.7,13.4,8,1,38.3,6.31,3.35,2.92,0,ROUTINE
TMS-WCR-00884,BWN-AZ,WCR,12.9,23.1,5,8,69.8,4.63,0.82,1.51,1,URGENT
TMS-SECR-00885,JHS-BPL,SECR,18.8,24.3,43,4,59.6,6.29,3.15,2.26,1,URGENT
TMS-CR-00886,JUC-ADI,CR,11.4,12.9,24,0,80.8,3.72,0.54,1.42,0,ROUTINE
TMS-NCR-00887,KZJ-BZA,NCR,29.3,22.6,29,0,45.5,7.65,5.75,2.53,0,ROUTINE
TMS-ECoR-00888,BPL-NGP,ECoR,17.9,24.9,22,2,55.1,5.8,1.05,2.94,0,ROUTINE
TMS-CR-00889,BPL-NGP,CR,18.8,37.7,23,2,40.0,6.27,0.27,2.53,0,ROUTINE
TMS-WR-00890,AZ-MGS,WR,18.3,18.3,29,2,64.1,11.72,0.83,2.18,0,ROUTINE
TMS-NER-00891,BWN-AZ,NER,15.0,51.1,85,0,46.5,6.37,1.72,2.99,1,URGENT
TMS-NWR-00892,MGS-ALD,NWR,15.8,22.7,5,2,58.1,9.38,3.28,1.72,0,ROUTINE
TMS-SECR-00893,KYN-IGP,SECR,25.1,13.7,56,4,56.2,8.37,0.2,2.31,0,ROUTINE
TMS-ECoR-00894,ALD-CNB,ECoR,9.6,19.5,17,0,67.2,4.09,1.23,1.88,0,ROUTINE
TMS-ECoR-00895,JHS-BPL,ECoR,15.5,14.2,47,11,70.6,4.24,1.14,1.33,1,CRITICAL
TMS-NCR-00896,ED-CBE,NCR,12.6,20.8,103,1,75.0,3.91,0.6,1.58,0,ROUTINE
TMS-SER-00897,SC-KZJ,SER,22.1,26.8,12,3,41.4,5.74,0.79,3.66,1,URGENT
TMS-WR-00898,JUC-ADI,WR,18.9,24.7,5,0,67.0,6.41,0.54,2.1,0,ROUTINE
TMS-ECR-00899,NDLS-AGC,ECR,10.1,14.1,9,2,77.5,2.87,0.54,1.4,0,ROUTINE
TMS-SECR-00900,SC-KZJ,SECR,15.2,13.4,8,10,78.7,4.65,1.14,2.09,1,URGENT
TMS-SER-00901,AGC-JHS,SER,12.4,26.3,47,1,65.7,7.34,0.09,2.09,0,ROUTINE
TMS-NCR-00902,ST-BCT,NCR,14.4,28.7,5,1,78.8,7.29,0.98,1.34,0,ROUTINE
TMS-NER-00903,UMB-LDH,NER,10.0,18.3,5,5,87.6,3.25,0.59,1.72,1,URGENT
TMS-SCR-00904,BPL-NGP,SCR,10.3,8.0,41,2,80.5,8.68,0.94,0.75,0,ROUTINE
TMS-SR-00905,LDH-ASR,SR,4.5,14.0,28,0,85.0,2.47,5.53,1.12,0,ROUTINE
TMS-SR-00906,ADI-BRC,SR,6.7,32.9,18,4,54.2,6.08,2.03,1.77,0,ROUTINE
TMS-ECR-00907,ST-BCT,ECR,31.0,16.5,29,2,43.6,6.68,2.97,2.98,0,ROUTINE
TMS-NER-00908,MGS-ALD,NER,10.2,19.3,46,2,77.2,5.0,0.7,2.64,0,ROUTINE
TMS-SWR-00909,BZA-MAS,SWR,24.6,27.7,5,1,49.1,7.61,1.84,2.95,1,URGENT
TMS-ECR-00910,ASR-JUC,ECR,25.5,19.6,28,7,53.4,5.79,0.93,2.74,1,URGENT
TMS-SECR-00911,NDLS-AGC,SECR,9.2,38.8,60,3,70.7,6.6,1.36,2.43,0,ROUTINE
TMS-SECR-00912,BWN-AZ,SECR,4.1,19.1,15,0,81.9,2.93,0.86,0.44,0,ROUTINE
TMS-ER-00913,ED-CBE,ER,4.4,15.7,50,2,87.3,3.81,0.21,0.84,0,ROUTINE
TMS-SER-00914,MGS-ALD,SER,9.3,35.6,65,1,63.2,5.8,4.42,2.17,0,ROUTINE
TMS-SWR-00915,CNB-NDLS,SWR,11.7,22.6,60,2,61.4,7.26,1.84,1.95,0,ROUTINE
TMS-SR-00916,NDLS-AGC,SR,15.8,14.4,36,3,82.4,4.0,1.38,1.63,1,URGENT
TMS-ECoR-00917,NGP-BZA,ECoR,27.1,26.8,44,3,36.4,6.54,1.23,2.65,1,URGENT
TMS-SER-00918,ADI-BRC,SER,15.5,19.7,54,6,64.7,7.76,1.92,2.33,1,URGENT
TMS-NFR-00919,HWH-BWN,NFR,15.3,14.0,46,2,76.0,4.59,1.14,2.25,0,ROUTINE
TMS-SECR-00920,BZA-MAS,SECR,20.0,23.1,21,1,56.4,7.89,0.36,2.12,0,ROUTINE
TMS-WR-00921,ED-CBE,WR,9.8,20.8,6,1,79.4,9.55,0.01,2.2,0,ROUTINE
TMS-NWR-00922,AWB-SC,NWR,15.3,11.3,12,3,80.0,4.77,0.72,1.63,0,ROUTINE
TMS-NER-00923,HWH-BWN,NER,17.0,14.5,8,4,67.8,4.43,1.24,1.46,0,ROUTINE
TMS-CR-00924,BCT-RTM,CR,21.2,46.8,15,1,48.5,10.09,0.7,3.55,1,URGENT
TMS-ECR-00925,JHS-BPL,ECR,19.0,22.9,23,0,64.5,10.03,1.14,1.82,0,ROUTINE
TMS-SECR-00926,MGS-ALD,SECR,25.8,38.0,111,2,35.6,7.47,1.64,3.89,1,URGENT
TMS-SER-00927,LTT-NED,SER,11.0,25.1,112,0,59.8,5.99,2.49,2.04,0,ROUTINE
TMS-SWR-00928,HWH-BWN,SWR,16.3,36.4,51,0,73.5,8.39,0.53,2.23,0,ROUTINE
TMS-NWR-00929,ADI-BRC,NWR,2.7,27.7,137,4,85.6,2.67,1.5,0.72,0,ROUTINE
TMS-WR-00930,KYN-IGP,WR,11.1,15.2,180,0,68.8,4.68,3.34,0.4,0,ROUTINE
TMS-SER-00931,CSTM-KYN,SER,9.6,28.3,75,2,88.2,5.71,0.25,1.7,0,ROUTINE
TMS-CR-00932,ASR-JUC,CR,22.4,15.2,5,5,46.9,6.6,1.76,2.11,0,ROUTINE
TMS-NWR-00933,ALD-CNB,NWR,15.3,32.2,19,0,53.9,5.05,3.69,2.37,0,ROUTINE
TMS-NFR-00934,BPL-NGP,NFR,17.5,24.2,26,0,57.9,4.6,1.67,2.02,0,ROUTINE
TMS-CR-00935,LTT-NED,CR,12.1,22.4,5,3,78.5,4.3,0.15,2.38,0,ROUTINE
TMS-NCR-00936,UMB-LDH,NCR,18.8,18.6,57,1,59.4,5.19,0.5,1.89,0,ROUTINE
TMS-NR-00937,AGC-JHS,NR,19.5,30.6,5,0,54.6,5.69,0.32,3.42,0,ROUTINE
TMS-NCR-00938,LDH-ASR,NCR,10.9,20.8,16,8,63.4,4.72,3.65,1.46,1,URGENT
TMS-SR-00939,NDLS-UMB,SR,12.3,10.3,5,4,75.1,3.19,7.25,1.04,0,ROUTINE
TMS-SER-00940,MGS-ALD,SER,13.1,11.2,26,0,72.6,3.68,0.85,1.28,0,ROUTINE
TMS-SECR-00941,ASR-JUC,SECR,14.9,13.4,31,1,58.2,4.0,3.4,1.55,0,ROUTINE
TMS-WCR-00942,NGP-BZA,WCR,7.5,30.4,46,5,71.0,6.51,0.22,2.92,1,URGENT
TMS-SECR-00943,ED-CBE,SECR,8.1,31.3,14,7,65.0,7.91,0.01,1.03,1,URGENT
TMS-SECR-00944,MAS-ED,SECR,13.1,25.3,31,3,79.2,4.7,1.26,2.67,0,ROUTINE
TMS-WR-00945,SC-KZJ,WR,24.8,25.2,46,9,52.4,6.68,6.56,3.21,1,URGENT
TMS-NR-00946,LDH-ASR,NR,20.7,39.6,50,7,60.9,9.65,1.24,3.14,1,URGENT
TMS-WCR-00947,UMB-LDH,WCR,8.5,25.5,12,6,59.2,6.16,5.91,1.06,1,URGENT
TMS-NCR-00948,JHS-BPL,NCR,19.1,28.7,5,5,48.7,7.63,0.9,3.36,0,ROUTINE
TMS-NR-00949,AZ-MGS,NR,9.5,22.1,5,0,68.9,5.65,0.72,0.95,0,ROUTINE
TMS-SCR-00950,HWH-BWN,SCR,8.8,18.5,51,5,71.1,3.51,3.98,1.6,0,ROUTINE
TMS-SER-00951,UMB-LDH,SER,20.0,19.8,17,1,62.6,10.1,0.08,1.92,0,ROUTINE
TMS-NR-00952,MGS-ALD,NR,9.2,50.4,5,14,58.7,8.72,0.59,3.31,1,CRITICAL
TMS-ECoR-00953,MGS-ALD,ECoR,8.4,14.4,7,2,72.1,2.89,0.88,0.84,0,ROUTINE
TMS-ECR-00954,AZ-MGS,ECR,14.9,25.2,50,3,87.8,6.42,0.14,2.42,1,URGENT
TMS-ECR-00955,ALD-CNB,ECR,10.2,12.1,31,1,80.2,2.83,1.09,1.12,0,ROUTINE
TMS-ECoR-00956,HWH-BWN,ECoR,5.1,17.4,24,1,67.5,3.88,0.71,0.66,0,ROUTINE
TMS-NWR-00957,ED-CBE,NWR,11.6,30.3,34,4,73.3,4.85,0.86,1.39,0,ROUTINE
TMS-ER-00958,BRC-ST,ER,8.0,10.8,5,1,100.0,2.29,1.74,1.55,0,ROUTINE
TMS-WR-00959,NDLS-AGC,WR,14.8,31.9,13,2,67.7,6.62,0.11,2.71,1,URGENT
TMS-NWR-00960,BWN-AZ,NWR,35.9,50.4,16,2,12.7,13.73,4.9,4.54,1,URGENT
TMS-CR-00961,LTT-NED,CR,34.0,25.7,13,3,32.6,7.46,1.11,3.55,1,URGENT
TMS-SWR-00962,BCT-RTM,SWR,26.4,36.8,69,2,48.5,11.49,2.74,2.92,1,URGENT
TMS-WR-00963,CNB-NDLS,WR,14.5,24.5,30,6,58.5,4.41,0.58,1.69,1,URGENT
TMS-WR-00964,KYN-IGP,WR,14.1,29.5,45,2,62.9,7.18,0.56,2.34,0,ROUTINE
TMS-CR-00965,NGP-BZA,CR,17.5,26.6,9,0,53.2,13.88,3.51,1.9,0,ROUTINE
TMS-NR-00966,ADI-BRC,NR,7.0,18.1,10,3,85.2,2.69,0.19,1.26,0,ROUTINE
TMS-NCR-00967,LTT-NED,NCR,12.7,17.5,8,2,78.7,3.78,0.16,2.05,0,ROUTINE
TMS-NCR-00968,BWN-AZ,NCR,16.4,35.6,40,10,68.2,6.55,1.79,2.82,1,URGENT
TMS-ECR-00969,BZA-MAS,ECR,23.0,21.8,15,1,62.7,7.87,0.94,2.03,0,ROUTINE
TMS-WCR-00970,NDLS-AGC,WCR,6.1,21.0,18,2,91.7,7.16,1.9,1.31,0,ROUTINE
TMS-NER-00971,NGP-BZA,NER,45.0,20.8,43,1,35.1,11.03,0.85,5.25,0,ROUTINE
TMS-NWR-00972,ASR-JUC,NWR,15.8,25.1,124,3,52.6,7.33,0.36,2.99,0,ROUTINE
TMS-SCR-00973,BRC-ST,SCR,10.9,13.8,6,8,70.5,3.94,1.88,1.27,1,URGENT
TMS-SER-00974,SC-KZJ,SER,13.1,20.6,5,6,62.7,4.49,0.06,1.63,1,URGENT
TMS-SR-00975,NGP-BZA,SR,16.6,25.1,7,2,63.9,5.92,0.89,2.73,0,ROUTINE
TMS-WCR-00976,NDLS-UMB,WCR,3.4,13.3,46,5,83.2,3.67,0.92,0.59,0,ROUTINE
TMS-WCR-00977,LDH-ASR,WCR,11.7,24.1,7,2,67.3,5.08,0.12,1.15,1,URGENT
TMS-NFR-00978,ADI-BRC,NFR,21.2,15.5,30,3,69.0,7.54,0.41,2.56,0,ROUTINE
TMS-NCR-00979,NDLS-AGC,NCR,8.2,25.2,31,5,79.5,3.59,0.45,1.25,0,ROUTINE
TMS-SER-00980,BCT-RTM,SER,37.3,52.6,12,4,13.8,10.81,3.35,4.87,1,URGENT
TMS-NFR-00981,AZ-MGS,NFR,16.1,21.2,5,1,71.6,4.25,1.08,2.14,0,ROUTINE
TMS-SER-00982,HWH-BWN,SER,7.5,14.4,17,1,83.9,4.5,1.67,0.87,0,ROUTINE
TMS-NR-00983,CBE-TVC,NR,8.4,24.4,7,2,77.5,6.04,0.08,2.01,0,ROUTINE
TMS-NFR-00984,MGS-ALD,NFR,20.7,26.8,7,9,60.9,7.45,0.16,3.08,1,URGENT
TMS-SR-00985,NDLS-UMB,SR,17.8,15.3,25,0,46.0,10.1,1.24,2.39,0,ROUTINE
TMS-SER-00986,NGP-BZA,SER,17.5,11.2,39,3,61.0,8.9,2.7,2.49,0,ROUTINE
TMS-ECoR-00987,ADI-BRC,ECoR,15.5,15.3,5,6,60.9,4.18,0.08,1.81,1,URGENT
TMS-SR-00988,AGC-JHS,SR,15.9,21.8,30,5,65.5,4.69,6.15,1.76,1,URGENT
TMS-NFR-00989,BCT-RTM,NFR,18.6,18.5,9,0,69.0,4.32,3.25,1.75,0,ROUTINE
TMS-SR-00990,KZJ-BZA,SR,19.9,34.2,39,2,48.9,7.12,3.1,2.43,1,URGENT
TMS-SER-00991,MAS-ED,SER,15.6,27.3,58,2,55.5,8.47,0.01,1.61,0,ROUTINE
TMS-ER-00992,BPL-NGP,ER,14.0,23.1,57,1,50.1,4.29,0.78,1.52,0,ROUTINE
TMS-SER-00993,NDLS-AGC,SER,8.7,11.0,16,2,84.4,3.98,2.38,1.4,0,ROUTINE
TMS-SER-00994,AWB-SC,SER,14.6,28.6,29,2,54.4,7.03,2.13,2.23,0,ROUTINE
TMS-NR-00995,ALD-CNB,NR,14.1,49.0,55,2,56.8,6.95,0.64,3.44,0,ROUTINE
TMS-NWR-00996,NDLS-UMB,NWR,16.2,31.3,5,2,53.0,7.36,3.15,1.85,0,ROUTINE
TMS-ECoR-00997,MAS-ED,ECoR,11.4,17.1,32,2,78.8,6.71,1.52,1.34,0,ROUTINE
TMS-WCR-00998,KZJ-BZA,WCR,15.5,21.0,63,3,69.2,4.03,7.66,3.51,1,URGENT
TMS-SCR-00999,UMB-LDH,SCR,15.4,26.7,16,2,49.3,7.1,0.61,2.98,0,ROUTINE
TMS-NCR-01000,SC-KZJ,NCR,15.5,38.7,21,0,64.4,7.25,1.55,3.97,0,ROUTINE
TMS-WR-01001,UMB-LDH,WR,8.3,16.7,41,3,81.6,6.31,0.83,2.27,0,ROUTINE
TMS-CR-01002,MGS-ALD,CR,7.0,18.4,5,4,89.0,2.82,1.56,1.26,1,URGENT
TMS-NWR-01003,NDLS-UMB,NWR,31.9,21.8,17,0,30.2,9.82,0.45,3.55,0,ROUTINE
TMS-CR-01004,ST-BCT,CR,20.7,21.1,12,3,49.5,5.1,0.72,2.55,1,URGENT
TMS-NR-01005,LDH-ASR,NR,13.0,30.5,5,1,62.1,6.15,4.04,1.98,0,ROUTINE
TMS-ECoR-01006,ALD-CNB,ECoR,14.8,24.7,7,1,64.2,4.83,0.51,2.97,0,ROUTINE
TMS-SECR-01007,ST-BCT,SECR,11.9,12.7,17,3,73.6,3.35,1.45,2.01,0,ROUTINE
TMS-SER-01008,LDH-ASR,SER,16.3,17.1,7,4,51.4,5.19,3.76,2.61,0,ROUTINE
TMS-WCR-01009,AZ-MGS,WCR,16.1,17.3,32,0,69.3,6.63,0.98,1.37,0,ROUTINE
TMS-SECR-01010,CSTM-KYN,SECR,16.3,9.2,20,3,68.7,5.25,1.78,1.3,0,ROUTINE
TMS-SECR-01011,CBE-TVC,SECR,8.8,32.2,5,6,67.7,12.84,2.07,2.12,1,URGENT
TMS-SWR-01012,ASR-JUC,SWR,19.1,23.4,11,2,59.8,4.99,1.18,1.87,0,ROUTINE
TMS-ECR-01013,ED-CBE,ECR,15.3,17.9,5,1,70.0,6.29,0.71,1.93,0,ROUTINE
TMS-SECR-01014,JUC-ADI,SECR,16.0,31.9,15,10,59.1,5.07,2.48,1.89,1,URGENT
TMS-NCR-01015,BCT-RTM,NCR,2.5,25.0,10,10,76.0,3.26,1.21,0.57,1,URGENT
TMS-ER-01016,ST-BCT,ER,10.3,13.3,40,0,66.8,3.45,0.19,2.16,0,ROUTINE
TMS-ECR-01017,CSTM-KYN,ECR,20.6,28.3,12,1,62.0,5.95,3.11,4.02,1,URGENT
TMS-WCR-01018,BWN-AZ,WCR,15.9,38.4,16,4,49.1,6.98,0.53,3.28,0,ROUTINE
TMS-NR-01019,AGC-JHS,NR,23.6,21.0,45,2,44.1,5.78,1.02,2.42,0,ROUTINE
TMS-WR-01020,BZA-MAS,WR,19.4,21.6,22,0,60.3,5.55,0.36,2.36,0,ROUTINE
TMS-NWR-01021,JUC-ADI,NWR,14.6,23.2,28,1,70.3,7.97,1.02,2.35,0,ROUTINE
TMS-ER-01022,NGP-BZA,ER,19.8,13.6,64,3,73.6,4.84,0.21,2.5,0,ROUTINE
TMS-SR-01023,BRC-ST,SR,4.1,23.5,8,4,75.1,11.03,1.25,1.27,0,ROUTINE
TMS-NFR-01024,BCT-RTM,NFR,25.7,15.5,158,2,47.8,5.74,1.11,3.09,0,ROUTINE
TMS-SWR-01025,CBE-TVC,SWR,8.6,22.1,80,4,77.7,7.72,2.56,1.67,1,URGENT
TMS-ER-01026,NGP-BZA,ER,8.5,23.7,11,3,80.5,4.3,1.23,1.18,0,ROUTINE
TMS-SCR-01027,AZ-MGS,SCR,23.2,27.4,78,5,46.8,10.43,0.79,3.18,1,URGENT
TMS-SECR-01028,JUC-ADI,SECR,9.7,27.9,49,2,76.7,4.8,0.94,2.47,0,ROUTINE
TMS-NR-01029,ALD-CNB,NR,6.1,15.3,93,1,78.4,5.08,1.39,1.29,0,ROUTINE
TMS-NER-01030,CBE-TVC,NER,10.9,23.9,41,4,72.7,4.57,2.74,1.4,0,ROUTINE
TMS-NFR-01031,BWN-AZ,NFR,1.5,32.5,39,1,71.0,4.76,0.06,1.48,0,ROUTINE
TMS-CR-01032,ADI-BRC,CR,17.8,14.0,5,1,69.7,3.9,3.92,1.66,0,ROUTINE
TMS-NCR-01033,BWN-AZ,NCR,17.8,44.6,22,8,55.1,8.07,0.13,2.7,1,URGENT
TMS-CR-01034,LTT-NED,CR,11.6,15.0,7,0,76.7,3.7,0.63,1.02,0,ROUTINE
TMS-ER-01035,MAS-ED,ER,28.7,42.6,13,2,20.6,18.9,0.61,3.6,1,URGENT
TMS-WCR-01036,ADI-BRC,WCR,5.6,15.2,134,1,80.8,5.38,1.14,1.21,0,ROUTINE
TMS-WR-01037,JHS-BPL,WR,12.9,21.7,5,5,72.7,3.84,0.66,2.61,0,ROUTINE
TMS-CR-01038,CSTM-KYN,CR,16.0,20.5,44,1,59.4,4.48,0.37,2.58,0,ROUTINE
TMS-SCR-01039,AGC-JHS,SCR,8.7,12.8,6,3,90.2,4.24,0.42,1.42,0,ROUTINE
TMS-NR-01040,ASR-JUC,NR,5.2,29.3,5,4,95.8,3.84,6.33,2.02,1,URGENT
TMS-SR-01041,JHS-BPL,SR,16.3,30.0,24,3,53.5,5.32,2.72,3.15,0,ROUTINE
TMS-WR-01042,HWH-BWN,WR,18.0,28.4,6,0,63.8,5.85,2.46,3.21,0,ROUTINE
TMS-NWR-01043,AGC-JHS,NWR,6.0,20.1,117,2,79.7,2.73,0.82,1.25,0,ROUTINE
TMS-NCR-01044,BRC-ST,NCR,6.1,16.8,7,0,86.0,3.88,4.13,0.88,0,ROUTINE
TMS-SCR-01045,LDH-ASR,SCR,26.6,34.5,7,0,41.9,7.42,0.1,4.49,1,URGENT
TMS-SCR-01046,CSTM-KYN,SCR,23.7,24.2,5,3,50.9,9.53,0.2,3.17,0,ROUTINE
TMS-CR-01047,BZA-MAS,CR,11.3,16.4,14,1,71.2,3.07,0.42,2.06,0,ROUTINE
TMS-SECR-01048,NDLS-UMB,SECR,29.1,24.2,5,2,48.4,7.17,1.54,2.71,0,ROUTINE
TMS-CR-01049,JUC-ADI,CR,22.4,11.4,24,1,48.6,5.87,0.27,3.02,0,ROUTINE
TMS-ER-01050,KYN-IGP,ER,40.4,23.2,24,1,22.2,8.45,0.61,3.79,1,URGENT
TMS-NWR-01051,UMB-LDH,NWR,13.1,28.9,5,1,66.6,4.4,0.29,1.92,0,ROUTINE
TMS-ECR-01052,MAS-ED,ECR,23.2,20.7,9,3,50.1,5.29,2.41,2.22,0,ROUTINE
TMS-WR-01053,ADI-BRC,WR,25.7,29.5,62,2,56.5,6.56,3.6,3.21,1,URGENT
TMS-CR-01054,ST-BCT,CR,6.7,30.7,21,2,78.9,4.1,2.85,1.8,0,ROUTINE
TMS-NR-01055,KZJ-BZA,NR,10.8,24.8,19,4,62.8,6.05,0.04,1.76,0,ROUTINE
TMS-WCR-01056,BZA-MAS,WCR,20.3,45.0,41,7,45.0,7.93,0.57,3.44,1,URGENT
TMS-NER-01057,ALD-CNB,NER,14.0,38.2,43,13,66.2,5.22,1.52,2.1,0,ROUTINE
TMS-NCR-01058,ADI-BRC,NCR,11.3,28.5,50,1,71.2,4.31,0.0,2.37,0,ROUTINE
TMS-SER-01059,CBE-TVC,SER,25.6,25.6,62,6,47.8,6.81,2.06,4.05,1,URGENT
TMS-CR-01060,NDLS-UMB,CR,8.8,20.0,9,6,75.6,4.01,3.05,1.13,1,URGENT
TMS-NR-01061,ALD-CNB,NR,10.9,17.1,5,4,84.5,3.13,0.12,1.14,0,ROUTINE
TMS-WR-01062,LTT-NED,WR,18.3,30.5,16,1,46.6,5.44,0.85,2.58,0,ROUTINE
TMS-NR-01063,MGS-ALD,NR,19.4,20.5,67,5,75.3,5.16,0.54,2.24,0,ROUTINE
TMS-NCR-01064,ALD-CNB,NCR,5.6,14.8,5,7,85.8,5.65,4.4,0.44,0,ROUTINE
TMS-ECR-01065,JHS-BPL,ECR,21.6,16.1,30,2,73.3,5.0,0.59,1.63,0,ROUTINE
TMS-NR-01066,KZJ-BZA,NR,10.8,17.0,42,0,75.0,3.49,1.3,2.15,0,ROUTINE
TMS-NER-01067,AGC-JHS,NER,14.4,44.8,22,4,75.9,7.11,0.01,2.03,0,ROUTINE
TMS-NR-01068,BCT-RTM,NR,19.5,31.2,10,5,50.1,9.86,2.72,2.81,0,ROUTINE
TMS-NR-01069,CNB-NDLS,NR,8.2,22.5,13,6,77.1,4.53,0.04,0.99,1,URGENT
TMS-NR-01070,AGC-JHS,NR,27.3,26.2,5,13,52.5,6.36,1.26,3.86,1,CRITICAL
TMS-SR-01071,NDLS-UMB,SR,7.7,27.4,12,0,81.0,3.76,2.02,1.03,0,ROUTINE
TMS-SR-01072,JHS-BPL,SR,8.7,15.7,5,12,72.2,6.43,0.76,0.9,1,CRITICAL
TMS-ECR-01073,BZA-MAS,ECR,13.0,13.9,45,4,62.0,7.25,0.05,0.93,0,ROUTINE
TMS-CR-01074,KZJ-BZA,CR,23.8,33.8,79,0,40.7,9.45,3.46,2.87,1,URGENT
TMS-NR-01075,ADI-BRC,NR,15.2,12.9,35,0,68.8,4.87,0.68,1.17,0,ROUTINE
TMS-SWR-01076,CSTM-KYN,SWR,15.9,22.0,37,1,64.0,5.3,0.94,2.42,0,ROUTINE
TMS-NWR-01077,CBE-TVC,NWR,8.0,16.6,22,3,80.5,3.15,2.52,1.53,0,ROUTINE
TMS-SWR-01078,NDLS-AGC,SWR,13.7,24.2,5,0,73.1,5.58,1.62,3.52,0,ROUTINE
TMS-CR-01079,HWH-BWN,CR,11.7,20.1,5,1,71.5,5.66,0.59,0.72,0,ROUTINE
TMS-ECR-01080,BZA-MAS,ECR,9.0,27.5,14,1,56.8,5.38,1.17,2.2,0,ROUTINE
TMS-SECR-01081,CBE-TVC,SECR,17.2,8.8,48,5,77.6,3.8,0.15,1.53,0,ROUTINE
TMS-SECR-01082,ADI-BRC,SECR,16.0,34.8,113,4,67.9,9.85,0.98,3.03,1,URGENT
TMS-ECoR-01083,BPL-NGP,ECoR,23.2,29.8,19,5,52.9,6.85,0.84,2.92,1,URGENT
TMS-SWR-01084,ADI-BRC,SWR,13.9,33.3,15,7,60.2,9.07,2.14,2.94,1,URGENT
TMS-CR-01085,BRC-ST,CR,14.1,31.8,20,1,65.0,5.67,2.41,3.39,0,ROUTINE
TMS-CR-01086,AGC-JHS,CR,18.5,25.2,19,1,68.9,4.87,3.09,2.1,0,ROUTINE
TMS-NFR-01087,ST-BCT,NFR,20.9,17.2,34,1,51.1,7.19,2.92,1.84,0,ROUTINE
TMS-WCR-01088,BPL-NGP,WCR,25.2,26.5,46,3,44.0,10.95,9.61,2.49,1,URGENT
TMS-ER-01089,NDLS-AGC,ER,7.2,24.9,53,1,71.7,3.66,1.84,0.82,0,ROUTINE
TMS-SER-01090,MGS-ALD,SER,12.5,31.5,36,6,56.5,5.96,1.45,1.92,1,URGENT
TMS-WR-01091,JUC-ADI,WR,25.6,28.5,20,8,68.7,9.42,0.24,2.92,1,URGENT
TMS-NFR-01092,ASR-JUC,NFR,14.7,23.1,104,3,67.4,4.83,0.95,2.16,0,ROUTINE
TMS-NER-01093,CSTM-KYN,NER,17.3,26.4,43,4,51.8,5.38,0.84,2.2,0,ROUTINE
TMS-SR-01094,CNB-NDLS,SR,8.2,27.3,19,2,63.0,4.47,1.99,1.45,0,ROUTINE
TMS-SR-01095,KZJ-BZA,SR,8.7,34.3,20,1,76.5,5.65,0.48,2.15,0,ROUTINE
TMS-ER-01096,ADI-BRC,ER,29.0,44.4,59,2,43.5,9.51,3.07,3.99,1,URGENT
TMS-NCR-01097,NDLS-UMB,NCR,37.4,28.2,20,5,37.4,9.2,0.37,4.71,1,URGENT
TMS-NCR-01098,MGS-ALD,NCR,9.5,27.4,25,0,87.1,7.05,0.99,2.44,0,ROUTINE
TMS-ECR-01099,HWH-BWN,ECR,11.0,20.3,12,1,69.8,3.61,4.33,1.4,0,ROUTINE
TMS-SCR-01100,CNB-NDLS,SCR,30.7,19.3,63,2,34.0,6.33,0.63,2.58,0,ROUTINE
TMS-ER-01101,ADI-BRC,ER,18.6,16.6,25,7,84.4,4.49,1.95,2.01,1,URGENT
TMS-SER-01102,LDH-ASR,SER,8.2,6.2,28,2,79.1,4.16,0.61,0.76,0,ROUTINE
TMS-CR-01103,NDLS-UMB,CR,16.4,15.9,74,2,72.6,4.05,1.08,2.98,0,ROUTINE
TMS-NCR-01104,BPL-NGP,NCR,12.6,20.7,88,3,64.0,4.33,2.24,1.81,0,ROUTINE
TMS-SER-01105,AGC-JHS,SER,18.7,19.6,60,4,70.7,8.61,2.53,2.14,0,ROUTINE
TMS-NR-01106,BCT-RTM,NR,15.2,26.6,5,1,53.7,4.71,2.77,1.28,0,ROUTINE
TMS-SWR-01107,ASR-JUC,SWR,11.2,16.1,20,2,95.6,4.47,0.16,1.87,0,ROUTINE
TMS-SWR-01108,AWB-SC,SWR,12.1,16.4,14,0,76.8,4.54,2.9,1.5,0,ROUTINE
TMS-SCR-01109,BRC-ST,SCR,14.6,9.5,8,4,62.6,3.02,0.24,2.0,0,ROUTINE
TMS-NWR-01110,NDLS-AGC,NWR,5.1,26.8,83,1,61.9,3.15,0.48,2.21,0,ROUTINE
TMS-CR-01111,BWN-AZ,CR,11.3,15.6,77,2,74.7,8.95,5.32,1.07,1,URGENT
TMS-WCR-01112,AWB-SC,WCR,18.3,16.7,21,6,73.0,10.57,0.23,2.59,1,URGENT
TMS-WR-01113,BPL-NGP,WR,9.3,27.8,5,0,68.5,7.77,0.43,2.19,0,ROUTINE
TMS-WR-01114,MAS-ED,WR,13.7,15.6,5,3,82.0,4.43,0.61,1.49,0,ROUTINE
TMS-NER-01115,BWN-AZ,NER,10.5,25.8,20,6,63.2,5.44,2.46,1.34,1,URGENT
TMS-WR-01116,CBE-TVC,WR,21.2,13.7,5,4,67.5,7.75,0.58,1.72,0,ROUTINE
TMS-NR-01117,BPL-NGP,NR,15.6,22.0,32,5,63.4,6.35,2.62,1.88,1,URGENT
TMS-NR-01118,MGS-ALD,NR,12.3,17.4,32,3,78.7,7.75,0.35,1.72,0,ROUTINE
TMS-SWR-01119,NDLS-AGC,SWR,33.6,20.0,80,5,33.0,7.4,1.38,4.05,0,ROUTINE
TMS-ER-01120,CSTM-KYN,ER,13.8,40.6,7,1,54.4,7.28,4.82,3.34,0,ROUTINE
TMS-SCR-01121,BPL-NGP,SCR,18.4,11.5,16,3,55.6,5.35,0.06,1.79,0,ROUTINE
TMS-ECR-01122,CBE-TVC,ECR,20.8,39.2,68,0,58.5,14.6,3.59,2.5,1,URGENT
TMS-NER-01123,AWB-SC,NER,45.0,15.4,22,0,20.9,12.19,0.27,3.79,1,URGENT
TMS-NCR-01124,SC-KZJ,NCR,18.7,31.4,5,0,52.4,5.68,1.3,2.62,0,ROUTINE
TMS-WCR-01125,CSTM-KYN,WCR,8.6,34.0,5,1,66.0,4.13,0.08,1.76,0,ROUTINE
TMS-SER-01126,BZA-MAS,SER,10.6,26.4,58,6,75.3,4.88,1.27,2.59,1,URGENT
TMS-ER-01127,HWH-BWN,ER,14.1,13.6,47,0,54.1,4.78,1.43,1.39,0,ROUTINE
TMS-NCR-01128,BZA-MAS,NCR,13.5,24.8,73,4,57.1,7.13,2.47,1.08,0,ROUTINE
TMS-ER-01129,BWN-AZ,ER,8.0,60.0,5,2,68.8,6.35,0.81,3.57,0,ROUTINE
TMS-ER-01130,CSTM-KYN,ER,45.0,22.3,50,1,23.2,13.58,3.71,4.82,1,URGENT
TMS-ER-01131,AZ-MGS,ER,21.8,21.3,37,5,51.8,6.67,0.69,2.12,0,ROUTINE
TMS-SWR-01132,ADI-BRC,SWR,25.9,20.5,9,1,58.0,9.22,0.14,2.84,0,ROUTINE
TMS-WR-01133,NDLS-UMB,WR,37.0,27.3,127,0,32.5,11.36,0.73,3.62,1,URGENT
TMS-SCR-01134,AZ-MGS,SCR,20.6,21.4,29,3,69.2,10.87,0.55,3.41,0,ROUTINE
TMS-ECR-01135,JHS-BPL,ECR,15.6,24.9,83,1,59.3,6.48,0.89,1.39,0,ROUTINE
TMS-WR-01136,ALD-CNB,WR,29.1,19.7,68,2,40.1,9.0,0.33,2.62,1,URGENT
TMS-ER-01137,ADI-BRC,ER,15.8,14.7,14,1,57.9,6.98,0.69,1.62,0,ROUTINE
TMS-ECoR-01138,CNB-NDLS,ECoR,11.9,56.2,26,2,62.7,7.54,3.26,3.44,0,ROUTINE
TMS-NWR-01139,ASR-JUC,NWR,3.8,21.4,19,5,92.1,3.41,1.59,1.69,0,ROUTINE
TMS-NCR-01140,BRC-ST,NCR,20.7,60.0,43,2,44.5,13.77,0.33,4.53,1,URGENT
TMS-CR-01141,KZJ-BZA,CR,27.5,26.3,31,17,37.7,6.37,0.08,3.52,1,CRITICAL
TMS-NFR-01142,KZJ-BZA,NFR,16.1,28.2,53,0,50.3,10.78,0.37,1.5,0,ROUTINE
TMS-WR-01143,BPL-NGP,WR,19.8,19.6,5,6,67.7,6.27,0.79,2.01,1,URGENT
TMS-SER-01144,ST-BCT,SER,8.2,17.5,40,3,80.9,3.33,0.69,1.56,0,ROUTINE
TMS-SWR-01145,ADI-BRC,SWR,8.1,19.8,13,3,70.6,4.43,2.83,1.71,0,ROUTINE
TMS-NER-01146,CBE-TVC,NER,36.3,15.9,8,0,42.6,8.75,1.32,3.14,0,ROUTINE
TMS-SR-01147,ADI-BRC,SR,14.7,15.3,56,3,85.3,3.66,2.77,1.51,0,ROUTINE
TMS-ECR-01148,JUC-ADI,ECR,15.6,45.3,5,0,51.2,8.18,10.19,2.9,1,URGENT
TMS-CR-01149,MGS-ALD,CR,19.0,30.6,9,2,55.5,9.96,0.51,3.44,0,ROUTINE
TMS-NR-01150,LDH-ASR,NR,8.3,40.4,7,0,74.9,11.58,0.97,2.33,0,ROUTINE
TMS-SECR-01151,BRC-ST,SECR,19.5,34.8,19,1,63.3,7.54,1.83,2.41,0,ROUTINE
TMS-ECoR-01152,BWN-AZ,ECoR,35.5,17.5,13,10,38.5,7.52,1.08,3.1,1,URGENT
TMS-SR-01153,KYN-IGP,SR,11.0,12.0,44,4,63.4,4.27,0.59,1.3,0,ROUTINE
TMS-NFR-01154,ASR-JUC,NFR,26.1,18.5,42,4,60.1,5.4,2.54,2.1,0,ROUTINE
TMS-CR-01155,CBE-TVC,CR,14.8,23.0,13,0,61.1,9.09,3.34,1.57,0,ROUTINE
TMS-SR-01156,CSTM-KYN,SR,11.9,35.1,20,1,68.0,7.66,0.49,2.46,0,ROUTINE
TMS-CR-01157,AZ-MGS,CR,41.5,21.7,8,2,36.0,8.33,0.5,4.26,0,ROUTINE
TMS-SER-01158,ALD-CNB,SER,33.1,60.0,38,1,25.9,11.64,1.26,5.75,1,URGENT
TMS-ECoR-01159,AWB-SC,ECoR,26.5,18.7,17,0,51.7,5.51,2.54,2.37,0,ROUTINE
TMS-NFR-01160,ED-CBE,NFR,18.5,28.1,5,3,57.9,5.51,1.1,2.69,0,ROUTINE
TMS-NR-01161,MAS-ED,NR,15.7,17.5,5,7,61.7,4.13,0.09,2.71,1,URGENT
TMS-ER-01162,BWN-AZ,ER,25.2,26.1,13,1,51.2,6.21,0.52,3.58,1,URGENT
TMS-NCR-01163,CNB-NDLS,NCR,16.1,21.1,48,4,56.8,5.71,1.05,2.95,0,ROUTINE
TMS-NR-01164,UMB-LDH,NR,4.0,20.1,5,8,90.7,8.88,2.0,0.33,1,URGENT
TMS-ER-01165,KZJ-BZA,ER,7.3,17.3,10,2,87.9,2.76,2.24,1.61,0,ROUTINE
TMS-SECR-01166,ALD-CNB,SECR,37.0,23.5,6,0,32.3,11.55,2.09,3.27,0,ROUTINE
TMS-SWR-01167,KZJ-BZA,SWR,17.6,31.0,109,0,52.5,5.29,0.15,3.87,0,ROUTINE
TMS-SCR-01168,NDLS-AGC,SCR,13.9,15.0,42,4,57.7,3.46,1.44,2.2,0,ROUTINE
TMS-SCR-01169,ASR-JUC,SCR,26.3,21.8,9,1,43.1,7.67,0.83,3.37,0,ROUTINE
TMS-WCR-01170,SC-KZJ,WCR,10.3,27.0,8,3,65.4,5.41,0.56,1.56,0,ROUTINE
TMS-SCR-01171,NGP-BZA,SCR,17.9,29.2,68,6,59.1,5.86,2.64,2.77,1,URGENT
TMS-ECR-01172,KYN-IGP,ECR,18.7,46.8,7,2,41.5,8.07,0.67,3.6,0,ROUTINE
TMS-WR-01173,HWH-BWN,WR,12.1,28.0,180,0,75.0,6.87,0.3,1.76,0,ROUTINE
TMS-NWR-01174,AGC-JHS,NWR,17.3,18.9,11,5,76.0,7.08,1.78,2.18,0,ROUTINE
TMS-NER-01175,ED-CBE,NER,9.1,17.7,5,4,78.5,2.81,0.22,0.15,0,ROUTINE
TMS-NER-01176,KYN-IGP,NER,7.6,17.6,41,0,69.0,2.71,0.52,2.26,0,ROUTINE
TMS-WCR-01177,ST-BCT,WCR,15.0,17.2,32,2,50.9,3.63,0.88,2.18,0,ROUTINE
TMS-WR-01178,AZ-MGS,WR,21.7,24.2,180,3,55.8,5.22,0.23,2.46,0,ROUTINE
TMS-SCR-01179,JHS-BPL,SCR,17.4,26.3,56,8,57.6,8.37,0.51,2.84,1,URGENT
TMS-NCR-01180,BCT-RTM,NCR,15.0,30.9,19,6,53.8,4.9,1.54,1.55,1,URGENT
TMS-WCR-01181,JUC-ADI,WCR,12.7,29.0,39,3,64.2,6.71,1.22,2.69,0,ROUTINE
TMS-NFR-01182,NDLS-AGC,NFR,12.6,36.5,59,0,82.4,12.64,2.79,2.4,0,ROUTINE
TMS-ECoR-01183,KYN-IGP,ECoR,6.9,17.0,25,1,95.7,5.83,0.23,0.33,0,ROUTINE
TMS-NFR-01184,HWH-BWN,NFR,27.9,42.7,11,3,50.9,7.74,2.99,3.94,1,URGENT
TMS-ECoR-01185,AZ-MGS,ECoR,18.8,17.3,8,0,59.6,8.69,0.12,2.66,0,ROUTINE
TMS-NFR-01186,BCT-RTM,NFR,23.4,25.5,12,0,49.8,11.9,2.04,3.28,1,URGENT
TMS-NWR-01187,HWH-BWN,NWR,17.0,20.5,65,0,72.1,6.64,0.35,2.19,0,ROUTINE
TMS-ECR-01188,UMB-LDH,ECR,10.9,22.0,16,0,73.1,5.31,3.5,1.78,0,ROUTINE
TMS-WCR-01189,CSTM-KYN,WCR,6.6,29.0,11,0,80.3,5.15,0.06,1.1,0,ROUTINE
TMS-ECR-01190,AZ-MGS,ECR,14.9,12.5,57,1,61.3,6.67,1.3,1.66,0,ROUTINE
TMS-SCR-01191,BZA-MAS,SCR,8.7,15.9,5,1,82.5,4.19,0.02,1.57,0,ROUTINE
TMS-SECR-01192,MGS-ALD,SECR,9.8,30.0,31,0,58.3,4.68,2.0,2.67,0,ROUTINE
TMS-WCR-01193,BPL-NGP,WCR,28.8,22.2,72,3,26.8,13.14,0.05,2.55,1,URGENT
TMS-ER-01194,ADI-BRC,ER,26.4,20.0,18,2,47.3,5.66,1.95,2.66,0,ROUTINE
TMS-SECR-01195,AWB-SC,SECR,16.9,14.2,10,2,75.2,5.86,2.48,2.14,0,ROUTINE
TMS-SR-01196,LDH-ASR,SR,13.5,20.1,23,6,72.7,5.39,3.39,0.85,1,URGENT
TMS-ECR-01197,SC-KZJ,ECR,6.0,29.1,44,1,75.0,5.27,0.67,1.42,0,ROUTINE
TMS-ECR-01198,JHS-BPL,ECR,4.9,17.7,25,2,66.9,4.21,1.17,1.92,0,ROUTINE
TMS-NR-01199,CSTM-KYN,NR,20.7,38.3,5,9,36.9,6.43,1.98,2.52,1,URGENT
TMS-NR-01200,BZA-MAS,NR,21.3,34.1,5,3,48.7,6.21,2.58,3.35,1,URGENT
TMS-ER-01201,NDLS-AGC,ER,7.7,19.3,44,5,76.0,2.84,2.29,1.43,0,ROUTINE
TMS-SER-01202,UMB-LDH,SER,8.1,17.5,17,2,78.6,8.19,2.82,1.4,0,ROUTINE
TMS-SR-01203,LDH-ASR,SR,19.6,7.3,53,6,81.3,5.41,3.42,2.1,1,URGENT
TMS-SECR-01204,ADI-BRC,SECR,24.2,14.4,36,4,57.6,4.94,1.58,2.23,0,ROUTINE
TMS-NCR-01205,SC-KZJ,NCR,23.4,14.1,30,3,68.6,5.78,0.29,2.33,0,ROUTINE
TMS-NR-01206,ED-CBE,NR,30.5,12.5,81,1,42.2,6.47,2.69,2.91,0,ROUTINE
TMS-NCR-01207,MGS-ALD,NCR,38.5,21.9,5,3,13.3,7.85,0.93,4.35,1,URGENT
TMS-CR-01208,SC-KZJ,CR,11.7,25.1,5,1,78.5,7.22,0.08,2.21,0,ROUTINE
TMS-NR-01209,CSTM-KYN,NR,7.5,45.9,34,5,76.4,7.79,1.48,2.5,1,URGENT
TMS-NWR-01210,BWN-AZ,NWR,7.6,22.8,5,0,88.9,4.21,1.95,1.14,0,ROUTINE
TMS-SER-01211,CBE-TVC,SER,9.5,9.8,36,6,73.3,3.69,0.92,0.72,1,URGENT
TMS-SR-01212,ST-BCT,SR,16.6,16.5,144,2,62.2,4.96,1.06,1.36,0,ROUTINE
TMS-SWR-01213,BZA-MAS,SWR,14.2,28.3,73,4,60.1,6.0,1.2,1.9,0,ROUTINE
TMS-ER-01214,KYN-IGP,ER,11.0,21.5,31,4,76.8,6.01,0.44,1.91,0,ROUTINE
TMS-CR-01215,ASR-JUC,CR,15.3,31.3,78,2,53.8,8.97,0.7,3.15,1,URGENT
TMS-SWR-01216,MAS-ED,SWR,10.5,18.1,5,0,77.8,4.82,2.47,1.64,0,ROUTINE
TMS-SR-01217,BWN-AZ,SR,20.0,35.2,21,13,59.7,6.08,0.05,2.65,1,CRITICAL
TMS-SECR-01218,BRC-ST,SECR,24.9,24.5,19,0,56.1,8.65,1.22,2.97,0,ROUTINE
TMS-SCR-01219,BRC-ST,SCR,16.5,24.7,14,2,54.9,5.38,0.05,2.0,0,ROUTINE
TMS-NWR-01220,NDLS-AGC,NWR,11.1,23.6,5,3,79.3,5.54,0.34,2.19,0,ROUTINE
TMS-SR-01221,NDLS-UMB,SR,18.7,16.3,77,10,64.4,4.55,0.7,1.52,1,URGENT
TMS-NWR-01222,NGP-BZA,NWR,28.9,21.7,52,0,41.2,6.43,0.31,3.62,0,ROUTINE
TMS-WR-01223,CBE-TVC,WR,20.2,25.0,37,10,65.4,5.14,2.83,2.93,1,URGENT
TMS-NWR-01224,AZ-MGS,NWR,15.9,12.7,5,1,70.3,4.16,3.06,1.42,0,ROUTINE
TMS-NCR-01225,LDH-ASR,NCR,7.9,22.9,16,2,88.0,4.84,0.25,1.17,0,ROUTINE
TMS-WR-01226,ADI-BRC,WR,4.9,36.1,90,0,83.1,4.39,3.34,1.61,1,URGENT
TMS-NFR-01227,CNB-NDLS,NFR,18.5,26.4,33,4,64.6,5.44,0.39,2.79,0,ROUTINE
TMS-SWR-01228,AGC-JHS,SWR,26.2,38.4,32,5,41.2,17.55,0.02,3.16,1,URGENT
TMS-SCR-01229,ST-BCT,SCR,13.4,26.1,85,1,55.4,17.62,2.0,1.4,1,URGENT
TMS-WR-01230,JUC-ADI,WR,4.2,15.5,28,9,74.1,3.73,1.1,0.85,1,URGENT
TMS-WCR-01231,KYN-IGP,WCR,23.8,30.5,31,3,69.7,6.79,1.03,3.49,1,URGENT
TMS-SECR-01232,ADI-BRC,SECR,6.9,14.1,14,4,86.9,6.12,0.0,0.26,0,ROUTINE
TMS-CR-01233,BRC-ST,CR,16.3,20.4,16,4,75.9,6.75,5.76,0.87,0,ROUTINE
TMS-SR-01234,BZA-MAS,SR,21.4,19.9,40,3,59.2,6.72,2.68,2.85,0,ROUTINE
TMS-ECoR-01235,JUC-ADI,ECoR,6.4,16.9,13,1,81.1,7.09,5.14,1.25,0,ROUTINE
TMS-CR-01236,ED-CBE,CR,21.0,57.5,28,2,40.5,8.93,0.42,3.96,1,URGENT
TMS-NFR-01237,BPL-NGP,NFR,8.8,21.6,11,4,77.8,3.64,1.39,1.43,0,ROUTINE
TMS-CR-01238,AZ-MGS,CR,24.5,45.8,6,2,40.7,14.16,2.06,3.79,1,URGENT
TMS-ECR-01239,BRC-ST,ECR,13.1,25.5,21,4,80.7,7.94,2.44,2.42,0,ROUTINE
TMS-SECR-01240,KYN-IGP,SECR,9.0,16.0,8,2,85.4,7.49,2.28,2.21,0,ROUTINE
TMS-ECoR-01241,NGP-BZA,ECoR,16.9,18.8,80,2,68.4,9.05,1.27,2.35,0,ROUTINE
TMS-WR-01242,KZJ-BZA,WR,10.3,21.9,12,4,80.5,4.26,0.05,1.3,0,ROUTINE
TMS-WR-01243,BRC-ST,WR,12.3,19.4,31,0,79.6,7.34,7.67,1.61,1,URGENT
TMS-WR-01244,AZ-MGS,WR,24.9,19.9,10,5,55.5,9.73,0.18,2.79,0,ROUTINE
TMS-NFR-01245,AGC-JHS,NFR,23.2,27.9,10,0,56.1,7.3,0.3,3.15,1,URGENT
TMS-NCR-01246,NDLS-UMB,NCR,10.4,25.7,15,3,77.5,5.58,2.61,2.04,0,ROUTINE
TMS-SWR-01247,KYN-IGP,SWR,10.2,29.3,86,1,75.6,5.6,0.16,2.1,0,ROUTINE
TMS-SR-01248,JUC-ADI,SR,9.5,40.9,17,3,65.2,4.73,0.36,3.18,0,ROUTINE
TMS-SER-01249,ASR-JUC,SER,31.2,18.4,60,4,50.5,7.69,0.03,3.54,0,ROUTINE
TMS-NER-01250,AWB-SC,NER,12.5,34.7,7,11,55.4,4.73,0.26,1.78,1,CRITICAL
TMS-SWR-01251,BPL-NGP,SWR,19.9,38.8,5,2,52.0,7.29,1.61,3.13,0,ROUTINE
TMS-NFR-01252,NDLS-UMB,NFR,19.1,37.2,53,0,52.8,5.93,0.67,3.62,0,ROUTINE
TMS-ER-01253,MAS-ED,ER,26.4,11.0,27,5,60.9,6.06,0.22,2.29,0,ROUTINE
TMS-SECR-01254,ST-BCT,SECR,11.1,45.6,24,3,55.0,6.04,0.46,2.43,0,ROUTINE
TMS-SR-01255,KYN-IGP,SR,9.7,17.2,11,3,72.6,5.8,2.1,1.4,0,ROUTINE
TMS-SWR-01256,NDLS-UMB,SWR,22.5,10.6,5,0,54.3,5.53,1.22,2.13,0,ROUTINE
TMS-SCR-01257,LDH-ASR,SCR,14.2,45.1,23,4,61.3,7.17,0.97,2.78,0,ROUTINE
TMS-NFR-01258,BPL-NGP,NFR,10.2,27.3,70,2,57.5,8.39,0.07,1.64,1,URGENT
TMS-ECR-01259,BRC-ST,ECR,16.9,27.7,5,1,53.5,6.07,1.08,3.09,0,ROUTINE
TMS-NER-01260,KZJ-BZA,NER,11.5,19.4,92,1,57.0,3.62,0.99,1.85,0,ROUTINE
TMS-ECR-01261,NDLS-AGC,ECR,33.6,23.9,11,5,32.2,7.19,0.88,3.16,0,ROUTINE
TMS-WR-01262,UMB-LDH,WR,12.9,21.0,26,5,70.4,4.35,1.0,1.23,0,ROUTINE
TMS-NER-01263,JHS-BPL,NER,19.0,17.3,5,4,72.5,4.85,0.12,2.08,0,ROUTINE
TMS-SWR-01264,SC-KZJ,SWR,16.7,22.4,19,3,74.4,7.71,4.05,2.42,0,ROUTINE
TMS-SCR-01265,BZA-MAS,SCR,7.7,23.2,5,4,65.7,5.86,0.55,1.67,0,ROUTINE
TMS-WR-01266,AZ-MGS,WR,11.2,13.1,5,1,73.6,2.85,1.59,1.59,0,ROUTINE
TMS-SER-01267,ASR-JUC,SER,4.1,22.7,118,1,85.9,2.88,0.67,1.61,0,ROUTINE
TMS-SECR-01268,NDLS-AGC,SECR,6.9,10.9,45,2,81.6,3.1,0.6,0.88,0,ROUTINE
TMS-ER-01269,BZA-MAS,ER,11.1,47.9,44,3,52.8,5.68,1.94,3.51,1,URGENT
TMS-SR-01270,BZA-MAS,SR,19.4,21.3,5,9,46.2,4.98,0.81,2.26,1,URGENT
TMS-NCR-01271,CNB-NDLS,NCR,12.2,14.5,92,1,65.6,7.77,1.44,1.18,0,ROUTINE
TMS-ECR-01272,HWH-BWN,ECR,16.0,27.3,22,3,72.6,6.14,0.48,1.01,0,ROUTINE
TMS-ECR-01273,ST-BCT,ECR,31.7,16.5,66,0,53.3,9.26,0.46,3.62,1,URGENT
TMS-WR-01274,NGP-BZA,WR,18.0,21.9,5,2,83.6,5.25,0.33,1.65,0,ROUTINE
TMS-WCR-01275,BWN-AZ,WCR,13.6,26.6,12,4,73.4,5.11,0.54,2.82,0,ROUTINE
TMS-NWR-01276,CSTM-KYN,NWR,18.5,14.8,180,1,57.0,7.87,0.1,0.62,0,ROUTINE
TMS-NER-01277,BRC-ST,NER,13.7,48.4,19,3,59.0,8.07,0.12,3.11,0,ROUTINE
TMS-NR-01278,CNB-NDLS,NR,23.3,50.3,76,3,44.3,9.79,2.88,3.35,1,URGENT
TMS-SER-01279,AZ-MGS,SER,11.6,18.0,13,1,78.9,5.22,0.49,1.89,0,ROUTINE
TMS-SR-01280,MAS-ED,SR,19.3,14.2,26,0,62.7,5.59,1.16,1.75,0,ROUTINE
TMS-NER-01281,JHS-BPL,NER,17.4,18.0,67,0,62.6,13.5,1.03,2.82,1,URGENT
TMS-NWR-01282,AWB-SC,NWR,5.9,18.3,32,4,85.9,6.84,1.51,0.6,1,URGENT
TMS-CR-01283,KZJ-BZA,CR,13.4,34.6,45,5,55.8,7.26,1.57,2.54,0,ROUTINE
TMS-NER-01284,ALD-CNB,NER,21.7,18.1,9,8,67.2,6.97,0.69,2.57,1,URGENT
TMS-NCR-01285,MGS-ALD,NCR,21.1,13.9,5,4,52.8,4.45,0.21,1.92,0,ROUTINE
TMS-SR-01286,JHS-BPL,SR,10.5,23.1,9,1,63.2,4.75,0.29,2.21,0,ROUTINE
TMS-SWR-01287,BPL-NGP,SWR,14.1,12.2,23,3,69.6,4.46,0.67,0.99,0,ROUTINE
TMS-SER-01288,NGP-BZA,SER,18.9,34.0,56,5,59.1,5.66,1.23,3.06,0,ROUTINE
TMS-NWR-01289,NDLS-AGC,NWR,9.6,28.2,15,10,79.6,6.51,1.43,2.26,1,URGENT
TMS-CR-01290,BPL-NGP,CR,17.7,17.5,29,3,68.4,4.06,4.04,1.63,0,ROUTINE
TMS-SECR-01291,LTT-NED,SECR,3.8,18.2,57,0,80.3,3.13,0.55,1.49,0,ROUTINE
TMS-ECoR-01292,BRC-ST,ECoR,13.1,24.5,9,2,66.8,8.6,0.17,1.92,0,ROUTINE
TMS-NWR-01293,ADI-BRC,NWR,17.5,14.3,75,5,63.0,4.6,1.16,1.59,0,ROUTINE
TMS-ECoR-01294,LDH-ASR,ECoR,25.8,16.2,107,3,61.7,6.91,0.1,2.7,0,ROUTINE
TMS-SR-01295,CSTM-KYN,SR,14.4,20.3,5,2,69.9,4.52,0.27,1.44,0,ROUTINE
TMS-ECR-01296,UMB-LDH,ECR,13.8,13.1,5,2,83.9,3.51,1.21,1.51,0,ROUTINE
TMS-NWR-01297,ASR-JUC,NWR,45.0,18.5,5,4,29.4,10.85,3.87,3.34,1,URGENT
TMS-SECR-01298,CNB-NDLS,SECR,21.8,14.5,52,1,57.9,4.89,0.33,2.78,0,ROUTINE
TMS-ER-01299,ST-BCT,ER,11.8,39.3,7,7,61.6,5.06,0.68,2.93,1,URGENT
TMS-WR-01300,JUC-ADI,WR,17.3,18.9,45,2,65.3,5.25,0.88,3.28,0,ROUTINE
TMS-ECoR-01301,ALD-CNB,ECoR,9.2,15.2,20,3,78.1,5.06,4.6,1.25,0,ROUTINE
TMS-WR-01302,LDH-ASR,WR,31.3,29.1,63,1,44.6,8.76,2.0,3.96,1,URGENT
TMS-NCR-01303,ASR-JUC,NCR,11.5,17.3,57,2,77.5,3.67,0.61,1.55,0,ROUTINE
TMS-ER-01304,AWB-SC,ER,14.0,14.3,112,11,67.5,6.65,0.47,1.87,1,CRITICAL
TMS-WR-01305,UMB-LDH,WR,12.2,31.7,10,3,82.2,4.57,1.1,3.13,0,ROUTINE
TMS-NFR-01306,SC-KZJ,NFR,10.0,19.5,9,5,76.9,5.28,0.72,2.03,0,ROUTINE
TMS-NFR-01307,UMB-LDH,NFR,21.3,31.1,5,4,44.8,7.55,1.44,3.15,1,URGENT
TMS-CR-01308,NGP-BZA,CR,7.5,22.1,18,4,82.7,7.48,1.15,0.58,0,ROUTINE
TMS-SER-01309,BPL-NGP,SER,17.2,23.4,21,0,54.1,5.95,0.05,2.51,0,ROUTINE
TMS-ECR-01310,SC-KZJ,ECR,10.5,27.8,116,1,72.9,7.22,0.12,1.26,0,ROUTINE
TMS-SR-01311,CSTM-KYN,SR,17.7,17.2,62,0,64.4,4.52,0.22,2.3,0,ROUTINE
TMS-NWR-01312,BWN-AZ,NWR,9.4,16.1,6,1,78.4,4.27,1.58,1.54,0,ROUTINE
TMS-NR-01313,CSTM-KYN,NR,33.2,35.9,56,1,25.5,9.37,5.67,3.59,1,URGENT
TMS-NCR-01314,JUC-ADI,NCR,14.1,28.0,6,2,63.9,5.06,0.9,2.0,0,ROUTINE
TMS-ECoR-01315,MAS-ED,ECoR,29.8,21.6,5,1,43.7,6.21,0.24,3.82,0,ROUTINE
TMS-SR-01316,HWH-BWN,SR,26.1,30.5,63,6,45.5,9.08,1.41,3.87,1,URGENT
TMS-WCR-01317,NDLS-AGC,WCR,20.4,27.6,130,8,70.4,6.28,1.47,3.75,1,URGENT
TMS-ER-01318,BWN-AZ,ER,16.8,32.4,5,1,54.1,5.83,2.11,1.96,1,URGENT
TMS-SCR-01319,CNB-NDLS,SCR,11.8,14.1,58,2,77.0,3.33,1.86,1.83,0,ROUTINE
TMS-NFR-01320,ST-BCT,NFR,20.9,21.6,68,1,47.4,8.68,1.75,2.95,1,URGENT
TMS-SCR-01321,CBE-TVC,SCR,6.2,34.9,5,0,56.7,4.53,1.94,2.48,0,ROUTINE
TMS-SECR-01322,BZA-MAS,SECR,15.6,43.4,11,0,52.3,6.27,2.57,3.62,0,ROUTINE
TMS-NCR-01323,MGS-ALD,NCR,9.9,17.9,46,7,87.5,4.4,3.39,1.87,1,URGENT
TMS-NR-01324,AWB-SC,NR,17.6,23.7,57,0,51.7,7.58,0.01,3.11,0,ROUTINE
TMS-NWR-01325,JHS-BPL,NWR,18.6,22.4,15,3,66.7,6.43,1.65,2.46,0,ROUTINE
TMS-CR-01326,MAS-ED,CR,29.3,13.5,6,1,58.8,11.92,4.25,2.48,0,ROUTINE
TMS-NR-01327,NDLS-UMB,NR,28.3,19.8,36,3,59.1,12.11,2.13,2.25,0,ROUTINE
TMS-NCR-01328,CBE-TVC,NCR,11.2,11.8,42,1,82.6,7.28,0.13,0.61,0,ROUTINE
TMS-NR-01329,NDLS-UMB,NR,24.4,20.8,24,1,46.6,6.99,2.0,3.02,0,ROUTINE
TMS-NCR-01330,NGP-BZA,NCR,14.0,14.7,5,0,61.9,6.2,0.44,0.93,0,ROUTINE
TMS-NCR-01331,CSTM-KYN,NCR,9.4,23.8,65,0,58.9,3.99,0.31,1.7,0,ROUTINE
TMS-NER-01332,UMB-LDH,NER,27.9,19.6,36,0,63.3,7.47,0.34,2.86,0,ROUTINE
TMS-WCR-01333,BWN-AZ,WCR,11.2,19.5,71,5,80.4,3.38,5.37,1.37,0,ROUTINE
TMS-ECoR-01334,LTT-NED,ECoR,10.1,41.3,94,6,69.3,5.43,1.61,2.8,1,URGENT
TMS-SWR-01335,UMB-LDH,SWR,17.7,22.8,57,6,43.0,5.27,5.72,2.15,1,URGENT
TMS-SCR-01336,HWH-BWN,SCR,15.2,47.1,111,5,58.7,6.94,2.82,2.88,0,ROUTINE
TMS-SWR-01337,JHS-BPL,SWR,4.0,26.5,107,1,82.4,3.07,3.88,1.34,0,ROUTINE
TMS-SWR-01338,BCT-RTM,SWR,17.1,30.8,33,5,61.6,5.2,1.21,2.53,0,ROUTINE
TMS-SWR-01339,ASR-JUC,SWR,17.6,15.7,45,2,62.4,5.62,0.64,2.12,0,ROUTINE
TMS-WR-01340,NDLS-UMB,WR,13.0,16.8,42,0,73.4,4.65,2.01,2.29,0,ROUTINE
TMS-NFR-01341,CBE-TVC,NFR,26.4,22.4,33,4,40.8,7.51,0.03,2.89,0,ROUTINE
TMS-NER-01342,ST-BCT,NER,22.4,36.1,5,11,49.0,6.52,1.55,3.56,1,CRITICAL
TMS-NWR-01343,KZJ-BZA,NWR,28.2,19.2,15,3,37.9,11.67,4.7,2.75,0,ROUTINE
TMS-NER-01344,NGP-BZA,NER,7.4,12.5,5,4,90.8,3.18,2.8,0.64,0,ROUTINE
TMS-ECR-01345,UMB-LDH,ECR,19.8,26.0,12,0,64.1,6.24,0.32,2.69,0,ROUTINE
TMS-ECR-01346,AWB-SC,ECR,19.6,22.8,5,4,65.0,6.35,0.21,2.41,0,ROUTINE
TMS-WR-01347,SC-KZJ,WR,11.9,17.8,88,3,61.2,5.55,2.63,1.31,0,ROUTINE
TMS-NFR-01348,ALD-CNB,NFR,9.3,19.1,21,6,77.2,3.89,0.08,1.8,1,URGENT
TMS-NR-01349,KZJ-BZA,NR,23.0,15.7,7,2,63.4,5.01,8.04,1.59,1,URGENT
TMS-ECoR-01350,HWH-BWN,ECoR,14.2,32.1,30,4,68.8,7.75,0.94,2.6,0,ROUTINE
TMS-NFR-01351,UMB-LDH,NFR,31.2,22.4,7,1,56.2,7.08,3.94,3.2,0,ROUTINE
TMS-WR-01352,AWB-SC,WR,29.6,24.4,57,9,35.7,7.56,2.5,3.07,1,URGENT
TMS-NCR-01353,BWN-AZ,NCR,7.7,17.5,12,0,77.3,4.56,1.79,2.16,0,ROUTINE
TMS-ER-01354,UMB-LDH,ER,14.5,37.9,13,4,62.8,11.93,0.35,3.23,0,ROUTINE
TMS-ECoR-01355,ED-CBE,ECoR,17.2,24.2,71,1,63.4,4.58,0.13,2.63,0,ROUTINE
TMS-SER-01356,CNB-NDLS,SER,8.1,9.4,28,3,90.0,3.43,1.6,0.7,0,ROUTINE
TMS-SCR-01357,AGC-JHS,SCR,19.2,26.7,76,3,43.0,10.52,0.32,1.74,1,URGENT
TMS-ECoR-01358,NGP-BZA,ECoR,19.4,20.0,18,0,58.3,5.1,2.65,3.27,0,ROUTINE
TMS-WR-01359,BZA-MAS,WR,20.7,20.8,14,0,56.0,5.01,0.1,1.81,0,ROUTINE
TMS-NCR-01360,LTT-NED,NCR,17.1,33.0,24,0,64.1,7.02,1.11,3.28,0,ROUTINE
TMS-NCR-01361,AZ-MGS,NCR,13.6,23.0,5,0,77.7,4.21,0.82,2.15,0,ROUTINE
TMS-CR-01362,BCT-RTM,CR,15.4,44.0,5,4,57.5,10.05,3.88,2.91,0,ROUTINE
TMS-SWR-01363,NDLS-UMB,SWR,8.4,23.2,8,0,91.8,5.68,3.43,1.57,0,ROUTINE
TMS-NFR-01364,NDLS-UMB,NFR,20.3,18.4,59,2,59.8,4.77,1.91,2.83,0,ROUTINE
TMS-NCR-01365,NDLS-AGC,NCR,5.5,10.7,46,2,81.5,3.4,2.11,1.69,0,ROUTINE
TMS-ECR-01366,BCT-RTM,ECR,15.3,16.7,7,2,81.7,3.69,1.84,2.44,0,ROUTINE
TMS-SWR-01367,BWN-AZ,SWR,21.1,19.5,11,0,57.2,8.46,1.68,2.66,1,URGENT
TMS-NWR-01368,BCT-RTM,NWR,20.3,39.9,101,10,43.7,6.7,8.69,4.28,1,URGENT
TMS-ER-01369,KYN-IGP,ER,23.2,18.5,5,2,64.1,7.59,2.0,2.94,0,ROUTINE
TMS-WR-01370,CSTM-KYN,WR,17.7,42.8,27,1,46.3,6.3,4.37,2.96,0,ROUTINE
TMS-SCR-01371,MGS-ALD,SCR,9.9,14.0,25,1,82.6,3.88,0.86,1.79,0,ROUTINE
TMS-NFR-01372,SC-KZJ,NFR,13.2,16.3,45,1,83.0,8.58,9.42,1.77,1,URGENT
TMS-SR-01373,JUC-ADI,SR,19.4,34.8,10,1,53.5,5.85,1.43,3.18,0,ROUTINE
TMS-ECR-01374,CSTM-KYN,ECR,4.0,17.5,95,1,95.7,2.7,3.53,1.54,0,ROUTINE
TMS-SECR-01375,KZJ-BZA,SECR,26.0,34.5,18,2,47.1,9.71,0.14,3.71,1,URGENT
TMS-SER-01376,BRC-ST,SER,24.0,16.0,11,0,43.7,6.12,1.41,2.69,0,ROUTINE
TMS-NR-01377,MGS-ALD,NR,8.1,16.6,14,5,87.1,4.64,7.4,1.04,1,URGENT
TMS-NCR-01378,BPL-NGP,NCR,13.2,28.7,15,3,78.3,7.62,0.1,3.32,0,ROUTINE
TMS-SR-01379,AGC-JHS,SR,9.3,16.0,7,6,82.2,5.74,4.41,1.57,1,URGENT
TMS-NCR-01380,CBE-TVC,NCR,10.9,19.9,92,1,71.1,4.23,0.24,1.65,0,ROUTINE
TMS-ECoR-01381,CSTM-KYN,ECoR,7.3,26.0,6,3,78.5,4.3,8.33,2.02,1,URGENT
TMS-ECR-01382,BRC-ST,ECR,16.8,20.1,75,5,60.7,5.82,0.51,2.73,0,ROUTINE
TMS-ECoR-01383,KYN-IGP,ECoR,19.0,17.7,18,7,74.1,4.53,2.37,2.32,1,URGENT
TMS-CR-01384,SC-KZJ,CR,14.1,13.7,10,1,74.2,7.28,0.04,1.25,0,ROUTINE
TMS-ECoR-01385,MAS-ED,ECoR,20.1,39.6,7,1,53.1,6.38,0.51,2.98,1,URGENT
TMS-CR-01386,UMB-LDH,CR,18.8,42.7,24,2,49.5,6.64,1.39,2.6,0,ROUTINE
TMS-SER-01387,KZJ-BZA,SER,3.1,25.3,38,4,91.6,8.28,0.39,1.16,0,ROUTINE
TMS-WR-01388,NDLS-UMB,WR,28.9,20.2,79,4,39.5,6.61,2.15,3.13,0,ROUTINE
TMS-CR-01389,MGS-ALD,CR,22.7,20.7,36,1,74.9,5.62,1.69,2.55,1,URGENT
TMS-SR-01390,NDLS-UMB,SR,13.5,31.0,23,2,64.9,5.61,7.05,2.87,1,URGENT
TMS-SWR-01391,KZJ-BZA,SWR,24.8,33.5,5,7,48.1,8.98,1.32,2.71,1,URGENT
TMS-WCR-01392,BCT-RTM,WCR,22.7,17.9,86,2,49.7,5.75,2.19,2.78,0,ROUTINE
TMS-NCR-01393,BRC-ST,NCR,30.5,34.1,81,11,50.8,11.46,0.12,3.28,1,CRITICAL
TMS-NR-01394,LDH-ASR,NR,8.1,28.4,16,0,77.6,3.81,0.07,2.34,0,ROUTINE
TMS-SWR-01395,ED-CBE,SWR,8.5,33.9,5,1,76.9,4.24,1.31,1.02,0,ROUTINE
TMS-SCR-01396,KYN-IGP,SCR,6.9,11.7,46,4,79.6,2.13,6.34,1.11,1,URGENT
TMS-WR-01397,ST-BCT,WR,7.5,18.8,54,5,90.5,3.34,0.47,1.84,0,ROUTINE
TMS-ECoR-01398,CBE-TVC,ECoR,16.5,20.7,27,6,60.3,4.58,0.0,2.35,1,URGENT
TMS-SECR-01399,KZJ-BZA,SECR,26.4,18.4,18,1,58.8,6.67,0.63,2.3,0,ROUTINE
TMS-SCR-01400,NDLS-AGC,SCR,12.8,47.8,66,4,54.1,16.64,2.02,3.17,1,URGENT
TMS-ECR-01401,BCT-RTM,ECR,4.6,18.8,7,2,74.4,6.25,2.43,1.2,0,ROUTINE
TMS-CR-01402,NDLS-AGC,CR,4.5,26.8,20,2,76.2,7.33,2.28,0.61,0,ROUTINE
TMS-NCR-01403,MGS-ALD,NCR,23.9,23.6,5,1,43.4,9.03,0.13,2.44,0,ROUTINE
TMS-ER-01404,JHS-BPL,ER,6.2,19.8,6,2,80.5,3.15,2.21,0.97,0,ROUTINE
TMS-NFR-01405,CSTM-KYN,NFR,8.0,16.7,98,2,92.4,3.05,0.13,0.64,0,ROUTINE
TMS-SR-01406,ED-CBE,SR,24.2,50.5,30,1,53.0,10.3,6.53,4.1,1,URGENT
TMS-NR-01407,KZJ-BZA,NR,11.5,20.3,57,6,92.6,5.18,0.69,2.85,1,URGENT
TMS-NER-01408,CSTM-KYN,NER,17.2,31.5,23,2,56.7,5.56,1.77,2.62,0,ROUTINE
TMS-SR-01409,NDLS-AGC,SR,12.3,22.1,63,2,69.9,10.46,0.99,1.52,1,URGENT
TMS-SER-01410,ST-BCT,SER,20.8,18.5,27,4,61.8,5.7,0.41,2.15,0,ROUTINE
TMS-ER-01411,AZ-MGS,ER,11.1,23.2,5,3,58.7,6.89,1.42,0.7,0,ROUTINE
TMS-SECR-01412,AGC-JHS,SECR,28.2,25.1,80,2,40.7,6.39,0.02,2.43,1,URGENT
TMS-NFR-01413,MGS-ALD,NFR,11.8,18.4,5,2,68.4,3.31,1.06,1.98,0,ROUTINE
TMS-ER-01414,AWB-SC,ER,2.2,16.3,20,3,81.6,2.85,0.06,0.65,0,ROUTINE
TMS-ECoR-01415,NDLS-UMB,ECoR,14.0,26.9,22,6,62.9,4.51,1.26,1.38,1,URGENT
TMS-CR-01416,NDLS-AGC,CR,22.7,23.3,5,5,43.0,13.02,0.92,2.84,0,ROUTINE
TMS-WR-01417,AGC-JHS,WR,26.0,17.1,5,3,53.3,8.61,3.38,2.62,0,ROUTINE
TMS-NR-01418,ST-BCT,NR,15.2,15.3,50,3,56.9,4.71,5.07,2.16,0,ROUTINE
TMS-NWR-01419,HWH-BWN,NWR,10.2,25.5,12,1,67.2,11.35,1.58,1.47,0,ROUTINE
TMS-CR-01420,KZJ-BZA,CR,7.9,10.3,18,4,69.6,2.55,0.31,2.07,0,ROUTINE
TMS-NWR-01421,AWB-SC,NWR,9.4,20.0,29,4,85.1,5.28,1.11,0.88,0,ROUTINE
TMS-SCR-01422,HWH-BWN,SCR,27.7,23.4,16,3,62.8,6.06,0.0,2.69,0,ROUTINE
TMS-WR-01423,BWN-AZ,WR,21.7,44.5,52,1,40.9,7.75,2.19,2.65,1,URGENT
TMS-NFR-01424,CNB-NDLS,NFR,9.3,22.3,75,3,68.0,3.34,0.06,1.33,0,ROUTINE
TMS-NCR-01425,ST-BCT,NCR,20.1,19.7,5,2,65.3,5.51,2.47,2.34,1,URGENT
TMS-NER-01426,ST-BCT,NER,22.2,24.9,35,3,49.3,6.28,0.46,3.15,0,ROUTINE
TMS-ECR-01427,MAS-ED,ECR,25.0,16.7,13,1,44.5,6.03,0.43,2.59,0,ROUTINE
TMS-SWR-01428,LDH-ASR,SWR,18.3,20.3,30,0,48.6,5.44,0.14,2.54,0,ROUTINE
TMS-WR-01429,JUC-ADI,WR,15.7,22.5,23,9,55.2,6.07,1.74,2.55,1,URGENT
TMS-CR-01430,BWN-AZ,CR,18.1,28.6,14,3,68.0,5.42,0.68,2.29,1,URGENT
TMS-NR-01431,MAS-ED,NR,15.5,17.0,5,8,78.1,4.22,0.14,1.29,1,URGENT
TMS-SWR-01432,AWB-SC,SWR,16.8,22.1,28,10,59.7,6.36,0.58,2.27,1,URGENT
TMS-SER-01433,NGP-BZA,SER,18.7,10.8,5,5,70.2,4.92,3.83,2.46,0,ROUTINE
TMS-SER-01434,JUC-ADI,SER,11.0,27.3,5,5,80.2,4.19,0.05,2.73,0,ROUTINE
TMS-ER-01435,BWN-AZ,ER,18.2,20.2,140,7,52.3,7.44,1.66,1.25,1,URGENT
TMS-SWR-01436,JHS-BPL,SWR,13.2,47.2,13,3,58.5,11.1,1.04,2.11,0,ROUTINE
TMS-NR-01437,MAS-ED,NR,8.6,25.5,30,3,60.2,4.58,1.37,0.95,0,ROUTINE
TMS-NFR-01438,JUC-ADI,NFR,17.8,15.7,11,3,63.8,5.83,0.75,2.65,0,ROUTINE
TMS-SCR-01439,BWN-AZ,SCR,11.0,14.3,70,3,82.6,6.17,0.99,2.04,0,ROUTINE
TMS-NWR-01440,MAS-ED,NWR,11.8,28.9,11,0,79.1,10.72,2.14,2.02,0,ROUTINE
TMS-ER-01441,CNB-NDLS,ER,20.7,45.5,15,2,51.4,13.7,0.99,3.46,1,URGENT
TMS-SER-01442,NDLS-AGC,SER,15.9,40.3,32,6,38.0,10.73,0.71,3.21,1,URGENT
TMS-ECR-01443,BWN-AZ,ECR,24.5,13.7,71,0,47.5,8.16,0.48,2.72,1,URGENT
TMS-ECR-01444,BCT-RTM,ECR,26.5,24.1,59,11,46.2,7.01,0.9,3.99,1,CRITICAL
TMS-CR-01445,BWN-AZ,CR,24.6,34.8,10,0,47.8,8.69,1.29,3.16,1,URGENT
TMS-NFR-01446,KYN-IGP,NFR,17.0,13.0,61,1,69.5,6.47,0.7,2.19,0,ROUTINE
TMS-WCR-01447,ASR-JUC,WCR,14.0,33.6,42,3,56.6,4.98,3.47,2.49,0,ROUTINE
TMS-NCR-01448,ADI-BRC,NCR,25.2,16.8,160,1,61.8,5.37,8.26,3.25,1,URGENT
TMS-SER-01449,ST-BCT,SER,13.5,20.4,95,2,70.1,6.1,0.34,2.2,0,ROUTINE
TMS-WCR-01450,JHS-BPL,WCR,11.2,24.8,26,3,61.8,5.86,1.55,1.86,0,ROUTINE
TMS-SECR-01451,KZJ-BZA,SECR,2.4,34.0,48,4,74.7,6.34,0.35,1.29,0,ROUTINE
TMS-NFR-01452,ST-BCT,NFR,14.4,41.0,29,11,79.7,5.85,1.17,2.67,1,CRITICAL
TMS-SCR-01453,CNB-NDLS,SCR,7.0,19.5,31,3,90.2,8.13,0.75,0.75,0,ROUTINE
TMS-NWR-01454,KYN-IGP,NWR,14.4,18.3,5,6,76.7,4.17,0.42,2.31,1,URGENT
TMS-NR-01455,JUC-ADI,NR,8.3,17.8,5,3,81.2,2.96,0.63,1.12,0,ROUTINE
TMS-SWR-01456,BRC-ST,SWR,30.4,30.3,5,2,31.3,7.77,0.2,3.72,1,URGENT
TMS-SER-01457,HWH-BWN,SER,6.3,33.1,119,3,73.4,6.9,0.12,1.06,0,ROUTINE
TMS-SWR-01458,ASR-JUC,SWR,6.2,31.7,5,4,69.6,3.52,0.9,1.94,0,ROUTINE
TMS-ECR-01459,NDLS-UMB,ECR,5.1,24.7,5,2,79.1,3.26,2.53,1.15,0,ROUTINE
TMS-NR-01460,BRC-ST,NR,10.8,25.7,12,1,63.6,9.91,1.72,3.21,0,ROUTINE
TMS-NR-01461,CBE-TVC,NR,9.1,20.2,31,5,80.7,3.02,1.36,1.87,0,ROUTINE
TMS-NR-01462,LDH-ASR,NR,24.2,21.0,103,0,47.1,5.96,0.82,1.71,0,ROUTINE
TMS-ECR-01463,LDH-ASR,ECR,19.1,31.2,42,1,50.4,6.15,0.95,3.38,0,ROUTINE
TMS-SCR-01464,NDLS-AGC,SCR,5.1,24.7,11,0,83.6,7.89,0.03,1.5,0,ROUTINE
TMS-SWR-01465,ST-BCT,SWR,23.5,18.4,97,6,71.4,8.81,4.22,1.83,1,URGENT
TMS-SR-01466,ASR-JUC,SR,10.7,34.5,5,1,58.3,5.6,0.56,1.63,0,ROUTINE
TMS-SWR-01467,NDLS-UMB,SWR,13.3,17.4,135,4,65.9,4.15,3.69,1.23,0,ROUTINE
TMS-ECoR-01468,HWH-BWN,ECoR,4.2,23.5,5,0,82.4,8.29,1.89,2.01,0,ROUTINE
TMS-NWR-01469,CBE-TVC,NWR,22.4,13.5,49,0,55.8,4.86,1.24,1.68,0,ROUTINE
TMS-SECR-01470,MGS-ALD,SECR,8.9,15.2,5,1,61.4,3.85,0.88,1.34,0,ROUTINE
TMS-SR-01471,LTT-NED,SR,33.2,22.4,93,0,51.9,7.86,0.59,3.11,0,ROUTINE
TMS-NWR-01472,MGS-ALD,NWR,10.1,16.8,5,9,68.0,8.33,1.53,1.16,1,URGENT
TMS-ER-01473,NDLS-UMB,ER,23.1,20.3,5,1,57.8,7.91,5.27,2.87,0,ROUTINE
TMS-NFR-01474,CBE-TVC,NFR,8.2,36.1,77,5,75.7,5.36,2.45,2.34,0,ROUTINE
TMS-NFR-01475,MAS-ED,NFR,10.4,21.1,5,1,65.1,5.12,0.74,1.1,1,URGENT
TMS-NER-01476,SC-KZJ,NER,11.3,31.8,55,5,69.4,9.0,0.99,1.14,0,ROUTINE
TMS-NFR-01477,ST-BCT,NFR,11.1,16.2,48,1,80.5,6.52,0.95,0.89,0,ROUTINE
TMS-SWR-01478,MGS-ALD,SWR,8.9,27.6,31,2,56.5,5.45,0.45,1.63,0,ROUTINE
TMS-WCR-01479,MGS-ALD,WCR,7.3,14.9,16,3,80.1,7.22,2.82,1.46,0,ROUTINE
TMS-ECR-01480,AGC-JHS,ECR,11.0,20.1,86,1,76.7,4.21,1.77,1.93,0,ROUTINE
TMS-SECR-01481,CBE-TVC,SECR,11.5,28.1,71,3,76.4,6.62,1.37,2.77,0,ROUTINE
TMS-NCR-01482,AWB-SC,NCR,17.7,22.3,19,4,48.3,4.47,0.85,2.64,0,ROUTINE
TMS-CR-01483,KZJ-BZA,CR,11.2,32.4,9,3,67.8,6.02,0.41,1.82,0,ROUTINE
TMS-NER-01484,JHS-BPL,NER,9.2,29.0,11,0,79.1,3.99,1.53,2.04,0,ROUTINE
TMS-WR-01485,KYN-IGP,WR,11.6,19.6,8,2,75.4,4.79,0.41,0.7,0,ROUTINE
TMS-WR-01486,CNB-NDLS,WR,7.1,37.3,27,3,76.6,4.62,0.01,2.4,0,ROUTINE
TMS-CR-01487,SC-KZJ,CR,5.1,26.4,71,1,84.9,3.84,0.1,1.8,0,ROUTINE
TMS-NWR-01488,BCT-RTM,NWR,20.7,20.1,51,0,51.7,7.86,1.78,1.89,1,URGENT
TMS-CR-01489,ASR-JUC,CR,19.3,23.5,55,3,66.7,4.9,0.71,3.38,0,ROUTINE
TMS-CR-01490,ED-CBE,CR,10.0,23.0,20,4,79.5,4.88,0.35,2.12,0,ROUTINE
TMS-WR-01491,AZ-MGS,WR,16.3,24.1,13,2,59.6,4.69,0.41,2.93,0,ROUTINE
TMS-NER-01492,MGS-ALD,NER,6.1,21.0,49,0,79.8,4.3,1.02,1.84,0,ROUTINE
TMS-ER-01493,HWH-BWN,ER,7.7,25.8,55,6,82.1,5.23,3.54,1.32,1,URGENT
TMS-SWR-01494,AGC-JHS,SWR,13.1,30.4,41,1,75.4,4.8,0.47,2.02,0,ROUTINE
TMS-NR-01495,ED-CBE,NR,22.0,26.3,5,9,52.4,5.42,1.6,2.37,1,URGENT
TMS-NFR-01496,NDLS-UMB,NFR,39.1,26.0,31,3,31.5,8.12,2.62,2.97,1,URGENT
TMS-NFR-01497,BZA-MAS,NFR,16.1,21.3,14,0,76.1,6.46,1.01,2.45,0,ROUTINE
TMS-ECR-01498,LTT-NED,ECR,16.5,15.6,7,1,63.4,4.68,0.04,2.61,0,ROUTINE
TMS-NER-01499,KZJ-BZA,NER,15.0,14.1,41,7,82.8,4.31,2.39,1.72,1,URGENT
TMS-ECR-01500,ASR-JUC,ECR,10.7,16.7,10,2,68.6,5.3,3.17,3.03,1,URGENT
TMS-NCR-01501,ED-CBE,NCR,25.0,18.8,85,2,51.7,6.63,0.05,2.46,0,ROUTINE
TMS-NCR-01502,BPL-NGP,NCR,5.5,43.3,12,3,76.2,6.32,0.19,1.53,0,ROUTINE
TMS-ECR-01503,KZJ-BZA,ECR,13.2,36.6,28,1,71.4,9.94,0.14,2.71,0,ROUTINE
TMS-NER-01504,BRC-ST,NER,20.1,17.5,61,4,62.8,5.83,0.37,2.35,0,ROUTINE
TMS-ECR-01505,ALD-CNB,ECR,15.3,26.6,18,2,49.0,6.46,1.03,2.73,0,ROUTINE
TMS-NFR-01506,ASR-JUC,NFR,6.8,21.6,61,0,77.4,4.79,0.05,1.61,0,ROUTINE
TMS-SR-01507,BWN-AZ,SR,5.9,24.4,45,0,77.1,4.37,0.28,2.09,0,ROUTINE
TMS-WCR-01508,AWB-SC,WCR,13.2,17.8,88,4,70.3,5.59,0.78,1.0,0,ROUTINE
TMS-ECoR-01509,AZ-MGS,ECoR,5.2,54.4,13,2,74.8,8.73,1.5,2.58,0,ROUTINE
TMS-WR-01510,AGC-JHS,WR,30.9,46.8,5,1,21.3,11.68,3.61,4.16,1,URGENT
TMS-WR-01511,AWB-SC,WR,14.7,19.7,19,1,67.4,3.9,2.66,2.41,0,ROUTINE
TMS-SECR-01512,AWB-SC,SECR,19.5,17.5,53,3,60.7,10.39,0.08,1.85,0,ROUTINE
TMS-CR-01513,NDLS-UMB,CR,23.3,32.1,20,1,47.2,9.82,5.11,2.66,1,URGENT
TMS-ECoR-01514,KZJ-BZA,ECoR,14.3,13.7,10,4,64.4,10.29,0.47,1.67,0,ROUTINE
TMS-SWR-01515,ALD-CNB,SWR,18.5,31.1,5,8,58.6,5.69,0.68,2.84,1,URGENT
TMS-NER-01516,ST-BCT,NER,14.6,23.3,13,2,63.4,5.59,0.12,2.35,0,ROUTINE
TMS-SCR-01517,ADI-BRC,SCR,14.0,12.5,43,2,67.4,4.26,4.12,1.16,0,ROUTINE
TMS-ECoR-01518,CSTM-KYN,ECoR,14.9,20.9,5,2,63.3,4.85,1.18,2.41,0,ROUTINE
TMS-SECR-01519,ST-BCT,SECR,45.0,17.1,14,5,19.3,9.16,1.09,3.68,1,URGENT
TMS-NCR-01520,JHS-BPL,NCR,21.7,23.7,5,0,47.9,9.83,0.02,2.33,0,ROUTINE
TMS-NWR-01521,MGS-ALD,NWR,44.7,22.7,44,3,15.4,10.92,0.01,4.43,0,ROUTINE
TMS-CR-01522,JHS-BPL,CR,14.6,12.9,74,1,59.8,4.01,1.72,2.2,0,ROUTINE
TMS-SECR-01523,NDLS-UMB,SECR,30.7,19.4,29,0,58.3,7.11,0.99,2.6,0,ROUTINE
TMS-NR-01524,SC-KZJ,NR,8.8,27.9,5,8,74.4,4.82,1.06,2.24,1,URGENT
TMS-SCR-01525,ED-CBE,SCR,22.6,29.9,8,3,50.3,6.7,1.58,2.99,1,URGENT
TMS-NER-01526,ADI-BRC,NER,5.5,19.2,20,6,90.2,2.83,0.24,1.46,1,URGENT
TMS-CR-01527,UMB-LDH,CR,10.5,26.7,31,0,73.1,4.85,9.61,1.56,0,ROUTINE
TMS-SWR-01528,BCT-RTM,SWR,13.4,24.7,24,1,72.5,4.15,0.13,2.0,0,ROUTINE
TMS-ECoR-01529,BPL-NGP,ECoR,3.8,21.7,86,4,84.8,6.16,0.47,1.35,0,ROUTINE
TMS-NCR-01530,ADI-BRC,NCR,10.8,26.7,97,3,84.5,7.24,1.78,2.84,0,ROUTINE
TMS-ER-01531,BRC-ST,ER,26.7,15.3,5,1,72.9,9.68,1.09,2.03,0,ROUTINE
TMS-SR-01532,ALD-CNB,SR,21.3,22.2,5,5,71.9,6.15,0.15,2.27,0,ROUTINE
TMS-NR-01533,KYN-IGP,NR,7.8,11.7,15,1,57.7,4.21,2.24,0.82,0,ROUTINE
TMS-SCR-01534,JUC-ADI,SCR,20.3,21.7,19,6,53.9,8.1,5.28,2.6,1,URGENT
TMS-SR-01535,KYN-IGP,SR,21.7,39.3,30,2,43.4,7.16,0.96,2.55,1,URGENT
TMS-CR-01536,ADI-BRC,CR,19.1,19.5,51,6,72.3,6.43,0.44,1.63,1,URGENT
TMS-NCR-01537,BCT-RTM,NCR,18.3,37.7,5,4,50.5,6.91,0.17,3.93,0,ROUTINE
TMS-NCR-01538,KYN-IGP,NCR,12.7,19.7,56,0,68.5,4.42,0.34,1.71,0,ROUTINE
TMS-SECR-01539,AGC-JHS,SECR,24.4,14.4,32,0,52.4,8.74,0.56,2.3,0,ROUTINE
TMS-WR-01540,BCT-RTM,WR,23.1,29.0,138,3,48.3,7.74,0.31,4.29,1,URGENT
TMS-WR-01541,BWN-AZ,WR,29.5,26.7,36,0,42.2,8.51,1.73,3.18,1,URGENT
TMS-ECoR-01542,CBE-TVC,ECoR,25.1,56.1,44,0,38.9,8.59,0.03,4.02,1,URGENT
TMS-SECR-01543,BRC-ST,SECR,7.5,15.0,7,0,80.5,3.18,0.79,1.25,1,URGENT
TMS-NFR-01544,BRC-ST,NFR,12.8,25.6,51,3,66.9,7.65,0.7,2.47,0,ROUTINE
TMS-ECoR-01545,AGC-JHS,ECoR,2.0,26.0,5,5,80.2,2.86,3.16,0.39,0,ROUTINE
TMS-NFR-01546,ST-BCT,NFR,8.1,33.9,37,1,72.8,10.97,0.48,2.96,0,ROUTINE
TMS-WR-01547,LDH-ASR,WR,9.4,27.4,5,3,57.2,7.17,1.31,2.31,0,ROUTINE
TMS-SECR-01548,KZJ-BZA,SECR,11.2,19.8,5,2,59.5,3.89,0.01,2.0,0,ROUTINE
TMS-NFR-01549,HWH-BWN,NFR,27.8,14.5,5,3,43.0,5.56,3.73,2.51,0,ROUTINE
TMS-NR-01550,ASR-JUC,NR,19.9,25.5,5,4,62.4,5.4,1.52,2.55,0,ROUTINE
TMS-SECR-01551,BPL-NGP,SECR,23.9,25.8,13,0,37.9,6.2,2.37,3.31,1,URGENT
TMS-WR-01552,ED-CBE,WR,22.2,28.6,180,3,60.0,6.16,1.26,2.64,1,URGENT
TMS-ECoR-01553,CBE-TVC,ECoR,11.5,19.8,14,6,73.8,3.34,2.54,2.21,1,URGENT
TMS-SER-01554,JUC-ADI,SER,24.4,24.8,50,8,42.2,8.16,0.13,3.02,1,URGENT
TMS-SECR-01555,JUC-ADI,SECR,10.9,12.0,5,3,81.7,10.15,1.86,0.59,0,ROUTINE
TMS-ER-01556,NGP-BZA,ER,30.1,14.7,21,12,40.0,6.37,0.24,2.51,1,CRITICAL
TMS-SCR-01557,HWH-BWN,SCR,10.4,32.3,7,0,68.3,4.18,1.29,1.83,0,ROUTINE
TMS-WR-01558,AWB-SC,WR,21.3,23.9,7,4,52.0,10.12,6.37,2.54,1,URGENT
TMS-ECR-01559,BCT-RTM,ECR,16.8,26.9,5,4,69.3,5.13,0.3,2.35,0,ROUTINE
TMS-ECR-01560,MAS-ED,ECR,5.2,17.5,19,2,90.0,2.19,0.44,0.82,0,ROUTINE
TMS-ECoR-01561,JUC-ADI,ECoR,10.8,16.6,5,4,83.5,3.46,0.36,1.18,0,ROUTINE
TMS-ECoR-01562,ALD-CNB,ECoR,14.6,18.7,84,1,78.7,3.91,0.8,1.84,0,ROUTINE
TMS-SR-01563,BWN-AZ,SR,9.5,24.4,20,4,79.4,5.97,1.01,1.64,0,ROUTINE
TMS-SCR-01564,JHS-BPL,SCR,12.4,29.2,63,1,69.1,4.2,0.26,1.49,0,ROUTINE
TMS-SCR-01565,NGP-BZA,SCR,24.8,20.1,135,2,38.0,6.49,0.04,2.83,0,ROUTINE
TMS-NR-01566,MGS-ALD,NR,11.0,11.4,39,5,78.1,3.92,0.63,1.62,0,ROUTINE
TMS-ECoR-01567,LTT-NED,ECoR,5.4,26.1,81,2,62.6,5.96,0.72,1.61,0,ROUTINE
TMS-SCR-01568,ST-BCT,SCR,3.5,24.7,5,1,72.3,3.98,0.72,1.05,0,ROUTINE
TMS-SWR-01569,ADI-BRC,SWR,14.0,26.9,62,1,71.7,4.52,1.64,2.35,0,ROUTINE
TMS-SR-01570,MAS-ED,SR,14.2,31.3,11,2,53.5,5.75,0.89,2.57,0,ROUTINE
TMS-NFR-01571,BRC-ST,NFR,40.7,30.3,22,2,27.5,13.98,0.17,4.71,1,URGENT
TMS-NCR-01572,CBE-TVC,NCR,16.0,38.3,36,5,55.3,6.0,4.04,3.05,0,ROUTINE
TMS-NCR-01573,BRC-ST,NCR,14.7,22.5,81,2,65.2,4.72,1.81,2.31,0,ROUTINE
TMS-NFR-01574,BZA-MAS,NFR,11.6,18.7,84,4,70.4,7.37,0.36,0.98,0,ROUTINE
TMS-NER-01575,ST-BCT,NER,14.3,33.7,5,2,65.7,7.92,4.1,2.25,0,ROUTINE
TMS-WR-01576,JUC-ADI,WR,30.6,31.9,15,1,35.6,7.84,7.17,3.25,1,URGENT
TMS-SR-01577,BWN-AZ,SR,30.6,20.2,55,0,40.5,8.67,0.33,2.47,1,URGENT
TMS-SWR-01578,HWH-BWN,SWR,17.3,34.5,42,1,59.9,5.53,0.72,1.81,0,ROUTINE
TMS-SCR-01579,UMB-LDH,SCR,7.2,22.9,5,0,77.1,4.48,0.11,2.21,0,ROUTINE
TMS-SER-01580,JHS-BPL,SER,15.3,37.0,20,5,49.4,9.35,0.99,2.55,0,ROUTINE
TMS-SR-01581,CNB-NDLS,SR,6.0,44.3,61,1,68.1,8.14,2.32,3.01,1,URGENT
TMS-SECR-01582,JUC-ADI,SECR,22.4,60.0,46,0,26.0,8.61,3.52,4.84,1,URGENT
TMS-NFR-01583,BPL-NGP,NFR,11.7,22.8,18,1,71.0,5.1,1.18,1.5,0,ROUTINE
TMS-SWR-01584,CSTM-KYN,SWR,4.3,39.1,46,3,83.8,4.79,0.59,2.23,0,ROUTINE
TMS-ER-01585,NGP-BZA,ER,9.6,31.2,28,2,62.5,5.58,1.28,2.59,0,ROUTINE
TMS-NWR-01586,CNB-NDLS,NWR,18.1,32.4,85,3,63.4,5.46,0.18,2.69,1,URGENT
TMS-CR-01587,NDLS-UMB,CR,26.1,26.3,30,2,52.6,13.98,2.71,3.48,1,URGENT
TMS-WR-01588,BCT-RTM,WR,15.6,32.5,17,5,48.1,6.6,1.1,2.73,0,ROUTINE
TMS-NFR-01589,CSTM-KYN,NFR,20.4,12.8,69,2,63.8,4.34,6.06,2.92,1,URGENT
TMS-SER-01590,LTT-NED,SER,25.1,21.9,5,6,60.8,7.57,0.77,2.75,1,URGENT
TMS-SCR-01591,CSTM-KYN,SCR,19.8,17.1,80,2,57.0,4.35,1.59,2.58,0,ROUTINE
TMS-SER-01592,ST-BCT,SER,20.1,16.5,41,1,56.5,4.35,0.62,2.07,0,ROUTINE
TMS-SER-01593,AWB-SC,SER,13.2,12.5,98,6,67.3,3.37,0.24,1.05,1,URGENT
TMS-ECoR-01594,KYN-IGP,ECoR,14.8,18.0,10,5,70.8,4.29,2.11,1.26,0,ROUTINE
TMS-WCR-01595,NDLS-UMB,WCR,15.1,20.7,41,6,54.0,4.53,1.67,2.52,1,URGENT
TMS-ECoR-01596,HWH-BWN,ECoR,6.5,23.9,58,1,68.7,4.06,2.27,1.9,0,ROUTINE
TMS-NR-01597,ED-CBE,NR,15.0,22.1,42,1,59.5,5.46,5.88,2.36,0,ROUTINE
TMS-NFR-01598,ED-CBE,NFR,9.8,33.8,8,6,53.2,5.27,7.53,2.56,1,URGENT
TMS-NR-01599,ADI-BRC,NR,13.8,15.5,11,1,58.3,4.25,3.97,1.73,1,URGENT
TMS-NFR-01600,ASR-JUC,NFR,21.7,10.2,29,5,55.2,6.29,3.38,2.16,0,ROUTINE
TMS-WR-01601,ED-CBE,WR,9.0,27.5,20,0,70.0,4.12,0.54,2.14,0,ROUTINE
TMS-SR-01602,AWB-SC,SR,16.5,21.8,46,6,74.6,6.2,0.95,2.34,1,URGENT
TMS-CR-01603,ADI-BRC,CR,18.5,21.6,16,5,69.8,10.78,0.07,1.96,0,ROUTINE
TMS-SER-01604,AGC-JHS,SER,19.3,16.7,68,1,66.3,5.51,1.73,2.45,0,ROUTINE
TMS-WR-01605,BCT-RTM,WR,11.5,31.9,19,1,83.8,5.71,1.18,2.62,0,ROUTINE
TMS-SR-01606,BCT-RTM,SR,18.8,18.8,5,2,61.8,6.93,1.84,1.98,0,ROUTINE
TMS-NWR-01607,LTT-NED,NWR,28.0,15.6,5,3,56.7,6.86,1.71,2.79,0,ROUTINE
TMS-NCR-01608,CSTM-KYN,NCR,22.5,43.4,36,0,41.2,7.16,0.48,4.3,1,URGENT
TMS-ECR-01609,LTT-NED,ECR,15.6,29.3,27,7,67.1,6.57,0.93,2.26,1,URGENT
TMS-SECR-01610,KYN-IGP,SECR,21.9,21.8,27,9,51.1,6.45,0.17,2.32,1,URGENT
TMS-SWR-01611,KZJ-BZA,SWR,3.8,8.4,54,5,75.1,7.29,0.13,1.42,1,URGENT
TMS-NFR-01612,HWH-BWN,NFR,20.4,20.2,16,2,57.0,4.87,0.92,2.37,1,URGENT
TMS-NWR-01613,BWN-AZ,NWR,4.3,22.0,180,3,93.0,3.94,1.22,1.6,0,ROUTINE
TMS-NCR-01614,JUC-ADI,NCR,6.5,39.9,101,0,56.1,6.09,0.58,1.44,0,ROUTINE
TMS-SCR-01615,AGC-JHS,SCR,17.2,11.0,5,1,60.5,5.39,0.1,1.82,0,ROUTINE
TMS-NER-01616,AZ-MGS,NER,12.5,41.4,79,1,62.5,5.31,1.63,2.46,0,ROUTINE
TMS-CR-01617,LTT-NED,CR,10.2,26.4,39,3,76.2,4.44,1.7,2.25,0,ROUTINE
TMS-SWR-01618,MGS-ALD,SWR,14.7,13.7,24,15,78.7,3.91,0.58,2.14,1,CRITICAL
TMS-NR-01619,JUC-ADI,NR,8.7,32.1,30,2,79.0,6.15,0.0,1.4,0,ROUTINE
TMS-NR-01620,UMB-LDH,NR,11.4,20.1,64,2,72.8,5.98,1.52,2.24,0,ROUTINE
TMS-SR-01621,AZ-MGS,SR,18.9,11.4,105,0,56.0,4.22,0.11,2.28,0,ROUTINE
TMS-SWR-01622,BCT-RTM,SWR,3.4,18.6,28,1,93.4,5.5,0.38,1.61,0,ROUTINE
TMS-ECoR-01623,BWN-AZ,ECoR,6.6,24.6,7,3,70.9,4.29,0.43,1.91,0,ROUTINE
TMS-NCR-01624,BCT-RTM,NCR,12.4,22.8,35,2,62.3,4.29,0.46,2.46,0,ROUTINE
TMS-NER-01625,BZA-MAS,NER,29.3,28.7,5,2,54.6,7.4,1.44,2.87,0,ROUTINE
TMS-NWR-01626,ASR-JUC,NWR,20.3,34.4,35,7,49.8,6.41,0.12,3.16,1,URGENT
TMS-CR-01627,KZJ-BZA,CR,18.4,14.3,57,0,67.3,5.76,1.55,2.91,0,ROUTINE
TMS-WR-01628,JHS-BPL,WR,23.6,22.0,15,0,61.1,6.8,0.99,2.65,0,ROUTINE
TMS-NCR-01629,BZA-MAS,NCR,11.8,17.4,5,0,74.4,8.75,0.64,1.79,0,ROUTINE
TMS-NER-01630,JHS-BPL,NER,23.6,13.5,41,1,58.6,5.26,1.39,2.52,0,ROUTINE
TMS-ECR-01631,BCT-RTM,ECR,10.9,21.7,14,6,85.6,4.14,3.1,2.42,1,URGENT
TMS-NFR-01632,ST-BCT,NFR,17.2,26.4,10,2,53.3,4.7,1.18,2.73,0,ROUTINE
TMS-WR-01633,NDLS-AGC,WR,8.1,27.0,40,2,75.6,4.08,0.25,0.82,0,ROUTINE
TMS-NR-01634,BCT-RTM,NR,28.6,19.0,122,1,50.7,6.39,1.22,2.87,0,ROUTINE
TMS-WR-01635,AWB-SC,WR,12.2,14.8,47,2,56.9,4.04,0.91,1.13,0,ROUTINE
TMS-NWR-01636,BRC-ST,NWR,9.9,17.2,23,10,70.9,4.23,4.23,1.47,1,URGENT
TMS-NR-01637,CNB-NDLS,NR,19.5,10.5,32,3,55.4,5.98,1.35,1.88,0,ROUTINE
TMS-NWR-01638,JUC-ADI,NWR,11.1,13.8,5,2,83.6,3.2,0.05,1.67,0,ROUTINE
TMS-SR-01639,SC-KZJ,SR,9.9,14.3,58,6,78.8,4.25,0.19,2.4,1,URGENT
TMS-ECoR-01640,AWB-SC,ECoR,5.7,31.1,32,5,74.6,5.95,1.14,1.44,0,ROUTINE
TMS-NWR-01641,ADI-BRC,NWR,18.3,31.1,118,0,55.2,5.78,2.38,1.8,0,ROUTINE
TMS-NR-01642,BPL-NGP,NR,17.3,52.0,136,1,56.9,7.62,0.15,3.48,0,ROUTINE
TMS-SR-01643,MAS-ED,SR,10.3,24.4,15,1,71.4,3.96,1.25,1.67,0,ROUTINE
TMS-NWR-01644,NDLS-UMB,NWR,7.6,18.3,156,0,81.9,2.84,0.9,0.94,0,ROUTINE
TMS-ECR-01645,CSTM-KYN,ECR,28.2,22.3,109,1,40.0,8.84,0.68,3.1,1,URGENT
TMS-WR-01646,MAS-ED,WR,26.5,20.7,35,3,56.9,6.18,0.13,2.25,0,ROUTINE
TMS-ECoR-01647,CNB-NDLS,ECoR,15.8,17.2,14,7,76.1,4.66,3.18,1.62,1,URGENT
TMS-NWR-01648,KZJ-BZA,NWR,28.2,25.2,48,0,32.0,6.82,2.16,2.75,1,URGENT
TMS-SR-01649,KZJ-BZA,SR,34.8,24.0,11,3,31.6,7.23,3.81,3.16,0,ROUTINE
TMS-SCR-01650,BPL-NGP,SCR,19.1,21.5,34,1,52.7,7.2,0.28,2.42,0,ROUTINE
TMS-NCR-01651,UMB-LDH,NCR,9.7,19.7,5,0,77.2,5.09,1.27,1.38,0,ROUTINE
TMS-ER-01652,UMB-LDH,ER,11.0,28.6,34,9,70.3,5.23,0.03,2.5,1,URGENT
TMS-NER-01653,BZA-MAS,NER,8.3,17.8,105,4,83.6,4.91,0.29,1.62,0,ROUTINE
TMS-ER-01654,LDH-ASR,ER,29.1,18.9,9,0,41.4,9.63,2.33,3.27,0,ROUTINE
TMS-SCR-01655,ALD-CNB,SCR,12.9,26.8,52,8,66.5,6.01,0.51,2.87,1,URGENT
TMS-ER-01656,JUC-ADI,ER,29.6,33.3,12,0,35.6,11.85,0.33,3.51,1,URGENT
TMS-SCR-01657,NGP-BZA,SCR,22.2,32.1,43,3,39.5,6.35,1.17,3.72,1,URGENT
TMS-CR-01658,ALD-CNB,CR,18.9,20.0,42,1,52.4,8.73,1.6,2.34,0,ROUTINE
TMS-WCR-01659,LTT-NED,WCR,37.6,13.4,7,2,21.3,8.27,1.41,3.77,0,ROUTINE
TMS-SCR-01660,NDLS-AGC,SCR,10.4,19.8,31,1,84.6,6.83,0.16,2.42,0,ROUTINE
TMS-SCR-01661,BRC-ST,SCR,9.4,22.9,68,2,64.4,5.97,4.0,2.29,0,ROUTINE
TMS-SER-01662,ED-CBE,SER,16.6,14.2,16,8,64.9,3.74,0.29,1.83,1,URGENT
TMS-SCR-01663,NDLS-AGC,SCR,23.8,19.6,43,8,66.8,8.78,3.89,2.95,1,URGENT
TMS-ECR-01664,NGP-BZA,ECR,4.0,36.0,39,2,71.6,4.3,0.99,1.57,0,ROUTINE
TMS-NCR-01665,NDLS-UMB,NCR,22.0,23.5,10,3,62.1,6.28,0.16,2.95,1,URGENT
TMS-NFR-01666,BZA-MAS,NFR,7.8,17.9,87,1,76.0,2.62,0.24,1.7,0,ROUTINE
TMS-NWR-01667,ST-BCT,NWR,2.9,22.5,29,10,86.7,5.08,0.85,0.72,1,URGENT
TMS-NER-01668,CNB-NDLS,NER,21.5,23.0,15,6,54.1,6.32,9.35,2.52,1,URGENT
TMS-ECoR-01669,JHS-BPL,ECoR,36.5,19.1,6,3,25.7,12.62,3.26,4.62,1,URGENT
TMS-NCR-01670,KZJ-BZA,NCR,10.9,30.2,22,1,83.7,4.71,5.89,2.18,0,ROUTINE
TMS-NR-01671,NGP-BZA,NR,19.5,10.7,45,1,73.3,5.15,0.91,2.25,0,ROUTINE
TMS-NFR-01672,BRC-ST,NFR,27.5,26.8,34,3,43.6,7.33,1.71,3.34,1,URGENT
TMS-CR-01673,LDH-ASR,CR,24.0,17.7,45,2,47.6,8.16,1.1,2.11,0,ROUTINE
TMS-CR-01674,SC-KZJ,CR,20.1,33.7,54,5,46.0,7.25,0.05,1.92,1,URGENT
TMS-SECR-01675,AZ-MGS,SECR,28.1,13.3,20,4,48.6,6.51,0.23,3.01,1,URGENT
TMS-WR-01676,HWH-BWN,WR,14.9,32.3,25,1,53.8,10.69,0.5,1.72,0,ROUTINE
TMS-SCR-01677,BZA-MAS,SCR,17.7,16.2,150,3,65.1,4.9,0.56,1.98,0,ROUTINE
TMS-NCR-01678,ASR-JUC,NCR,5.7,25.2,120,1,88.9,4.22,1.78,1.71,0,ROUTINE
TMS-SR-01679,LDH-ASR,SR,27.5,18.4,18,1,45.3,7.21,1.91,2.79,0,ROUTINE
TMS-SER-01680,SC-KZJ,SER,4.5,34.8,40,5,86.5,3.57,0.9,1.33,0,ROUTINE
TMS-ER-01681,ADI-BRC,ER,4.6,20.6,10,3,74.0,3.83,0.71,1.35,0,ROUTINE
TMS-NR-01682,LDH-ASR,NR,5.1,16.6,5,4,92.3,2.91,0.29,0.84,0,ROUTINE
TMS-CR-01683,ED-CBE,CR,45.0,38.8,51,0,22.0,11.96,0.06,5.62,1,URGENT
TMS-NER-01684,ST-BCT,NER,13.1,19.8,20,1,78.9,5.61,1.32,1.81,0,ROUTINE
TMS-CR-01685,MAS-ED,CR,18.5,27.3,6,0,62.1,7.44,0.64,2.63,0,ROUTINE
TMS-ECoR-01686,ED-CBE,ECoR,19.0,32.3,49,1,54.7,6.45,0.97,3.39,0,ROUTINE
TMS-NWR-01687,AWB-SC,NWR,13.4,15.6,86,0,79.5,3.48,3.47,1.56,0,ROUTINE
TMS-CR-01688,BZA-MAS,CR,20.0,26.3,94,7,58.1,6.26,1.65,2.06,1,URGENT
TMS-ECoR-01689,AZ-MGS,ECoR,15.6,27.7,31,0,63.6,6.16,2.26,1.64,0,ROUTINE
TMS-NCR-01690,AGC-JHS,NCR,9.6,12.0,22,4,71.9,2.45,0.3,1.37,0,ROUTINE
TMS-NCR-01691,ED-CBE,NCR,19.4,25.3,5,9,50.8,6.52,0.0,2.66,1,URGENT
TMS-SER-01692,KYN-IGP,SER,13.2,19.3,55,1,74.6,4.54,0.22,1.93,0,ROUTINE
TMS-WR-01693,NDLS-AGC,WR,19.9,42.4,101,9,46.1,7.68,2.19,3.68,1,URGENT
TMS-SECR-01694,NDLS-UMB,SECR,8.4,31.4,77,6,77.6,4.49,0.88,1.87,1,URGENT
TMS-NFR-01695,ST-BCT,NFR,14.9,26.5,48,0,72.0,5.71,0.36,3.42,0,ROUTINE
TMS-CR-01696,BZA-MAS,CR,16.2,9.8,5,0,59.9,7.49,4.9,2.02,0,ROUTINE
TMS-NER-01697,HWH-BWN,NER,33.3,26.5,18,1,31.0,10.22,1.0,3.61,1,URGENT
TMS-CR-01698,ADI-BRC,CR,24.0,16.4,18,5,49.5,6.83,0.69,1.81,0,ROUTINE
TMS-WCR-01699,ALD-CNB,WCR,22.2,31.5,78,3,63.1,7.82,5.67,2.67,1,URGENT
TMS-SECR-01700,LTT-NED,SECR,31.4,20.8,5,5,41.4,10.89,0.22,3.97,1,URGENT
TMS-SWR-01701,KYN-IGP,SWR,11.7,18.0,26,1,76.2,4.5,1.37,2.36,0,ROUTINE
TMS-NER-01702,ST-BCT,NER,11.9,18.6,5,2,66.5,4.82,2.07,2.27,0,ROUTINE
TMS-ECR-01703,ADI-BRC,ECR,13.9,19.1,37,0,70.0,7.55,4.24,1.48,0,ROUTINE
TMS-SCR-01704,ST-BCT,SCR,22.3,13.0,55,7,55.5,7.2,2.69,2.35,1,URGENT
TMS-NFR-01705,CSTM-KYN,NFR,13.9,13.6,35,0,57.9,4.31,0.51,1.9,0,ROUTINE
TMS-ECR-01706,JHS-BPL,ECR,15.7,19.4,55,2,62.0,4.64,0.45,2.72,0,ROUTINE
TMS-SWR-01707,AWB-SC,SWR,30.1,41.3,32,0,36.1,9.28,0.15,4.18,1,URGENT
TMS-WCR-01708,ADI-BRC,WCR,11.0,29.5,7,1,96.0,4.27,0.27,1.83,0,ROUTINE
TMS-SWR-01709,JHS-BPL,SWR,7.8,30.6,16,2,62.7,5.9,1.96,1.33,0,ROUTINE
TMS-SECR-01710,KZJ-BZA,SECR,12.6,35.8,110,2,62.4,6.0,0.51,2.74,0,ROUTINE
TMS-CR-01711,HWH-BWN,CR,1.9,24.8,11,2,86.8,4.08,0.87,0.15,0,ROUTINE
TMS-SECR-01712,ST-BCT,SECR,10.4,18.5,5,0,81.8,6.78,1.76,1.6,0,ROUTINE
TMS-SECR-01713,AWB-SC,SECR,20.9,18.8,17,4,56.3,5.52,1.64,3.03,0,ROUTINE
TMS-SWR-01714,BWN-AZ,SWR,3.9,16.0,15,3,81.6,3.24,2.36,1.21,0,ROUTINE
TMS-WCR-01715,JHS-BPL,WCR,27.1,30.7,22,11,50.0,8.14,0.09,3.66,1,CRITICAL
TMS-NFR-01716,ALD-CNB,NFR,10.6,15.3,28,1,82.2,3.47,1.27,0.91,0,ROUTINE
TMS-ECR-01717,KYN-IGP,ECR,6.1,51.2,170,3,72.2,5.65,3.34,1.87,0,ROUTINE
TMS-ER-01718,ADI-BRC,ER,20.0,15.5,49,5,67.7,5.73,0.7,2.08,0,ROUTINE
TMS-CR-01719,CNB-NDLS,CR,30.9,36.2,5,5,22.9,8.13,0.32,3.49,1,URGENT
TMS-SWR-01720,MGS-ALD,SWR,16.5,36.3,43,6,63.0,9.33,0.11,2.66,1,URGENT
TMS-ECR-01721,NDLS-UMB,ECR,5.4,28.5,60,11,78.9,13.64,4.21,1.91,1,CRITICAL
TMS-WR-01722,KYN-IGP,WR,19.1,42.4,79,0,32.3,6.73,0.01,3.45,0,ROUTINE
TMS-ER-01723,BCT-RTM,ER,5.9,20.5,19,5,85.7,4.24,2.36,1.13,0,ROUTINE
TMS-ER-01724,BRC-ST,ER,10.7,23.4,13,0,68.8,3.79,0.46,1.68,0,ROUTINE
TMS-NCR-01725,HWH-BWN,NCR,25.7,24.3,63,4,57.5,6.21,0.42,2.8,0,ROUTINE
TMS-SER-01726,CNB-NDLS,SER,11.7,28.1,52,1,66.5,6.91,0.26,2.3,0,ROUTINE
TMS-CR-01727,JHS-BPL,CR,15.3,10.7,26,0,76.3,3.6,0.32,2.93,1,URGENT
TMS-ER-01728,NDLS-UMB,ER,16.9,21.3,5,7,67.9,7.0,1.08,1.88,1,URGENT
TMS-SWR-01729,BZA-MAS,SWR,10.5,31.3,36,0,60.1,5.11,3.13,1.71,0,ROUTINE
TMS-NCR-01730,SC-KZJ,NCR,19.2,19.1,5,0,72.3,5.71,0.69,2.38,0,ROUTINE
TMS-ECR-01731,LDH-ASR,ECR,6.4,48.6,5,3,59.6,5.45,2.05,1.94,1,URGENT
TMS-WR-01732,AZ-MGS,WR,24.1,23.4,14,0,44.8,7.08,0.42,3.13,0,ROUTINE
TMS-ECoR-01733,BWN-AZ,ECoR,7.7,27.3,16,1,82.8,4.14,3.52,2.85,0,ROUTINE
TMS-CR-01734,BPL-NGP,CR,9.5,41.3,21,8,66.5,5.11,3.68,3.44,1,URGENT
TMS-NFR-01735,UMB-LDH,NFR,13.2,23.4,14,5,85.9,4.15,0.17,1.78,0,ROUTINE
TMS-SECR-01736,KZJ-BZA,SECR,18.9,41.0,5,2,42.2,22.07,2.74,2.68,0,ROUTINE
TMS-NER-01737,KYN-IGP,NER,16.9,28.0,5,0,66.0,5.62,1.82,2.98,0,ROUTINE
TMS-NER-01738,JUC-ADI,NER,4.9,28.1,5,6,82.1,6.25,0.75,1.91,1,URGENT
TMS-ECR-01739,JHS-BPL,ECR,11.6,15.6,19,2,84.9,3.82,2.7,1.79,1,URGENT
TMS-WCR-01740,JHS-BPL,WCR,5.3,34.6,8,2,86.4,5.51,3.51,1.73,0,ROUTINE
TMS-SR-01741,HWH-BWN,SR,27.9,17.4,12,2,55.4,9.26,1.03,3.2,0,ROUTINE
TMS-SR-01742,NGP-BZA,SR,31.3,20.6,22,7,47.0,8.72,1.07,3.21,1,URGENT
TMS-ECR-01743,CNB-NDLS,ECR,11.8,36.7,9,2,64.0,4.85,1.83,2.74,0,ROUTINE
TMS-SWR-01744,ST-BCT,SWR,11.7,19.2,9,1,73.0,3.72,0.42,1.87,0,ROUTINE
TMS-ER-01745,CSTM-KYN,ER,13.8,25.5,62,6,73.7,8.25,0.12,2.08,1,URGENT
TMS-SER-01746,MGS-ALD,SER,26.7,21.7,27,3,53.8,7.02,1.13,3.4,1,URGENT
TMS-CR-01747,ASR-JUC,CR,6.1,22.0,68,4,84.5,4.5,0.58,0.77,0,ROUTINE
TMS-NER-01748,BPL-NGP,NER,14.0,20.9,25,0,68.0,3.82,0.2,2.37,0,ROUTINE
TMS-NER-01749,ST-BCT,NER,14.8,14.7,83,6,59.5,4.73,0.23,2.23,1,URGENT
TMS-SER-01750,ST-BCT,SER,7.2,27.6,10,9,70.4,4.42,0.36,1.26,1,URGENT
TMS-WCR-01751,MGS-ALD,WCR,2.5,28.6,33,1,77.4,4.98,0.62,0.89,0,ROUTINE
TMS-ER-01752,KYN-IGP,ER,17.3,17.6,24,4,67.2,4.64,0.86,1.22,0,ROUTINE
TMS-NER-01753,AGC-JHS,NER,13.2,18.6,87,9,79.7,6.19,4.7,2.24,1,URGENT
TMS-SECR-01754,CSTM-KYN,SECR,20.3,32.0,18,2,52.9,7.83,1.0,2.93,1,URGENT
TMS-NFR-01755,ST-BCT,NFR,26.5,20.0,67,7,43.3,7.0,3.67,2.41,1,URGENT
TMS-CR-01756,KYN-IGP,CR,32.0,23.0,29,5,26.1,7.58,1.19,3.99,0,ROUTINE
TMS-NWR-01757,ASR-JUC,NWR,21.4,15.6,43,2,56.6,5.18,0.26,2.13,0,ROUTINE
TMS-NER-01758,ALD-CNB,NER,10.1,21.6,76,4,66.3,4.77,2.78,1.32,0,ROUTINE
TMS-ECR-01759,HWH-BWN,ECR,5.7,15.6,180,2,90.3,3.82,0.02,1.69,0,ROUTINE
TMS-NFR-01760,MGS-ALD,NFR,9.4,17.4,45,2,82.8,3.99,1.24,1.01,0,ROUTINE
TMS-NER-01761,UMB-LDH,NER,45.0,16.4,13,6,18.1,8.84,0.63,4.21,1,URGENT
TMS-SCR-01762,LDH-ASR,SCR,16.6,31.4,12,8,62.1,9.24,0.87,2.43,1,URGENT
TMS-WR-01763,KYN-IGP,WR,9.5,13.0,12,0,80.0,3.21,2.4,1.16,0,ROUTINE
TMS-SECR-01764,SC-KZJ,SECR,20.9,24.7,5,0,48.1,7.34,0.01,2.32,0,ROUTINE
TMS-NFR-01765,AGC-JHS,NFR,17.7,20.3,5,0,66.4,8.98,0.3,2.7,0,ROUTINE
TMS-NCR-01766,UMB-LDH,NCR,8.0,38.8,30,2,69.2,6.39,2.51,2.11,0,ROUTINE
TMS-NWR-01767,BRC-ST,NWR,12.9,30.3,58,0,72.1,5.27,1.18,2.05,0,ROUTINE
TMS-WR-01768,NGP-BZA,WR,14.3,13.5,5,5,71.0,3.93,0.45,1.65,1,URGENT
TMS-NR-01769,ADI-BRC,NR,11.8,17.7,29,0,85.0,7.03,1.03,1.31,0,ROUTINE
TMS-ECR-01770,NGP-BZA,ECR,10.9,22.1,16,3,68.0,4.75,0.77,2.06,0,ROUTINE
TMS-ECR-01771,MGS-ALD,ECR,16.7,17.7,78,9,55.0,5.72,2.2,1.91,1,URGENT
TMS-CR-01772,CNB-NDLS,CR,5.0,31.9,5,3,78.2,5.12,2.12,2.22,0,ROUTINE
TMS-SER-01773,LTT-NED,SER,20.2,23.8,29,6,67.4,6.46,0.93,3.61,1,URGENT
TMS-WR-01774,AZ-MGS,WR,17.7,20.5,123,5,54.4,9.65,0.48,1.81,1,URGENT
TMS-NFR-01775,BPL-NGP,NFR,9.9,32.9,14,4,66.7,9.47,0.02,1.05,0,ROUTINE
TMS-ER-01776,NDLS-UMB,ER,26.7,13.9,47,0,57.7,5.2,0.96,2.61,0,ROUTINE
TMS-ECR-01777,BWN-AZ,ECR,22.0,20.0,74,4,39.3,6.31,1.35,2.15,0,ROUTINE
TMS-WCR-01778,CSTM-KYN,WCR,9.7,24.5,7,6,90.8,5.08,1.4,1.31,1,URGENT
TMS-NFR-01779,ALD-CNB,NFR,19.2,21.0,171,4,62.9,9.76,3.04,2.06,1,URGENT
TMS-SWR-01780,BZA-MAS,SWR,10.2,6.4,58,4,78.2,2.19,0.95,1.24,0,ROUTINE
TMS-WCR-01781,ASR-JUC,WCR,14.0,25.4,5,3,73.1,7.24,1.91,1.12,0,ROUTINE
TMS-NFR-01782,SC-KZJ,NFR,16.5,27.1,13,1,62.0,6.7,0.2,2.92,0,ROUTINE
TMS-SWR-01783,KYN-IGP,SWR,9.5,14.8,34,0,74.2,5.25,2.17,2.02,0,ROUTINE
TMS-SCR-01784,KYN-IGP,SCR,21.0,9.3,75,0,70.1,4.58,0.88,1.6,1,URGENT
TMS-WCR-01785,ST-BCT,WCR,15.0,16.9,7,0,72.1,6.35,1.78,1.47,1,URGENT
TMS-ECoR-01786,AZ-MGS,ECoR,15.6,20.5,45,5,51.0,4.64,2.7,2.07,0,ROUTINE
TMS-ECoR-01787,ADI-BRC,ECoR,14.9,21.2,11,11,64.2,6.18,0.44,1.91,1,CRITICAL
TMS-NR-01788,UMB-LDH,NR,23.5,10.1,57,4,55.4,7.43,1.65,2.26,1,URGENT
TMS-NCR-01789,NDLS-UMB,NCR,26.2,24.1,40,1,45.9,8.92,0.2,3.05,0,ROUTINE
TMS-NR-01790,AZ-MGS,NR,30.7,33.5,25,2,39.8,8.86,0.18,3.44,1,URGENT
TMS-SWR-01791,LDH-ASR,SWR,42.9,32.5,36,2,1.7,10.1,0.5,4.68,1,URGENT
TMS-WR-01792,UMB-LDH,WR,7.8,36.2,73,0,77.9,4.62,0.21,1.67,0,ROUTINE
TMS-NER-01793,KYN-IGP,NER,14.1,13.7,17,1,67.6,3.28,0.9,1.94,0,ROUTINE
TMS-WCR-01794,CNB-NDLS,WCR,14.8,31.6,51,5,68.1,4.85,3.03,2.18,0,ROUTINE
TMS-ER-01795,LTT-NED,ER,9.3,15.3,6,0,73.9,3.7,0.12,0.67,0,ROUTINE
TMS-NER-01796,NGP-BZA,NER,7.1,30.4,42,4,71.6,3.7,0.68,1.04,0,ROUTINE
TMS-SR-01797,UMB-LDH,SR,14.4,16.5,48,3,85.2,3.72,0.35,1.82,0,ROUTINE
TMS-NER-01798,CBE-TVC,NER,30.5,25.6,20,0,33.2,7.06,0.92,3.43,1,URGENT
TMS-CR-01799,ADI-BRC,CR,9.1,41.0,55,2,61.7,5.96,1.51,2.0,0,ROUTINE
TMS-NER-01800,ASR-JUC,NER,6.9,32.2,28,6,68.3,5.4,2.88,2.27,1,URGENT
TMS-NR-01801,CBE-TVC,NR,16.3,15.3,96,2,80.8,6.04,0.04,2.69,0,ROUTINE
TMS-ECR-01802,NDLS-UMB,ECR,22.0,14.1,5,2,49.4,5.76,1.26,2.94,0,ROUTINE
TMS-WCR-01803,CSTM-KYN,WCR,13.5,30.3,5,1,71.6,6.63,1.76,3.02,0,ROUTINE
TMS-SECR-01804,NDLS-UMB,SECR,18.6,37.6,64,5,40.3,9.76,0.22,3.46,1,URGENT
TMS-ECR-01805,MGS-ALD,ECR,17.1,26.4,64,1,51.0,5.61,4.16,2.77,0,ROUTINE
TMS-ECoR-01806,NDLS-AGC,ECoR,14.7,18.1,22,2,62.6,5.98,0.13,2.28,0,ROUTINE
TMS-SECR-01807,MAS-ED,SECR,7.4,22.6,116,0,74.9,5.07,0.58,1.83,0,ROUTINE
TMS-SER-01808,BPL-NGP,SER,5.9,26.4,39,2,86.1,5.02,0.41,1.58,0,ROUTINE
TMS-ER-01809,NDLS-AGC,ER,12.2,21.4,142,3,69.1,5.29,0.11,1.99,0,ROUTINE
TMS-ER-01810,KZJ-BZA,ER,8.5,15.4,26,3,83.7,5.1,1.81,1.41,0,ROUTINE
TMS-CR-01811,ED-CBE,CR,31.5,34.0,7,3,30.5,10.86,1.07,4.83,1,URGENT
TMS-WR-01812,LTT-NED,WR,21.4,47.1,20,2,44.9,7.97,0.84,3.63,1,URGENT
TMS-NR-01813,NDLS-UMB,NR,14.1,39.3,137,4,67.5,7.39,0.33,2.76,0,ROUTINE
TMS-ECoR-01814,NDLS-UMB,ECoR,23.9,9.3,16,0,64.6,4.9,0.88,2.84,0,ROUTINE
TMS-SCR-01815,AZ-MGS,SCR,23.1,35.2,110,5,52.2,9.1,3.47,3.45,1,URGENT
TMS-SR-01816,KZJ-BZA,SR,16.7,28.0,55,1,46.1,8.99,0.66,2.77,0,ROUTINE
TMS-WR-01817,BWN-AZ,WR,27.5,17.1,20,0,45.3,8.36,1.07,2.95,0,ROUTINE
TMS-ER-01818,ST-BCT,ER,3.9,10.1,27,10,90.1,2.74,3.96,0.76,1,URGENT
TMS-ECR-01819,SC-KZJ,ECR,24.2,21.2,32,1,51.4,5.61,1.76,3.26,0,ROUTINE
TMS-NER-01820,SC-KZJ,NER,8.0,25.7,38,4,71.0,7.38,0.06,0.82,0,ROUTINE
TMS-NER-01821,AZ-MGS,NER,19.5,14.3,5,0,56.7,7.44,0.61,2.24,0,ROUTINE
TMS-SER-01822,ALD-CNB,SER,9.5,36.3,94,4,75.5,6.72,5.62,1.34,0,ROUTINE
TMS-ECoR-01823,AZ-MGS,ECoR,33.2,36.0,31,1,34.9,11.67,3.01,3.25,1,URGENT
TMS-NR-01824,HWH-BWN,NR,18.0,26.8,93,1,66.6,6.37,3.21,1.4,0,ROUTINE
TMS-NR-01825,NDLS-AGC,NR,19.2,12.8,34,2,83.8,13.28,4.08,2.31,0,ROUTINE
TMS-NCR-01826,UMB-LDH,NCR,19.1,20.0,19,2,46.5,8.09,1.51,1.71,0,ROUTINE
TMS-WCR-01827,ADI-BRC,WCR,36.6,29.7,29,8,32.4,8.22,2.27,3.79,1,URGENT
TMS-SWR-01828,KYN-IGP,SWR,8.9,28.9,61,3,70.3,4.68,1.59,2.29,0,ROUTINE
TMS-NWR-01829,KZJ-BZA,NWR,14.4,16.8,13,3,79.4,3.88,1.13,1.64,0,ROUTINE
TMS-ER-01830,LTT-NED,ER,29.8,17.8,109,2,54.3,6.4,1.1,2.82,0,ROUTINE
TMS-NR-01831,ED-CBE,NR,11.1,16.6,21,0,73.9,4.38,0.02,2.13,0,ROUTINE
TMS-SER-01832,NDLS-UMB,SER,15.7,19.8,109,1,67.6,4.84,0.4,2.26,0,ROUTINE
TMS-ECR-01833,ALD-CNB,ECR,7.1,18.3,74,0,88.4,7.34,0.04,1.09,0,ROUTINE
TMS-ECoR-01834,BCT-RTM,ECoR,26.6,17.0,51,4,57.4,5.35,0.9,2.97,1,URGENT
TMS-SR-01835,BZA-MAS,SR,11.2,21.0,22,1,87.3,3.38,1.92,1.15,0,ROUTINE
TMS-NCR-01836,JHS-BPL,NCR,16.8,22.6,30,10,65.7,9.39,4.18,1.93,1,URGENT
TMS-SER-01837,BRC-ST,SER,16.5,34.3,63,3,55.4,5.77,0.02,3.43,0,ROUTINE
TMS-NFR-01838,LDH-ASR,NFR,30.2,10.9,27,2,42.3,5.41,1.01,2.18,0,ROUTINE
TMS-CR-01839,JUC-ADI,CR,7.3,36.2,46,0,72.6,5.14,1.81,1.69,0,ROUTINE
TMS-SR-01840,BCT-RTM,SR,11.9,16.5,54,3,66.4,3.54,1.65,1.42,0,ROUTINE
TMS-SWR-01841,AWB-SC,SWR,12.6,46.7,25,3,58.7,5.74,2.1,2.56,0,ROUTINE
TMS-NFR-01842,AWB-SC,NFR,10.7,29.1,26,1,83.3,5.45,2.8,2.2,0,ROUTINE
TMS-SCR-01843,AGC-JHS,SCR,16.7,27.6,7,15,68.9,5.02,3.68,2.51,1,CRITICAL
TMS-SWR-01844,NGP-BZA,SWR,11.0,21.3,9,1,61.9,6.98,0.3,2.0,0,ROUTINE
TMS-NER-01845,BWN-AZ,NER,20.1,50.7,82,5,29.9,7.79,4.66,3.96,1,URGENT
TMS-WCR-01846,BZA-MAS,WCR,12.4,21.9,64,0,56.8,4.11,2.46,2.13,0,ROUTINE
TMS-WCR-01847,AGC-JHS,WCR,16.2,40.6,5,5,50.6,8.37,3.45,3.6,0,ROUTINE
TMS-CR-01848,BPL-NGP,CR,13.1,17.6,71,1,68.9,7.15,0.63,2.24,0,ROUTINE
TMS-ER-01849,NDLS-UMB,ER,28.4,29.6,5,3,51.6,6.82,9.83,3.34,1,URGENT
TMS-ECR-01850,JUC-ADI,ECR,10.0,47.4,21,4,67.7,5.62,0.02,3.42,0,ROUTINE
TMS-CR-01851,KYN-IGP,CR,15.4,15.8,5,1,73.6,4.86,3.07,1.56,0,ROUTINE
TMS-SWR-01852,ED-CBE,SWR,7.2,27.0,121,1,70.9,5.02,1.7,1.43,0,ROUTINE
TMS-NWR-01853,LTT-NED,NWR,32.4,16.7,125,1,38.5,6.37,0.22,3.3,0,ROUTINE
TMS-NFR-01854,ED-CBE,NFR,20.4,26.4,33,0,50.8,6.11,2.67,3.1,1,URGENT
TMS-ER-01855,KYN-IGP,ER,3.4,47.4,17,1,82.4,8.86,2.36,2.31,0,ROUTINE
TMS-SECR-01856,NDLS-UMB,SECR,9.1,15.3,25,2,73.7,6.77,1.16,1.26,0,ROUTINE
TMS-NWR-01857,ALD-CNB,NWR,26.6,23.6,50,1,36.5,6.62,1.51,3.0,1,URGENT
TMS-NER-01858,ED-CBE,NER,36.5,15.9,8,0,35.9,7.26,0.2,4.13,0,ROUTINE
TMS-NWR-01859,ST-BCT,NWR,16.9,21.1,20,6,76.6,5.97,0.92,2.16,1,URGENT
TMS-NCR-01860,ED-CBE,NCR,16.3,28.5,46,10,60.7,4.93,0.06,2.8,1,URGENT
TMS-NCR-01861,JUC-ADI,NCR,10.5,19.7,17,1,73.9,3.68,1.29,0.51,1,URGENT
TMS-SCR-01862,BCT-RTM,SCR,13.1,41.7,5,2,48.9,5.67,0.9,1.79,0,ROUTINE
TMS-SWR-01863,BWN-AZ,SWR,16.4,26.9,24,3,66.3,5.08,0.13,3.03,0,ROUTINE
TMS-ECoR-01864,ALD-CNB,ECoR,10.7,13.1,46,0,85.4,3.14,0.8,0.18,0,ROUTINE
TMS-SR-01865,ALD-CNB,SR,5.3,25.2,131,4,78.0,4.79,0.86,0.52,0,ROUTINE
TMS-SR-01866,UMB-LDH,SR,12.5,39.8,5,3,67.3,6.4,2.01,2.59,0,ROUTINE
TMS-SECR-01867,HWH-BWN,SECR,21.6,27.6,27,3,29.8,9.41,0.08,3.27,1,URGENT
TMS-SECR-01868,SC-KZJ,SECR,11.1,24.6,20,10,83.9,6.29,1.43,0.78,1,URGENT
TMS-ER-01869,BCT-RTM,ER,22.2,19.7,9,0,57.7,6.29,1.08,2.55,0,ROUTINE
TMS-NER-01870,KYN-IGP,NER,5.2,21.4,35,3,75.9,3.23,0.48,1.66,0,ROUTINE
TMS-NR-01871,MAS-ED,NR,13.2,22.3,6,2,65.8,7.33,2.05,1.68,0,ROUTINE
TMS-SCR-01872,HWH-BWN,SCR,10.0,8.3,11,6,98.2,2.33,1.24,0.99,1,URGENT
TMS-NCR-01873,AWB-SC,NCR,11.6,26.7,53,4,71.0,6.16,1.1,2.39,0,ROUTINE
TMS-ER-01874,ADI-BRC,ER,16.9,33.1,21,1,61.1,5.42,4.57,2.77,0,ROUTINE
TMS-WCR-01875,KZJ-BZA,WCR,15.7,16.5,177,0,68.6,5.2,2.53,1.86,0,ROUTINE
TMS-NR-01876,LDH-ASR,NR,1.9,24.4,17,4,80.6,6.87,0.35,0.72,0,ROUTINE
TMS-SR-01877,HWH-BWN,SR,9.2,25.6,21,3,61.7,3.97,0.74,1.41,0,ROUTINE
TMS-ECoR-01878,ADI-BRC,ECoR,19.1,30.7,12,0,62.0,5.48,1.63,2.9,0,ROUTINE
TMS-NWR-01879,CNB-NDLS,NWR,6.5,22.3,9,1,76.3,3.59,1.2,1.25,0,ROUTINE
TMS-NCR-01880,UMB-LDH,NCR,17.9,27.5,89,4,58.6,6.19,0.85,2.05,0,ROUTINE
TMS-ER-01881,LDH-ASR,ER,9.4,13.9,48,3,87.5,5.1,5.97,0.72,0,ROUTINE
TMS-CR-01882,CBE-TVC,CR,16.5,14.8,14,12,73.9,3.72,0.27,0.79,1,CRITICAL
TMS-NR-01883,JHS-BPL,NR,20.0,26.4,42,1,53.3,5.39,0.62,2.3,0,ROUTINE
TMS-NWR-01884,MGS-ALD,NWR,15.2,20.3,118,1,71.1,4.96,0.76,2.02,0,ROUTINE
TMS-NCR-01885,ALD-CNB,NCR,15.4,11.8,5,5,76.9,3.45,0.11,2.32,0,ROUTINE
TMS-SR-01886,NGP-BZA,SR,11.2,25.5,10,1,64.5,9.96,0.95,2.34,0,ROUTINE
TMS-SER-01887,CSTM-KYN,SER,11.6,13.3,7,0,72.6,4.23,1.12,1.27,0,ROUTINE
TMS-NER-01888,BWN-AZ,NER,9.4,60.0,71,3,58.3,7.16,0.46,2.9,0,ROUTINE
TMS-NR-01889,KZJ-BZA,NR,20.8,9.3,6,7,70.2,11.66,4.9,1.73,0,ROUTINE
TMS-SR-01890,UMB-LDH,SR,6.9,22.7,12,5,81.5,4.93,1.15,0.65,0,ROUTINE
TMS-NCR-01891,ASR-JUC,NCR,14.2,14.2,27,6,74.8,4.72,1.31,1.05,0,ROUTINE
TMS-NR-01892,ED-CBE,NR,5.2,32.0,33,10,72.8,3.89,3.36,1.48,1,URGENT
TMS-SCR-01893,KZJ-BZA,SCR,8.9,18.9,57,5,69.9,3.43,0.48,1.37,0,ROUTINE
TMS-NWR-01894,CNB-NDLS,NWR,6.4,33.3,18,4,77.8,4.52,1.51,1.64,1,URGENT
TMS-WR-01895,BCT-RTM,WR,11.4,30.2,26,8,62.3,6.9,0.89,1.54,1,URGENT
TMS-NCR-01896,SC-KZJ,NCR,7.9,14.5,117,5,77.3,5.73,0.7,0.96,0,ROUTINE
TMS-SCR-01897,ALD-CNB,SCR,11.5,16.6,12,2,59.9,3.48,0.71,1.1,0,ROUTINE
TMS-NFR-01898,BRC-ST,NFR,10.8,19.3,9,7,69.5,6.57,0.04,2.25,1,URGENT
TMS-ER-01899,MAS-ED,ER,31.1,21.6,43,1,39.2,7.2,2.58,3.73,0,ROUTINE
TMS-SER-01900,CNB-NDLS,SER,23.7,20.5,51,0,46.4,5.64,1.32,2.62,0,ROUTINE
TMS-SECR-01901,UMB-LDH,SECR,23.2,29.7,18,3,43.2,6.29,4.05,3.63,1,URGENT
TMS-NWR-01902,LTT-NED,NWR,10.0,24.4,8,0,73.5,4.7,2.8,1.98,0,ROUTINE
TMS-NR-01903,BWN-AZ,NR,6.3,17.4,52,3,86.1,5.25,6.29,1.29,1,URGENT
TMS-NER-01904,BWN-AZ,NER,4.8,15.4,38,5,89.5,3.64,0.05,1.03,0,ROUTINE
TMS-SR-01905,CSTM-KYN,SR,17.0,16.0,73,6,71.6,5.08,1.57,1.22,1,URGENT
TMS-SECR-01906,BCT-RTM,SECR,10.7,25.3,65,1,79.4,3.67,4.64,2.09,0,ROUTINE
TMS-CR-01907,ST-BCT,CR,6.6,20.5,8,3,89.8,4.29,2.19,1.81,0,ROUTINE
TMS-SR-01908,MGS-ALD,SR,22.2,51.0,62,1,39.9,9.66,0.57,4.09,1,URGENT
TMS-NR-01909,SC-KZJ,NR,5.8,22.2,6,2,76.5,2.85,0.18,1.4,1,URGENT
TMS-SER-01910,KYN-IGP,SER,18.8,23.9,69,8,65.9,10.99,1.66,2.64,1,URGENT
TMS-SWR-01911,AGC-JHS,SWR,14.4,10.8,51,0,61.5,3.22,1.61,1.86,0,ROUTINE
TMS-SR-01912,AZ-MGS,SR,12.9,13.0,29,2,73.4,5.32,0.52,1.98,0,ROUTINE
TMS-SWR-01913,MAS-ED,SWR,21.3,14.2,35,0,54.2,5.82,2.46,2.52,0,ROUTINE
TMS-WCR-01914,LTT-NED,WCR,11.9,17.9,5,2,66.9,7.53,1.5,2.36,0,ROUTINE
TMS-ER-01915,JUC-ADI,ER,7.9,12.3,5,2,77.7,3.24,0.8,0.87,0,ROUTINE
TMS-SER-01916,AGC-JHS,SER,27.6,14.0,14,1,57.2,6.68,0.94,2.64,1,URGENT
TMS-NCR-01917,ADI-BRC,NCR,10.2,29.0,60,4,87.4,5.46,0.43,2.38,0,ROUTINE
TMS-SCR-01918,ALD-CNB,SCR,11.3,15.7,21,2,81.4,7.11,1.16,1.8,0,ROUTINE
TMS-CR-01919,AZ-MGS,CR,12.8,21.8,8,4,55.0,6.88,1.05,2.09,0,ROUTINE
TMS-ECR-01920,BZA-MAS,ECR,7.6,28.1,62,1,72.8,4.05,4.3,2.31,0,ROUTINE
TMS-NR-01921,LDH-ASR,NR,30.0,32.4,9,0,33.6,13.31,1.07,3.01,1,URGENT
TMS-ECoR-01922,CSTM-KYN,ECoR,12.8,25.0,59,1,60.1,6.72,2.25,2.24,0,ROUTINE
TMS-ECR-01923,ALD-CNB,ECR,21.1,25.6,21,3,54.1,5.24,1.43,2.45,1,URGENT
TMS-SR-01924,KZJ-BZA,SR,8.8,32.8,21,5,64.6,4.35,0.38,2.37,0,ROUTINE
TMS-SECR-01925,NGP-BZA,SECR,15.0,26.2,11,9,57.9,8.22,0.08,1.98,1,URGENT
TMS-NR-01926,ALD-CNB,NR,22.6,33.6,80,3,54.8,8.15,1.82,3.62,1,URGENT
TMS-SCR-01927,JHS-BPL,SCR,3.3,9.4,5,3,91.8,1.84,2.43,1.24,0,ROUTINE
TMS-NFR-01928,NGP-BZA,NFR,13.5,21.5,5,2,82.0,4.12,3.12,1.6,0,ROUTINE
TMS-SCR-01929,BCT-RTM,SCR,10.4,22.7,35,5,63.3,3.69,1.73,1.14,0,ROUTINE
TMS-WCR-01930,ASR-JUC,WCR,11.5,21.2,66,10,60.6,4.19,0.85,1.95,1,URGENT
TMS-ECoR-01931,ED-CBE,ECoR,7.5,23.3,5,4,74.5,7.56,1.02,2.16,0,ROUTINE
TMS-CR-01932,ED-CBE,CR,3.5,18.9,46,3,81.3,2.9,2.14,1.79,0,ROUTINE
TMS-SCR-01933,ED-CBE,SCR,8.1,30.4,47,2,77.9,5.81,0.29,2.72,0,ROUTINE
TMS-NER-01934,LTT-NED,NER,24.0,17.9,30,5,58.4,5.27,0.9,2.16,0,ROUTINE
TMS-NFR-01935,LDH-ASR,NFR,5.3,20.3,23,3,86.6,3.94,0.08,1.07,0,ROUTINE
TMS-ECR-01936,UMB-LDH,ECR,10.7,39.6,13,2,51.7,5.61,0.17,2.08,0,ROUTINE
TMS-NCR-01937,ED-CBE,NCR,25.1,37.4,15,1,41.6,7.11,0.39,3.43,1,URGENT
TMS-ER-01938,KYN-IGP,ER,3.9,23.6,39,3,67.2,5.67,1.49,1.36,0,ROUTINE
TMS-NER-01939,SC-KZJ,NER,7.6,17.2,5,5,88.5,5.9,3.79,1.74,0,ROUTINE
TMS-WR-01940,ED-CBE,WR,24.1,11.5,30,2,51.4,5.27,0.68,2.68,0,ROUTINE
TMS-NFR-01941,ST-BCT,NFR,26.6,21.1,11,3,49.3,7.8,1.04,3.59,0,ROUTINE
TMS-NCR-01942,BCT-RTM,NCR,18.2,27.2,21,0,47.3,5.91,1.27,2.36,0,ROUTINE
TMS-NCR-01943,LDH-ASR,NCR,10.2,16.6,28,2,69.9,2.95,0.5,2.2,0,ROUTINE
TMS-NR-01944,BRC-ST,NR,16.9,22.3,75,0,61.0,5.44,1.76,2.23,0,ROUTINE
TMS-NFR-01945,CSTM-KYN,NFR,25.8,19.3,30,1,50.7,7.13,0.36,3.02,1,URGENT
TMS-CR-01946,MAS-ED,CR,12.5,11.1,9,4,76.4,3.47,0.31,2.22,0,ROUTINE
TMS-SR-01947,BRC-ST,SR,24.7,23.3,5,3,56.9,11.52,0.35,1.97,0,ROUTINE
TMS-ECoR-01948,BWN-AZ,ECoR,45.0,26.4,34,8,27.6,10.5,0.98,4.69,1,URGENT
TMS-WR-01949,BPL-NGP,WR,18.6,23.7,27,5,65.6,5.61,0.43,1.56,0,ROUTINE
TMS-ECoR-01950,ST-BCT,ECoR,16.5,42.3,38,3,55.0,8.52,0.85,2.3,1,URGENT
TMS-ECR-01951,AWB-SC,ECR,10.2,19.5,21,6,69.9,3.92,0.71,1.63,1,URGENT
TMS-ECR-01952,BPL-NGP,ECR,5.8,18.9,61,2,79.6,2.43,2.67,0.74,0,ROUTINE
TMS-ECoR-01953,NGP-BZA,ECoR,8.6,52.8,88,2,60.4,5.53,0.37,3.02,0,ROUTINE
TMS-SCR-01954,JUC-ADI,SCR,16.6,13.5,5,2,71.1,4.29,0.55,1.91,0,ROUTINE
TMS-CR-01955,NDLS-UMB,CR,4.6,17.3,47,6,77.7,2.41,4.57,0.7,1,URGENT
TMS-SWR-01956,BPL-NGP,SWR,27.8,25.6,5,7,44.4,7.09,0.42,2.47,1,URGENT
TMS-SCR-01957,AZ-MGS,SCR,24.6,34.8,20,4,52.7,9.41,2.39,3.93,1,URGENT
TMS-SECR-01958,BZA-MAS,SECR,27.5,32.3,21,1,50.3,7.45,0.23,3.58,1,URGENT
TMS-SCR-01959,LDH-ASR,SCR,15.0,14.6,41,1,66.9,5.06,1.33,1.36,0,ROUTINE
TMS-ER-01960,LDH-ASR,ER,7.5,42.6,15,4,63.0,9.58,0.14,1.92,0,ROUTINE
TMS-NWR-01961,UMB-LDH,NWR,25.8,26.7,60,5,48.9,8.4,0.79,2.59,1,URGENT
TMS-SR-01962,NDLS-UMB,SR,8.6,16.0,14,5,78.5,4.22,4.67,1.37,0,ROUTINE
TMS-ER-01963,AGC-JHS,ER,3.0,16.5,14,2,72.7,5.81,1.54,1.29,0,ROUTINE
TMS-NR-01964,UMB-LDH,NR,8.2,22.8,8,6,90.2,3.86,0.35,1.78,1,URGENT
TMS-NWR-01965,KYN-IGP,NWR,10.8,52.5,40,2,52.2,6.26,2.48,3.57,0,ROUTINE
TMS-NWR-01966,BRC-ST,NWR,12.3,24.2,5,3,65.7,6.53,1.59,2.1,0,ROUTINE
TMS-NFR-01967,SC-KZJ,NFR,9.9,52.3,15,2,49.0,5.79,3.94,3.63,0,ROUTINE
TMS-CR-01968,BCT-RTM,CR,20.2,31.5,10,0,62.1,6.65,0.39,2.85,1,URGENT
TMS-CR-01969,NGP-BZA,CR,12.9,13.4,9,9,68.4,3.68,0.19,0.63,1,URGENT
TMS-NWR-01970,BZA-MAS,NWR,8.7,39.0,5,2,70.8,11.53,1.51,1.61,0,ROUTINE
TMS-SECR-01971,CSTM-KYN,SECR,36.8,15.2,7,11,42.2,7.68,3.67,3.37,1,CRITICAL
TMS-SCR-01972,ED-CBE,SCR,15.3,17.4,20,2,63.2,5.86,2.26,1.76,0,ROUTINE
TMS-NFR-01973,SC-KZJ,NFR,14.7,24.8,24,3,59.4,4.81,0.79,1.81,0,ROUTINE
TMS-SR-01974,LDH-ASR,SR,25.0,21.9,10,1,53.6,13.67,0.85,3.14,0,ROUTINE
TMS-NWR-01975,JHS-BPL,NWR,8.4,31.7,36,0,55.6,4.19,0.61,2.49,0,ROUTINE
TMS-NER-01976,LTT-NED,NER,33.9,27.1,14,4,40.9,12.0,3.74,2.67,1,URGENT
TMS-ECR-01977,HWH-BWN,ECR,16.2,21.2,16,2,63.1,5.3,2.5,2.51,0,ROUTINE
TMS-ECR-01978,BRC-ST,ECR,10.2,43.8,53,7,56.9,6.15,0.47,2.31,1,URGENT
TMS-ER-01979,BCT-RTM,ER,29.7,18.4,28,4,41.8,8.34,0.58,2.26,0,ROUTINE
TMS-NR-01980,UMB-LDH,NR,15.5,14.9,107,5,67.4,3.71,2.02,1.18,0,ROUTINE
TMS-SER-01981,BWN-AZ,SER,20.3,26.7,15,1,52.9,6.76,0.83,2.43,1,URGENT
TMS-SER-01982,NDLS-AGC,SER,4.2,22.0,61,0,93.8,2.89,1.41,0.92,0,ROUTINE
TMS-ECR-01983,UMB-LDH,ECR,5.1,24.5,46,5,70.9,3.07,0.25,0.91,0,ROUTINE
TMS-SWR-01984,CSTM-KYN,SWR,12.4,29.8,77,4,58.9,8.44,2.63,1.52,1,URGENT
TMS-NCR-01985,ASR-JUC,NCR,12.8,20.6,109,1,70.7,15.39,1.22,2.79,1,URGENT
TMS-ER-01986,UMB-LDH,ER,25.8,46.7,5,11,46.9,14.7,2.62,3.96,1,CRITICAL
TMS-SER-01987,CSTM-KYN,SER,6.4,24.7,5,1,75.0,6.38,1.88,1.79,0,ROUTINE
TMS-ECR-01988,CNB-NDLS,ECR,30.9,18.5,39,0,36.8,11.17,0.84,3.7,1,URGENT
TMS-NR-01989,LDH-ASR,NR,25.7,28.1,17,4,48.0,11.26,1.71,2.91,1,URGENT
TMS-SER-01990,AGC-JHS,SER,1.9,21.5,59,1,91.8,2.39,0.09,0.89,0,ROUTINE
TMS-SCR-01991,CBE-TVC,SCR,27.4,23.2,5,1,52.2,6.15,0.86,3.2,0,ROUTINE
TMS-SCR-01992,NDLS-UMB,SCR,7.4,14.3,57,5,71.0,2.53,0.86,0.61,0,ROUTINE
TMS-CR-01993,AWB-SC,CR,18.2,14.9,5,1,70.2,4.28,0.82,1.52,0,ROUTINE
TMS-SECR-01994,ASR-JUC,SECR,23.7,33.9,11,4,43.9,9.72,0.19,4.3,1,URGENT
TMS-CR-01995,HWH-BWN,CR,16.8,13.5,121,5,56.5,9.27,1.0,3.16,1,URGENT
TMS-SR-01996,AZ-MGS,SR,15.0,21.1,5,5,74.5,4.81,2.15,1.26,0,ROUTINE
TMS-NWR-01997,MGS-ALD,NWR,16.2,25.3,15,1,50.2,4.52,0.59,2.58,0,ROUTINE
TMS-NER-01998,LTT-NED,NER,10.5,39.1,5,3,53.7,5.44,2.56,2.67,0,ROUTINE
TMS-CR-01999,ED-CBE,CR,22.5,18.3,67,4,65.3,7.29,1.32,2.66,0,ROUTINE
TMS-WR-02000,BWN-AZ,WR,26.7,30.1,42,2,33.2,12.14,1.93,2.9,1,URGENT
TMS-SER-02001,KZJ-BZA,SER,9.2,21.2,56,3,70.4,4.27,3.42,1.08,0,ROUTINE
TMS-SWR-02002,CSTM-KYN,SWR,22.7,9.3,26,0,53.9,4.97,0.99,2.83,0,ROUTINE
TMS-WCR-02003,KZJ-BZA,WCR,9.3,22.6,15,4,73.0,5.32,2.8,2.54,0,ROUTINE
TMS-NFR-02004,KZJ-BZA,NFR,10.6,21.6,5,3,67.5,3.79,0.23,1.68,0,ROUTINE
TMS-ECR-02005,UMB-LDH,ECR,5.1,26.3,11,6,71.1,5.77,2.26,0.76,1,URGENT
TMS-NFR-02006,MAS-ED,NFR,15.4,17.2,25,4,71.8,4.75,2.69,1.81,0,ROUTINE
TMS-WR-02007,AWB-SC,WR,14.1,17.9,38,5,75.0,11.12,3.51,1.6,0,ROUTINE
TMS-NR-02008,BWN-AZ,NR,10.9,35.9,9,1,58.7,9.95,0.13,1.91,0,ROUTINE
TMS-CR-02009,CBE-TVC,CR,26.4,19.4,5,1,53.6,7.7,0.19,2.76,0,ROUTINE
TMS-NER-02010,ED-CBE,NER,27.5,10.3,7,1,73.8,7.04,0.03,3.02,0,ROUTINE
TMS-NR-02011,ALD-CNB,NR,15.4,27.0,15,0,63.2,4.73,1.06,2.74,0,ROUTINE
TMS-NCR-02012,JUC-ADI,NCR,13.6,31.3,5,1,63.9,5.2,0.32,2.45,0,ROUTINE
TMS-WCR-02013,ADI-BRC,WCR,33.9,31.2,5,10,32.9,11.54,1.26,4.15,1,URGENT
TMS-NCR-02014,CNB-NDLS,NCR,13.9,17.4,5,2,70.8,4.38,3.34,1.92,0,ROUTINE
TMS-NFR-02015,AZ-MGS,NFR,9.1,22.2,68,3,74.8,4.24,0.59,1.29,0,ROUTINE
TMS-NWR-02016,AWB-SC,NWR,11.8,27.5,8,6,54.1,7.63,0.01,2.68,1,URGENT
TMS-ER-02017,HWH-BWN,ER,14.4,32.6,60,0,64.5,5.88,3.31,1.78,0,ROUTINE
TMS-NWR-02018,CBE-TVC,NWR,18.6,27.1,20,5,53.3,8.75,1.46,2.77,0,ROUTINE
TMS-SER-02019,LTT-NED,SER,7.9,30.3,35,1,64.3,3.75,0.34,2.02,0,ROUTINE
TMS-WR-02020,LTT-NED,WR,9.0,16.6,5,4,66.9,5.03,1.77,2.37,0,ROUTINE
TMS-SCR-02021,BZA-MAS,SCR,21.9,8.9,30,2,53.5,4.13,1.5,1.5,0,ROUTINE
TMS-SR-02022,MGS-ALD,SR,7.1,33.8,11,4,85.8,6.89,0.72,1.81,0,ROUTINE
TMS-NWR-02023,BRC-ST,NWR,20.5,15.2,5,2,56.7,5.9,0.36,1.79,0,ROUTINE
TMS-SECR-02024,MAS-ED,SECR,12.0,20.7,83,2,67.5,5.08,7.32,2.45,1,URGENT
TMS-SR-02025,ASR-JUC,SR,4.8,30.7,32,1,85.0,4.12,1.55,1.22,0,ROUTINE
TMS-WR-02026,JHS-BPL,WR,14.8,22.4,9,1,73.3,8.69,0.0,1.85,0,ROUTINE
TMS-WCR-02027,HWH-BWN,WCR,14.1,29.4,19,4,59.3,5.89,0.2,3.04,0,ROUTINE
TMS-SR-02028,AZ-MGS,SR,25.1,59.3,15,1,24.6,9.11,0.43,3.86,1,URGENT
TMS-WCR-02029,HWH-BWN,WCR,16.2,27.7,42,1,73.7,8.12,2.52,2.19,0,ROUTINE
TMS-NER-02030,UMB-LDH,NER,23.5,16.6,32,1,60.4,10.77,0.97,3.06,0,ROUTINE
TMS-CR-02031,MAS-ED,CR,21.0,12.4,5,0,57.4,4.7,0.09,2.96,0,ROUTINE
TMS-NER-02032,BPL-NGP,NER,29.9,29.1,7,8,52.2,8.67,0.46,3.24,1,URGENT
TMS-SR-02033,ADI-BRC,SR,18.1,22.9,22,0,58.1,6.32,5.92,2.94,0,ROUTINE
TMS-NR-02034,ASR-JUC,NR,11.2,12.8,20,1,71.0,4.59,2.19,1.47,0,ROUTINE
TMS-NCR-02035,BCT-RTM,NCR,26.1,35.6,25,4,34.3,8.42,0.01,3.36,1,URGENT
TMS-SR-02036,ED-CBE,SR,12.2,29.7,43,1,56.2,4.42,2.74,2.64,0,ROUTINE
TMS-NER-02037,AWB-SC,NER,32.1,22.1,40,4,42.0,7.65,0.32,3.21,0,ROUTINE
TMS-SWR-02038,AWB-SC,SWR,16.3,53.2,16,0,22.8,15.2,0.6,2.73,1,URGENT
TMS-WR-02039,BWN-AZ,WR,14.3,33.4,73,8,51.8,5.0,0.19,1.47,1,URGENT
TMS-NR-02040,BWN-AZ,NR,24.8,14.9,5,2,54.9,7.13,0.02,2.73,0,ROUTINE
TMS-NER-02041,NGP-BZA,NER,5.2,35.5,30,3,83.8,8.11,1.05,1.98,0,ROUTINE
TMS-NWR-02042,BZA-MAS,NWR,7.0,24.6,104,2,82.0,3.47,0.51,1.64,0,ROUTINE
TMS-ECR-02043,MGS-ALD,ECR,6.5,47.3,27,3,76.5,8.0,0.67,1.96,0,ROUTINE
TMS-WCR-02044,AWB-SC,WCR,25.9,32.4,21,2,43.8,7.03,0.28,3.77,1,URGENT
TMS-NFR-02045,ASR-JUC,NFR,9.9,26.9,5,8,88.0,3.7,2.46,2.23,1,URGENT
TMS-ER-02046,BRC-ST,ER,20.1,26.3,58,2,43.4,6.59,0.29,3.21,1,URGENT
TMS-SCR-02047,JUC-ADI,SCR,10.9,13.8,16,4,70.7,5.22,1.09,1.35,0,ROUTINE
TMS-NER-02048,SC-KZJ,NER,9.7,18.1,42,3,82.9,3.34,0.95,1.68,0,ROUTINE
TMS-SECR-02049,NDLS-UMB,SECR,21.0,24.1,7,0,57.6,5.22,3.78,2.64,0,ROUTINE
TMS-ER-02050,BPL-NGP,ER,22.3,12.8,5,1,53.2,5.98,6.6,1.7,1,URGENT
TMS-WR-02051,BRC-ST,WR,18.9,26.8,12,3,60.5,5.3,3.54,2.73,0,ROUTINE
TMS-SWR-02052,MAS-ED,SWR,15.2,16.5,11,4,64.0,4.01,1.98,1.74,0,ROUTINE
TMS-ECoR-02053,ED-CBE,ECoR,6.3,19.0,72,3,77.3,4.9,0.85,0.91,0,ROUTINE
TMS-NER-02054,ASR-JUC,NER,9.2,29.5,70,1,86.5,5.63,0.21,2.8,0,ROUTINE
TMS-ECR-02055,AWB-SC,ECR,10.3,17.8,26,1,83.7,8.84,3.06,0.69,0,ROUTINE
TMS-ER-02056,ADI-BRC,ER,10.5,26.8,5,10,75.8,4.5,1.89,1.89,1,URGENT
TMS-SCR-02057,BZA-MAS,SCR,21.5,23.5,9,2,60.5,5.59,0.21,2.61,0,ROUTINE
TMS-SR-02058,BZA-MAS,SR,20.3,14.5,35,0,53.3,6.34,0.14,2.35,0,ROUTINE
TMS-NER-02059,LDH-ASR,NER,18.6,31.6,5,6,48.6,12.47,1.68,2.46,1,URGENT
TMS-CR-02060,BRC-ST,CR,12.1,32.2,42,4,70.6,6.0,3.55,1.11,0,ROUTINE
TMS-SWR-02061,CNB-NDLS,SWR,9.7,32.9,5,2,76.5,4.78,0.36,1.78,0,ROUTINE
TMS-WR-02062,BCT-RTM,WR,25.2,47.6,40,5,46.2,12.41,0.8,3.63,1,URGENT
TMS-NFR-02063,JHS-BPL,NFR,34.0,18.8,65,1,35.8,8.49,5.0,4.16,1,URGENT
TMS-ECR-02064,BRC-ST,ECR,17.6,10.2,22,4,61.4,3.93,4.38,2.07,0,ROUTINE
TMS-SER-02065,JHS-BPL,SER,11.0,17.1,61,2,78.3,8.99,1.8,1.77,1,URGENT
TMS-SER-02066,AWB-SC,SER,21.1,32.6,53,1,40.4,6.41,0.96,3.77,1,URGENT
TMS-SECR-02067,NDLS-UMB,SECR,12.9,21.5,38,1,66.1,8.23,0.7,2.35,0,ROUTINE
TMS-ER-02068,AGC-JHS,ER,14.8,12.7,20,6,80.5,5.14,0.74,2.68,1,URGENT
TMS-ECR-02069,HWH-BWN,ECR,11.8,11.3,11,5,72.1,4.07,1.05,1.25,0,ROUTINE
TMS-NR-02070,NDLS-UMB,NR,33.8,39.2,69,3,35.5,9.01,1.75,4.75,1,URGENT
TMS-SCR-02071,ST-BCT,SCR,23.6,28.3,36,1,33.8,6.06,1.07,2.93,1,URGENT
TMS-NFR-02072,BZA-MAS,NFR,20.2,18.2,55,2,58.9,5.05,0.39,1.83,0,ROUTINE
TMS-SR-02073,ED-CBE,SR,4.8,47.1,28,2,60.2,5.29,2.1,1.94,0,ROUTINE
TMS-NER-02074,UMB-LDH,NER,13.7,60.0,6,0,33.7,7.54,0.9,3.56,0,ROUTINE
TMS-NER-02075,ED-CBE,NER,18.9,33.6,135,5,49.3,5.68,1.28,3.3,0,ROUTINE
TMS-SER-02076,BCT-RTM,SER,8.1,30.0,7,1,71.9,5.35,2.24,2.49,0,ROUTINE
TMS-NER-02077,ASR-JUC,NER,19.8,27.4,84,2,53.7,6.45,0.73,2.07,0,ROUTINE
TMS-WR-02078,BZA-MAS,WR,7.9,31.3,8,6,73.6,3.91,3.99,1.8,0,ROUTINE
TMS-NFR-02079,SC-KZJ,NFR,13.1,48.6,16,5,60.1,7.1,1.07,2.79,0,ROUTINE
TMS-CR-02080,JHS-BPL,CR,21.1,15.0,20,1,63.8,4.53,1.82,3.51,0,ROUTINE
TMS-ECoR-02081,CSTM-KYN,ECoR,15.6,19.4,89,5,66.4,9.25,2.11,1.95,1,URGENT
TMS-SECR-02082,JHS-BPL,SECR,12.7,21.8,76,0,72.6,4.25,0.68,1.58,0,ROUTINE
TMS-NCR-02083,ADI-BRC,NCR,28.1,27.9,60,6,32.3,9.03,0.45,3.3,1,URGENT
TMS-NWR-02084,LTT-NED,NWR,19.6,41.5,16,4,39.6,6.84,3.85,3.55,0,ROUTINE
TMS-SECR-02085,BWN-AZ,SECR,19.8,26.2,5,5,48.3,6.35,0.56,3.46,0,ROUTINE
TMS-ER-02086,ADI-BRC,ER,19.1,28.5,40,4,57.2,10.56,0.17,1.66,0,ROUTINE
TMS-CR-02087,ST-BCT,CR,17.9,29.1,18,3,65.2,9.12,1.03,2.38,0,ROUTINE
TMS-WCR-02088,NGP-BZA,WCR,20.0,22.4,49,5,72.0,7.81,2.61,2.39,0,ROUTINE
TMS-SECR-02089,BCT-RTM,SECR,29.4,18.8,55,2,49.8,9.04,0.5,3.04,0,ROUTINE
TMS-SR-02090,ALD-CNB,SR,21.5,22.9,20,1,43.2,8.53,1.02,3.9,1,URGENT
TMS-SER-02091,ASR-JUC,SER,4.5,17.1,48,12,87.2,4.76,0.67,0.92,1,CRITICAL
TMS-SWR-02092,CBE-TVC,SWR,20.3,17.2,64,1,67.2,8.96,0.04,3.3,1,URGENT
TMS-ER-02093,BCT-RTM,ER,18.6,25.7,92,1,55.0,5.71,0.22,2.2,0,ROUTINE
TMS-NER-02094,CNB-NDLS,NER,30.4,18.3,30,1,42.7,7.52,2.39,2.47,0,ROUTINE
TMS-ECR-02095,JUC-ADI,ECR,6.1,46.5,52,0,74.9,6.71,4.09,2.66,0,ROUTINE
TMS-SR-02096,ALD-CNB,SR,9.9,23.5,23,3,72.2,3.81,0.01,1.63,0,ROUTINE
TMS-ER-02097,MAS-ED,ER,34.8,38.2,5,1,29.5,9.68,2.96,3.62,1,URGENT
TMS-SWR-02098,NDLS-UMB,SWR,13.8,13.5,5,0,69.6,3.41,1.93,2.07,0,ROUTINE
TMS-SCR-02099,BPL-NGP,SCR,5.9,13.7,5,0,93.2,3.87,1.73,1.65,0,ROUTINE
TMS-NER-02100,AWB-SC,NER,15.9,21.2,6,2,53.4,4.29,0.84,2.32,0,ROUTINE
TMS-SECR-02101,AWB-SC,SECR,9.5,32.3,5,0,67.5,5.41,0.6,2.22,0,ROUTINE
TMS-SECR-02102,CSTM-KYN,SECR,18.4,18.2,68,5,59.4,5.45,0.79,2.32,0,ROUTINE
TMS-ER-02103,AZ-MGS,ER,9.5,21.3,28,3,70.5,3.37,1.38,1.95,0,ROUTINE
TMS-WCR-02104,BWN-AZ,WCR,24.9,33.1,16,2,36.8,7.54,4.4,3.81,1,URGENT
TMS-WCR-02105,ALD-CNB,WCR,22.2,19.0,18,4,67.8,7.12,0.35,1.95,0,ROUTINE
TMS-ECR-02106,ALD-CNB,ECR,18.0,16.4,21,0,61.9,5.82,5.46,1.88,0,ROUTINE
TMS-SCR-02107,AWB-SC,SCR,13.4,29.5,5,2,59.4,5.6,0.4,2.29,0,ROUTINE
TMS-NER-02108,BWN-AZ,NER,21.5,13.2,11,5,67.5,5.19,2.8,2.2,0,ROUTINE
TMS-SWR-02109,NDLS-UMB,SWR,23.8,19.1,66,0,54.7,5.22,1.62,2.85,0,ROUTINE
TMS-ECoR-02110,BPL-NGP,ECoR,15.4,23.2,47,3,51.5,10.41,2.05,2.28,0,ROUTINE
TMS-SECR-02111,NDLS-AGC,SECR,12.2,27.4,29,0,52.6,5.05,2.67,2.17,0,ROUTINE
TMS-SWR-02112,NDLS-AGC,SWR,18.7,30.8,22,4,55.4,6.35,0.02,2.42,0,ROUTINE
TMS-CR-02113,KZJ-BZA,CR,14.1,32.8,10,1,66.7,5.01,1.93,2.12,0,ROUTINE
TMS-SECR-02114,AWB-SC,SECR,15.8,19.7,22,10,65.7,5.47,8.17,2.85,1,URGENT
TMS-SWR-02115,BWN-AZ,SWR,20.4,32.6,31,0,41.7,13.42,1.02,2.75,1,URGENT
TMS-NR-02116,LDH-ASR,NR,8.0,27.2,43,3,81.8,3.96,1.17,3.38,0,ROUTINE
TMS-SER-02117,JUC-ADI,SER,23.4,29.6,6,1,43.7,6.63,0.17,2.19,1,URGENT
TMS-NWR-02118,ED-CBE,NWR,14.9,17.2,58,1,86.1,4.15,0.63,1.61,1,URGENT
TMS-WCR-02119,AZ-MGS,WCR,4.9,29.0,14,1,76.8,7.08,1.42,1.81,0,ROUTINE
TMS-NFR-02120,ADI-BRC,NFR,10.2,20.9,24,0,78.2,4.49,0.19,1.87,0,ROUTINE
TMS-SER-02121,AWB-SC,SER,8.2,22.6,32,3,85.3,6.51,0.61,1.07,0,ROUTINE
TMS-WR-02122,UMB-LDH,WR,16.5,23.7,23,1,65.6,8.17,0.64,3.53,0,ROUTINE
TMS-NWR-02123,SC-KZJ,NWR,14.7,51.7,29,6,51.6,9.11,2.51,2.93,1,URGENT
TMS-SR-02124,ED-CBE,SR,10.7,15.4,5,3,82.1,3.44,1.16,1.07,0,ROUTINE
TMS-SWR-02125,ED-CBE,SWR,39.9,35.7,19,1,19.9,8.91,1.21,4.58,1,URGENT
TMS-NWR-02126,ADI-BRC,NWR,15.1,39.3,11,1,59.3,5.72,0.5,2.21,0,ROUTINE
TMS-WR-02127,JUC-ADI,WR,13.3,30.9,5,2,63.1,6.85,0.56,1.89,0,ROUTINE
TMS-NER-02128,KZJ-BZA,NER,12.3,17.9,7,4,72.9,5.98,0.9,1.36,0,ROUTINE
TMS-ECoR-02129,ADI-BRC,ECoR,34.2,43.8,32,5,33.5,11.54,2.55,3.76,1,URGENT
TMS-NR-02130,AWB-SC,NR,7.9,19.4,7,6,68.8,3.3,0.57,1.53,1,URGENT
TMS-CR-02131,MAS-ED,CR,10.9,29.2,6,5,65.4,4.3,0.58,1.48,0,ROUTINE
TMS-SWR-02132,NGP-BZA,SWR,32.4,23.3,28,0,35.7,11.85,1.26,3.67,0,ROUTINE
TMS-CR-02133,BWN-AZ,CR,16.9,19.2,82,1,72.9,6.25,2.75,1.6,0,ROUTINE
TMS-ECR-02134,BRC-ST,ECR,11.6,27.6,54,1,67.7,6.66,1.05,2.57,1,URGENT
TMS-SECR-02135,ASR-JUC,SECR,33.5,47.1,82,2,18.8,8.99,0.21,4.92,1,URGENT
TMS-SWR-02136,ST-BCT,SWR,18.3,24.6,30,2,44.5,5.78,3.7,2.77,0,ROUTINE
TMS-NFR-02137,HWH-BWN,NFR,16.8,49.0,18,5,59.4,6.57,0.96,3.26,0,ROUTINE
TMS-SWR-02138,UMB-LDH,SWR,9.1,20.6,45,1,75.9,5.16,2.23,2.24,0,ROUTINE
TMS-ER-02139,AGC-JHS,ER,12.0,22.9,10,1,69.0,4.98,0.07,2.05,0,ROUTINE
TMS-ECoR-02140,NDLS-UMB,ECoR,5.6,13.6,5,1,84.1,3.13,2.71,0.74,0,ROUTINE
TMS-ER-02141,AZ-MGS,ER,18.9,17.8,14,3,71.7,8.92,0.09,1.65,0,ROUTINE
TMS-SWR-02142,BWN-AZ,SWR,27.1,20.3,12,4,52.7,8.38,5.14,3.22,1,URGENT
TMS-NR-02143,BCT-RTM,NR,8.8,19.5,39,7,62.0,9.54,3.32,1.02,1,URGENT
TMS-NWR-02144,MAS-ED,NWR,14.9,15.1,28,4,74.8,3.54,0.47,2.05,0,ROUTINE
TMS-WCR-02145,AWB-SC,WCR,13.6,16.4,5,3,57.1,5.26,0.38,1.71,0,ROUTINE
TMS-CR-02146,AZ-MGS,CR,6.6,19.8,83,1,85.9,4.56,2.29,1.32,0,ROUTINE
TMS-NR-02147,ST-BCT,NR,24.5,35.7,31,0,41.7,6.58,0.25,3.81,1,URGENT
TMS-SWR-02148,SC-KZJ,SWR,5.6,12.2,21,0,91.4,4.91,3.04,1.45,0,ROUTINE
TMS-WR-02149,BCT-RTM,WR,10.8,9.7,96,2,85.4,2.73,0.05,1.09,0,ROUTINE
TMS-NWR-02150,AZ-MGS,NWR,41.0,11.0,5,8,28.0,9.45,1.58,3.77,1,URGENT
TMS-WR-02151,AWB-SC,WR,20.8,15.8,54,1,60.8,4.46,0.45,2.87,0,ROUTINE
TMS-CR-02152,KYN-IGP,CR,14.0,28.6,15,3,66.5,6.29,2.77,3.06,0,ROUTINE
TMS-NWR-02153,CNB-NDLS,NWR,6.0,19.2,41,3,75.6,3.91,0.71,1.56,0,ROUTINE
TMS-NFR-02154,BCT-RTM,NFR,24.8,19.1,93,3,47.4,6.57,0.85,3.84,0,ROUTINE
TMS-ECoR-02155,CNB-NDLS,ECoR,28.7,19.0,25,5,51.1,6.74,0.24,2.48,0,ROUTINE
TMS-SER-02156,HWH-BWN,SER,6.5,10.5,5,4,95.2,2.91,1.48,0.57,0,ROUTINE
TMS-SCR-02157,UMB-LDH,SCR,20.6,31.3,5,0,44.1,6.89,0.95,1.79,1,URGENT
TMS-SR-02158,BWN-AZ,SR,24.6,37.5,14,3,48.4,7.4,0.01,3.05,0,ROUTINE
TMS-NR-02159,ED-CBE,NR,27.9,19.4,53,7,46.6,11.21,1.97,2.45,1,URGENT
TMS-SECR-02160,MGS-ALD,SECR,16.3,23.0,11,5,69.5,10.99,0.21,2.68,0,ROUTINE
TMS-NR-02161,ALD-CNB,NR,13.1,23.3,14,2,72.4,4.54,1.12,2.04,0,ROUTINE
TMS-SCR-02162,KZJ-BZA,SCR,6.5,14.5,53,0,85.5,5.15,1.16,2.06,0,ROUTINE
TMS-SER-02163,CBE-TVC,SER,12.5,18.6,5,11,60.4,6.15,0.53,1.99,1,CRITICAL
TMS-NCR-02164,ALD-CNB,NCR,14.4,45.3,65,2,70.7,9.95,0.39,2.14,1,URGENT
TMS-NER-02165,CSTM-KYN,NER,7.9,22.2,10,0,76.3,2.97,0.56,0.83,0,ROUTINE
TMS-NFR-02166,LTT-NED,NFR,11.4,24.3,5,3,68.5,4.48,0.76,1.75,0,ROUTINE
TMS-WR-02167,CNB-NDLS,WR,16.2,16.8,5,3,72.8,4.09,4.08,1.78,0,ROUTINE
TMS-SWR-02168,UMB-LDH,SWR,10.3,18.7,106,0,60.5,4.03,1.66,1.71,0,ROUTINE
TMS-NFR-02169,ALD-CNB,NFR,13.2,28.7,21,3,72.1,5.99,5.05,1.5,0,ROUTINE
TMS-SCR-02170,BCT-RTM,SCR,15.8,15.9,10,4,76.2,8.43,0.13,1.73,0,ROUTINE
TMS-SWR-02171,NDLS-AGC,SWR,15.8,42.4,25,8,45.3,9.42,0.07,3.52,0,ROUTINE
TMS-SECR-02172,ASR-JUC,SECR,9.3,11.6,40,1,83.6,3.71,0.09,1.28,0,ROUTINE
TMS-ER-02173,ALD-CNB,ER,9.7,17.2,13,3,76.3,2.88,2.94,1.5,0,ROUTINE
TMS-NWR-02174,CBE-TVC,NWR,6.6,12.3,45,2,87.0,2.69,2.7,1.51,0,ROUTINE
TMS-NER-02175,NDLS-UMB,NER,27.6,37.7,10,0,27.8,7.38,0.86,3.41,1,URGENT
TMS-ECoR-02176,KZJ-BZA,ECoR,13.2,21.9,5,1,79.2,5.84,0.86,1.25,0,ROUTINE
TMS-ECoR-02177,NDLS-AGC,ECoR,11.0,19.8,27,1,79.2,5.61,0.84,1.11,0,ROUTINE
TMS-SCR-02178,LTT-NED,SCR,14.8,26.0,5,0,56.5,6.39,4.34,2.72,1,URGENT
TMS-NFR-02179,JHS-BPL,NFR,24.3,38.8,98,1,40.2,7.39,0.46,3.26,1,URGENT
TMS-ECoR-02180,KYN-IGP,ECoR,13.5,24.2,5,1,75.8,9.0,1.9,1.68,0,ROUTINE
TMS-SECR-02181,AGC-JHS,SECR,13.6,35.1,49,2,65.0,6.62,0.17,2.31,0,ROUTINE
TMS-WR-02182,HWH-BWN,WR,5.7,19.7,11,3,76.4,4.25,0.45,0.93,0,ROUTINE
TMS-NCR-02183,CBE-TVC,NCR,34.5,15.1,65,1,42.4,9.76,1.37,3.23,1,URGENT
TMS-NR-02184,KZJ-BZA,NR,18.1,24.4,5,0,57.5,4.81,1.37,2.57,0,ROUTINE
TMS-ECR-02185,LTT-NED,ECR,3.6,16.8,107,9,76.5,2.35,1.21,0.45,1,URGENT
TMS-SECR-02186,NDLS-AGC,SECR,6.8,29.2,5,0,73.3,5.14,0.2,0.64,0,ROUTINE
TMS-SWR-02187,AWB-SC,SWR,12.4,18.8,54,4,75.8,5.25,2.11,1.42,0,ROUTINE
TMS-SR-02188,SC-KZJ,SR,21.1,21.5,25,1,52.3,6.14,1.86,2.37,0,ROUTINE
TMS-SCR-02189,ASR-JUC,SCR,14.4,9.1,19,0,78.0,5.92,1.71,2.02,0,ROUTINE
TMS-ER-02190,ASR-JUC,ER,12.9,21.1,11,2,77.5,4.47,0.21,2.07,0,ROUTINE
TMS-NWR-02191,ED-CBE,NWR,36.0,20.1,64,6,41.9,7.03,0.37,3.32,1,URGENT
TMS-SR-02192,ED-CBE,SR,16.4,35.3,7,0,61.5,6.11,3.62,2.88,0,ROUTINE
TMS-NWR-02193,ADI-BRC,NWR,7.4,31.4,44,3,63.5,10.38,0.99,2.66,0,ROUTINE
TMS-CR-02194,BCT-RTM,CR,21.4,22.4,20,4,54.6,8.02,0.81,3.23,0,ROUTINE
TMS-SR-02195,LTT-NED,SR,18.6,11.6,180,7,67.9,4.48,3.09,1.73,1,URGENT
TMS-ECR-02196,NDLS-AGC,ECR,11.9,18.6,33,13,72.4,3.78,0.52,1.8,1,CRITICAL
TMS-NFR-02197,KYN-IGP,NFR,22.3,35.4,5,3,55.2,9.5,2.62,3.62,1,URGENT
TMS-NCR-02198,ED-CBE,NCR,27.4,20.5,19,5,47.9,6.2,0.87,3.8,0,ROUTINE
TMS-NR-02199,CSTM-KYN,NR,25.8,14.5,5,6,62.4,6.77,1.46,2.6,1,URGENT
TMS-NR-02200,BCT-RTM,NR,14.8,35.2,11,2,67.3,6.45,0.68,2.64,0,ROUTINE
TMS-NCR-02201,MGS-ALD,NCR,14.8,11.6,14,3,68.1,4.25,3.72,1.52,0,ROUTINE
TMS-WR-02202,KYN-IGP,WR,34.7,21.2,67,7,28.1,8.01,0.17,3.21,1,URGENT
TMS-NER-02203,MAS-ED,NER,8.1,27.7,63,3,80.8,5.85,0.37,1.56,0,ROUTINE
TMS-CR-02204,KYN-IGP,CR,8.3,23.3,5,1,86.0,3.33,0.34,1.93,0,ROUTINE
TMS-NWR-02205,BWN-AZ,NWR,17.4,13.5,26,1,64.4,4.7,0.45,2.97,0,ROUTINE
TMS-ECR-02206,NDLS-AGC,ECR,23.1,15.3,8,0,61.1,11.6,0.91,1.93,0,ROUTINE
TMS-ECoR-02207,JUC-ADI,ECoR,6.3,16.8,13,2,89.7,5.3,0.19,1.76,0,ROUTINE
TMS-SR-02208,ST-BCT,SR,33.1,30.4,5,0,23.6,7.44,0.06,4.73,0,ROUTINE
TMS-CR-02209,CNB-NDLS,CR,32.8,23.8,48,5,51.1,8.01,1.25,3.48,0,ROUTINE
TMS-SECR-02210,CNB-NDLS,SECR,24.4,19.0,105,3,51.1,5.43,1.05,2.78,0,ROUTINE
TMS-SCR-02211,ED-CBE,SCR,12.9,26.1,8,6,80.2,5.35,0.62,2.09,1,URGENT
TMS-SR-02212,UMB-LDH,SR,10.2,16.4,14,4,82.6,3.06,0.28,2.33,0,ROUTINE
TMS-ECR-02213,LDH-ASR,ECR,6.5,29.8,8,5,78.1,4.35,0.19,1.18,0,ROUTINE
TMS-ER-02214,BZA-MAS,ER,9.2,26.6,93,2,86.5,5.08,3.3,1.74,0,ROUTINE
TMS-ER-02215,NDLS-UMB,ER,15.3,20.3,5,2,69.6,4.83,0.86,2.31,0,ROUTINE
TMS-SWR-02216,AZ-MGS,SWR,32.9,20.8,30,0,50.4,8.33,4.57,3.12,0,ROUTINE
TMS-CR-02217,BZA-MAS,CR,13.2,19.4,71,3,76.7,11.94,0.59,1.0,1,URGENT
TMS-NFR-02218,NGP-BZA,NFR,18.7,33.1,7,1,51.8,6.02,1.42,2.37,0,ROUTINE
TMS-ECR-02219,AWB-SC,ECR,16.5,24.2,31,5,54.8,6.07,1.26,1.64,0,ROUTINE
TMS-WCR-02220,MGS-ALD,WCR,19.6,20.4,5,7,71.4,5.85,0.27,2.57,1,URGENT
TMS-ECR-02221,NDLS-UMB,ECR,10.9,15.1,58,4,77.1,6.16,1.02,2.08,0,ROUTINE
TMS-NCR-02222,ED-CBE,NCR,10.6,28.1,11,2,75.4,4.59,0.99,2.12,0,ROUTINE
TMS-SECR-02223,CBE-TVC,SECR,33.7,27.6,157,3,39.3,9.3,1.06,3.23,1,URGENT
TMS-NFR-02224,BWN-AZ,NFR,15.6,18.0,89,2,71.7,6.14,0.54,2.23,0,ROUTINE
TMS-SECR-02225,JHS-BPL,SECR,13.5,18.8,46,0,76.4,10.96,0.42,1.7,0,ROUTINE
TMS-WR-02226,MGS-ALD,WR,11.2,21.2,24,0,72.2,3.7,0.79,2.56,0,ROUTINE
TMS-NWR-02227,KYN-IGP,NWR,20.9,14.0,50,3,73.6,17.0,3.84,2.07,1,URGENT
TMS-NWR-02228,LDH-ASR,NWR,22.9,22.9,5,0,64.0,7.82,1.26,2.38,0,ROUTINE
TMS-ECoR-02229,BWN-AZ,ECoR,10.7,11.5,12,2,74.7,3.74,0.95,1.63,0,ROUTINE
TMS-SWR-02230,CNB-NDLS,SWR,15.5,13.3,5,3,66.5,4.0,0.33,1.54,0,ROUTINE
TMS-NR-02231,MGS-ALD,NR,31.0,18.1,36,4,35.8,8.08,3.91,3.24,0,ROUTINE
TMS-ER-02232,AGC-JHS,ER,12.6,17.3,57,16,87.4,3.58,1.62,0.92,1,CRITICAL
TMS-SCR-02233,ED-CBE,SCR,9.3,26.6,102,2,70.4,9.39,6.71,1.57,1,URGENT
TMS-NWR-02234,MGS-ALD,NWR,18.9,24.9,40,9,63.4,5.23,0.28,2.59,1,URGENT
TMS-NFR-02235,MAS-ED,NFR,16.0,38.5,46,2,53.3,8.46,0.74,3.0,0,ROUTINE
TMS-ECR-02236,BRC-ST,ECR,11.3,23.0,79,0,74.9,4.38,0.61,1.6,0,ROUTINE
TMS-SCR-02237,ADI-BRC,SCR,24.5,24.1,96,1,57.8,6.09,0.61,3.57,0,ROUTINE
TMS-SER-02238,BWN-AZ,SER,11.2,13.9,23,0,86.0,6.1,0.05,0.95,0,ROUTINE
TMS-SECR-02239,BZA-MAS,SECR,11.4,14.0,5,0,84.0,7.21,1.16,1.82,0,ROUTINE
TMS-NWR-02240,MGS-ALD,NWR,10.2,22.8,21,2,61.8,3.37,1.41,2.36,0,ROUTINE
TMS-ECR-02241,LDH-ASR,ECR,9.1,22.9,28,5,80.8,10.51,0.07,1.56,0,ROUTINE
TMS-NWR-02242,BZA-MAS,NWR,6.3,24.9,34,5,93.3,4.03,3.18,2.84,0,ROUTINE
TMS-ER-02243,BRC-ST,ER,5.2,36.9,158,4,71.3,3.93,0.34,1.36,1,URGENT
TMS-SER-02244,AGC-JHS,SER,10.0,14.2,87,3,88.1,3.84,0.24,1.21,0,ROUTINE
TMS-SR-02245,BZA-MAS,SR,19.8,43.6,17,2,40.8,6.71,0.3,3.36,0,ROUTINE
TMS-NWR-02246,UMB-LDH,NWR,13.5,12.2,5,2,78.1,3.6,0.82,1.68,1,URGENT
TMS-WR-02247,NGP-BZA,WR,27.5,25.8,8,3,46.0,7.82,0.13,3.46,1,URGENT
TMS-NFR-02248,MGS-ALD,NFR,12.2,13.5,6,6,59.8,3.8,2.6,1.31,1,URGENT
TMS-NWR-02249,ALD-CNB,NWR,18.5,29.7,15,5,53.1,5.67,1.71,2.94,1,URGENT
TMS-NR-02250,BPL-NGP,NR,4.7,12.3,73,1,95.1,2.13,0.96,1.22,0,ROUTINE
TMS-SCR-02251,NDLS-UMB,SCR,6.5,7.4,20,3,91.1,3.59,1.04,0.35,0,ROUTINE
TMS-SCR-02252,JUC-ADI,SCR,7.3,23.5,29,1,76.7,7.78,0.78,1.85,0,ROUTINE
TMS-ER-02253,BWN-AZ,ER,9.8,21.1,6,3,81.2,3.27,1.89,1.86,0,ROUTINE
TMS-NFR-02254,KYN-IGP,NFR,23.1,34.6,23,3,36.2,6.79,4.59,3.69,1,URGENT
TMS-SER-02255,BPL-NGP,SER,14.3,22.9,72,0,65.6,6.17,1.21,1.94,0,ROUTINE
TMS-WR-02256,JUC-ADI,WR,18.7,16.5,51,8,56.7,12.86,1.24,0.99,1,URGENT
TMS-NCR-02257,AWB-SC,NCR,12.3,17.9,5,2,58.5,5.56,1.11,0.51,0,ROUTINE
TMS-NFR-02258,ALD-CNB,NFR,18.4,60.0,69,3,49.5,7.67,3.61,3.9,0,ROUTINE
TMS-SCR-02259,JUC-ADI,SCR,6.3,15.6,11,1,86.4,2.59,1.52,0.8,0,ROUTINE
TMS-NR-02260,BWN-AZ,NR,15.8,27.4,38,3,60.3,5.42,3.11,2.6,0,ROUTINE
TMS-WCR-02261,CBE-TVC,WCR,4.2,26.1,5,3,76.7,3.06,1.32,1.34,0,ROUTINE
TMS-SR-02262,BPL-NGP,SR,12.4,27.6,39,0,56.3,4.47,1.8,1.97,0,ROUTINE
TMS-ER-02263,UMB-LDH,ER,10.7,26.7,5,0,69.4,4.38,1.6,2.27,0,ROUTINE
TMS-NCR-02264,BRC-ST,NCR,18.4,19.9,32,0,67.4,5.28,0.87,2.31,0,ROUTINE
TMS-NR-02265,SC-KZJ,NR,5.7,11.0,36,0,81.3,2.73,0.22,0.81,0,ROUTINE
TMS-SER-02266,MGS-ALD,SER,7.9,23.6,9,0,85.8,4.46,0.82,1.04,0,ROUTINE
TMS-WCR-02267,JUC-ADI,WCR,24.4,22.1,96,0,40.5,10.7,3.08,2.4,1,URGENT
TMS-SECR-02268,BRC-ST,SECR,10.8,23.3,5,2,56.1,13.51,1.6,1.91,0,ROUTINE
TMS-SER-02269,JHS-BPL,SER,6.8,27.8,77,1,76.5,3.28,4.31,1.87,0,ROUTINE
TMS-NR-02270,SC-KZJ,NR,16.5,18.8,16,1,71.0,5.34,0.49,2.94,0,ROUTINE
TMS-SECR-02271,ED-CBE,SECR,11.1,17.3,43,0,78.8,5.84,0.96,1.93,0,ROUTINE
TMS-CR-02272,LDH-ASR,CR,15.9,31.8,36,3,49.8,5.08,2.04,2.22,0,ROUTINE
TMS-ER-02273,ADI-BRC,ER,9.4,19.5,6,1,74.4,8.64,0.21,1.99,0,ROUTINE
TMS-NFR-02274,BRC-ST,NFR,34.7,18.2,13,3,41.3,12.21,0.16,4.24,0,ROUTINE
TMS-SECR-02275,NDLS-AGC,SECR,12.7,17.6,26,4,78.7,3.78,2.1,2.07,0,ROUTINE
TMS-WCR-02276,CSTM-KYN,WCR,16.7,28.2,65,2,45.9,7.84,1.64,1.99,0,ROUTINE
TMS-SWR-02277,AZ-MGS,SWR,14.5,20.4,108,3,67.9,5.55,0.98,2.94,0,ROUTINE
TMS-SECR-02278,HWH-BWN,SECR,5.3,53.8,5,3,67.6,5.17,0.1,3.72,0,ROUTINE
TMS-ECR-02279,ED-CBE,ECR,8.3,22.7,15,1,67.8,3.77,1.48,0.45,0,ROUTINE
TMS-SR-02280,NDLS-AGC,SR,5.2,13.7,38,2,87.3,2.49,1.66,0.91,0,ROUTINE
TMS-ECR-02281,LTT-NED,ECR,5.9,18.6,26,4,75.7,6.61,0.54,0.87,0,ROUTINE
TMS-NFR-02282,ED-CBE,NFR,30.9,28.9,100,5,44.9,11.5,0.14,4.43,1,URGENT
TMS-NFR-02283,LDH-ASR,NFR,16.9,17.5,5,2,75.6,4.01,1.05,2.18,0,ROUTINE
TMS-ER-02284,HWH-BWN,ER,26.9,22.0,20,5,40.7,8.5,1.0,2.79,0,ROUTINE
TMS-NFR-02285,AZ-MGS,NFR,16.1,32.8,38,3,51.5,5.29,0.52,2.32,0,ROUTINE
TMS-SCR-02286,BPL-NGP,SCR,24.6,34.9,8,1,54.9,9.61,1.24,2.88,1,URGENT
TMS-SECR-02287,BZA-MAS,SECR,8.7,18.0,45,0,81.0,6.48,1.41,2.91,0,ROUTINE
TMS-SECR-02288,LTT-NED,SECR,10.5,20.0,5,1,77.9,3.3,3.84,1.66,0,ROUTINE
TMS-CR-02289,ADI-BRC,CR,18.1,23.1,20,0,52.0,5.35,2.23,2.2,0,ROUTINE
TMS-NCR-02290,CBE-TVC,NCR,8.2,38.0,39,0,72.0,5.23,2.48,1.26,1,URGENT
TMS-NFR-02291,KZJ-BZA,NFR,31.6,14.3,10,4,45.9,12.09,0.31,3.33,0,ROUTINE
TMS-ECR-02292,HWH-BWN,ECR,13.6,25.6,5,3,74.1,5.01,0.92,1.54,0,ROUTINE
TMS-WCR-02293,LDH-ASR,WCR,26.5,22.7,110,2,54.2,6.38,0.35,3.36,0,ROUTINE
TMS-NFR-02294,LTT-NED,NFR,9.5,15.5,85,0,76.5,4.6,0.31,1.1,0,ROUTINE
TMS-SER-02295,LDH-ASR,SER,20.1,36.4,91,4,46.3,6.27,1.06,3.83,1,URGENT
TMS-CR-02296,UMB-LDH,CR,12.3,33.0,134,6,71.2,6.45,0.49,1.92,1,URGENT
TMS-SCR-02297,SC-KZJ,SCR,9.9,41.1,7,2,68.3,6.0,0.36,2.37,0,ROUTINE
TMS-SCR-02298,AWB-SC,SCR,29.0,35.6,6,4,25.9,9.83,1.94,4.24,1,URGENT
TMS-WCR-02299,ASR-JUC,WCR,5.9,22.3,5,1,73.2,4.4,0.05,1.82,0,ROUTINE
TMS-NWR-02300,AGC-JHS,NWR,25.8,28.4,77,0,54.0,6.53,2.09,3.43,1,URGENT
TMS-SECR-02301,JHS-BPL,SECR,20.3,25.3,48,6,42.4,10.61,3.43,2.87,1,URGENT
TMS-SCR-02302,JUC-ADI,SCR,6.2,15.4,35,3,75.6,3.35,1.83,0.96,0,ROUTINE
TMS-SECR-02303,LDH-ASR,SECR,20.1,13.2,91,6,71.8,6.8,0.32,1.64,1,URGENT
TMS-NWR-02304,BCT-RTM,NWR,12.1,25.7,29,2,61.7,5.39,2.0,1.96,0,ROUTINE
TMS-NR-02305,NDLS-UMB,NR,10.0,23.1,5,1,60.1,7.36,1.05,1.58,0,ROUTINE
TMS-SR-02306,CSTM-KYN,SR,11.5,19.4,6,12,67.1,4.1,1.52,1.92,1,CRITICAL
TMS-ECoR-02307,CBE-TVC,ECoR,7.1,21.4,5,4,73.0,4.81,0.75,1.71,0,ROUTINE
TMS-WR-02308,JUC-ADI,WR,3.0,45.1,12,0,68.5,4.22,0.32,1.96,0,ROUTINE
TMS-SCR-02309,ALD-CNB,SCR,34.8,9.3,16,0,40.4,6.13,0.03,3.54,0,ROUTINE
TMS-NCR-02310,ED-CBE,NCR,16.2,28.7,55,1,64.6,8.44,2.03,2.5,0,ROUTINE
TMS-SER-02311,CSTM-KYN,SER,36.1,31.1,7,2,41.1,11.31,0.83,4.31,1,URGENT
TMS-NER-02312,MGS-ALD,NER,8.0,32.7,45,0,62.2,4.71,0.42,1.93,0,ROUTINE
TMS-NR-02313,JHS-BPL,NR,13.3,12.8,23,0,65.4,5.27,1.46,1.86,0,ROUTINE
TMS-SCR-02314,LDH-ASR,SCR,6.2,19.7,180,4,87.9,6.04,2.36,1.22,0,ROUTINE
TMS-SECR-02315,NGP-BZA,SECR,19.6,19.4,52,5,73.5,4.8,1.13,2.07,0,ROUTINE
TMS-SR-02316,JHS-BPL,SR,14.7,24.9,121,2,54.1,12.56,2.15,2.47,1,URGENT
TMS-NWR-02317,JUC-ADI,NWR,11.0,14.1,14,1,77.7,7.12,0.62,1.34,0,ROUTINE
TMS-ECR-02318,ADI-BRC,ECR,5.8,25.8,5,1,82.6,5.28,1.59,1.62,0,ROUTINE
TMS-WR-02319,HWH-BWN,WR,15.8,15.6,24,4,67.6,5.19,1.44,2.07,0,ROUTINE
TMS-NER-02320,BWN-AZ,NER,27.6,19.7,5,2,35.4,10.22,0.29,2.26,0,ROUTINE
TMS-SR-02321,KZJ-BZA,SR,18.3,38.0,23,6,66.2,8.47,2.01,2.77,1,URGENT
TMS-SR-02322,JHS-BPL,SR,27.0,31.1,11,3,24.4,8.3,2.14,2.8,1,URGENT
TMS-WCR-02323,LTT-NED,WCR,31.6,23.3,23,1,22.9,11.05,1.6,3.57,1,URGENT
TMS-SCR-02324,CBE-TVC,SCR,15.2,12.7,104,0,73.4,3.77,0.72,1.1,0,ROUTINE
TMS-NR-02325,CNB-NDLS,NR,10.3,25.4,11,4,68.9,4.14,1.19,1.18,1,URGENT
TMS-SWR-02326,LTT-NED,SWR,20.2,26.0,175,1,63.2,10.43,0.87,2.92,1,URGENT
TMS-NER-02327,JUC-ADI,NER,19.9,9.6,9,7,51.8,3.89,0.0,2.48,1,URGENT
TMS-WR-02328,KZJ-BZA,WR,17.6,25.5,8,0,62.5,4.77,0.02,1.98,0,ROUTINE
TMS-ER-02329,AGC-JHS,ER,21.3,14.4,27,6,75.6,7.49,0.33,2.23,1,URGENT
TMS-ECoR-02330,UMB-LDH,ECoR,10.5,12.3,64,3,72.8,3.63,3.66,0.91,0,ROUTINE
TMS-ER-02331,AZ-MGS,ER,10.1,14.2,48,0,83.5,7.61,1.5,1.03,0,ROUTINE
TMS-SWR-02332,ALD-CNB,SWR,24.9,9.4,44,1,62.8,5.2,0.74,1.55,0,ROUTINE
TMS-SECR-02333,LTT-NED,SECR,12.0,18.9,11,0,70.6,3.99,1.4,1.87,0,ROUTINE
TMS-SECR-02334,UMB-LDH,SECR,18.7,14.8,5,1,78.2,10.29,0.1,1.96,0,ROUTINE
TMS-SER-02335,BPL-NGP,SER,15.6,35.0,6,0,59.3,6.75,0.17,2.47,0,ROUTINE
TMS-NER-02336,UMB-LDH,NER,13.7,19.2,15,7,65.4,5.49,0.13,2.19,0,ROUTINE
TMS-ER-02337,HWH-BWN,ER,20.7,16.6,124,10,61.2,9.0,2.55,2.92,1,URGENT
TMS-WCR-02338,UMB-LDH,WCR,18.0,11.7,88,6,48.2,4.59,12.0,1.28,1,URGENT
TMS-SECR-02339,HWH-BWN,SECR,12.4,18.7,7,1,56.8,3.93,0.38,2.09,0,ROUTINE
TMS-SWR-02340,NDLS-AGC,SWR,24.4,38.1,45,3,43.8,8.4,0.99,3.34,1,URGENT
TMS-SCR-02341,NDLS-UMB,SCR,15.4,41.2,30,2,60.6,6.66,0.21,2.61,0,ROUTINE
TMS-CR-02342,ASR-JUC,CR,18.8,19.2,5,3,53.3,4.71,3.2,2.85,0,ROUTINE
TMS-NWR-02343,AGC-JHS,NWR,7.7,21.6,16,4,62.9,3.14,0.25,1.21,0,ROUTINE
TMS-CR-02344,BCT-RTM,CR,7.4,29.4,23,0,69.1,6.05,1.12,1.73,0,ROUTINE
TMS-NFR-02345,JHS-BPL,NFR,6.0,14.7,38,6,82.1,2.15,1.31,1.05,1,URGENT
TMS-WR-02346,JUC-ADI,WR,14.5,25.7,12,6,80.9,5.73,0.98,2.45,1,URGENT
TMS-ER-02347,CNB-NDLS,ER,7.9,57.2,95,6,63.2,6.56,0.09,2.71,1,URGENT
TMS-SER-02348,ASR-JUC,SER,14.0,30.1,21,1,68.9,4.84,1.73,2.09,0,ROUTINE
TMS-WCR-02349,ALD-CNB,WCR,29.1,29.8,10,9,54.6,11.18,3.25,4.53,1,URGENT
TMS-NFR-02350,BWN-AZ,NFR,9.1,38.0,13,7,83.2,7.1,0.14,2.09,1,URGENT
TMS-SECR-02351,ALD-CNB,SECR,15.7,31.9,48,5,67.4,7.87,1.95,1.37,0,ROUTINE
TMS-ECR-02352,NDLS-UMB,ECR,14.7,20.1,35,0,74.9,4.96,2.58,1.59,0,ROUTINE
TMS-WCR-02353,CNB-NDLS,WCR,5.6,13.8,47,0,78.9,4.03,0.27,1.05,0,ROUTINE
TMS-NCR-02354,BCT-RTM,NCR,8.8,21.0,12,7,73.9,3.19,7.7,1.7,1,URGENT
TMS-ECR-02355,ST-BCT,ECR,6.5,15.1,13,6,77.0,2.48,0.53,1.96,1,URGENT
TMS-SWR-02356,NDLS-AGC,SWR,13.3,19.8,17,1,75.8,4.36,0.56,1.45,0,ROUTINE
TMS-NER-02357,ALD-CNB,NER,36.2,15.7,7,3,41.9,7.91,1.26,3.25,0,ROUTINE
TMS-SR-02358,BZA-MAS,SR,10.1,19.0,41,3,85.5,3.23,2.56,2.18,0,ROUTINE
TMS-NWR-02359,ST-BCT,NWR,11.5,12.3,13,9,84.4,4.37,0.92,2.51,1,URGENT
TMS-WCR-02360,KZJ-BZA,WCR,7.4,16.8,13,0,77.4,3.0,1.18,1.07,0,ROUTINE
TMS-ER-02361,JUC-ADI,ER,12.8,26.1,10,7,71.3,6.99,1.44,1.52,1,URGENT
TMS-WR-02362,JUC-ADI,WR,36.1,28.9,21,2,46.5,7.73,2.36,4.27,1,URGENT
TMS-SER-02363,SC-KZJ,SER,18.1,26.5,51,1,58.6,8.86,1.56,1.65,0,ROUTINE
TMS-SER-02364,ALD-CNB,SER,12.4,19.1,63,0,72.7,6.03,0.28,1.75,0,ROUTINE
TMS-WR-02365,KZJ-BZA,WR,32.4,23.3,57,3,37.8,8.3,1.37,3.52,0,ROUTINE
TMS-SWR-02366,SC-KZJ,SWR,25.5,48.3,33,0,39.2,10.36,0.36,4.41,1,URGENT
TMS-NR-02367,ASR-JUC,NR,8.1,16.6,11,3,81.8,3.45,0.86,0.77,0,ROUTINE
TMS-SECR-02368,CNB-NDLS,SECR,10.9,42.2,46,2,70.4,5.37,3.01,2.37,0,ROUTINE
TMS-NCR-02369,LDH-ASR,NCR,6.3,12.5,5,2,79.9,1.96,0.2,1.65,0,ROUTINE
TMS-ECoR-02370,ASR-JUC,ECoR,17.2,11.2,56,8,70.7,5.07,0.67,1.59,1,URGENT
TMS-ECoR-02371,JUC-ADI,ECoR,19.3,20.9,53,1,50.8,5.26,1.24,2.2,1,URGENT
TMS-WCR-02372,NGP-BZA,WCR,13.0,21.9,38,3,60.3,4.18,3.07,1.57,0,ROUTINE
TMS-ECoR-02373,BZA-MAS,ECoR,21.1,14.1,5,1,69.2,8.33,2.26,1.7,0,ROUTINE
TMS-ER-02374,BWN-AZ,ER,17.2,19.5,180,4,53.0,6.72,0.83,2.45,0,ROUTINE
TMS-ECoR-02375,KYN-IGP,ECoR,27.0,26.1,49,1,50.7,15.38,1.04,2.78,1,URGENT
TMS-SCR-02376,HWH-BWN,SCR,18.0,15.0,46,2,58.6,6.07,2.81,1.15,0,ROUTINE
TMS-WCR-02377,LTT-NED,WCR,13.0,33.3,5,6,53.6,9.13,3.14,1.92,1,URGENT
TMS-CR-02378,KZJ-BZA,CR,14.7,34.8,17,4,64.1,5.24,1.13,1.98,0,ROUTINE
TMS-SER-02379,UMB-LDH,SER,14.2,36.5,5,3,79.1,7.62,0.33,3.73,0,ROUTINE
TMS-NCR-02380,BPL-NGP,NCR,12.4,15.4,15,2,77.4,3.27,1.03,1.57,0,ROUTINE
TMS-CR-02381,ADI-BRC,CR,14.5,16.3,29,12,66.8,3.68,3.92,2.18,1,CRITICAL
TMS-SR-02382,AZ-MGS,SR,10.0,20.7,73,0,69.4,7.06,1.41,1.16,0,ROUTINE
TMS-NCR-02383,CNB-NDLS,NCR,5.3,19.9,11,0,75.0,3.28,2.23,1.35,0,ROUTINE
TMS-CR-02384,BRC-ST,CR,9.4,19.5,34,0,74.4,3.73,0.03,1.58,0,ROUTINE
TMS-NCR-02385,JHS-BPL,NCR,18.2,30.0,6,3,64.7,5.54,1.51,1.53,0,ROUTINE
TMS-SR-02386,NDLS-UMB,SR,16.2,28.4,15,2,62.5,6.03,1.37,2.05,0,ROUTINE
TMS-NFR-02387,ED-CBE,NFR,12.6,15.6,102,0,71.8,3.59,0.96,0.95,1,URGENT
TMS-SCR-02388,UMB-LDH,SCR,7.3,14.1,48,2,68.8,3.77,1.7,0.45,0,ROUTINE
TMS-ER-02389,JHS-BPL,ER,4.6,13.5,27,6,76.0,3.93,2.99,0.83,1,URGENT
TMS-ER-02390,ED-CBE,ER,16.7,15.6,10,1,58.7,5.88,3.97,1.7,0,ROUTINE
TMS-SWR-02391,AZ-MGS,SWR,17.5,31.1,16,0,55.3,6.02,0.45,2.96,0,ROUTINE
TMS-WCR-02392,CSTM-KYN,WCR,14.4,23.5,5,5,65.9,6.48,1.05,1.49,0,ROUTINE
TMS-WR-02393,ASR-JUC,WR,20.5,32.1,15,1,66.7,6.26,0.54,3.06,1,URGENT
TMS-SECR-02394,ALD-CNB,SECR,12.4,11.2,5,8,77.6,6.05,0.81,1.84,0,ROUTINE
TMS-SER-02395,BWN-AZ,SER,16.0,24.8,55,2,60.4,4.38,1.04,1.53,0,ROUTINE
TMS-ECoR-02396,ED-CBE,ECoR,6.7,24.6,5,6,84.3,9.77,2.31,1.37,1,URGENT
TMS-SCR-02397,UMB-LDH,SCR,19.1,35.9,7,0,61.1,6.87,3.72,3.56,0,ROUTINE
TMS-ECR-02398,KYN-IGP,ECR,21.8,18.8,41,8,58.9,5.59,1.33,2.58,1,URGENT
TMS-ECoR-02399,ST-BCT,ECoR,10.5,18.3,81,2,73.7,5.0,7.3,0.93,1,URGENT
TMS-SECR-02400,NGP-BZA,SECR,31.6,40.6,116,3,43.6,12.21,1.26,3.5,1,URGENT
TMS-SER-02401,JUC-ADI,SER,13.6,20.7,63,2,71.0,4.57,2.46,1.89,0,ROUTINE
TMS-NER-02402,AWB-SC,NER,9.9,23.8,8,1,63.5,3.53,0.22,2.05,0,ROUTINE
TMS-SECR-02403,CNB-NDLS,SECR,12.3,26.9,11,2,65.3,4.87,0.01,2.37,0,ROUTINE
TMS-SCR-02404,UMB-LDH,SCR,16.0,11.4,71,4,73.4,3.32,0.04,1.93,0,ROUTINE
TMS-CR-02405,NGP-BZA,CR,32.7,22.6,77,2,36.5,7.12,3.34,3.36,0,ROUTINE
TMS-NCR-02406,LDH-ASR,NCR,10.9,13.5,35,1,81.3,2.82,0.12,1.15,0,ROUTINE
TMS-WR-02407,ADI-BRC,WR,13.2,21.4,13,0,57.7,4.67,1.42,0.96,0,ROUTINE
TMS-WR-02408,AWB-SC,WR,15.0,19.7,8,4,74.6,3.95,1.29,2.0,0,ROUTINE
TMS-WCR-02409,BZA-MAS,WCR,6.6,18.1,66,1,77.9,10.7,2.28,1.17,1,URGENT
TMS-ECR-02410,ST-BCT,ECR,10.8,28.5,8,5,65.0,6.95,0.56,1.95,0,ROUTINE
TMS-SCR-02411,NGP-BZA,SCR,12.3,23.1,37,3,76.6,4.78,0.65,2.57,0,ROUTINE
TMS-SR-02412,CBE-TVC,SR,11.5,14.5,120,4,75.1,6.01,0.65,1.33,0,ROUTINE
TMS-NER-02413,ADI-BRC,NER,10.6,14.3,42,2,72.3,3.81,0.28,1.3,0,ROUTINE
TMS-SR-02414,HWH-BWN,SR,17.9,31.1,10,4,56.4,7.26,0.35,2.06,0,ROUTINE
TMS-ER-02415,AGC-JHS,ER,13.3,21.9,11,6,67.9,7.19,0.33,2.18,1,URGENT
TMS-SWR-02416,NDLS-AGC,SWR,10.6,12.6,5,1,73.7,4.9,0.24,1.12,0,ROUTINE
TMS-ER-02417,ED-CBE,ER,11.4,18.8,40,5,76.1,3.39,2.21,2.96,0,ROUTINE
TMS-SECR-02418,BRC-ST,SECR,16.8,20.8,25,0,63.8,4.27,1.41,2.55,0,ROUTINE
TMS-ECoR-02419,MGS-ALD,ECoR,10.6,13.6,8,3,83.9,4.37,1.26,2.49,0,ROUTINE
TMS-CR-02420,BCT-RTM,CR,18.0,17.2,9,5,51.4,4.51,1.69,1.93,0,ROUTINE
TMS-ECR-02421,KYN-IGP,ECR,18.3,32.0,5,0,57.0,13.59,0.63,2.53,0,ROUTINE
TMS-SECR-02422,BRC-ST,SECR,13.6,60.0,134,2,60.3,6.87,1.96,3.93,0,ROUTINE
TMS-NWR-02423,LTT-NED,NWR,13.6,25.1,61,1,62.8,6.81,0.48,2.26,0,ROUTINE
TMS-NER-02424,LTT-NED,NER,17.7,12.9,17,1,65.3,3.77,2.55,2.4,1,URGENT
TMS-WR-02425,MAS-ED,WR,20.6,20.3,102,2,69.8,6.6,1.43,2.66,0,ROUTINE
TMS-NER-02426,JUC-ADI,NER,11.4,23.3,39,4,52.6,4.66,2.59,1.74,0,ROUTINE
TMS-SECR-02427,AWB-SC,SECR,17.8,30.4,48,4,70.7,7.11,0.08,2.7,0,ROUTINE
TMS-SECR-02428,ADI-BRC,SECR,14.8,30.7,39,4,66.7,7.55,2.78,2.1,0,ROUTINE
TMS-SCR-02429,ED-CBE,SCR,8.0,38.3,49,3,68.9,4.33,0.16,1.36,0,ROUTINE
TMS-ECoR-02430,ST-BCT,ECoR,17.2,22.2,6,3,70.7,5.83,1.66,2.46,0,ROUTINE
TMS-WCR-02431,ST-BCT,WCR,29.4,22.4,28,2,42.4,11.91,0.39,3.8,0,ROUTINE
TMS-ER-02432,NDLS-UMB,ER,14.0,10.4,66,4,65.3,3.42,0.07,1.36,0,ROUTINE
TMS-WR-02433,BRC-ST,WR,30.3,14.8,5,5,44.4,5.89,0.45,2.79,0,ROUTINE
TMS-SWR-02434,JUC-ADI,SWR,5.9,12.9,5,0,81.7,4.86,0.77,1.02,0,ROUTINE
TMS-ECoR-02435,BCT-RTM,ECoR,16.5,15.9,9,0,63.8,6.45,0.23,2.01,0,ROUTINE
TMS-NCR-02436,CBE-TVC,NCR,10.4,14.0,12,3,79.5,3.67,0.16,1.93,0,ROUTINE
TMS-SCR-02437,MAS-ED,SCR,15.1,14.4,7,8,70.7,6.96,7.61,2.1,1,URGENT
TMS-SCR-02438,JUC-ADI,SCR,6.8,34.3,34,1,74.4,5.33,0.12,1.47,0,ROUTINE
TMS-ECR-02439,CNB-NDLS,ECR,25.5,10.3,12,1,68.1,5.94,0.32,1.77,0,ROUTINE
TMS-CR-02440,LDH-ASR,CR,8.6,20.5,6,3,74.6,6.38,0.44,1.58,0,ROUTINE
TMS-SWR-02441,KZJ-BZA,SWR,10.4,31.4,82,4,80.0,4.28,0.57,2.73,0,ROUTINE
TMS-SER-02442,AGC-JHS,SER,14.7,19.7,41,5,78.3,4.29,0.21,2.65,1,URGENT
TMS-NFR-02443,UMB-LDH,NFR,9.1,37.7,9,2,51.0,5.56,2.75,1.27,0,ROUTINE
TMS-SER-02444,ALD-CNB,SER,8.9,17.5,15,1,68.4,2.91,3.88,1.67,0,ROUTINE
TMS-SECR-02445,ASR-JUC,SECR,14.7,44.7,47,0,45.6,16.76,1.19,2.99,0,ROUTINE
TMS-NR-02446,LTT-NED,NR,15.1,11.9,54,2,84.1,3.97,1.26,0.73,0,ROUTINE
TMS-WR-02447,NDLS-AGC,WR,12.3,37.8,6,5,62.3,10.77,7.62,2.87,0,ROUTINE
TMS-WCR-02448,UMB-LDH,WCR,19.3,15.5,96,0,59.9,5.42,3.23,2.94,0,ROUTINE
TMS-NR-02449,NDLS-UMB,NR,13.1,39.6,53,8,50.3,10.3,0.78,2.95,1,URGENT
TMS-SCR-02450,ED-CBE,SCR,7.2,18.4,68,1,88.2,3.71,2.13,2.15,0,ROUTINE
TMS-ECoR-02451,NGP-BZA,ECoR,4.1,34.5,5,3,73.6,6.75,0.46,1.93,0,ROUTINE
TMS-NCR-02452,KZJ-BZA,NCR,13.2,36.9,5,1,44.9,7.71,0.08,2.42,0,ROUTINE
TMS-ECR-02453,NDLS-AGC,ECR,6.9,17.6,12,0,94.4,8.31,0.03,1.46,0,ROUTINE
TMS-NWR-02454,NDLS-AGC,NWR,20.1,33.4,5,0,52.9,7.72,1.16,2.48,1,URGENT
TMS-NR-02455,ASR-JUC,NR,2.0,22.0,5,10,95.7,2.58,1.04,0.68,1,URGENT
TMS-ECR-02456,CSTM-KYN,ECR,17.8,12.4,5,1,67.1,5.22,0.25,2.05,0,ROUTINE
TMS-SCR-02457,NDLS-UMB,SCR,8.0,27.2,43,5,70.3,3.69,2.88,1.62,0,ROUTINE
TMS-CR-02458,CSTM-KYN,CR,19.7,14.8,5,4,62.9,4.95,1.31,3.1,0,ROUTINE
TMS-SR-02459,CNB-NDLS,SR,7.8,17.1,5,0,83.2,5.65,0.72,1.2,0,ROUTINE
TMS-SER-02460,KZJ-BZA,SER,32.8,15.5,100,1,37.3,6.19,1.06,3.24,0,ROUTINE
TMS-NCR-02461,BWN-AZ,NCR,32.1,25.8,5,3,24.4,8.82,0.15,3.72,1,URGENT
TMS-WR-02462,NDLS-UMB,WR,24.1,15.0,26,0,38.3,7.18,3.45,2.95,0,ROUTINE
TMS-ER-02463,BZA-MAS,ER,17.7,13.6,36,7,67.1,8.34,0.51,1.17,1,URGENT
TMS-SECR-02464,JHS-BPL,SECR,4.5,14.6,111,9,88.9,4.67,0.29,1.69,1,URGENT
TMS-ECR-02465,AWB-SC,ECR,6.8,16.7,80,3,80.1,3.39,0.83,1.64,0,ROUTINE
TMS-WCR-02466,HWH-BWN,WCR,9.5,27.1,20,0,64.3,6.49,0.5,2.1,0,ROUTINE
TMS-CR-02467,ED-CBE,CR,8.1,31.9,99,7,67.7,5.73,0.55,3.46,1,URGENT
TMS-NWR-02468,BCT-RTM,NWR,18.0,31.8,19,1,57.7,7.01,2.61,2.54,0,ROUTINE
TMS-NFR-02469,KZJ-BZA,NFR,9.1,21.9,38,6,77.9,3.27,1.19,1.31,1,URGENT
TMS-SER-02470,BWN-AZ,SER,17.8,21.7,10,8,61.7,5.96,4.03,1.71,1,URGENT
TMS-ER-02471,BWN-AZ,ER,19.0,20.6,35,2,55.7,8.53,4.5,3.38,0,ROUTINE
TMS-WR-02472,NDLS-UMB,WR,24.4,26.5,27,5,60.9,6.93,7.16,2.81,0,ROUTINE
TMS-SER-02473,JUC-ADI,SER,28.3,34.7,32,1,33.0,9.46,0.21,4.83,1,URGENT
TMS-WCR-02474,AWB-SC,WCR,16.5,20.9,40,3,57.0,8.83,3.41,2.46,0,ROUTINE
TMS-SCR-02475,BWN-AZ,SCR,28.0,27.5,6,4,41.4,7.93,0.52,3.51,1,URGENT
TMS-NFR-02476,BZA-MAS,NFR,11.1,13.5,12,0,86.0,2.93,1.49,1.59,0,ROUTINE
TMS-SER-02477,BWN-AZ,SER,15.5,31.2,46,2,66.5,4.93,3.15,1.95,0,ROUTINE
TMS-SWR-02478,HWH-BWN,SWR,28.5,24.2,6,1,44.7,9.41,0.15,3.53,0,ROUTINE
TMS-NWR-02479,SC-KZJ,NWR,17.9,14.7,14,3,57.4,3.93,0.25,2.22,0,ROUTINE
TMS-CR-02480,AWB-SC,CR,9.3,34.0,38,8,62.0,17.77,1.98,2.81,1,URGENT
TMS-SECR-02481,BZA-MAS,SECR,14.2,13.5,97,6,69.7,3.48,0.64,2.01,1,URGENT
TMS-NR-02482,JHS-BPL,NR,33.9,8.9,5,2,41.2,8.78,1.6,3.11,0,ROUTINE
TMS-NFR-02483,SC-KZJ,NFR,4.9,31.1,25,2,73.2,7.27,0.18,1.33,0,ROUTINE
TMS-WR-02484,SC-KZJ,WR,11.7,25.9,5,3,80.7,4.56,5.38,2.24,0,ROUTINE
TMS-SCR-02485,KZJ-BZA,SCR,45.0,13.7,16,5,50.3,9.41,1.04,4.12,0,ROUTINE
TMS-SWR-02486,ED-CBE,SWR,19.3,25.6,6,4,52.1,11.03,3.07,2.77,0,ROUTINE
TMS-ER-02487,ST-BCT,ER,17.4,35.4,36,3,61.5,11.65,1.69,2.64,0,ROUTINE
TMS-ECoR-02488,KZJ-BZA,ECoR,9.6,24.6,49,2,80.6,8.73,4.55,1.74,0,ROUTINE
TMS-NER-02489,NDLS-UMB,NER,10.7,58.9,9,8,50.3,6.96,1.27,2.59,1,URGENT
TMS-ECR-02490,ST-BCT,ECR,10.6,15.8,43,9,69.9,2.98,0.55,1.08,1,URGENT
TMS-SECR-02491,ADI-BRC,SECR,13.1,9.1,20,2,68.4,2.91,1.43,0.57,0,ROUTINE
TMS-WCR-02492,AWB-SC,WCR,22.3,12.6,11,3,64.7,4.66,8.66,2.1,1,URGENT
TMS-SER-02493,BWN-AZ,SER,22.5,8.9,25,11,66.3,6.31,2.53,1.58,1,CRITICAL
TMS-NR-02494,CNB-NDLS,NR,18.6,52.2,16,3,54.8,10.21,0.91,3.49,0,ROUTINE
TMS-NFR-02495,LDH-ASR,NFR,13.9,22.2,9,1,85.1,3.96,2.54,2.07,1,URGENT
TMS-SER-02496,JHS-BPL,SER,3.7,48.2,49,2,74.7,8.83,1.82,2.41,0,ROUTINE
TMS-SR-02497,BRC-ST,SR,26.5,19.3,55,0,51.5,8.27,4.19,1.93,0,ROUTINE
TMS-ECR-02498,BZA-MAS,ECR,20.9,15.5,56,2,53.5,5.89,0.68,1.9,0,ROUTINE
TMS-ECoR-02499,NGP-BZA,ECoR,26.7,11.1,16,4,60.6,14.1,0.06,2.8,0,ROUTINE
TMS-SWR-02500,NDLS-UMB,SWR,9.7,18.9,6,4,52.6,3.58,0.14,1.72,0,ROUTINE
TMS-WR-02501,JUC-ADI,WR,10.9,31.1,64,3,64.9,4.61,2.19,2.32,0,ROUTINE
TMS-NWR-02502,BWN-AZ,NWR,45.0,20.3,13,6,5.8,9.19,1.76,4.95,1,URGENT
TMS-SWR-02503,UMB-LDH,SWR,5.3,11.7,48,1,83.6,3.23,1.98,0.37,1,URGENT
TMS-SWR-02504,ASR-JUC,SWR,19.7,28.8,59,4,62.5,6.24,1.65,2.25,0,ROUTINE
TMS-NER-02505,AGC-JHS,NER,24.5,31.0,51,4,61.7,9.69,0.92,2.93,1,URGENT
TMS-CR-02506,JUC-ADI,CR,4.4,18.0,17,9,65.4,6.6,0.11,0.87,1,URGENT
TMS-SWR-02507,KZJ-BZA,SWR,14.3,17.1,97,2,79.9,10.32,2.71,2.35,1,URGENT
TMS-SER-02508,NGP-BZA,SER,12.7,11.2,37,2,73.1,6.21,0.3,1.31,0,ROUTINE
TMS-ECoR-02509,JUC-ADI,ECoR,6.9,28.5,30,0,75.2,5.19,6.89,1.92,1,URGENT
TMS-ECoR-02510,ALD-CNB,ECoR,20.5,18.5,41,1,66.9,6.46,0.34,1.92,0,ROUTINE
TMS-NWR-02511,BZA-MAS,NWR,6.4,7.6,5,1,85.5,1.98,0.13,1.29,0,ROUTINE
TMS-NCR-02512,BZA-MAS,NCR,16.5,12.3,17,0,63.1,4.07,0.71,1.32,0,ROUTINE
TMS-WCR-02513,ADI-BRC,WCR,10.2,27.8,74,2,66.2,15.55,0.59,1.62,1,URGENT
TMS-NWR-02514,AZ-MGS,NWR,2.5,19.4,6,7,79.8,2.53,5.63,0.73,1,URGENT
TMS-SER-02515,AZ-MGS,SER,10.7,14.1,18,3,78.0,3.99,0.75,2.14,0,ROUTINE
TMS-WR-02516,BPL-NGP,WR,10.5,22.7,18,2,83.0,4.36,0.07,2.27,0,ROUTINE
TMS-NCR-02517,BWN-AZ,NCR,20.5,15.9,15,1,68.2,6.68,6.52,2.3,1,URGENT
TMS-NCR-02518,ASR-JUC,NCR,20.7,17.2,28,5,61.1,5.3,2.32,1.67,0,ROUTINE
TMS-NR-02519,SC-KZJ,NR,5.2,19.9,180,1,77.0,4.67,9.28,1.39,1,URGENT
TMS-NR-02520,SC-KZJ,NR,15.7,43.6,10,3,57.1,12.32,0.57,3.37,0,ROUTINE
TMS-ER-02521,AWB-SC,ER,10.4,43.5,42,3,77.1,5.62,0.19,3.16,0,ROUTINE
TMS-NFR-02522,MAS-ED,NFR,15.5,10.1,49,5,64.3,4.06,0.76,2.11,0,ROUTINE
TMS-NFR-02523,LTT-NED,NFR,14.3,21.6,30,5,73.8,4.71,0.23,1.43,0,ROUTINE
TMS-SCR-02524,UMB-LDH,SCR,11.3,12.4,5,1,80.3,3.4,0.24,1.11,0,ROUTINE
TMS-WCR-02525,KZJ-BZA,WCR,24.3,14.5,29,2,50.5,5.44,3.49,2.92,0,ROUTINE
TMS-SECR-02526,MGS-ALD,SECR,6.9,10.6,107,2,86.3,3.87,7.65,1.28,1,URGENT
TMS-CR-02527,KYN-IGP,CR,9.3,15.7,14,5,74.9,4.24,7.78,1.44,1,URGENT
TMS-NFR-02528,KZJ-BZA,NFR,25.7,13.8,35,9,47.6,6.38,0.87,2.7,1,URGENT
TMS-NR-02529,LTT-NED,NR,12.3,33.5,112,7,57.0,7.75,0.41,2.1,1,URGENT
TMS-ER-02530,JHS-BPL,ER,18.4,15.9,55,1,58.7,4.35,0.28,1.06,0,ROUTINE
TMS-SWR-02531,BWN-AZ,SWR,16.9,10.2,40,3,60.2,3.72,0.72,1.86,0,ROUTINE
TMS-WCR-02532,JHS-BPL,WCR,16.8,22.2,124,5,79.3,5.74,1.37,2.98,0,ROUTINE
TMS-ER-02533,MGS-ALD,ER,11.3,20.7,6,3,65.1,4.22,2.04,2.07,0,ROUTINE
TMS-SWR-02534,ALD-CNB,SWR,7.5,20.0,51,2,91.2,3.11,1.09,1.44,0,ROUTINE
TMS-WR-02535,BPL-NGP,WR,12.5,28.3,18,0,70.2,6.49,2.77,1.83,0,ROUTINE
TMS-WR-02536,JHS-BPL,WR,25.4,36.3,15,1,30.0,8.08,3.78,3.88,1,URGENT
TMS-NCR-02537,JUC-ADI,NCR,8.1,19.9,25,14,71.3,3.26,3.25,1.15,1,CRITICAL
TMS-WCR-02538,HWH-BWN,WCR,4.8,24.7,5,0,83.2,3.31,0.69,2.62,0,ROUTINE
TMS-SCR-02539,LTT-NED,SCR,19.3,20.1,13,0,55.6,7.07,4.51,2.54,0,ROUTINE
TMS-SECR-02540,ED-CBE,SECR,5.6,27.2,6,1,79.5,3.81,3.85,1.44,0,ROUTINE
TMS-NWR-02541,LDH-ASR,NWR,18.4,12.3,5,1,51.3,4.2,0.8,2.53,0,ROUTINE
TMS-CR-02542,ST-BCT,CR,8.7,28.4,14,0,73.2,10.32,0.82,2.08,0,ROUTINE
TMS-SER-02543,ST-BCT,SER,19.2,24.9,56,3,57.8,5.06,0.12,1.86,0,ROUTINE
TMS-NCR-02544,BWN-AZ,NCR,21.8,15.1,7,2,75.0,4.8,4.15,2.26,0,ROUTINE
TMS-NWR-02545,MAS-ED,NWR,21.9,53.7,26,1,34.9,10.11,0.14,4.05,1,URGENT
TMS-NFR-02546,KYN-IGP,NFR,21.5,12.9,48,8,67.0,5.37,1.01,2.44,1,URGENT
TMS-SCR-02547,AZ-MGS,SCR,16.0,25.3,9,2,73.8,7.22,1.92,1.91,0,ROUTINE
TMS-NCR-02548,NDLS-AGC,NCR,16.6,15.1,90,0,76.2,5.31,3.18,2.27,0,ROUTINE
TMS-ECR-02549,JHS-BPL,ECR,5.9,28.0,70,2,86.3,3.21,1.27,0.59,1,URGENT
TMS-NFR-02550,BPL-NGP,NFR,13.2,49.4,10,4,54.9,8.24,1.72,3.15,0,ROUTINE
TMS-NWR-02551,AWB-SC,NWR,12.4,30.3,159,2,69.7,7.56,1.86,2.54,0,ROUTINE
TMS-CR-02552,BZA-MAS,CR,25.1,21.2,38,0,47.0,7.07,0.02,4.01,0,ROUTINE
TMS-SER-02553,JUC-ADI,SER,13.9,32.2,11,8,67.8,5.4,4.28,2.62,0,ROUTINE
TMS-NWR-02554,SC-KZJ,NWR,10.9,17.5,39,5,66.1,3.07,0.67,1.0,0,ROUTINE
TMS-SWR-02555,NGP-BZA,SWR,16.3,27.0,38,0,55.7,9.35,0.29,2.54,0,ROUTINE
TMS-WCR-02556,HWH-BWN,WCR,13.8,23.0,32,10,84.2,6.37,0.96,1.39,1,URGENT
TMS-WR-02557,KZJ-BZA,WR,26.1,13.6,43,5,61.6,5.09,1.98,3.01,0,ROUTINE
TMS-WCR-02558,KZJ-BZA,WCR,6.4,44.0,10,0,55.9,8.15,2.63,2.62,0,ROUTINE
TMS-NCR-02559,BCT-RTM,NCR,14.3,36.5,135,0,63.2,5.17,1.91,2.22,0,ROUTINE
TMS-NCR-02560,BPL-NGP,NCR,21.4,15.8,68,0,52.1,6.96,0.77,1.61,0,ROUTINE
TMS-SER-02561,ED-CBE,SER,6.4,33.5,47,4,79.2,6.01,1.72,3.39,0,ROUTINE
TMS-ECoR-02562,ADI-BRC,ECoR,10.8,13.9,5,1,79.9,7.69,0.85,1.25,0,ROUTINE
TMS-CR-02563,HWH-BWN,CR,12.1,26.7,31,1,70.2,4.31,6.5,2.12,1,URGENT
TMS-SR-02564,BRC-ST,SR,13.9,22.6,42,5,62.7,5.57,8.47,2.18,1,URGENT
TMS-NFR-02565,HWH-BWN,NFR,4.2,43.4,67,3,83.7,5.68,0.43,2.0,0,ROUTINE
TMS-WCR-02566,BCT-RTM,WCR,21.3,25.3,102,5,50.2,5.29,0.99,2.86,1,URGENT
TMS-ER-02567,BPL-NGP,ER,21.9,12.0,86,3,63.0,6.28,1.29,2.57,0,ROUTINE
TMS-SER-02568,AWB-SC,SER,16.8,33.4,18,0,56.4,5.78,1.52,3.45,0,ROUTINE
TMS-CR-02569,JUC-ADI,CR,8.2,18.6,79,0,67.3,3.53,0.85,0.92,0,ROUTINE
TMS-ER-02570,BRC-ST,ER,9.9,18.3,5,0,73.3,3.5,1.11,1.18,0,ROUTINE
TMS-CR-02571,AWB-SC,CR,6.5,22.5,15,5,65.4,2.89,1.21,1.54,0,ROUTINE
TMS-CR-02572,AGC-JHS,CR,23.1,17.6,5,3,61.2,5.24,0.74,3.32,0,ROUTINE
TMS-NWR-02573,JHS-BPL,NWR,8.4,45.5,75,1,59.7,5.36,0.58,1.6,0,ROUTINE
TMS-SECR-02574,NDLS-UMB,SECR,8.2,30.6,92,0,69.6,5.4,1.51,2.06,0,ROUTINE
TMS-SWR-02575,ED-CBE,SWR,9.8,14.0,10,5,83.3,2.88,0.88,1.85,0,ROUTINE
TMS-CR-02576,LDH-ASR,CR,28.2,16.6,16,3,44.6,10.63,5.37,3.79,0,ROUTINE
TMS-SECR-02577,KZJ-BZA,SECR,12.7,13.1,144,1,56.9,3.48,0.71,2.16,0,ROUTINE
TMS-ECoR-02578,KYN-IGP,ECoR,9.2,32.7,29,1,72.7,6.11,0.33,1.82,0,ROUTINE
TMS-SR-02579,CBE-TVC,SR,20.8,21.6,24,5,52.5,5.19,0.83,3.07,0,ROUTINE
TMS-NCR-02580,MAS-ED,NCR,17.2,15.0,24,10,64.0,6.95,1.6,1.15,1,URGENT
TMS-NER-02581,AWB-SC,NER,1.8,41.6,41,0,80.9,3.75,0.87,2.49,0,ROUTINE
TMS-ER-02582,AGC-JHS,ER,30.1,27.2,108,0,33.3,9.37,0.5,4.06,1,URGENT
TMS-NCR-02583,ED-CBE,NCR,13.4,23.9,15,4,70.7,4.92,1.03,1.86,0,ROUTINE
TMS-NER-02584,MAS-ED,NER,24.8,23.5,6,7,51.4,6.85,0.89,3.1,1,URGENT
TMS-SR-02585,LDH-ASR,SR,22.3,12.9,7,1,59.8,5.29,4.33,2.18,0,ROUTINE
TMS-SWR-02586,LTT-NED,SWR,16.1,27.8,5,3,59.9,5.67,0.03,2.23,0,ROUTINE
TMS-SR-02587,MGS-ALD,SR,6.1,18.8,28,10,83.4,2.43,0.75,1.66,1,URGENT
TMS-ER-02588,MAS-ED,ER,13.7,31.4,92,1,68.8,4.62,0.63,2.73,0,ROUTINE
TMS-WR-02589,CSTM-KYN,WR,11.7,28.7,43,5,54.3,7.21,0.38,2.08,0,ROUTINE
TMS-ER-02590,ST-BCT,ER,32.8,21.7,173,0,46.1,7.14,1.19,3.69,0,ROUTINE
TMS-SR-02591,ASR-JUC,SR,7.3,21.1,84,1,75.7,4.65,1.43,2.57,0,ROUTINE
TMS-NER-02592,HWH-BWN,NER,30.9,43.1,23,2,18.5,10.2,0.02,4.56,1,URGENT
TMS-SER-02593,JHS-BPL,SER,7.1,13.0,23,2,81.2,4.5,1.69,0.76,0,ROUTINE
TMS-CR-02594,BCT-RTM,CR,12.6,17.6,34,1,64.1,5.12,0.72,1.81,0,ROUTINE
TMS-NFR-02595,CSTM-KYN,NFR,28.6,35.0,5,3,48.3,9.07,3.85,2.27,1,URGENT
TMS-SCR-02596,BZA-MAS,SCR,6.8,40.2,32,6,58.2,5.98,2.04,2.47,1,URGENT
TMS-SECR-02597,AZ-MGS,SECR,27.7,21.0,21,6,49.5,11.1,1.08,2.84,1,URGENT
TMS-ECR-02598,AZ-MGS,ECR,27.5,16.8,36,5,52.2,7.65,4.54,2.04,0,ROUTINE
TMS-SCR-02599,NGP-BZA,SCR,24.1,16.9,29,4,58.5,5.84,1.74,3.03,0,ROUTINE
TMS-NCR-02600,CNB-NDLS,NCR,12.8,12.5,13,4,79.8,3.8,2.48,1.77,0,ROUTINE
TMS-NWR-02601,ST-BCT,NWR,13.5,49.4,32,8,51.0,6.14,4.7,3.26,1,URGENT
TMS-NCR-02602,MAS-ED,NCR,19.7,20.9,15,2,50.7,14.23,3.32,3.1,0,ROUTINE
TMS-NWR-02603,BRC-ST,NWR,7.3,26.7,7,4,58.8,7.66,0.11,1.81,0,ROUTINE
TMS-NER-02604,AGC-JHS,NER,28.5,26.8,39,4,45.1,6.51,0.35,3.67,1,URGENT
TMS-WR-02605,KYN-IGP,WR,13.1,40.2,12,4,55.9,9.14,1.49,2.49,0,ROUTINE
TMS-WCR-02606,BCT-RTM,WCR,12.6,18.8,76,3,81.1,3.69,0.26,2.32,0,ROUTINE
TMS-NWR-02607,AWB-SC,NWR,13.2,19.3,7,5,75.5,4.07,0.94,1.6,0,ROUTINE
TMS-ER-02608,UMB-LDH,ER,13.1,30.9,32,7,76.0,6.72,0.98,2.39,1,URGENT
TMS-SER-02609,NGP-BZA,SER,11.7,10.8,29,9,65.2,5.24,0.93,1.43,1,URGENT
TMS-NFR-02610,BCT-RTM,NFR,17.9,40.3,7,7,45.3,7.32,2.59,3.26,1,URGENT
TMS-NFR-02611,BZA-MAS,NFR,20.0,44.5,20,6,51.3,13.43,1.01,3.36,1,URGENT
TMS-ER-02612,LDH-ASR,ER,6.6,24.5,39,3,88.5,4.3,3.05,2.09,0,ROUTINE
TMS-SER-02613,JUC-ADI,SER,15.7,15.3,13,8,88.2,4.18,2.23,1.86,1,URGENT
TMS-SWR-02614,ST-BCT,SWR,9.7,31.2,5,3,73.3,3.97,1.54,1.77,0,ROUTINE
TMS-ECoR-02615,SC-KZJ,ECoR,3.5,20.6,33,2,84.7,6.21,1.29,0.98,0,ROUTINE
TMS-SWR-02616,LTT-NED,SWR,14.5,23.5,8,1,73.3,5.06,0.4,2.17,0,ROUTINE
TMS-WR-02617,BPL-NGP,WR,16.0,24.2,40,4,58.9,7.39,2.19,2.39,0,ROUTINE
TMS-SCR-02618,ST-BCT,SCR,10.5,17.1,64,3,69.4,5.92,2.45,1.06,0,ROUTINE
TMS-WR-02619,UMB-LDH,WR,10.4,25.5,5,8,76.2,3.69,1.01,1.81,1,URGENT
TMS-NER-02620,BZA-MAS,NER,7.6,12.4,20,6,88.0,5.58,0.37,1.64,1,URGENT
TMS-SCR-02621,CSTM-KYN,SCR,6.2,9.2,20,7,85.8,2.35,2.14,0.66,1,URGENT
TMS-ECoR-02622,AZ-MGS,ECoR,9.2,25.7,35,7,66.6,7.12,2.42,2.39,1,URGENT
TMS-WCR-02623,KZJ-BZA,WCR,8.0,33.7,14,3,79.2,5.25,1.26,1.91,0,ROUTINE
TMS-ECoR-02624,ED-CBE,ECoR,10.5,18.1,18,4,64.5,4.81,1.79,1.65,0,ROUTINE
TMS-NCR-02625,JUC-ADI,NCR,5.7,17.7,5,6,83.5,2.48,2.23,1.52,1,URGENT
TMS-SR-02626,CBE-TVC,SR,8.1,28.8,5,0,76.6,4.47,0.52,3.12,0,ROUTINE
TMS-NCR-02627,NGP-BZA,NCR,16.6,22.0,29,2,59.2,11.32,0.5,2.09,0,ROUTINE
TMS-SR-02628,CSTM-KYN,SR,19.2,17.7,8,1,74.1,9.5,1.85,2.06,0,ROUTINE
TMS-WR-02629,ALD-CNB,WR,10.9,25.1,5,1,70.5,13.94,1.08,2.65,0,ROUTINE
TMS-ECR-02630,BZA-MAS,ECR,13.3,22.3,13,2,65.3,5.21,1.08,1.91,0,ROUTINE
TMS-WR-02631,HWH-BWN,WR,30.7,13.5,6,1,30.1,9.1,4.78,3.12,0,ROUTINE
TMS-NWR-02632,LDH-ASR,NWR,18.5,21.3,5,1,86.9,5.69,2.41,2.55,0,ROUTINE
TMS-SER-02633,ADI-BRC,SER,41.3,23.9,11,0,24.9,13.78,0.44,3.97,1,URGENT
TMS-SR-02634,JHS-BPL,SR,16.6,17.9,6,3,53.6,12.46,0.78,1.89,0,ROUTINE
TMS-SWR-02635,CSTM-KYN,SWR,5.5,32.1,56,6,67.9,7.6,2.66,0.66,1,URGENT
TMS-SCR-02636,KYN-IGP,SCR,11.7,26.9,5,2,78.0,5.85,0.11,2.18,0,ROUTINE
TMS-ER-02637,KYN-IGP,ER,11.1,19.9,48,6,65.3,12.27,0.58,0.67,1,URGENT
TMS-NCR-02638,BWN-AZ,NCR,22.0,23.4,16,1,58.4,13.41,0.62,3.33,0,ROUTINE
TMS-SER-02639,BPL-NGP,SER,20.9,19.1,39,2,63.9,5.95,0.74,2.81,0,ROUTINE
TMS-NER-02640,BPL-NGP,NER,13.8,20.3,5,2,66.4,4.42,0.45,1.81,0,ROUTINE
TMS-SER-02641,BWN-AZ,SER,14.5,20.6,88,3,62.2,4.24,1.54,2.6,0,ROUTINE
TMS-SECR-02642,CBE-TVC,SECR,8.5,10.9,51,3,83.6,4.41,0.75,1.72,0,ROUTINE
TMS-NWR-02643,MGS-ALD,NWR,21.9,22.4,5,1,60.4,5.15,1.17,2.5,0,ROUTINE
TMS-SECR-02644,NGP-BZA,SECR,11.2,25.2,8,15,57.8,6.58,0.48,1.41,1,CRITICAL
TMS-ECR-02645,NDLS-UMB,ECR,5.6,59.4,36,3,44.4,5.7,2.96,3.02,0,ROUTINE
TMS-SR-02646,LDH-ASR,SR,9.2,26.5,89,1,82.0,4.12,0.35,2.55,0,ROUTINE
TMS-ECR-02647,BZA-MAS,ECR,11.3,17.1,20,4,79.1,4.44,3.15,1.82,1,URGENT
TMS-NER-02648,JHS-BPL,NER,15.1,11.5,23,3,74.2,3.39,0.3,1.65,0,ROUTINE
TMS-SWR-02649,NDLS-UMB,SWR,35.6,14.5,9,0,33.3,6.57,0.69,3.38,0,ROUTINE
TMS-ECoR-02650,NDLS-AGC,ECoR,18.9,18.2,16,3,71.5,5.6,2.27,2.19,0,ROUTINE
TMS-SECR-02651,ALD-CNB,SECR,4.9,18.3,11,4,92.3,6.56,1.02,0.11,0,ROUTINE
TMS-NFR-02652,NDLS-UMB,NFR,23.7,20.2,15,3,54.8,6.22,0.41,3.38,0,ROUTINE
TMS-SECR-02653,HWH-BWN,SECR,15.7,18.9,5,4,64.6,4.31,1.63,3.41,0,ROUTINE
TMS-NER-02654,UMB-LDH,NER,14.3,20.2,5,2,71.5,4.81,0.2,1.39,0,ROUTINE
TMS-NR-02655,KYN-IGP,NR,17.9,18.7,39,0,65.9,6.75,0.36,1.99,0,ROUTINE
TMS-NER-02656,AWB-SC,NER,15.3,22.4,40,5,61.1,4.17,0.45,1.81,0,ROUTINE
TMS-WCR-02657,ADI-BRC,WCR,4.3,15.5,14,2,73.1,1.95,1.32,0.27,0,ROUTINE
TMS-ECR-02658,CSTM-KYN,ECR,23.9,13.4,75,4,59.4,5.9,1.21,2.53,0,ROUTINE
TMS-SER-02659,JHS-BPL,SER,4.0,20.2,10,0,82.6,4.47,1.1,1.35,0,ROUTINE
TMS-ER-02660,CBE-TVC,ER,19.5,26.4,17,3,63.2,6.94,0.15,2.88,0,ROUTINE
TMS-NCR-02661,BRC-ST,NCR,10.3,14.2,46,0,91.1,4.71,2.27,1.29,0,ROUTINE
TMS-ER-02662,LTT-NED,ER,8.0,17.6,47,2,69.2,2.97,0.21,2.75,0,ROUTINE
TMS-ECR-02663,UMB-LDH,ECR,30.6,20.9,69,8,47.4,7.81,4.19,3.31,1,URGENT
TMS-NCR-02664,SC-KZJ,NCR,16.3,20.7,5,3,53.7,5.05,0.1,2.18,0,ROUTINE
TMS-NR-02665,NDLS-AGC,NR,19.3,30.0,7,2,67.4,5.53,3.18,2.22,0,ROUTINE
TMS-WCR-02666,AZ-MGS,WCR,11.9,32.3,35,2,58.1,4.64,0.53,2.13,0,ROUTINE
TMS-NFR-02667,BWN-AZ,NFR,21.7,24.3,14,0,49.5,7.27,1.81,2.52,0,ROUTINE
TMS-NWR-02668,ADI-BRC,NWR,9.5,36.0,5,0,63.1,10.61,0.61,1.72,0,ROUTINE
TMS-SCR-02669,CBE-TVC,SCR,20.3,19.2,30,3,62.2,4.81,1.91,2.83,0,ROUTINE
TMS-ECR-02670,CBE-TVC,ECR,17.3,31.1,17,8,60.9,6.45,0.98,2.29,1,URGENT
TMS-SER-02671,UMB-LDH,SER,15.8,17.4,15,1,72.4,4.33,1.12,1.79,0,ROUTINE
TMS-SR-02672,CSTM-KYN,SR,10.8,25.0,10,2,81.2,4.28,1.89,2.32,0,ROUTINE
TMS-ECR-02673,MGS-ALD,ECR,16.6,28.7,5,4,58.4,5.29,0.22,2.39,0,ROUTINE
TMS-ECR-02674,ST-BCT,ECR,13.4,22.7,7,2,63.2,5.4,0.46,2.42,0,ROUTINE
TMS-SECR-02675,KZJ-BZA,SECR,11.5,15.1,22,1,67.7,3.05,2.76,1.16,0,ROUTINE
TMS-SECR-02676,NGP-BZA,SECR,20.1,11.4,11,5,65.3,6.64,2.34,1.25,0,ROUTINE
TMS-NCR-02677,KZJ-BZA,NCR,9.4,27.7,72,2,72.0,5.49,6.95,1.98,1,URGENT
TMS-WR-02678,ALD-CNB,WR,5.2,19.9,5,3,71.2,3.34,0.03,1.84,0,ROUTINE
TMS-WR-02679,UMB-LDH,WR,6.6,20.5,72,1,85.6,3.12,0.23,1.95,0,ROUTINE
TMS-CR-02680,BCT-RTM,CR,22.6,40.4,18,2,42.5,8.16,0.62,3.62,1,URGENT
TMS-NER-02681,ASR-JUC,NER,14.5,15.2,11,3,82.9,9.6,1.77,1.9,0,ROUTINE
TMS-SER-02682,BRC-ST,SER,17.1,29.8,12,4,58.2,7.41,0.57,2.71,0,ROUTINE
TMS-CR-02683,AGC-JHS,CR,12.4,16.5,14,7,64.5,3.84,0.64,0.47,0,ROUTINE
TMS-SWR-02684,AWB-SC,SWR,13.6,20.7,24,7,71.5,6.41,0.39,2.05,1,URGENT
TMS-NR-02685,LDH-ASR,NR,22.4,14.4,15,7,67.6,5.91,3.61,2.15,0,ROUTINE
TMS-WR-02686,HWH-BWN,WR,26.2,16.5,36,6,55.8,5.35,1.19,3.53,1,URGENT
TMS-SR-02687,KZJ-BZA,SR,18.9,26.2,19,18,68.6,6.85,0.26,2.52,1,CRITICAL
TMS-SECR-02688,ASR-JUC,SECR,17.8,37.2,38,2,48.5,6.18,1.31,3.05,0,ROUTINE
TMS-NFR-02689,CSTM-KYN,NFR,8.3,26.3,32,0,79.5,4.4,0.26,1.14,0,ROUTINE
TMS-ECoR-02690,SC-KZJ,ECoR,17.8,25.1,9,3,70.6,5.98,0.48,2.94,0,ROUTINE
TMS-NR-02691,CSTM-KYN,NR,10.9,60.0,58,6,56.5,9.65,1.79,3.36,1,URGENT
TMS-ECoR-02692,ASR-JUC,ECoR,21.2,27.8,56,7,63.0,7.14,2.13,2.89,1,URGENT
TMS-SER-02693,SC-KZJ,SER,15.0,15.3,157,10,70.7,4.31,0.85,3.24,1,URGENT
TMS-SER-02694,JUC-ADI,SER,3.6,11.3,6,1,98.2,3.59,0.27,0.95,0,ROUTINE
TMS-SWR-02695,BCT-RTM,SWR,29.7,25.8,65,1,48.1,6.95,0.36,4.53,1,URGENT
TMS-ECoR-02696,UMB-LDH,ECoR,19.4,12.6,71,0,62.2,7.38,1.16,0.93,0,ROUTINE
TMS-SER-02697,CBE-TVC,SER,33.4,14.9,35,6,39.5,6.65,1.33,3.54,1,URGENT
TMS-NFR-02698,ASR-JUC,NFR,15.3,25.1,24,0,69.2,5.94,3.04,2.54,0,ROUTINE
TMS-ER-02699,SC-KZJ,ER,13.5,33.6,110,8,59.9,5.17,0.47,1.87,1,URGENT
TMS-CR-02700,JHS-BPL,CR,8.3,19.8,126,0,79.5,3.62,1.42,1.62,0,ROUTINE
TMS-ECR-02701,ALD-CNB,ECR,9.2,13.7,35,2,79.5,3.57,0.0,0.88,0,ROUTINE
TMS-WCR-02702,HWH-BWN,WCR,19.7,20.9,15,3,53.1,5.54,0.96,2.32,0,ROUTINE
TMS-NWR-02703,AGC-JHS,NWR,17.2,19.9,59,2,63.7,9.6,0.76,1.96,0,ROUTINE
TMS-ECoR-02704,CSTM-KYN,ECoR,11.7,23.3,5,2,66.8,4.12,0.19,1.6,0,ROUTINE
TMS-SR-02705,JHS-BPL,SR,13.9,13.7,12,2,74.5,3.58,3.33,1.31,0,ROUTINE
TMS-NR-02706,KYN-IGP,NR,12.1,15.9,148,4,75.5,4.54,0.17,0.64,0,ROUTINE
TMS-ER-02707,KYN-IGP,ER,15.6,33.4,58,0,57.8,10.96,0.46,2.54,0,ROUTINE
TMS-WCR-02708,CNB-NDLS,WCR,9.1,30.1,98,0,70.1,5.17,1.99,2.18,0,ROUTINE
TMS-ECoR-02709,CNB-NDLS,ECoR,17.9,35.4,31,4,44.4,11.92,0.3,3.12,0,ROUTINE
TMS-ER-02710,NDLS-UMB,ER,6.3,10.6,18,6,91.4,2.22,0.12,0.0,1,URGENT
TMS-WR-02711,AWB-SC,WR,11.7,15.6,136,3,70.7,3.02,5.23,0.94,0,ROUTINE
TMS-ER-02712,MAS-ED,ER,10.2,33.0,12,0,76.2,4.89,0.52,2.59,0,ROUTINE
TMS-ECoR-02713,UMB-LDH,ECoR,20.8,28.1,49,7,39.8,7.4,0.09,2.13,1,URGENT
TMS-NCR-02714,BWN-AZ,NCR,18.0,26.1,28,4,66.0,6.58,0.23,3.02,0,ROUTINE
TMS-NER-02715,BCT-RTM,NER,13.4,19.2,9,11,67.8,4.1,0.38,2.46,1,CRITICAL
TMS-SR-02716,AGC-JHS,SR,14.3,17.3,5,1,80.8,5.7,4.77,2.49,0,ROUTINE
TMS-ECR-02717,LTT-NED,ECR,22.3,22.5,16,3,65.2,8.69,0.02,1.6,0,ROUTINE
TMS-ECR-02718,ASR-JUC,ECR,26.4,18.6,27,3,69.7,7.77,2.36,3.33,0,ROUTINE
TMS-SR-02719,CSTM-KYN,SR,36.8,27.4,7,10,38.7,10.31,2.28,4.18,1,URGENT
TMS-NCR-02720,AZ-MGS,NCR,9.1,22.5,18,0,68.9,3.9,1.04,1.32,0,ROUTINE
TMS-SECR-02721,NDLS-UMB,SECR,12.0,15.1,33,3,82.1,4.51,4.05,1.74,0,ROUTINE
TMS-SER-02722,ADI-BRC,SER,5.2,28.6,43,6,79.8,3.16,0.02,1.51,1,URGENT
TMS-ECR-02723,KYN-IGP,ECR,25.9,36.7,5,0,37.1,7.71,1.03,2.42,1,URGENT
TMS-SECR-02724,HWH-BWN,SECR,12.7,37.7,38,0,69.5,8.3,0.44,1.68,0,ROUTINE
TMS-ER-02725,BWN-AZ,ER,13.2,29.1,5,0,66.3,7.43,2.15,1.71,0,ROUTINE
TMS-NFR-02726,MGS-ALD,NFR,40.5,29.2,5,6,45.4,14.06,0.29,4.88,1,URGENT
TMS-NR-02727,AZ-MGS,NR,23.3,14.0,5,6,61.4,11.55,3.12,2.81,1,URGENT
TMS-WR-02728,JHS-BPL,WR,10.1,17.0,37,6,74.6,10.07,0.78,1.54,1,URGENT
TMS-CR-02729,CNB-NDLS,CR,10.5,20.8,5,16,57.3,3.58,0.22,1.07,1,CRITICAL
TMS-ECR-02730,ADI-BRC,ECR,16.7,28.1,5,2,44.5,5.01,0.05,1.89,0,ROUTINE
TMS-SR-02731,JUC-ADI,SR,5.5,17.5,5,0,79.8,6.39,1.75,0.93,0,ROUTINE
TMS-NFR-02732,HWH-BWN,NFR,21.0,19.6,104,0,64.5,5.68,3.96,3.32,0,ROUTINE
TMS-ECoR-02733,BZA-MAS,ECoR,12.1,27.8,83,3,76.6,4.92,5.25,1.61,0,ROUTINE
TMS-WCR-02734,ASR-JUC,WCR,5.4,23.4,5,3,87.9,4.21,3.11,0.81,0,ROUTINE
TMS-SWR-02735,LTT-NED,SWR,30.6,25.4,12,5,25.9,7.82,0.74,3.69,1,URGENT
TMS-NER-02736,KYN-IGP,NER,31.7,16.3,103,3,38.9,6.56,3.54,3.7,1,URGENT
TMS-SR-02737,KZJ-BZA,SR,4.2,19.5,5,0,77.1,5.91,1.55,0.91,0,ROUTINE
TMS-SER-02738,KZJ-BZA,SER,10.6,18.4,5,3,81.8,7.86,0.1,2.26,0,ROUTINE
TMS-SWR-02739,HWH-BWN,SWR,15.5,22.2,5,1,63.0,6.85,0.28,2.08,0,ROUTINE
TMS-SWR-02740,CSTM-KYN,SWR,17.6,18.7,131,1,74.2,4.23,0.73,1.98,0,ROUTINE
TMS-ER-02741,LTT-NED,ER,20.6,17.7,47,5,60.6,4.76,0.55,1.73,0,ROUTINE
TMS-NER-02742,BRC-ST,NER,12.6,23.3,8,5,66.8,4.6,0.61,2.28,0,ROUTINE
TMS-NR-02743,AWB-SC,NR,22.1,51.4,5,2,39.9,9.05,1.99,3.17,1,URGENT
TMS-NR-02744,BPL-NGP,NR,36.9,28.0,117,0,19.6,9.66,0.09,3.16,1,URGENT
TMS-NCR-02745,MAS-ED,NCR,10.6,10.9,19,1,74.5,2.67,1.4,1.25,1,URGENT
TMS-SECR-02746,NDLS-UMB,SECR,28.3,25.5,31,3,48.9,12.73,0.62,2.79,1,URGENT
TMS-NWR-02747,AGC-JHS,NWR,16.1,18.1,11,2,65.8,5.37,3.21,1.65,0,ROUTINE
TMS-SWR-02748,JUC-ADI,SWR,4.8,15.2,49,9,73.6,3.07,0.09,1.49,1,URGENT
TMS-NCR-02749,ADI-BRC,NCR,6.9,29.4,7,3,53.5,3.81,5.35,1.97,0,ROUTINE
TMS-SER-02750,ADI-BRC,SER,10.3,22.9,54,0,62.2,9.4,0.13,2.26,0,ROUTINE
TMS-SECR-02751,ADI-BRC,SECR,16.1,60.0,9,14,37.2,8.4,0.85,3.76,1,CRITICAL
TMS-WR-02752,KZJ-BZA,WR,7.6,21.2,5,3,85.3,3.09,2.92,0.13,0,ROUTINE
TMS-SWR-02753,ED-CBE,SWR,17.2,20.3,22,3,54.3,6.11,0.58,2.06,0,ROUTINE
TMS-NFR-02754,MAS-ED,NFR,13.5,35.8,58,5,58.1,5.75,2.85,2.94,0,ROUTINE
TMS-NER-02755,KZJ-BZA,NER,23.5,22.4,17,8,43.7,8.62,4.95,3.37,1,URGENT
TMS-NWR-02756,UMB-LDH,NWR,18.0,14.5,5,0,68.6,5.44,0.2,2.38,0,ROUTINE
TMS-ECoR-02757,SC-KZJ,ECoR,17.3,15.6,28,4,71.8,4.07,0.97,2.28,0,ROUTINE
TMS-ER-02758,ED-CBE,ER,12.2,19.5,39,1,76.7,6.17,0.39,2.15,0,ROUTINE
TMS-NER-02759,BRC-ST,NER,15.9,28.9,47,2,61.0,5.42,2.19,3.39,0,ROUTINE
TMS-NCR-02760,LTT-NED,NCR,14.4,36.9,17,4,61.6,6.16,0.17,2.63,0,ROUTINE
TMS-CR-02761,AWB-SC,CR,13.2,30.6,5,0,72.4,7.42,2.24,2.26,0,ROUTINE
TMS-SCR-02762,BCT-RTM,SCR,8.5,27.9,30,1,70.5,3.73,1.69,2.13,0,ROUTINE
TMS-NWR-02763,KYN-IGP,NWR,23.6,34.4,13,1,45.9,13.91,1.5,2.78,1,URGENT
TMS-NWR-02764,BWN-AZ,NWR,15.5,28.5,102,1,70.7,7.03,0.85,2.91,0,ROUTINE
TMS-SER-02765,ST-BCT,SER,20.2,15.5,24,1,61.2,4.7,1.04,1.87,0,ROUTINE
TMS-ER-02766,BWN-AZ,ER,15.5,20.3,22,0,67.2,4.07,0.16,2.13,0,ROUTINE
TMS-ECR-02767,LDH-ASR,ECR,12.0,18.1,12,7,83.6,4.82,0.47,0.45,1,URGENT
TMS-NR-02768,BPL-NGP,NR,8.8,36.8,14,4,65.4,5.22,3.67,1.92,0,ROUTINE
TMS-NR-02769,CNB-NDLS,NR,13.9,15.2,25,1,77.9,3.36,0.88,1.4,0,ROUTINE
TMS-WR-02770,ED-CBE,WR,15.9,15.3,12,2,74.0,5.49,0.77,1.65,0,ROUTINE
TMS-CR-02771,NGP-BZA,CR,4.0,23.8,77,1,83.9,3.24,0.07,1.53,0,ROUTINE
TMS-NFR-02772,JUC-ADI,NFR,22.8,48.0,20,3,42.9,8.04,3.24,3.65,1,URGENT
TMS-SER-02773,HWH-BWN,SER,1.0,29.8,12,3,71.6,2.89,2.1,0.56,0,ROUTINE
TMS-NFR-02774,BPL-NGP,NFR,13.2,33.7,5,1,78.3,4.98,0.14,2.44,0,ROUTINE
TMS-ECoR-02775,BRC-ST,ECoR,19.8,14.3,39,3,61.5,4.43,0.24,1.9,1,URGENT
TMS-SECR-02776,NDLS-UMB,SECR,26.0,29.0,5,3,51.5,10.56,0.2,3.61,1,URGENT
TMS-NER-02777,ST-BCT,NER,11.3,14.2,20,0,83.9,4.35,1.59,1.5,1,URGENT
TMS-WR-02778,KZJ-BZA,WR,30.6,29.7,27,1,42.2,8.23,0.26,4.04,1,URGENT
TMS-WR-02779,LTT-NED,WR,9.7,11.8,14,7,89.6,4.84,7.98,0.87,0,ROUTINE
TMS-SCR-02780,NGP-BZA,SCR,8.9,19.4,48,3,84.3,3.66,1.28,2.03,0,ROUTINE
TMS-SR-02781,BCT-RTM,SR,28.4,9.8,39,2,37.8,8.5,3.06,2.9,0,ROUTINE
TMS-ECR-02782,UMB-LDH,ECR,18.7,15.6,124,0,64.0,4.49,1.96,2.54,0,ROUTINE
TMS-NCR-02783,HWH-BWN,NCR,15.3,12.6,24,4,53.7,6.55,0.04,1.49,0,ROUTINE
TMS-SWR-02784,SC-KZJ,SWR,16.9,28.8,27,4,58.0,4.95,0.82,2.43,0,ROUTINE
TMS-WCR-02785,CSTM-KYN,WCR,12.0,23.1,9,4,63.6,3.99,0.67,1.82,0,ROUTINE
TMS-SR-02786,MAS-ED,SR,27.3,18.4,17,3,42.4,10.03,4.56,2.69,0,ROUTINE
TMS-SECR-02787,AWB-SC,SECR,6.6,23.3,5,0,79.7,3.08,0.62,1.12,0,ROUTINE
TMS-SR-02788,ALD-CNB,SR,10.6,15.9,40,4,81.4,3.43,1.74,0.87,0,ROUTINE
TMS-SER-02789,BRC-ST,SER,4.1,25.2,13,5,68.3,2.72,1.34,0.94,0,ROUTINE
TMS-SWR-02790,ST-BCT,SWR,4.5,21.5,27,3,99.9,4.22,2.0,1.13,0,ROUTINE
TMS-NWR-02791,NGP-BZA,NWR,12.1,55.3,10,0,57.8,7.03,0.09,2.36,0,ROUTINE
TMS-CR-02792,ST-BCT,CR,32.2,42.7,33,3,29.8,10.25,4.01,4.85,1,URGENT
TMS-NR-02793,JHS-BPL,NR,19.2,32.3,20,3,54.4,5.64,7.44,3.53,1,URGENT
TMS-ECoR-02794,KZJ-BZA,ECoR,15.9,25.0,23,1,49.9,5.39,1.21,1.93,0,ROUTINE
TMS-NFR-02795,BPL-NGP,NFR,30.6,26.3,100,1,35.7,7.62,0.27,3.95,1,URGENT
TMS-SCR-02796,KZJ-BZA,SCR,4.1,36.5,42,0,67.1,5.07,3.05,1.49,0,ROUTINE
TMS-SER-02797,SC-KZJ,SER,13.9,24.9,10,0,61.1,4.78,1.56,1.55,0,ROUTINE
TMS-CR-02798,ALD-CNB,CR,24.1,25.5,24,5,56.0,14.02,1.47,3.35,1,URGENT
TMS-NWR-02799,MGS-ALD,NWR,5.0,17.6,22,4,77.3,2.92,3.24,1.79,0,ROUTINE
TMS-WCR-02800,AWB-SC,WCR,15.4,16.9,55,5,71.5,6.05,1.97,1.82,0,ROUTINE
TMS-NCR-02801,CSTM-KYN,NCR,28.0,21.3,62,7,52.2,6.82,3.78,3.46,1,URGENT
TMS-ECoR-02802,CNB-NDLS,ECoR,4.9,7.8,11,3,90.5,2.88,4.74,0.0,0,ROUTINE
TMS-SER-02803,NGP-BZA,SER,20.2,21.9,60,0,74.7,5.3,0.63,2.06,0,ROUTINE
TMS-NWR-02804,ADI-BRC,NWR,14.4,20.1,6,8,70.7,4.15,0.33,2.24,0,ROUTINE
TMS-SCR-02805,UMB-LDH,SCR,13.8,31.6,50,1,75.1,11.78,0.73,2.95,0,ROUTINE
TMS-NR-02806,ALD-CNB,NR,9.6,36.2,10,6,82.5,5.89,5.14,2.26,1,URGENT
TMS-WR-02807,ST-BCT,WR,7.3,60.0,12,4,58.0,7.13,0.32,2.77,0,ROUTINE
TMS-NR-02808,ALD-CNB,NR,19.4,28.0,66,4,80.9,7.2,1.34,2.93,0,ROUTINE
TMS-SER-02809,ASR-JUC,SER,14.9,23.6,19,1,76.2,4.63,0.13,2.22,0,ROUTINE
TMS-NR-02810,BZA-MAS,NR,19.6,17.7,163,4,53.5,7.81,2.68,1.98,0,ROUTINE
TMS-CR-02811,BPL-NGP,CR,20.8,14.6,5,3,71.5,4.86,1.65,1.39,0,ROUTINE
TMS-CR-02812,AGC-JHS,CR,8.0,32.0,21,1,66.8,5.32,1.11,1.69,0,ROUTINE
TMS-NFR-02813,NDLS-UMB,NFR,22.4,22.0,46,1,59.6,5.39,1.49,2.86,0,ROUTINE
TMS-SER-02814,HWH-BWN,SER,12.0,26.3,5,0,77.8,5.61,0.19,1.93,0,ROUTINE
TMS-NFR-02815,AZ-MGS,NFR,13.6,22.4,5,1,75.3,5.15,2.96,2.74,0,ROUTINE
TMS-SER-02816,NGP-BZA,SER,19.4,22.6,5,5,54.5,5.38,0.62,2.88,0,ROUTINE
TMS-WR-02817,NDLS-UMB,WR,16.0,24.2,173,0,57.2,5.07,0.28,1.63,0,ROUTINE
TMS-WR-02818,BPL-NGP,WR,16.2,26.3,50,4,54.1,4.55,0.02,1.99,0,ROUTINE
TMS-NCR-02819,BCT-RTM,NCR,16.2,32.3,16,2,72.2,5.07,0.09,1.6,0,ROUTINE
TMS-SER-02820,AWB-SC,SER,7.1,13.6,5,4,89.8,3.99,1.67,0.77,0,ROUTINE
TMS-SCR-02821,MGS-ALD,SCR,10.6,28.1,5,3,80.0,6.37,1.9,1.03,0,ROUTINE
TMS-SECR-02822,UMB-LDH,SECR,30.6,13.3,26,5,33.4,7.24,0.24,3.4,0,ROUTINE
TMS-ECoR-02823,AGC-JHS,ECoR,9.3,29.4,130,3,77.5,3.92,1.4,1.84,0,ROUTINE
TMS-ER-02824,AWB-SC,ER,27.9,25.2,39,3,40.3,11.86,0.99,4.13,1,URGENT
TMS-SWR-02825,KYN-IGP,SWR,34.7,21.5,15,5,28.3,9.42,4.15,2.89,1,URGENT
TMS-ER-02826,BCT-RTM,ER,3.0,21.9,24,4,73.9,2.74,1.64,0.56,1,URGENT
TMS-NWR-02827,NDLS-UMB,NWR,5.2,23.4,180,3,81.1,4.88,1.1,1.29,0,ROUTINE
TMS-WR-02828,ST-BCT,WR,18.3,34.3,25,5,53.5,5.73,0.5,2.44,0,ROUTINE
TMS-NR-02829,BPL-NGP,NR,21.7,33.1,116,1,55.1,8.93,0.93,2.68,1,URGENT
TMS-ECoR-02830,NDLS-UMB,ECoR,15.5,31.6,5,2,61.9,6.16,0.43,2.13,0,ROUTINE
TMS-SR-02831,ALD-CNB,SR,13.7,13.0,44,2,78.3,4.15,1.7,1.76,0,ROUTINE
TMS-SECR-02832,ALD-CNB,SECR,19.1,28.0,34,2,56.1,5.12,1.35,2.58,1,URGENT
TMS-CR-02833,KZJ-BZA,CR,3.1,8.5,40,2,84.7,3.26,0.53,0.42,0,ROUTINE
TMS-NER-02834,BPL-NGP,NER,10.1,9.5,29,1,87.9,5.81,0.02,0.42,0,ROUTINE
TMS-ECR-02835,CBE-TVC,ECR,6.4,34.8,5,0,77.5,4.42,6.09,1.54,1,URGENT
TMS-NCR-02836,MAS-ED,NCR,11.8,12.4,5,4,76.1,2.79,0.08,0.68,0,ROUTINE
TMS-NR-02837,MGS-ALD,NR,29.5,20.7,89,1,45.6,9.07,1.19,3.32,1,URGENT
TMS-NR-02838,MGS-ALD,NR,27.5,38.9,9,3,35.9,9.26,2.87,4.37,1,URGENT
TMS-SCR-02839,BZA-MAS,SCR,13.3,28.0,173,2,71.1,7.24,1.46,1.95,0,ROUTINE
TMS-NR-02840,BZA-MAS,NR,24.7,25.7,39,2,55.2,7.31,1.33,1.68,1,URGENT
TMS-CR-02841,ALD-CNB,CR,7.8,21.7,20,2,69.5,4.14,1.88,1.05,0,ROUTINE
TMS-CR-02842,KZJ-BZA,CR,6.1,23.3,88,6,92.2,3.27,0.55,1.08,1,URGENT
TMS-ECR-02843,KZJ-BZA,ECR,4.8,17.3,55,2,82.7,2.27,0.74,1.39,0,ROUTINE
TMS-SWR-02844,ASR-JUC,SWR,4.5,18.3,19,5,80.9,3.41,0.13,0.79,0,ROUTINE
TMS-SER-02845,ALD-CNB,SER,24.6,23.0,5,1,61.3,9.59,0.01,3.69,0,ROUTINE
TMS-SR-02846,CBE-TVC,SR,20.1,24.4,70,1,63.0,5.09,0.46,1.37,0,ROUTINE
TMS-ECoR-02847,BPL-NGP,ECoR,9.5,20.8,50,2,79.7,12.13,2.52,0.81,0,ROUTINE
TMS-NR-02848,AZ-MGS,NR,17.3,9.1,54,0,74.6,9.2,1.42,2.19,0,ROUTINE
TMS-ER-02849,AZ-MGS,ER,11.3,41.5,47,1,71.8,7.06,0.23,2.68,0,ROUTINE
TMS-NFR-02850,NGP-BZA,NFR,9.6,32.3,11,0,60.8,8.94,0.83,2.49,0,ROUTINE
TMS-SCR-02851,ALD-CNB,SCR,19.2,20.5,68,1,56.1,6.13,0.03,2.36,0,ROUTINE
TMS-SCR-02852,UMB-LDH,SCR,42.9,32.7,5,5,31.8,10.09,2.43,5.21,1,URGENT
TMS-SWR-02853,BCT-RTM,SWR,7.0,19.2,9,5,74.2,4.28,0.93,1.75,0,ROUTINE
TMS-ER-02854,KYN-IGP,ER,26.1,25.2,5,6,39.6,10.11,0.49,2.86,1,URGENT
TMS-NWR-02855,NGP-BZA,NWR,13.9,10.3,5,1,77.2,9.23,2.19,1.47,0,ROUTINE
TMS-ER-02856,NDLS-UMB,ER,13.3,24.6,26,4,64.3,7.6,5.28,1.18,1,URGENT
TMS-SECR-02857,JUC-ADI,SECR,41.6,19.8,5,0,32.6,8.22,0.77,4.44,0,ROUTINE
TMS-NWR-02858,BPL-NGP,NWR,28.7,24.2,7,0,43.6,8.03,2.18,2.88,0,ROUTINE
TMS-NER-02859,ST-BCT,NER,8.8,44.0,9,5,61.3,6.02,0.58,2.8,1,URGENT
TMS-WR-02860,LTT-NED,WR,17.7,22.0,37,1,54.7,5.73,2.13,2.44,0,ROUTINE
TMS-NFR-02861,AGC-JHS,NFR,18.8,18.5,22,10,66.6,5.42,5.03,2.17,1,URGENT
TMS-WR-02862,AWB-SC,WR,10.1,18.6,21,4,73.7,3.14,1.58,2.07,0,ROUTINE
TMS-SCR-02863,CSTM-KYN,SCR,18.8,12.6,51,1,66.9,7.57,0.41,1.89,0,ROUTINE
TMS-ER-02864,CBE-TVC,ER,11.3,26.1,21,0,63.6,11.45,1.76,2.49,0,ROUTINE
TMS-NER-02865,CSTM-KYN,NER,14.6,27.5,14,1,67.9,4.86,2.79,1.98,0,ROUTINE
TMS-SER-02866,MAS-ED,SER,7.8,22.8,114,7,76.8,4.94,0.78,2.14,1,URGENT
TMS-NCR-02867,BPL-NGP,NCR,19.8,32.1,5,3,53.6,7.08,1.46,3.3,0,ROUTINE
TMS-ECoR-02868,MGS-ALD,ECoR,12.1,32.2,12,4,69.7,8.93,0.44,1.81,0,ROUTINE
TMS-NER-02869,CSTM-KYN,NER,30.0,22.8,32,2,27.0,8.76,0.91,3.41,1,URGENT
TMS-WCR-02870,BCT-RTM,WCR,12.9,28.1,53,1,58.2,6.95,0.27,0.78,0,ROUTINE
TMS-SWR-02871,JHS-BPL,SWR,29.9,52.9,59,6,27.2,14.79,2.71,4.38,1,URGENT
TMS-SECR-02872,ASR-JUC,SECR,11.6,16.0,5,3,75.7,5.2,0.15,0.9,0,ROUTINE
TMS-ECoR-02873,CNB-NDLS,ECoR,11.9,30.2,43,2,69.9,5.41,0.09,2.23,0,ROUTINE
TMS-WCR-02874,ST-BCT,WCR,22.1,23.0,44,1,50.1,5.26,1.15,3.47,0,ROUTINE
TMS-ER-02875,MGS-ALD,ER,9.4,33.7,8,9,71.5,8.84,1.31,3.7,0,ROUTINE
TMS-SR-02876,CNB-NDLS,SR,14.9,16.2,5,6,66.3,5.31,3.76,2.23,1,URGENT
TMS-SER-02877,AGC-JHS,SER,9.5,24.0,48,8,67.6,5.64,0.34,1.91,1,URGENT
TMS-NER-02878,ADI-BRC,NER,36.8,16.9,10,1,41.0,8.28,2.26,3.4,0,ROUTINE
TMS-NFR-02879,ALD-CNB,NFR,28.6,10.9,5,3,57.7,6.16,1.55,1.98,0,ROUTINE
TMS-ER-02880,CSTM-KYN,ER,15.2,38.9,8,0,63.1,6.79,2.03,2.37,0,ROUTINE
TMS-NR-02881,AGC-JHS,NR,12.0,18.7,5,2,74.1,3.4,0.26,1.38,0,ROUTINE
TMS-CR-02882,AGC-JHS,CR,7.8,15.8,10,4,83.2,5.63,0.89,1.75,0,ROUTINE
TMS-NER-02883,BRC-ST,NER,11.0,17.6,14,1,77.5,3.4,0.66,0.21,0,ROUTINE
TMS-NFR-02884,LDH-ASR,NFR,16.9,46.1,11,1,59.0,7.03,1.8,3.21,0,ROUTINE
TMS-SECR-02885,BWN-AZ,SECR,7.4,37.5,88,0,82.1,4.29,1.35,2.32,0,ROUTINE
TMS-WCR-02886,HWH-BWN,WCR,20.6,20.3,9,2,67.5,8.14,5.14,3.21,0,ROUTINE
TMS-NCR-02887,HWH-BWN,NCR,25.9,31.3,22,7,34.2,6.76,0.22,2.83,1,URGENT
TMS-NR-02888,SC-KZJ,NR,22.4,14.4,110,4,55.3,5.53,0.96,2.23,0,ROUTINE
TMS-WR-02889,MAS-ED,WR,9.8,27.4,73,5,85.3,4.74,1.78,2.14,0,ROUTINE
TMS-NCR-02890,CNB-NDLS,NCR,23.3,18.7,12,3,43.0,5.75,0.69,2.22,0,ROUTINE
TMS-WR-02891,KYN-IGP,WR,16.1,26.4,13,1,59.2,8.46,3.85,2.31,0,ROUTINE
TMS-ER-02892,LDH-ASR,ER,22.8,12.8,31,3,74.5,7.4,2.87,2.09,0,ROUTINE
TMS-CR-02893,NDLS-AGC,CR,23.7,17.5,87,5,46.4,7.68,3.09,2.19,0,ROUTINE
TMS-NER-02894,KYN-IGP,NER,24.3,23.9,5,0,45.3,6.07,1.41,3.58,0,ROUTINE
TMS-NER-02895,UMB-LDH,NER,11.8,23.8,17,3,69.6,4.09,0.96,2.5,0,ROUTINE
TMS-SR-02896,CNB-NDLS,SR,30.0,12.4,66,3,38.1,6.06,0.69,3.24,1,URGENT
TMS-SCR-02897,BPL-NGP,SCR,10.2,15.0,18,4,84.0,3.71,0.19,1.27,0,ROUTINE
TMS-SR-02898,MAS-ED,SR,7.4,26.3,44,3,80.0,4.52,4.44,1.85,0,ROUTINE
TMS-SWR-02899,JUC-ADI,SWR,13.6,25.1,41,5,76.2,4.62,0.46,2.35,0,ROUTINE
TMS-ER-02900,KZJ-BZA,ER,9.0,28.9,8,6,59.3,4.89,2.43,2.76,1,URGENT
TMS-ER-02901,AZ-MGS,ER,19.0,24.0,20,1,63.7,5.18,0.02,1.31,0,ROUTINE
TMS-CR-02902,LTT-NED,CR,11.0,14.6,29,1,76.0,3.44,0.72,0.88,0,ROUTINE
TMS-SR-02903,BWN-AZ,SR,18.8,19.3,43,5,49.5,4.97,1.27,2.19,0,ROUTINE
TMS-NFR-02904,NDLS-AGC,NFR,12.2,27.5,60,1,83.8,6.63,0.57,2.17,1,URGENT
TMS-WR-02905,KYN-IGP,WR,18.8,14.9,49,1,56.4,5.24,0.32,1.49,0,ROUTINE
TMS-NFR-02906,BRC-ST,NFR,20.7,14.1,5,2,65.4,6.14,0.11,2.31,1,URGENT
TMS-CR-02907,NDLS-AGC,CR,11.3,19.7,38,0,70.4,5.48,6.78,1.07,0,ROUTINE
TMS-SER-02908,KZJ-BZA,SER,20.6,24.7,24,5,61.4,5.21,3.26,1.21,0,ROUTINE
TMS-SCR-02909,BRC-ST,SCR,4.4,10.6,29,1,83.8,4.68,0.56,0.35,0,ROUTINE
TMS-NFR-02910,CNB-NDLS,NFR,5.1,20.1,16,3,89.3,3.04,0.02,1.55,0,ROUTINE
TMS-NWR-02911,CSTM-KYN,NWR,12.3,27.3,43,0,80.3,5.45,1.17,2.08,0,ROUTINE
TMS-SWR-02912,MAS-ED,SWR,15.3,29.6,39,12,63.3,5.49,0.58,1.46,1,CRITICAL
TMS-ECoR-02913,AGC-JHS,ECoR,13.3,14.9,30,4,59.6,6.16,0.18,1.8,0,ROUTINE
TMS-CR-02914,CSTM-KYN,CR,19.6,25.8,69,0,47.9,5.52,2.34,3.4,0,ROUTINE
TMS-CR-02915,LDH-ASR,CR,15.5,33.0,5,4,74.6,11.6,0.62,2.86,0,ROUTINE
TMS-ECR-02916,BPL-NGP,ECR,15.8,28.3,12,3,66.8,5.66,5.41,2.96,0,ROUTINE
TMS-WR-02917,LTT-NED,WR,10.1,18.8,23,4,73.9,5.51,1.84,1.68,0,ROUTINE
TMS-WCR-02918,MGS-ALD,WCR,22.3,8.5,111,3,71.1,6.08,2.75,2.42,0,ROUTINE
TMS-SWR-02919,JUC-ADI,SWR,13.3,24.1,5,0,65.6,6.64,1.46,1.66,0,ROUTINE
TMS-NR-02920,KYN-IGP,NR,27.4,41.7,14,1,45.2,9.05,1.24,3.72,1,URGENT
TMS-WCR-02921,ED-CBE,WCR,18.6,30.9,91,2,41.4,6.23,0.84,2.16,0,ROUTINE
TMS-NR-02922,AZ-MGS,NR,12.0,30.0,79,0,63.7,4.6,0.13,2.14,0,ROUTINE
TMS-NWR-02923,KYN-IGP,NWR,32.8,23.7,70,2,32.2,8.28,2.01,3.15,1,URGENT
TMS-SR-02924,KYN-IGP,SR,10.0,31.8,12,2,57.8,4.17,0.62,1.22,0,ROUTINE
TMS-SWR-02925,AWB-SC,SWR,11.7,25.1,65,0,64.4,3.88,0.33,1.74,0,ROUTINE
TMS-SER-02926,JHS-BPL,SER,14.6,11.0,24,0,71.3,4.97,0.18,1.18,0,ROUTINE
TMS-ER-02927,LTT-NED,ER,13.2,31.7,33,6,59.6,5.83,0.12,2.01,1,URGENT
TMS-ER-02928,JHS-BPL,ER,36.0,15.7,9,3,42.1,8.07,0.97,4.02,0,ROUTINE
TMS-WCR-02929,CSTM-KYN,WCR,9.3,22.8,42,1,75.4,3.99,2.72,1.72,0,ROUTINE
TMS-NCR-02930,ADI-BRC,NCR,9.8,29.8,13,1,66.3,6.98,0.21,1.88,0,ROUTINE
TMS-WR-02931,BWN-AZ,WR,14.0,16.5,14,1,80.0,3.87,1.08,2.2,0,ROUTINE
TMS-NWR-02932,NDLS-UMB,NWR,6.5,15.0,35,1,88.8,3.94,0.71,1.01,0,ROUTINE
TMS-CR-02933,AGC-JHS,CR,24.5,26.9,9,3,52.7,9.77,1.16,3.44,1,URGENT
TMS-NWR-02934,BWN-AZ,NWR,26.6,14.2,8,3,43.2,8.72,0.09,2.76,0,ROUTINE
TMS-NWR-02935,HWH-BWN,NWR,18.9,20.6,16,1,64.0,4.54,1.15,2.27,0,ROUTINE
TMS-WCR-02936,AGC-JHS,WCR,13.9,34.9,52,1,66.7,5.53,1.2,2.37,0,ROUTINE
TMS-SECR-02937,BRC-ST,SECR,12.4,42.5,8,0,66.9,7.77,3.06,2.7,0,ROUTINE
TMS-NWR-02938,NDLS-UMB,NWR,13.1,10.9,54,4,71.4,5.54,0.33,2.0,0,ROUTINE
TMS-NR-02939,BCT-RTM,NR,19.8,20.3,41,3,69.9,5.91,2.53,2.18,0,ROUTINE
TMS-SECR-02940,ALD-CNB,SECR,17.5,36.9,39,6,64.1,6.03,2.09,2.85,1,URGENT
TMS-WR-02941,BZA-MAS,WR,5.8,18.9,22,8,94.3,3.04,3.69,1.3,1,URGENT
TMS-NWR-02942,BRC-ST,NWR,18.0,30.5,47,1,47.3,8.37,3.66,2.86,1,URGENT
TMS-SCR-02943,ASR-JUC,SCR,8.5,31.4,5,1,68.4,4.21,2.18,1.44,1,URGENT
TMS-ECoR-02944,ST-BCT,ECoR,10.9,17.4,12,9,64.4,8.73,3.89,1.67,1,URGENT
TMS-ER-02945,CSTM-KYN,ER,4.3,26.3,39,5,73.9,4.14,0.45,1.25,0,ROUTINE
TMS-SECR-02946,BRC-ST,SECR,10.9,27.0,152,7,59.1,4.46,0.25,1.7,1,URGENT
TMS-NCR-02947,CSTM-KYN,NCR,31.8,31.9,5,4,27.8,8.31,0.49,4.45,1,URGENT
TMS-SWR-02948,ED-CBE,SWR,15.6,11.6,24,2,76.0,3.86,2.75,0.94,0,ROUTINE
TMS-ECoR-02949,NDLS-AGC,ECoR,3.9,37.2,90,4,72.1,4.53,0.56,2.06,0,ROUTINE
TMS-NCR-02950,AWB-SC,NCR,8.2,29.2,69,1,63.9,3.85,2.56,1.38,0,ROUTINE
TMS-ECR-02951,LDH-ASR,ECR,20.0,14.1,5,4,79.0,7.59,0.7,1.64,0,ROUTINE
TMS-NCR-02952,CBE-TVC,NCR,17.3,21.1,26,1,66.4,10.91,2.41,2.12,0,ROUTINE
TMS-ER-02953,NDLS-UMB,ER,10.6,31.0,5,0,59.9,6.22,2.82,2.9,0,ROUTINE
TMS-ER-02954,CSTM-KYN,ER,9.5,14.4,54,6,76.5,5.88,1.7,1.37,1,URGENT
TMS-SECR-02955,KZJ-BZA,SECR,9.1,15.3,12,3,80.2,3.11,5.84,1.78,0,ROUTINE
TMS-NWR-02956,NGP-BZA,NWR,11.8,22.4,50,2,68.7,3.69,1.97,1.23,0,ROUTINE
TMS-NER-02957,NDLS-UMB,NER,16.5,18.6,101,7,61.7,5.94,0.42,2.08,1,URGENT
TMS-ECR-02958,HWH-BWN,ECR,16.5,24.5,130,2,58.2,7.84,6.24,2.29,1,URGENT
TMS-SECR-02959,AWB-SC,SECR,8.6,30.9,78,7,77.4,7.36,1.73,0.83,1,URGENT
TMS-SCR-02960,NDLS-UMB,SCR,28.0,24.8,7,3,50.7,7.71,0.86,3.6,0,ROUTINE
TMS-CR-02961,ASR-JUC,CR,16.7,22.1,7,2,55.8,6.22,1.02,1.78,0,ROUTINE
TMS-NFR-02962,ALD-CNB,NFR,8.0,30.9,34,0,58.7,4.59,2.18,2.43,0,ROUTINE
TMS-SWR-02963,AZ-MGS,SWR,3.3,21.3,27,3,77.4,5.75,2.1,0.62,0,ROUTINE
TMS-NCR-02964,KYN-IGP,NCR,27.5,16.5,5,7,60.6,7.84,2.76,3.42,1,URGENT
TMS-NER-02965,ADI-BRC,NER,21.6,35.2,17,3,47.7,6.47,0.41,3.38,1,URGENT
TMS-NWR-02966,CBE-TVC,NWR,7.6,8.4,83,5,81.6,2.47,4.44,1.98,0,ROUTINE
TMS-NR-02967,HWH-BWN,NR,12.9,22.8,80,2,73.2,4.09,0.45,2.33,0,ROUTINE
TMS-WR-02968,AGC-JHS,WR,25.7,19.2,7,0,41.8,6.8,0.98,2.79,0,ROUTINE
TMS-CR-02969,JUC-ADI,CR,23.2,15.3,16,0,59.0,5.16,0.36,3.13,0,ROUTINE
TMS-SER-02970,ASR-JUC,SER,19.8,25.0,28,1,54.8,5.32,0.85,2.45,0,ROUTINE
TMS-SR-02971,AGC-JHS,SR,16.0,26.7,67,10,58.5,4.89,1.57,1.6,1,URGENT
TMS-NER-02972,LTT-NED,NER,8.7,15.9,26,2,71.8,3.2,1.02,0.95,0,ROUTINE
TMS-WR-02973,ED-CBE,WR,12.5,12.7,120,3,84.6,6.2,0.43,1.34,0,ROUTINE
TMS-NR-02974,CBE-TVC,NR,14.3,13.2,56,4,73.2,8.77,0.73,2.06,0,ROUTINE
TMS-ECR-02975,LTT-NED,ECR,18.9,45.8,107,0,52.7,17.47,1.35,3.31,1,URGENT
TMS-SER-02976,JUC-ADI,SER,21.9,47.9,46,3,40.4,7.2,3.42,3.87,1,URGENT
TMS-SECR-02977,CBE-TVC,SECR,9.6,22.5,73,4,81.3,4.92,0.83,1.74,0,ROUTINE
TMS-NWR-02978,CSTM-KYN,NWR,15.3,12.8,62,0,80.1,3.94,1.28,1.95,0,ROUTINE
TMS-CR-02979,ASR-JUC,CR,25.5,20.9,10,6,50.7,14.5,3.63,2.64,1,URGENT
TMS-CR-02980,AGC-JHS,CR,23.2,9.2,9,3,51.8,12.53,2.76,1.8,0,ROUTINE
TMS-WCR-02981,HWH-BWN,WCR,28.9,25.2,69,5,49.0,11.79,0.31,3.27,1,URGENT
TMS-CR-02982,ALD-CNB,CR,15.7,14.9,5,2,56.3,3.58,0.67,2.18,0,ROUTINE
TMS-ECR-02983,MAS-ED,ECR,11.0,13.7,18,1,72.8,3.08,2.33,1.35,0,ROUTINE
TMS-SER-02984,BRC-ST,SER,20.0,32.8,60,6,55.1,7.23,1.97,2.68,1,URGENT
TMS-NCR-02985,AGC-JHS,NCR,10.2,20.9,58,2,74.0,3.62,2.19,1.64,0,ROUTINE
TMS-SR-02986,NDLS-AGC,SR,9.2,31.4,5,2,88.3,7.75,0.26,1.75,1,URGENT
TMS-SCR-02987,MGS-ALD,SCR,26.1,36.0,23,1,46.3,9.2,0.92,3.85,1,URGENT
TMS-ECR-02988,BRC-ST,ECR,8.2,21.4,22,7,81.0,3.35,1.78,1.43,1,URGENT
TMS-NFR-02989,BPL-NGP,NFR,15.4,22.2,13,3,68.6,7.5,0.78,2.56,0,ROUTINE
TMS-SWR-02990,LDH-ASR,SWR,4.4,33.9,87,1,75.9,4.75,1.25,1.83,0,ROUTINE
TMS-SWR-02991,NDLS-UMB,SWR,29.2,17.9,37,4,51.0,8.29,2.14,2.73,0,ROUTINE
TMS-SR-02992,ADI-BRC,SR,8.6,35.2,137,1,70.2,4.41,1.05,1.68,0,ROUTINE
TMS-ER-02993,AGC-JHS,ER,23.2,9.9,5,1,54.9,5.73,1.41,1.45,0,ROUTINE
TMS-SWR-02994,ASR-JUC,SWR,10.0,19.3,17,1,88.1,6.04,0.63,1.68,0,ROUTINE
TMS-NWR-02995,SC-KZJ,NWR,19.2,23.9,63,1,57.6,5.64,0.68,2.34,0,ROUTINE
TMS-ECR-02996,AGC-JHS,ECR,7.5,13.7,19,2,69.4,2.63,0.31,1.01,0,ROUTINE
TMS-NR-02997,ST-BCT,NR,15.2,25.7,10,4,47.7,6.38,7.21,1.96,1,URGENT
TMS-SR-02998,KZJ-BZA,SR,12.5,23.8,180,1,65.0,5.85,1.4,1.91,0,ROUTINE
TMS-NFR-02999,LTT-NED,NFR,7.7,16.6,72,0,82.4,2.94,0.32,0.72,0,ROUTINE
TMS-WCR-03000,NGP-BZA,WCR,21.0,16.3,27,1,63.0,4.6,0.27,2.74,0,ROUTINE
TMS-ER-03001,BRC-ST,ER,23.2,15.7,28,22,40.0,5.1,0.39,2.4,1,CRITICAL
TMS-NCR-03002,ALD-CNB,NCR,15.1,11.9,5,4,82.0,3.86,1.9,1.31,0,ROUTINE
TMS-SER-03003,ST-BCT,SER,5.5,42.3,138,6,72.8,4.28,1.04,2.4,1,URGENT
TMS-NR-03004,MAS-ED,NR,5.4,20.4,57,3,82.6,7.56,1.15,1.06,0,ROUTINE
TMS-SECR-03005,LDH-ASR,SECR,6.4,12.9,5,3,90.5,2.52,1.79,0.0,0,ROUTINE
TMS-SR-03006,CNB-NDLS,SR,17.6,21.1,6,1,68.5,7.01,1.96,3.35,0,ROUTINE
TMS-NWR-03007,CSTM-KYN,NWR,8.6,24.4,60,2,83.0,4.31,2.06,1.99,0,ROUTINE
TMS-SER-03008,SC-KZJ,SER,31.5,16.0,5,2,39.0,7.4,0.12,3.75,0,ROUTINE
TMS-NR-03009,SC-KZJ,NR,5.9,19.2,99,8,86.5,3.96,2.68,0.82,1,URGENT
TMS-ER-03010,NGP-BZA,ER,11.2,37.4,180,0,72.9,7.64,0.29,2.67,0,ROUTINE
TMS-WCR-03011,AZ-MGS,WCR,22.7,13.9,76,1,59.7,7.62,1.51,2.18,0,ROUTINE
TMS-NR-03012,LDH-ASR,NR,26.5,17.6,47,1,49.4,5.69,0.38,3.05,0,ROUTINE
TMS-WR-03013,SC-KZJ,WR,15.3,10.0,23,5,73.5,3.82,2.62,1.39,0,ROUTINE
TMS-SER-03014,AGC-JHS,SER,11.5,46.0,5,0,64.8,7.11,2.17,3.45,0,ROUTINE
TMS-ECoR-03015,JUC-ADI,ECoR,19.4,28.9,45,1,64.1,6.02,0.29,2.83,0,ROUTINE
TMS-WR-03016,LTT-NED,WR,10.9,21.8,17,1,56.8,3.66,1.2,1.72,0,ROUTINE
TMS-SCR-03017,NDLS-UMB,SCR,5.5,16.7,29,1,83.3,3.21,1.92,1.14,0,ROUTINE
TMS-WCR-03018,LDH-ASR,WCR,11.9,16.3,12,4,75.8,3.58,0.28,1.39,0,ROUTINE
TMS-NER-03019,BZA-MAS,NER,9.9,19.9,9,1,74.3,3.39,0.24,1.35,0,ROUTINE
TMS-NCR-03020,BPL-NGP,NCR,24.9,27.1,13,4,49.9,6.63,0.71,3.87,1,URGENT
TMS-SWR-03021,AWB-SC,SWR,6.8,14.5,58,11,81.4,2.89,3.76,0.48,1,CRITICAL
TMS-ER-03022,BPL-NGP,ER,7.0,18.4,19,2,75.6,2.73,0.11,1.83,0,ROUTINE
TMS-SER-03023,NDLS-UMB,SER,9.2,31.3,13,8,67.3,5.64,0.67,1.52,1,URGENT
TMS-SCR-03024,SC-KZJ,SCR,12.3,42.3,19,0,53.6,5.98,2.46,2.37,0,ROUTINE
TMS-SCR-03025,HWH-BWN,SCR,33.2,27.6,5,2,32.9,7.57,0.63,4.02,1,URGENT
TMS-SECR-03026,ST-BCT,SECR,10.2,17.0,77,0,90.2,6.3,0.09,1.25,0,ROUTINE
TMS-NR-03027,BPL-NGP,NR,18.6,20.9,28,0,67.3,4.47,1.5,2.32,0,ROUTINE
TMS-NER-03028,LDH-ASR,NER,14.2,26.2,5,4,63.0,5.44,4.75,1.81,0,ROUTINE
TMS-SCR-03029,ASR-JUC,SCR,16.1,19.8,11,4,62.1,5.14,1.3,2.35,0,ROUTINE
TMS-NER-03030,NDLS-AGC,NER,17.7,29.5,143,0,59.7,7.24,2.53,2.04,0,ROUTINE
TMS-WCR-03031,AWB-SC,WCR,26.3,16.6,31,3,47.3,6.26,0.02,2.91,0,ROUTINE
TMS-WR-03032,BPL-NGP,WR,9.6,42.3,12,3,76.5,6.26,1.62,3.15,0,ROUTINE
TMS-NR-03033,ALD-CNB,NR,12.0,21.4,19,1,74.7,8.29,0.25,2.58,0,ROUTINE
TMS-SER-03034,AZ-MGS,SER,20.7,17.2,10,7,48.4,4.85,1.8,3.05,1,URGENT
TMS-WR-03035,BZA-MAS,WR,16.5,28.1,5,1,49.7,4.95,1.27,1.73,0,ROUTINE
TMS-NWR-03036,JHS-BPL,NWR,3.8,15.0,64,11,78.8,4.52,0.38,1.09,1,CRITICAL
TMS-ECoR-03037,UMB-LDH,ECoR,6.5,23.6,12,19,76.4,5.58,1.32,2.06,1,CRITICAL
TMS-SCR-03038,AWB-SC,SCR,17.7,38.9,63,0,41.4,10.81,1.69,3.3,1,URGENT
TMS-ECR-03039,ADI-BRC,ECR,7.8,13.6,22,3,83.7,10.43,3.49,0.34,0,ROUTINE
TMS-WR-03040,HWH-BWN,WR,9.7,35.8,7,6,65.5,5.29,3.3,1.56,1,URGENT
TMS-ECoR-03041,ADI-BRC,ECoR,18.5,13.2,56,10,60.4,4.78,4.13,2.12,1,URGENT
TMS-NR-03042,NGP-BZA,NR,26.2,30.8,16,1,46.4,11.09,2.76,3.62,1,URGENT
TMS-SECR-03043,BPL-NGP,SECR,29.5,15.2,43,1,65.5,9.58,1.17,3.25,0,ROUTINE
TMS-NCR-03044,CNB-NDLS,NCR,12.7,35.8,63,2,57.3,5.71,2.84,2.43,0,ROUTINE
TMS-ECR-03045,ED-CBE,ECR,20.9,17.6,115,5,74.4,4.7,1.92,2.17,0,ROUTINE
TMS-ER-03046,MGS-ALD,ER,22.2,19.2,5,8,54.0,6.61,2.01,2.03,1,URGENT
TMS-SWR-03047,SC-KZJ,SWR,10.6,15.3,5,1,71.7,3.44,0.25,1.55,0,ROUTINE
TMS-SECR-03048,MAS-ED,SECR,20.0,8.5,27,3,60.6,8.46,0.3,3.1,1,URGENT
TMS-ECoR-03049,SC-KZJ,ECoR,19.2,14.1,10,3,72.3,7.29,0.3,2.83,0,ROUTINE
TMS-WCR-03050,BZA-MAS,WCR,18.4,11.3,22,1,66.5,8.29,0.35,2.18,0,ROUTINE
TMS-NR-03051,LTT-NED,NR,18.5,9.8,5,0,64.3,3.73,0.81,2.39,0,ROUTINE
TMS-ECoR-03052,HWH-BWN,ECoR,26.4,25.0,24,4,28.0,9.96,0.57,3.76,1,URGENT
TMS-SWR-03053,BWN-AZ,SWR,5.1,40.9,5,0,60.5,5.84,0.08,2.51,0,ROUTINE
TMS-SCR-03054,AWB-SC,SCR,11.7,45.6,63,3,67.8,5.89,1.93,3.12,0,ROUTINE
TMS-SECR-03055,UMB-LDH,SECR,25.7,13.9,49,4,64.8,5.68,0.77,2.94,0,ROUTINE
TMS-WR-03056,SC-KZJ,WR,5.6,21.2,5,9,92.1,3.76,0.12,0.79,1,URGENT
TMS-SER-03057,ST-BCT,SER,4.4,35.4,63,2,67.5,5.47,2.33,2.39,0,ROUTINE
TMS-ECR-03058,MAS-ED,ECR,6.7,13.1,13,4,88.1,2.58,0.03,1.56,0,ROUTINE
TMS-NFR-03059,SC-KZJ,NFR,25.7,35.9,15,2,36.8,7.19,1.23,3.08,1,URGENT
TMS-WCR-03060,KZJ-BZA,WCR,16.1,36.2,6,4,68.0,9.77,2.12,2.26,0,ROUTINE
TMS-SR-03061,LTT-NED,SR,26.7,10.2,63,3,61.4,8.55,0.7,2.25,1,URGENT
TMS-ECoR-03062,BWN-AZ,ECoR,12.9,8.7,18,4,77.6,5.54,1.28,2.04,0,ROUTINE
TMS-SWR-03063,CBE-TVC,SWR,21.8,18.9,5,4,49.9,7.64,0.08,2.29,0,ROUTINE
TMS-ER-03064,NDLS-UMB,ER,14.4,32.3,118,3,72.3,7.65,0.41,2.22,0,ROUTINE
TMS-ER-03065,KZJ-BZA,ER,18.9,12.1,10,6,67.0,8.96,1.63,2.27,1,URGENT
TMS-CR-03066,LTT-NED,CR,8.1,9.8,96,3,88.3,5.71,2.34,0.89,1,URGENT
TMS-SECR-03067,AGC-JHS,SECR,16.5,22.8,12,4,52.1,5.28,0.18,1.88,0,ROUTINE
TMS-ECoR-03068,NGP-BZA,ECoR,17.3,28.6,62,6,50.3,6.16,5.08,1.42,1,URGENT
TMS-SR-03069,AWB-SC,SR,18.1,16.9,38,1,60.8,5.92,0.75,2.78,0,ROUTINE
TMS-NWR-03070,ADI-BRC,NWR,40.7,17.5,69,7,53.6,8.8,3.88,3.79,1,URGENT
TMS-SWR-03071,ALD-CNB,SWR,19.2,28.5,130,0,46.6,5.86,1.16,3.23,0,ROUTINE
TMS-SCR-03072,UMB-LDH,SCR,34.9,15.7,71,3,35.9,10.44,1.55,3.22,1,URGENT
TMS-NER-03073,ED-CBE,NER,8.6,16.2,18,4,76.5,5.84,0.29,0.52,0,ROUTINE
TMS-WR-03074,ADI-BRC,WR,14.1,24.8,58,0,77.5,5.09,3.24,2.06,0,ROUTINE
TMS-SER-03075,SC-KZJ,SER,3.6,25.9,43,2,84.1,2.86,0.14,0.34,0,ROUTINE
TMS-SR-03076,KZJ-BZA,SR,3.5,20.3,5,0,72.2,2.16,6.56,0.44,1,URGENT
TMS-NER-03077,KYN-IGP,NER,7.1,40.2,92,5,66.1,4.48,0.75,1.93,0,ROUTINE
TMS-SECR-03078,NDLS-AGC,SECR,10.2,30.0,21,2,65.8,4.27,0.27,1.85,0,ROUTINE
TMS-WR-03079,CNB-NDLS,WR,30.7,19.3,5,1,32.2,8.29,1.4,3.26,0,ROUTINE
TMS-NER-03080,JHS-BPL,NER,28.4,13.2,19,8,50.9,5.81,3.01,3.42,1,URGENT
TMS-WR-03081,BWN-AZ,WR,16.9,33.0,32,1,60.3,7.19,0.76,2.45,0,ROUTINE
TMS-NFR-03082,BRC-ST,NFR,10.2,33.5,29,5,76.5,5.01,0.01,1.4,0,ROUTINE
TMS-CR-03083,MGS-ALD,CR,9.1,21.3,29,0,79.7,7.58,3.09,2.34,0,ROUTINE
TMS-SR-03084,SC-KZJ,SR,14.8,24.8,10,12,56.0,5.47,1.31,2.54,1,CRITICAL
TMS-SECR-03085,NDLS-UMB,SECR,20.3,29.4,35,6,53.5,7.63,0.15,2.13,1,URGENT
TMS-SR-03086,BCT-RTM,SR,25.9,42.2,83,1,54.1,8.5,3.55,4.06,1,URGENT
TMS-NFR-03087,UMB-LDH,NFR,21.0,31.7,17,5,55.8,10.56,2.23,2.8,1,URGENT
TMS-ECoR-03088,ED-CBE,ECoR,4.7,26.5,34,1,83.4,5.15,1.14,1.05,0,ROUTINE
TMS-ECoR-03089,AWB-SC,ECoR,12.0,32.2,9,1,59.2,6.43,0.89,2.27,0,ROUTINE
TMS-ECoR-03090,ADI-BRC,ECoR,5.7,35.2,5,2,68.9,5.47,1.84,1.86,0,ROUTINE
TMS-NCR-03091,ALD-CNB,NCR,19.7,24.7,30,7,51.4,13.88,0.67,2.59,1,URGENT
TMS-NER-03092,JHS-BPL,NER,25.5,32.0,5,1,46.0,8.69,1.6,3.23,1,URGENT
TMS-NCR-03093,NGP-BZA,NCR,15.4,16.9,45,0,69.8,6.47,0.25,1.32,0,ROUTINE
TMS-CR-03094,CBE-TVC,CR,15.5,33.6,38,0,61.0,5.18,0.23,2.6,0,ROUTINE
TMS-SER-03095,ST-BCT,SER,7.3,17.0,16,0,89.3,5.82,0.56,0.9,0,ROUTINE
TMS-NFR-03096,BZA-MAS,NFR,19.9,14.8,18,1,64.2,5.99,3.25,1.7,0,ROUTINE
TMS-SECR-03097,ASR-JUC,SECR,27.8,21.1,87,1,31.7,6.68,2.85,2.75,0,ROUTINE
TMS-SR-03098,NDLS-UMB,SR,18.6,13.0,5,4,62.0,5.57,1.02,1.52,0,ROUTINE
TMS-WR-03099,AGC-JHS,WR,13.0,17.5,28,1,70.7,5.31,1.32,1.37,0,ROUTINE
TMS-SCR-03100,AWB-SC,SCR,22.9,25.8,89,2,48.5,6.1,1.48,2.44,1,URGENT
TMS-SECR-03101,NGP-BZA,SECR,14.4,24.8,85,2,64.3,5.29,0.7,1.09,0,ROUTINE
TMS-NER-03102,BRC-ST,NER,34.6,28.7,30,8,28.4,10.04,1.81,4.02,1,URGENT
TMS-NCR-03103,ADI-BRC,NCR,10.3,28.8,16,3,80.2,4.36,1.41,1.72,0,ROUTINE
TMS-NCR-03104,ASR-JUC,NCR,8.2,25.8,5,6,64.1,6.91,0.66,1.68,1,URGENT
TMS-NR-03105,ED-CBE,NR,16.9,15.8,6,1,56.1,3.96,0.5,2.1,0,ROUTINE
TMS-NCR-03106,UMB-LDH,NCR,14.5,32.1,39,8,49.9,6.48,5.93,2.51,0,ROUTINE
TMS-SER-03107,NDLS-AGC,SER,33.3,21.2,5,6,45.6,7.65,0.5,3.67,1,URGENT
TMS-NWR-03108,ALD-CNB,NWR,9.2,24.4,75,2,61.7,3.44,0.29,1.67,0,ROUTINE
TMS-SR-03109,LTT-NED,SR,10.1,23.1,31,3,77.7,6.34,2.7,1.83,0,ROUTINE
TMS-NWR-03110,UMB-LDH,NWR,3.4,41.7,5,4,73.0,5.43,2.5,1.21,0,ROUTINE
TMS-WR-03111,KYN-IGP,WR,22.6,13.8,9,5,57.1,7.01,0.41,2.32,0,ROUTINE
TMS-SR-03112,MAS-ED,SR,14.0,19.4,31,4,72.5,4.61,2.83,1.85,0,ROUTINE
TMS-NFR-03113,KZJ-BZA,NFR,10.6,27.5,5,1,84.1,7.72,3.64,1.79,0,ROUTINE
TMS-SR-03114,NDLS-UMB,SR,16.2,22.4,52,1,54.7,4.4,0.6,2.18,0,ROUTINE
TMS-NWR-03115,LDH-ASR,NWR,23.8,18.3,88,1,49.4,5.57,0.6,2.04,0,ROUTINE
TMS-SECR-03116,KYN-IGP,SECR,27.1,10.3,113,8,41.6,8.05,0.21,2.46,1,URGENT
TMS-SR-03117,ST-BCT,SR,19.3,19.8,46,3,62.7,10.67,1.42,2.31,1,URGENT
TMS-NFR-03118,NDLS-UMB,NFR,8.6,25.7,68,1,70.2,7.09,1.78,2.31,0,ROUTINE
TMS-NFR-03119,JUC-ADI,NFR,8.4,27.6,33,0,64.8,3.99,0.11,1.74,0,ROUTINE
TMS-WCR-03120,HWH-BWN,WCR,20.0,20.8,21,7,55.9,5.52,0.35,2.05,1,URGENT
TMS-CR-03121,JHS-BPL,CR,9.2,23.8,43,1,66.1,6.18,0.47,0.74,0,ROUTINE
TMS-SR-03122,ALD-CNB,SR,17.3,14.0,8,2,73.5,9.56,0.89,1.85,0,ROUTINE
TMS-SCR-03123,SC-KZJ,SCR,16.7,25.9,5,2,46.1,5.26,2.6,2.52,0,ROUTINE
TMS-NR-03124,JHS-BPL,NR,5.9,22.3,50,1,91.4,3.65,0.38,1.32,0,ROUTINE
TMS-ECoR-03125,NDLS-AGC,ECoR,11.9,23.7,111,5,81.2,3.73,2.47,2.3,0,ROUTINE
TMS-ER-03126,JUC-ADI,ER,2.8,20.3,30,1,78.8,3.45,3.31,0.47,0,ROUTINE
TMS-NFR-03127,CNB-NDLS,NFR,12.2,24.2,23,6,72.0,3.95,0.34,1.5,1,URGENT
TMS-ECR-03128,KZJ-BZA,ECR,28.6,28.6,26,4,62.1,6.76,7.42,4.35,1,URGENT
TMS-ECoR-03129,NDLS-AGC,ECoR,14.6,24.6,22,4,67.7,7.02,1.09,2.15,0,ROUTINE
TMS-SER-03130,BWN-AZ,SER,9.2,10.7,20,2,72.7,3.08,1.2,0.96,0,ROUTINE
TMS-NER-03131,AGC-JHS,NER,29.1,24.8,102,4,51.5,11.84,1.44,3.15,1,URGENT
TMS-SR-03132,ST-BCT,SR,11.5,19.0,22,1,77.9,5.76,2.44,1.37,0,ROUTINE
TMS-NWR-03133,ALD-CNB,NWR,15.4,16.7,5,4,60.1,4.34,1.59,2.29,0,ROUTINE
TMS-ER-03134,BZA-MAS,ER,19.7,38.1,50,0,44.2,8.29,1.99,2.7,0,ROUTINE
TMS-ECR-03135,ED-CBE,ECR,23.3,15.3,17,6,55.7,8.73,0.87,2.36,1,URGENT
TMS-ECoR-03136,ST-BCT,ECoR,29.2,16.0,43,1,61.4,6.81,1.34,2.47,0,ROUTINE
TMS-SR-03137,HWH-BWN,SR,12.9,9.1,30,5,67.0,4.31,0.43,0.0,0,ROUTINE
TMS-CR-03138,MGS-ALD,CR,11.8,39.5,43,3,60.0,5.42,0.68,2.3,0,ROUTINE
TMS-NER-03139,NDLS-AGC,NER,17.6,31.7,5,5,71.1,6.21,1.5,2.6,0,ROUTINE
TMS-ER-03140,JHS-BPL,ER,21.2,19.4,5,7,54.6,6.46,0.06,2.36,1,URGENT
TMS-NR-03141,BRC-ST,NR,17.5,28.4,16,2,68.0,6.81,1.3,3.25,0,ROUTINE
TMS-WR-03142,JHS-BPL,WR,10.8,9.1,41,10,78.1,4.89,1.2,1.28,1,URGENT
TMS-CR-03143,NGP-BZA,CR,30.1,26.8,8,2,54.0,12.97,0.31,3.7,1,URGENT
TMS-ECR-03144,ADI-BRC,ECR,19.4,15.8,19,6,71.3,7.82,4.07,3.13,1,URGENT
TMS-SER-03145,LTT-NED,SER,35.6,43.4,138,0,26.2,12.63,0.13,4.94,1,URGENT
TMS-ER-03146,LTT-NED,ER,40.2,25.7,8,9,26.2,9.72,0.08,3.79,1,URGENT
TMS-CR-03147,ALD-CNB,CR,6.5,23.4,65,1,71.3,3.16,2.96,1.02,0,ROUTINE
TMS-NER-03148,AWB-SC,NER,16.1,16.0,61,0,54.0,5.71,2.75,1.26,0,ROUTINE
TMS-NR-03149,ALD-CNB,NR,9.7,16.0,77,5,77.3,3.78,0.76,1.96,0,ROUTINE
TMS-CR-03150,CBE-TVC,CR,17.6,28.1,86,5,63.0,4.95,5.56,3.68,0,ROUTINE
TMS-NCR-03151,MAS-ED,NCR,9.9,15.9,24,2,83.6,3.19,5.56,1.63,0,ROUTINE
TMS-WCR-03152,BPL-NGP,WCR,6.0,15.7,40,0,100.0,5.0,0.2,0.96,0,ROUTINE
TMS-NR-03153,MGS-ALD,NR,23.6,39.0,33,0,34.2,8.65,0.98,4.18,1,URGENT
TMS-WR-03154,NDLS-UMB,WR,25.0,24.9,12,1,48.9,13.42,0.08,3.5,0,ROUTINE
TMS-ECR-03155,MGS-ALD,ECR,16.2,14.3,11,6,72.3,8.71,0.66,1.44,1,URGENT
TMS-SER-03156,BZA-MAS,SER,18.8,27.7,14,0,49.9,6.84,0.11,2.58,1,URGENT
TMS-NER-03157,ADI-BRC,NER,34.4,19.9,8,1,43.0,7.09,0.26,3.64,1,URGENT
TMS-WCR-03158,AWB-SC,WCR,4.3,11.0,49,3,90.5,2.34,3.35,0.61,0,ROUTINE
TMS-SCR-03159,KYN-IGP,SCR,7.8,18.2,116,1,76.1,3.16,2.79,1.11,0,ROUTINE
TMS-SR-03160,AWB-SC,SR,19.1,14.6,70,2,51.9,5.3,2.93,2.5,0,ROUTINE
TMS-NWR-03161,AWB-SC,NWR,6.4,24.6,8,12,77.6,6.15,0.05,2.15,1,CRITICAL
TMS-SWR-03162,BRC-ST,SWR,6.1,17.1,5,3,85.8,5.73,1.26,1.72,0,ROUTINE
TMS-SECR-03163,ASR-JUC,SECR,10.5,23.0,49,10,58.3,3.81,2.23,2.11,1,URGENT
TMS-SECR-03164,NDLS-UMB,SECR,11.9,29.0,17,6,64.9,5.7,1.76,2.97,1,URGENT
TMS-NWR-03165,BRC-ST,NWR,7.9,57.1,60,5,56.9,8.01,1.04,2.67,0,ROUTINE
TMS-SWR-03166,ALD-CNB,SWR,17.6,49.0,52,4,56.4,7.57,0.19,3.16,0,ROUTINE
TMS-NWR-03167,KZJ-BZA,NWR,14.0,24.3,34,1,57.9,8.76,2.23,2.37,0,ROUTINE
TMS-ER-03168,CNB-NDLS,ER,10.9,21.7,10,4,76.6,4.26,3.31,1.96,0,ROUTINE
TMS-WCR-03169,AWB-SC,WCR,43.2,17.5,5,1,31.5,9.23,0.47,3.84,1,URGENT
TMS-ECR-03170,NDLS-UMB,ECR,7.3,11.5,10,0,84.7,3.78,1.16,0.92,0,ROUTINE
TMS-NER-03171,KYN-IGP,NER,10.0,8.9,24,1,87.7,3.33,1.01,0.98,0,ROUTINE
TMS-NR-03172,MGS-ALD,NR,12.9,15.8,135,0,89.0,9.83,1.98,1.55,1,URGENT
TMS-ER-03173,ED-CBE,ER,19.4,42.7,5,7,57.2,9.18,3.91,3.53,1,URGENT
TMS-ECR-03174,ALD-CNB,ECR,25.5,42.2,7,2,37.1,10.73,0.91,3.72,1,URGENT
TMS-SR-03175,ED-CBE,SR,5.0,22.8,34,3,85.8,5.37,0.93,0.29,0,ROUTINE
TMS-NCR-03176,CSTM-KYN,NCR,24.6,26.7,12,2,59.0,7.6,0.38,3.14,1,URGENT
TMS-SECR-03177,JUC-ADI,SECR,6.1,17.4,68,4,76.0,2.36,0.3,1.29,0,ROUTINE
TMS-NER-03178,HWH-BWN,NER,13.0,21.9,5,0,74.5,6.6,0.06,2.31,1,URGENT
TMS-NWR-03179,MGS-ALD,NWR,18.9,16.3,115,4,65.4,6.04,2.55,2.25,0,ROUTINE
TMS-CR-03180,JUC-ADI,CR,35.1,16.3,85,1,43.9,6.74,0.77,3.66,0,ROUTINE
TMS-SCR-03181,UMB-LDH,SCR,14.1,28.4,76,3,53.6,4.64,0.11,1.33,0,ROUTINE
TMS-NER-03182,KYN-IGP,NER,10.0,17.4,6,4,75.1,4.2,1.2,1.5,0,ROUTINE
TMS-NFR-03183,AWB-SC,NFR,13.8,27.0,13,0,60.7,8.06,0.61,2.22,0,ROUTINE
TMS-SER-03184,BRC-ST,SER,14.4,20.9,57,8,70.3,5.45,5.34,2.33,1,URGENT
TMS-SWR-03185,CBE-TVC,SWR,16.8,39.1,57,2,61.1,10.69,0.89,3.37,0,ROUTINE
TMS-ECR-03186,ALD-CNB,ECR,45.0,27.7,42,6,4.3,12.35,0.16,4.56,1,URGENT
TMS-ECoR-03187,LDH-ASR,ECoR,16.1,24.5,20,1,66.6,6.37,1.53,3.1,0,ROUTINE
TMS-SR-03188,MGS-ALD,SR,4.0,12.5,13,2,99.7,2.35,2.37,0.94,0,ROUTINE
TMS-NCR-03189,HWH-BWN,NCR,20.9,18.2,115,0,71.7,8.42,1.31,2.54,1,URGENT
TMS-SR-03190,MAS-ED,SR,16.3,21.8,5,6,77.4,6.34,2.24,2.17,1,URGENT
TMS-WCR-03191,MGS-ALD,WCR,15.0,22.7,5,2,72.9,5.68,0.53,1.69,0,ROUTINE
TMS-NER-03192,LTT-NED,NER,27.4,28.9,5,6,55.0,7.81,1.14,3.24,1,URGENT
TMS-SECR-03193,KZJ-BZA,SECR,24.5,24.1,52,6,48.2,6.08,2.63,3.13,1,URGENT
TMS-SWR-03194,UMB-LDH,SWR,7.1,14.7,5,0,81.7,2.27,0.12,1.45,0,ROUTINE
TMS-ECoR-03195,SC-KZJ,ECoR,13.4,28.1,27,5,53.8,6.78,0.45,2.2,0,ROUTINE
TMS-NFR-03196,KYN-IGP,NFR,5.8,18.5,16,1,78.1,7.39,1.48,0.66,1,URGENT
TMS-NR-03197,JUC-ADI,NR,5.1,17.1,5,4,91.0,2.54,1.06,0.66,0,ROUTINE
TMS-CR-03198,CSTM-KYN,CR,6.8,14.3,47,1,87.0,7.62,2.2,1.97,0,ROUTINE
TMS-ECoR-03199,ADI-BRC,ECoR,17.3,19.3,5,8,43.9,4.29,0.29,2.2,1,URGENT
TMS-ECR-03200,KYN-IGP,ECR,22.8,17.8,13,8,57.7,6.45,2.82,3.08,1,URGENT
TMS-NWR-03201,BZA-MAS,NWR,23.2,35.3,28,1,43.9,6.55,1.45,4.39,1,URGENT
TMS-NFR-03202,AGC-JHS,NFR,14.0,19.9,18,3,67.0,8.09,0.34,1.3,0,ROUTINE
TMS-CR-03203,KYN-IGP,CR,7.6,27.5,10,1,86.6,3.56,0.09,1.24,0,ROUTINE
TMS-SCR-03204,MGS-ALD,SCR,9.7,10.8,91,11,71.6,2.9,6.02,1.23,1,CRITICAL
TMS-NCR-03205,BZA-MAS,NCR,21.1,29.9,93,0,46.0,8.84,0.88,2.52,1,URGENT
TMS-NWR-03206,SC-KZJ,NWR,4.4,28.7,18,4,93.1,5.29,0.47,1.49,0,ROUTINE
TMS-NER-03207,ALD-CNB,NER,16.0,12.4,17,1,68.4,4.37,0.3,1.39,0,ROUTINE
TMS-ECoR-03208,BZA-MAS,ECoR,6.4,15.7,12,3,90.8,5.84,0.42,0.96,0,ROUTINE
TMS-SECR-03209,BWN-AZ,SECR,17.3,17.0,67,3,67.0,5.97,1.01,2.09,0,ROUTINE
TMS-CR-03210,CSTM-KYN,CR,21.2,20.5,29,0,58.8,5.42,2.88,2.1,0,ROUTINE
TMS-SER-03211,BRC-ST,SER,10.0,16.7,5,12,69.7,5.53,0.35,1.56,0,ROUTINE
TMS-ER-03212,NDLS-AGC,ER,5.2,20.1,67,5,91.2,3.2,0.69,0.93,0,ROUTINE
TMS-SER-03213,JHS-BPL,SER,11.9,28.8,26,3,74.1,7.47,2.39,1.91,0,ROUTINE
TMS-NR-03214,ED-CBE,NR,14.5,17.8,18,2,66.1,6.64,1.64,2.15,0,ROUTINE
TMS-SER-03215,ED-CBE,SER,8.2,25.0,14,6,75.3,3.97,0.04,1.76,1,URGENT
TMS-SCR-03216,ADI-BRC,SCR,15.2,23.8,5,0,70.3,4.4,0.43,2.47,0,ROUTINE
TMS-WCR-03217,ALD-CNB,WCR,24.9,6.8,109,7,52.6,7.72,0.2,2.48,1,URGENT
TMS-NR-03218,NDLS-UMB,NR,33.8,16.1,47,2,27.9,7.26,0.06,2.84,1,URGENT
TMS-NFR-03219,KZJ-BZA,NFR,10.3,32.9,5,0,69.0,4.96,4.41,2.04,0,ROUTINE
TMS-NCR-03220,LDH-ASR,NCR,27.9,15.5,25,0,44.3,5.46,1.46,2.56,0,ROUTINE
TMS-NFR-03221,MAS-ED,NFR,20.3,14.5,28,4,69.4,6.79,1.17,2.18,0,ROUTINE
TMS-ER-03222,KYN-IGP,ER,25.0,33.6,6,0,43.5,7.08,2.95,3.19,1,URGENT
TMS-ECR-03223,MAS-ED,ECR,19.8,23.6,19,1,48.0,6.0,1.34,2.79,0,ROUTINE
TMS-NCR-03224,ST-BCT,NCR,36.1,39.8,36,4,27.5,13.2,1.29,4.92,1,URGENT
TMS-SER-03225,BPL-NGP,SER,7.0,18.4,11,8,70.3,2.79,0.34,1.03,1,URGENT
TMS-SECR-03226,ASR-JUC,SECR,14.8,35.9,14,3,63.5,5.17,1.45,2.37,0,ROUTINE
TMS-SR-03227,LTT-NED,SR,8.9,15.6,5,0,62.0,4.23,1.65,1.84,0,ROUTINE
TMS-ECR-03228,JUC-ADI,ECR,15.9,7.9,18,5,72.4,5.42,3.2,2.21,0,ROUTINE
TMS-NCR-03229,BZA-MAS,NCR,24.5,29.1,30,4,51.9,7.51,0.83,3.33,1,URGENT
TMS-NCR-03230,SC-KZJ,NCR,12.0,27.9,5,0,58.4,4.86,0.34,1.64,0,ROUTINE
TMS-ER-03231,LTT-NED,ER,28.6,29.1,33,6,52.7,7.52,1.26,3.8,1,URGENT
TMS-NER-03232,KYN-IGP,NER,24.2,20.4,17,2,41.1,5.59,5.39,3.12,0,ROUTINE
TMS-SER-03233,MGS-ALD,SER,14.2,39.9,39,3,61.2,6.07,0.12,3.35,1,URGENT
TMS-ER-03234,CNB-NDLS,ER,5.6,31.4,13,1,63.2,6.2,0.01,1.52,0,ROUTINE
TMS-NCR-03235,NGP-BZA,NCR,14.0,30.9,29,6,54.9,5.95,0.05,3.16,1,URGENT
TMS-CR-03236,SC-KZJ,CR,41.0,23.3,33,1,29.5,12.44,2.67,3.61,1,URGENT
TMS-ECR-03237,CNB-NDLS,ECR,20.4,13.0,41,0,66.7,4.47,0.0,2.55,1,URGENT
TMS-ER-03238,LDH-ASR,ER,19.8,22.8,49,1,60.1,5.96,0.38,2.9,0,ROUTINE
TMS-NER-03239,HWH-BWN,NER,4.4,25.6,5,2,86.5,5.13,5.99,1.81,0,ROUTINE
TMS-SWR-03240,ASR-JUC,SWR,26.5,50.1,117,0,25.1,8.62,2.05,3.18,1,URGENT
TMS-ECoR-03241,AWB-SC,ECoR,41.8,24.7,64,0,12.7,8.87,0.37,3.65,1,URGENT
TMS-NFR-03242,ASR-JUC,NFR,21.1,14.6,28,5,66.2,4.56,0.38,2.56,0,ROUTINE
TMS-NCR-03243,ST-BCT,NCR,12.5,26.8,77,2,53.9,8.49,0.92,2.49,1,URGENT
TMS-SER-03244,NDLS-UMB,SER,12.4,36.7,16,9,53.3,5.17,0.12,2.26,1,URGENT
TMS-SR-03245,NDLS-UMB,SR,27.0,44.0,5,2,36.5,14.59,1.59,3.83,1,URGENT
TMS-ECoR-03246,ASR-JUC,ECoR,15.3,21.3,45,4,68.8,5.19,1.03,1.97,0,ROUTINE
TMS-NR-03247,ALD-CNB,NR,22.4,20.5,100,1,58.4,13.01,0.82,2.32,1,URGENT
TMS-SECR-03248,NDLS-UMB,SECR,27.6,12.6,6,3,41.6,5.23,1.01,3.86,0,ROUTINE
TMS-SECR-03249,BPL-NGP,SECR,9.0,17.4,36,2,78.0,4.42,0.48,1.88,0,ROUTINE
TMS-WR-03250,KYN-IGP,WR,13.4,26.4,58,4,58.1,6.47,0.36,1.65,1,URGENT
TMS-WR-03251,BWN-AZ,WR,9.7,12.1,82,8,82.3,3.88,0.11,1.62,1,URGENT
TMS-NWR-03252,MAS-ED,NWR,16.0,50.4,11,2,52.0,8.12,1.47,2.75,0,ROUTINE
TMS-NER-03253,SC-KZJ,NER,5.1,19.2,5,3,89.7,3.85,1.02,1.09,0,ROUTINE
TMS-WCR-03254,JUC-ADI,WCR,18.7,23.3,9,2,58.4,4.99,1.86,1.97,0,ROUTINE
TMS-SR-03255,KYN-IGP,SR,17.4,25.5,30,3,57.4,6.17,3.37,1.59,0,ROUTINE
TMS-SWR-03256,BRC-ST,SWR,12.3,34.9,87,2,77.9,6.2,7.45,2.56,1,URGENT
TMS-SWR-03257,NDLS-UMB,SWR,17.8,24.7,30,7,46.2,5.52,0.39,2.38,1,URGENT
TMS-NWR-03258,CBE-TVC,NWR,15.1,14.5,88,5,84.9,5.3,0.28,1.95,0,ROUTINE
TMS-NER-03259,UMB-LDH,NER,10.7,26.3,51,2,69.0,4.77,3.65,1.2,0,ROUTINE
TMS-WCR-03260,AWB-SC,WCR,16.7,34.8,31,1,46.5,8.1,0.77,3.93,0,ROUTINE
TMS-SER-03261,UMB-LDH,SER,9.9,15.5,5,1,72.5,2.8,2.44,1.24,0,ROUTINE
TMS-CR-03262,AZ-MGS,CR,15.7,30.6,14,2,67.6,4.82,0.22,2.96,0,ROUTINE
TMS-WCR-03263,BRC-ST,WCR,5.3,24.6,5,16,86.0,4.25,0.52,1.38,1,CRITICAL
TMS-SER-03264,KYN-IGP,SER,14.9,23.1,13,7,82.5,13.14,0.02,2.1,1,URGENT
TMS-NFR-03265,KZJ-BZA,NFR,13.4,17.2,5,2,72.6,4.57,6.89,1.31,1,URGENT
TMS-ECoR-03266,ASR-JUC,ECoR,24.0,20.3,6,6,56.1,5.25,0.01,3.79,1,URGENT
TMS-ECR-03267,JUC-ADI,ECR,14.2,26.5,18,11,72.6,5.01,0.28,3.37,1,CRITICAL
TMS-WCR-03268,ASR-JUC,WCR,7.1,18.7,25,8,64.0,3.82,1.22,1.06,1,URGENT
TMS-SWR-03269,NDLS-UMB,SWR,3.9,15.0,8,3,85.7,6.41,2.85,1.04,1,URGENT
TMS-SECR-03270,ST-BCT,SECR,23.8,14.8,46,3,58.4,5.01,2.37,2.5,0,ROUTINE
TMS-NER-03271,MGS-ALD,NER,9.7,24.8,31,1,60.9,8.6,0.44,2.39,0,ROUTINE
TMS-SER-03272,NDLS-AGC,SER,18.5,27.0,41,6,57.6,10.57,3.18,3.46,1,URGENT
TMS-ECR-03273,BPL-NGP,ECR,11.6,21.6,46,3,66.7,5.52,0.11,1.12,1,URGENT
TMS-NFR-03274,SC-KZJ,NFR,12.3,45.9,45,2,57.6,6.03,0.6,1.75,0,ROUTINE
TMS-NCR-03275,SC-KZJ,NCR,10.0,11.2,96,5,92.6,3.93,0.46,1.03,0,ROUTINE
TMS-NR-03276,JHS-BPL,NR,6.5,25.8,9,2,93.9,6.43,1.6,1.07,0,ROUTINE
TMS-ECoR-03277,BCT-RTM,ECoR,9.4,10.6,11,9,79.7,3.14,0.06,1.0,1,URGENT
TMS-NFR-03278,BRC-ST,NFR,20.6,21.3,5,4,62.4,9.51,2.89,2.79,0,ROUTINE
TMS-NFR-03279,BWN-AZ,NFR,14.9,24.5,31,3,74.1,4.38,4.88,2.73,0,ROUTINE
TMS-SER-03280,JHS-BPL,SER,16.8,20.7,17,0,67.6,4.91,0.4,2.16,0,ROUTINE
TMS-CR-03281,HWH-BWN,CR,10.5,10.2,23,2,66.9,12.37,3.48,1.68,0,ROUTINE
TMS-NWR-03282,SC-KZJ,NWR,11.7,21.4,6,2,72.0,5.22,3.55,1.64,0,ROUTINE
TMS-SWR-03283,BCT-RTM,SWR,11.0,22.2,36,7,67.6,5.21,1.48,2.42,1,URGENT
TMS-NR-03284,ALD-CNB,NR,17.2,31.8,33,2,64.8,5.67,1.06,2.02,0,ROUTINE
TMS-ECoR-03285,ST-BCT,ECoR,19.7,12.5,10,4,59.2,7.85,2.24,2.14,0,ROUTINE
TMS-NCR-03286,AWB-SC,NCR,10.5,39.5,21,2,65.0,5.86,1.09,1.48,0,ROUTINE
TMS-NCR-03287,KZJ-BZA,NCR,15.7,8.1,78,1,74.8,6.16,2.05,1.73,0,ROUTINE
TMS-ER-03288,SC-KZJ,ER,10.9,13.2,51,2,70.0,6.02,0.15,1.54,0,ROUTINE
TMS-NFR-03289,LDH-ASR,NFR,8.8,23.8,9,0,65.9,3.61,0.5,0.9,0,ROUTINE
TMS-NER-03290,ASR-JUC,NER,35.6,25.1,73,3,24.3,8.74,0.75,3.91,1,URGENT
TMS-WCR-03291,MGS-ALD,WCR,9.1,40.6,5,5,79.4,5.58,0.34,2.57,0,ROUTINE
TMS-CR-03292,BZA-MAS,CR,15.1,24.0,18,2,70.4,4.52,0.39,2.7,0,ROUTINE
TMS-NR-03293,CSTM-KYN,NR,14.7,21.3,5,3,67.2,4.17,2.15,2.71,0,ROUTINE
TMS-WCR-03294,ADI-BRC,WCR,11.1,26.5,90,2,77.5,3.88,0.29,1.97,0,ROUTINE
TMS-SER-03295,KZJ-BZA,SER,10.0,8.7,5,7,90.6,4.62,0.18,1.33,1,URGENT
TMS-NCR-03296,CNB-NDLS,NCR,7.7,14.8,5,0,80.8,5.39,0.49,0.53,0,ROUTINE
TMS-ECoR-03297,NDLS-UMB,ECoR,33.9,13.9,86,3,45.4,7.47,0.26,3.32,0,ROUTINE
TMS-ER-03298,ALD-CNB,ER,19.7,32.5,30,1,48.7,7.21,0.34,3.06,0,ROUTINE
TMS-SECR-03299,JUC-ADI,SECR,30.9,37.3,55,5,48.6,8.23,2.29,3.77,1,URGENT
TMS-SWR-03300,BZA-MAS,SWR,18.7,46.8,5,3,48.9,9.06,0.87,3.41,1,URGENT
TMS-ECoR-03301,UMB-LDH,ECoR,29.7,27.9,19,3,50.7,8.44,0.85,3.7,1,URGENT
TMS-CR-03302,ASR-JUC,CR,17.7,31.7,145,8,67.5,9.47,1.12,2.09,1,URGENT
TMS-NER-03303,CSTM-KYN,NER,8.7,23.0,30,0,76.7,5.89,0.14,1.91,0,ROUTINE
TMS-ER-03304,MAS-ED,ER,15.0,18.2,66,4,77.5,3.74,6.53,2.08,1,URGENT
TMS-SECR-03305,NDLS-UMB,SECR,15.1,14.4,115,5,59.8,6.74,2.82,1.61,0,ROUTINE
TMS-ER-03306,BWN-AZ,ER,14.1,13.9,40,0,68.7,3.28,0.52,2.13,0,ROUTINE
TMS-NWR-03307,AZ-MGS,NWR,22.3,12.8,13,1,67.1,7.73,0.09,2.11,0,ROUTINE
TMS-NR-03308,BWN-AZ,NR,20.4,29.7,12,2,51.6,14.16,1.44,3.78,1,URGENT
TMS-ER-03309,CBE-TVC,ER,16.0,18.8,5,0,76.3,5.22,1.35,2.37,0,ROUTINE
TMS-SCR-03310,CSTM-KYN,SCR,37.1,16.6,19,3,39.4,7.41,0.56,3.61,0,ROUTINE
TMS-NWR-03311,CSTM-KYN,NWR,17.9,9.9,86,1,85.5,3.5,0.62,2.2,0,ROUTINE
TMS-NWR-03312,ASR-JUC,NWR,4.6,15.4,22,4,84.6,2.25,1.12,1.44,0,ROUTINE
TMS-CR-03313,MAS-ED,CR,8.9,19.8,84,1,76.8,4.32,3.17,1.04,0,ROUTINE
TMS-SCR-03314,HWH-BWN,SCR,11.2,12.0,59,2,79.5,5.93,0.17,1.29,0,ROUTINE
TMS-ECR-03315,ST-BCT,ECR,25.6,60.0,145,2,38.1,12.74,1.07,4.18,1,URGENT
TMS-ECoR-03316,AZ-MGS,ECoR,18.1,13.0,103,4,56.1,6.06,0.86,3.08,0,ROUTINE
TMS-SWR-03317,BZA-MAS,SWR,20.1,35.2,42,0,52.4,6.01,0.94,2.22,1,URGENT
TMS-NER-03318,ADI-BRC,NER,9.2,21.2,71,6,77.3,12.57,3.61,1.92,1,URGENT
TMS-SR-03319,ALD-CNB,SR,14.3,17.7,48,3,67.5,6.31,1.18,1.54,0,ROUTINE
TMS-ECoR-03320,NDLS-AGC,ECoR,13.1,20.1,42,0,72.0,4.68,1.78,1.45,0,ROUTINE
TMS-ER-03321,NDLS-AGC,ER,33.0,22.3,44,3,34.0,10.09,3.66,3.72,0,ROUTINE
TMS-NER-03322,LTT-NED,NER,10.2,24.3,44,4,59.5,5.25,0.54,1.86,0,ROUTINE
TMS-NCR-03323,CNB-NDLS,NCR,17.4,15.0,16,4,64.3,5.66,0.67,2.38,0,ROUTINE
TMS-ECR-03324,BRC-ST,ECR,7.6,27.8,19,6,60.4,10.47,0.39,1.85,1,URGENT
TMS-NCR-03325,AGC-JHS,NCR,9.1,19.9,12,6,76.7,6.19,1.58,1.13,0,ROUTINE
TMS-SCR-03326,BPL-NGP,SCR,23.1,13.0,5,3,49.0,5.11,0.44,2.89,1,URGENT
TMS-WR-03327,BWN-AZ,WR,11.7,18.7,21,1,80.4,3.64,0.4,1.71,0,ROUTINE
TMS-NCR-03328,BPL-NGP,NCR,5.8,39.2,80,0,67.1,4.38,6.49,1.6,1,URGENT
TMS-SER-03329,KYN-IGP,SER,10.5,24.2,36,7,82.4,4.72,1.79,1.39,1,URGENT
TMS-NR-03330,NDLS-UMB,NR,18.6,22.2,5,3,57.1,5.55,2.53,2.19,0,ROUTINE
TMS-ECoR-03331,JUC-ADI,ECoR,14.2,18.9,58,1,74.7,4.85,5.2,2.69,0,ROUTINE
TMS-SR-03332,BPL-NGP,SR,8.3,19.5,95,3,79.7,2.93,5.31,0.14,0,ROUTINE
TMS-SER-03333,NDLS-AGC,SER,13.0,24.2,61,2,75.3,4.34,0.61,2.34,0,ROUTINE
TMS-WR-03334,MAS-ED,WR,9.1,20.0,45,2,76.8,6.16,1.1,1.82,0,ROUTINE
TMS-CR-03335,BCT-RTM,CR,7.2,26.6,5,5,86.3,6.04,3.85,2.05,0,ROUTINE
TMS-SR-03336,AZ-MGS,SR,11.1,25.3,15,0,71.5,4.69,0.04,1.87,0,ROUTINE
TMS-NCR-03337,CBE-TVC,NCR,10.0,13.8,29,0,82.8,3.59,3.72,1.19,0,ROUTINE
TMS-ER-03338,ST-BCT,ER,9.0,27.4,5,3,65.7,7.85,2.93,2.52,0,ROUTINE
TMS-SECR-03339,JHS-BPL,SECR,11.5,15.2,5,4,81.9,3.34,0.95,0.86,0,ROUTINE
TMS-ECR-03340,ED-CBE,ECR,16.3,14.9,95,1,82.9,4.52,1.09,1.35,0,ROUTINE
TMS-SWR-03341,ST-BCT,SWR,10.0,22.0,42,0,74.6,6.14,0.07,0.67,0,ROUTINE
TMS-NFR-03342,LDH-ASR,NFR,20.5,24.6,11,2,50.7,6.75,1.22,2.41,0,ROUTINE
TMS-SR-03343,MGS-ALD,SR,8.1,28.4,13,0,65.2,3.61,0.2,3.03,0,ROUTINE
TMS-SWR-03344,BPL-NGP,SWR,5.5,9.4,16,0,76.0,1.6,0.46,0.32,0,ROUTINE
TMS-SWR-03345,AZ-MGS,SWR,15.8,30.4,5,8,50.9,4.84,2.44,2.7,1,URGENT
TMS-NCR-03346,ALD-CNB,NCR,16.4,26.2,47,2,56.4,6.69,1.05,2.11,0,ROUTINE
TMS-ECR-03347,ADI-BRC,ECR,29.0,16.6,6,10,35.8,7.63,2.09,2.87,1,URGENT
TMS-WCR-03348,KYN-IGP,WCR,45.0,20.2,57,0,25.1,8.46,4.03,3.95,1,URGENT
TMS-NER-03349,ADI-BRC,NER,5.7,24.0,65,2,73.3,3.06,0.28,1.16,0,ROUTINE
TMS-ECoR-03350,SC-KZJ,ECoR,9.3,5.5,35,0,89.2,4.4,0.45,0.53,0,ROUTINE
TMS-SWR-03351,ASR-JUC,SWR,17.7,13.5,51,6,75.6,4.48,1.33,2.77,1,URGENT
TMS-NWR-03352,AZ-MGS,NWR,5.0,35.3,6,4,77.9,13.15,4.48,1.68,0,ROUTINE
TMS-WR-03353,BRC-ST,WR,19.3,17.4,30,1,69.1,5.04,2.27,1.51,0,ROUTINE
TMS-NR-03354,BRC-ST,NR,29.7,21.4,39,0,39.7,6.99,1.53,3.9,0,ROUTINE
TMS-ECR-03355,ST-BCT,ECR,10.2,21.2,37,2,61.6,4.31,1.71,0.84,0,ROUTINE
TMS-ER-03356,HWH-BWN,ER,10.1,29.5,5,2,56.8,7.39,0.85,2.35,0,ROUTINE
TMS-SCR-03357,JHS-BPL,SCR,13.8,18.9,14,3,66.3,5.21,0.78,1.83,0,ROUTINE
TMS-ER-03358,KZJ-BZA,ER,14.9,19.5,13,8,68.0,7.69,6.5,2.59,1,URGENT
TMS-ECR-03359,ADI-BRC,ECR,19.1,24.0,29,1,58.5,5.9,2.91,2.0,0,ROUTINE
TMS-ER-03360,ADI-BRC,ER,6.0,31.1,50,3,77.4,5.26,2.15,2.29,0,ROUTINE
TMS-SWR-03361,BPL-NGP,SWR,23.0,35.3,29,3,55.1,6.28,1.91,3.51,1,URGENT
TMS-ECoR-03362,NGP-BZA,ECoR,17.2,19.5,49,2,77.1,5.85,1.26,2.26,0,ROUTINE
TMS-ER-03363,BWN-AZ,ER,17.8,18.2,5,5,69.0,4.29,0.6,2.26,0,ROUTINE
TMS-WCR-03364,MAS-ED,WCR,12.1,20.9,73,4,74.2,3.92,0.85,1.35,0,ROUTINE
TMS-SR-03365,HWH-BWN,SR,13.2,37.9,26,0,58.0,17.03,0.09,4.15,0,ROUTINE
TMS-NWR-03366,SC-KZJ,NWR,15.8,30.3,5,10,49.3,6.82,0.14,2.51,1,URGENT
TMS-ER-03367,JUC-ADI,ER,8.8,18.3,36,4,72.9,6.85,0.73,1.35,0,ROUTINE
TMS-NWR-03368,HWH-BWN,NWR,2.2,11.6,25,11,89.0,1.38,0.18,0.46,1,CRITICAL
TMS-SECR-03369,MAS-ED,SECR,11.3,34.6,8,0,50.8,5.43,0.76,2.45,0,ROUTINE
TMS-NCR-03370,CBE-TVC,NCR,5.4,36.2,50,0,68.6,7.67,0.36,2.07,0,ROUTINE
TMS-CR-03371,BPL-NGP,CR,8.1,14.2,94,7,90.3,3.41,0.65,1.54,1,URGENT
TMS-ECoR-03372,BCT-RTM,ECoR,12.8,18.6,13,0,71.0,3.99,0.72,1.65,0,ROUTINE
TMS-WR-03373,BCT-RTM,WR,18.8,31.5,23,6,58.9,6.65,2.37,3.1,1,URGENT
TMS-SWR-03374,NDLS-UMB,SWR,33.0,25.9,5,0,48.2,8.3,1.74,4.16,1,URGENT
TMS-CR-03375,KYN-IGP,CR,22.3,10.0,92,5,62.4,13.5,2.53,3.08,1,URGENT
TMS-SWR-03376,AGC-JHS,SWR,9.6,14.1,13,1,79.0,3.44,0.68,1.48,0,ROUTINE
TMS-WCR-03377,LTT-NED,WCR,5.5,28.0,7,2,81.7,9.37,2.62,2.04,1,URGENT
TMS-NCR-03378,LTT-NED,NCR,11.9,24.5,22,0,92.2,8.61,4.48,1.44,0,ROUTINE
TMS-SWR-03379,BCT-RTM,SWR,24.5,29.0,5,1,48.8,7.19,0.49,2.99,1,URGENT
TMS-SECR-03380,BPL-NGP,SECR,24.8,30.3,10,6,46.7,11.94,1.9,2.55,1,URGENT
TMS-ECoR-03381,AZ-MGS,ECoR,27.8,24.5,5,3,50.5,8.74,0.09,2.61,0,ROUTINE
TMS-ECR-03382,JUC-ADI,ECR,20.1,26.3,5,3,62.1,9.44,1.1,2.7,1,URGENT
TMS-ECR-03383,CNB-NDLS,ECR,6.3,17.7,5,1,80.6,6.81,0.26,1.52,0,ROUTINE
TMS-NWR-03384,MAS-ED,NWR,12.0,23.2,72,8,70.7,3.83,2.68,2.15,1,URGENT
TMS-NCR-03385,ST-BCT,NCR,9.4,25.2,93,2,72.3,7.97,0.8,1.41,0,ROUTINE
TMS-NWR-03386,NDLS-AGC,NWR,16.8,43.9,22,4,58.9,7.38,1.39,3.5,0,ROUTINE
TMS-SECR-03387,JUC-ADI,SECR,28.5,16.0,34,0,33.8,7.58,1.31,2.36,0,ROUTINE
TMS-NR-03388,JUC-ADI,NR,27.8,29.7,41,9,54.3,7.26,0.17,3.1,1,URGENT
TMS-ER-03389,UMB-LDH,ER,6.0,21.2,17,2,81.6,4.67,0.16,1.29,0,ROUTINE
TMS-NFR-03390,JUC-ADI,NFR,17.0,29.9,16,3,42.1,5.0,1.27,2.15,0,ROUTINE
TMS-NR-03391,AWB-SC,NR,19.5,21.2,39,0,42.3,5.55,0.57,2.05,0,ROUTINE
TMS-ER-03392,BZA-MAS,ER,12.8,35.6,16,3,62.3,6.75,0.18,2.6,0,ROUTINE
TMS-ECoR-03393,BZA-MAS,ECoR,13.3,16.5,30,2,55.9,3.75,0.56,1.52,0,ROUTINE
TMS-NWR-03394,LTT-NED,NWR,6.8,23.5,25,0,89.8,5.13,0.32,1.42,0,ROUTINE
TMS-WR-03395,ED-CBE,WR,17.2,26.5,26,0,78.7,8.23,0.06,3.24,0,ROUTINE
TMS-ECoR-03396,LDH-ASR,ECoR,12.1,16.9,61,0,62.3,3.24,0.72,2.03,0,ROUTINE
TMS-SECR-03397,NDLS-UMB,SECR,9.8,25.1,42,0,64.8,5.33,1.71,1.79,0,ROUTINE
TMS-SER-03398,MGS-ALD,SER,17.6,33.2,113,5,52.6,7.03,0.18,2.44,0,ROUTINE
TMS-SER-03399,NGP-BZA,SER,10.5,21.6,54,2,73.6,6.35,1.32,2.24,0,ROUTINE
TMS-WCR-03400,AZ-MGS,WCR,18.1,30.0,5,10,59.7,7.51,0.25,2.14,1,URGENT
TMS-WCR-03401,BCT-RTM,WCR,14.4,17.0,46,2,62.0,4.73,0.11,1.65,1,URGENT
TMS-WCR-03402,NGP-BZA,WCR,8.7,14.3,38,0,90.5,3.32,0.15,1.27,0,ROUTINE
TMS-SER-03403,BCT-RTM,SER,17.7,29.3,36,1,64.4,13.49,0.35,2.54,0,ROUTINE
TMS-SECR-03404,ASR-JUC,SECR,28.2,17.7,22,1,58.5,7.04,0.94,2.1,0,ROUTINE
TMS-WR-03405,CSTM-KYN,WR,22.1,11.4,5,0,61.2,5.28,0.88,2.32,0,ROUTINE
TMS-SWR-03406,NDLS-AGC,SWR,13.9,16.4,105,2,82.3,13.32,0.97,2.26,1,URGENT
TMS-ECoR-03407,CSTM-KYN,ECoR,13.1,38.1,66,0,60.4,5.41,0.71,2.74,0,ROUTINE
TMS-ER-03408,NGP-BZA,ER,14.0,33.9,23,1,50.9,5.22,3.18,2.95,0,ROUTINE
TMS-SECR-03409,LTT-NED,SECR,9.8,14.2,6,2,87.2,10.11,3.24,1.31,0,ROUTINE
TMS-SER-03410,NDLS-UMB,SER,21.3,12.4,60,4,53.1,6.33,1.61,2.62,0,ROUTINE
TMS-WR-03411,BCT-RTM,WR,12.7,18.8,19,8,68.4,4.88,0.59,1.1,1,URGENT
TMS-NCR-03412,ADI-BRC,NCR,16.5,33.7,17,1,51.5,5.31,0.31,3.47,0,ROUTINE
TMS-WCR-03413,MAS-ED,WCR,29.4,20.5,38,2,56.8,6.93,1.79,3.9,0,ROUTINE
TMS-SECR-03414,CBE-TVC,SECR,14.6,20.6,49,1,64.0,4.97,8.5,2.36,1,URGENT
TMS-SCR-03415,NDLS-UMB,SCR,16.9,17.4,5,2,68.3,5.36,2.57,2.31,0,ROUTINE
TMS-SWR-03416,CNB-NDLS,SWR,19.6,19.9,51,7,69.4,5.68,0.6,1.34,1,URGENT
TMS-ER-03417,LTT-NED,ER,19.3,31.2,46,5,50.2,6.54,0.32,2.27,0,ROUTINE
TMS-SER-03418,UMB-LDH,SER,15.8,23.0,31,5,68.0,14.74,2.55,2.36,0,ROUTINE
TMS-NER-03419,ST-BCT,NER,16.0,20.5,14,1,63.2,11.34,0.77,1.72,0,ROUTINE
TMS-ECR-03420,NDLS-AGC,ECR,9.1,28.8,6,6,73.7,3.85,1.32,2.28,1,URGENT
TMS-WR-03421,KYN-IGP,WR,20.7,22.8,5,1,57.6,5.3,0.07,2.48,0,ROUTINE
TMS-ECR-03422,BCT-RTM,ECR,14.2,32.5,5,7,70.4,10.41,2.46,2.14,1,URGENT
TMS-NR-03423,CNB-NDLS,NR,13.6,16.9,8,1,70.2,4.16,0.34,1.82,0,ROUTINE
TMS-ECR-03424,KZJ-BZA,ECR,8.6,24.8,18,0,74.6,5.17,2.16,0.8,0,ROUTINE
TMS-ER-03425,AGC-JHS,ER,9.2,31.7,9,7,85.0,7.11,1.62,1.19,1,URGENT
TMS-SR-03426,ALD-CNB,SR,17.9,41.3,12,3,41.4,7.26,0.8,2.89,0,ROUTINE
TMS-NWR-03427,MAS-ED,NWR,30.7,14.3,17,3,52.3,5.78,1.14,2.83,0,ROUTINE
TMS-ER-03428,CNB-NDLS,ER,5.6,20.7,12,8,96.2,6.02,1.16,1.13,1,URGENT
TMS-SWR-03429,LTT-NED,SWR,11.6,13.1,45,4,75.1,5.61,0.38,1.32,0,ROUTINE
TMS-SCR-03430,NDLS-UMB,SCR,7.5,15.1,23,4,70.7,2.42,0.21,0.0,1,URGENT
TMS-ER-03431,AZ-MGS,ER,22.3,22.4,5,2,50.4,9.69,2.49,2.81,0,ROUTINE
TMS-SECR-03432,JHS-BPL,SECR,7.5,9.9,8,1,81.7,5.81,1.76,1.63,0,ROUTINE
TMS-WR-03433,MAS-ED,WR,9.0,26.3,43,10,85.3,4.1,1.46,1.34,1,URGENT
TMS-NFR-03434,KYN-IGP,NFR,12.2,27.7,12,4,55.5,4.21,0.49,2.18,0,ROUTINE
TMS-WR-03435,AZ-MGS,WR,32.3,21.5,88,2,44.2,7.6,0.77,4.02,1,URGENT
TMS-NWR-03436,LTT-NED,NWR,14.2,15.9,43,4,59.0,7.56,0.24,1.48,0,ROUTINE
TMS-NER-03437,BZA-MAS,NER,16.3,20.1,11,3,61.3,5.37,2.11,1.2,0,ROUTINE
TMS-ECR-03438,NGP-BZA,ECR,17.8,51.8,25,5,56.8,7.48,0.02,4.11,0,ROUTINE
TMS-NWR-03439,JUC-ADI,NWR,12.0,18.0,38,4,77.8,3.77,0.0,1.19,0,ROUTINE
TMS-ECR-03440,NDLS-AGC,ECR,4.5,16.2,7,3,88.3,2.85,1.1,0.92,0,ROUTINE
TMS-NR-03441,LTT-NED,NR,20.8,8.8,9,1,72.5,14.04,0.63,1.49,0,ROUTINE
TMS-NWR-03442,ADI-BRC,NWR,9.1,33.7,24,1,69.5,8.28,0.23,1.58,0,ROUTINE
TMS-SER-03443,JUC-ADI,SER,29.6,13.5,90,0,50.1,7.1,1.93,2.49,0,ROUTINE
TMS-SWR-03444,KYN-IGP,SWR,7.3,23.0,14,4,76.6,6.24,4.03,1.75,0,ROUTINE
TMS-SWR-03445,BPL-NGP,SWR,12.5,51.6,18,5,59.0,6.76,0.49,3.46,0,ROUTINE
TMS-ECR-03446,ADI-BRC,ECR,13.4,25.7,7,1,70.3,5.98,1.38,2.6,1,URGENT
TMS-NER-03447,AZ-MGS,NER,15.6,25.6,31,1,76.7,8.51,2.05,2.49,0,ROUTINE
TMS-WCR-03448,BPL-NGP,WCR,16.4,19.5,47,3,53.4,4.94,1.43,1.62,0,ROUTINE
TMS-WCR-03449,BWN-AZ,WCR,5.0,25.2,20,0,78.9,5.99,0.72,1.05,0,ROUTINE
TMS-SER-03450,AGC-JHS,SER,12.6,22.9,48,4,68.0,5.63,1.22,1.77,0,ROUTINE
TMS-CR-03451,ST-BCT,CR,11.2,27.6,12,1,80.0,5.8,1.93,2.62,0,ROUTINE
TMS-ECoR-03452,LDH-ASR,ECoR,7.9,8.4,42,0,76.8,1.94,4.3,1.23,0,ROUTINE
TMS-ECoR-03453,NDLS-UMB,ECoR,22.1,25.8,10,3,51.5,9.97,2.22,2.83,0,ROUTINE
TMS-NER-03454,AGC-JHS,NER,22.5,26.4,53,1,53.3,8.48,0.57,3.12,1,URGENT
TMS-NFR-03455,LTT-NED,NFR,10.8,60.0,62,0,57.5,6.49,1.67,2.6,0,ROUTINE
TMS-CR-03456,BZA-MAS,CR,19.2,22.2,55,2,58.7,6.54,3.72,3.62,0,ROUTINE
TMS-NR-03457,CSTM-KYN,NR,28.8,24.3,8,0,40.2,9.0,1.1,2.87,0,ROUTINE
TMS-NER-03458,ASR-JUC,NER,12.7,26.0,41,4,62.6,7.16,0.15,1.84,0,ROUTINE
TMS-SER-03459,UMB-LDH,SER,16.5,26.3,27,2,53.3,4.76,1.54,1.85,0,ROUTINE
TMS-ECoR-03460,ASR-JUC,ECoR,8.7,13.6,149,2,72.9,4.44,1.39,0.62,0,ROUTINE
TMS-SECR-03461,CNB-NDLS,SECR,4.4,30.8,15,3,75.1,3.65,0.22,1.28,0,ROUTINE
TMS-ECoR-03462,UMB-LDH,ECoR,24.2,15.4,51,0,50.1,6.06,0.41,2.74,0,ROUTINE
TMS-ECoR-03463,ADI-BRC,ECoR,4.1,26.1,16,4,96.6,4.2,1.67,1.43,0,ROUTINE
TMS-SER-03464,HWH-BWN,SER,10.1,15.7,17,1,80.6,2.83,5.45,0.86,0,ROUTINE
TMS-NCR-03465,SC-KZJ,NCR,12.8,20.3,5,7,62.4,4.26,0.29,1.06,1,URGENT
TMS-NER-03466,MAS-ED,NER,6.6,18.4,9,8,84.4,5.66,1.43,0.46,1,URGENT
TMS-ER-03467,BRC-ST,ER,17.1,20.1,6,8,51.8,7.87,0.96,2.67,1,URGENT
TMS-WR-03468,BRC-ST,WR,19.4,21.5,6,3,70.3,5.43,0.62,3.06,0,ROUTINE
TMS-NR-03469,MGS-ALD,NR,16.8,25.8,5,2,58.1,5.75,3.68,2.42,0,ROUTINE
TMS-ECoR-03470,UMB-LDH,ECoR,16.1,21.4,55,5,73.9,7.69,4.15,2.24,0,ROUTINE
TMS-WR-03471,BWN-AZ,WR,13.5,31.5,22,3,64.5,4.99,0.27,1.75,0,ROUTINE
TMS-SWR-03472,CBE-TVC,SWR,12.0,17.9,57,2,75.2,5.86,1.84,1.87,0,ROUTINE
TMS-WCR-03473,JUC-ADI,WCR,24.2,26.4,33,1,51.5,6.79,2.23,2.78,1,URGENT
TMS-SECR-03474,AWB-SC,SECR,22.7,15.9,62,2,35.7,13.38,3.85,0.72,1,URGENT
TMS-ECR-03475,NDLS-UMB,ECR,8.2,45.3,24,0,69.3,6.7,0.11,1.79,0,ROUTINE
TMS-NER-03476,NGP-BZA,NER,10.6,26.4,5,4,63.3,4.02,4.03,2.61,0,ROUTINE
TMS-SCR-03477,UMB-LDH,SCR,20.6,16.8,33,2,60.8,4.81,0.42,2.81,0,ROUTINE
TMS-SER-03478,NGP-BZA,SER,17.6,44.4,39,3,55.8,6.25,2.93,3.13,0,ROUTINE
TMS-NCR-03479,CSTM-KYN,NCR,13.7,27.3,34,2,77.1,6.75,2.64,2.33,0,ROUTINE
TMS-SWR-03480,CNB-NDLS,SWR,7.1,16.8,56,6,89.7,3.58,2.37,1.0,1,URGENT
TMS-NER-03481,ADI-BRC,NER,15.0,21.1,46,4,58.5,3.96,0.52,1.84,0,ROUTINE
TMS-NR-03482,CSTM-KYN,NR,10.6,14.1,19,2,66.3,2.93,2.14,1.31,0,ROUTINE
TMS-SECR-03483,ADI-BRC,SECR,4.9,14.1,59,0,86.7,2.55,0.46,0.39,0,ROUTINE
TMS-NCR-03484,MAS-ED,NCR,39.4,36.0,41,3,27.4,9.89,0.56,4.88,1,URGENT
TMS-NR-03485,JUC-ADI,NR,3.4,15.5,5,3,92.9,7.33,2.55,1.4,0,ROUTINE
TMS-SWR-03486,KZJ-BZA,SWR,8.0,13.0,27,6,88.6,3.8,1.32,1.44,1,URGENT
TMS-NER-03487,MAS-ED,NER,24.4,28.6,45,0,44.9,10.44,0.54,3.54,1,URGENT
TMS-ER-03488,ST-BCT,ER,28.0,43.1,28,0,37.5,8.22,1.8,3.96,1,URGENT
TMS-SWR-03489,ADI-BRC,SWR,16.3,35.3,104,0,48.0,6.08,2.92,2.04,0,ROUTINE
TMS-SCR-03490,KZJ-BZA,SCR,15.7,55.5,5,4,59.1,11.05,1.22,3.54,0,ROUTINE
TMS-NR-03491,JHS-BPL,NR,10.3,58.5,44,0,64.7,7.58,0.37,3.66,0,ROUTINE
TMS-NCR-03492,MGS-ALD,NCR,19.0,15.5,60,4,62.9,5.87,1.3,2.73,0,ROUTINE
TMS-NCR-03493,CSTM-KYN,NCR,21.4,19.6,42,4,52.2,6.49,1.32,2.93,0,ROUTINE
TMS-WR-03494,BRC-ST,WR,30.1,11.8,17,3,40.2,7.53,1.5,3.04,0,ROUTINE
TMS-NR-03495,ST-BCT,NR,6.4,13.9,17,3,85.4,3.85,2.28,2.0,0,ROUTINE
TMS-SR-03496,KZJ-BZA,SR,11.0,34.1,30,7,57.9,6.75,5.93,2.37,1,URGENT
TMS-NER-03497,JHS-BPL,NER,7.8,24.8,17,5,81.4,3.47,0.17,0.96,0,ROUTINE
TMS-SR-03498,BZA-MAS,SR,13.1,39.7,75,1,61.0,7.62,0.32,2.37,0,ROUTINE
TMS-NFR-03499,LTT-NED,NFR,19.2,15.7,5,0,61.1,4.46,2.53,2.23,0,ROUTINE
TMS-NER-03500,KZJ-BZA,NER,15.7,17.8,35,0,73.8,4.61,1.13,0.95,0,ROUTINE
TMS-NR-03501,BZA-MAS,NR,14.5,28.1,5,5,49.7,7.98,2.05,2.12,0,ROUTINE
TMS-CR-03502,AWB-SC,CR,7.0,33.9,27,0,76.1,5.63,0.81,2.47,0,ROUTINE
TMS-SECR-03503,ST-BCT,SECR,5.3,11.5,44,3,86.1,8.55,2.74,1.55,0,ROUTINE
TMS-NR-03504,MGS-ALD,NR,18.5,20.2,6,1,60.3,4.97,0.82,2.41,0,ROUTINE
TMS-SR-03505,JHS-BPL,SR,10.1,26.0,42,0,77.5,8.67,4.4,1.74,0,ROUTINE
TMS-ER-03506,ED-CBE,ER,12.5,30.4,5,3,76.7,6.36,0.74,2.51,0,ROUTINE
TMS-SECR-03507,ED-CBE,SECR,10.4,32.9,33,5,69.7,5.11,0.5,2.31,0,ROUTINE
TMS-NR-03508,UMB-LDH,NR,6.0,21.5,24,5,84.2,5.71,0.16,0.72,0,ROUTINE
TMS-NR-03509,JUC-ADI,NR,16.4,13.5,12,7,65.2,9.74,2.83,1.72,1,URGENT
TMS-ER-03510,ALD-CNB,ER,17.9,10.3,5,2,62.7,6.53,4.47,2.06,0,ROUTINE
TMS-NR-03511,KZJ-BZA,NR,24.1,20.6,46,2,55.7,5.28,3.37,0.86,0,ROUTINE
TMS-SECR-03512,BPL-NGP,SECR,10.5,19.8,16,2,71.6,3.18,2.14,1.56,0,ROUTINE
TMS-WCR-03513,MGS-ALD,WCR,10.6,16.1,5,2,73.2,3.15,0.85,1.45,0,ROUTINE
TMS-ECoR-03514,CNB-NDLS,ECoR,8.0,31.7,51,12,84.3,7.54,0.55,2.3,1,CRITICAL
TMS-CR-03515,JHS-BPL,CR,21.5,14.0,9,2,71.1,7.12,0.5,1.72,0,ROUTINE
TMS-ECR-03516,AWB-SC,ECR,19.1,17.0,46,3,52.9,6.27,2.14,2.26,0,ROUTINE
TMS-CR-03517,ED-CBE,CR,5.3,35.4,29,6,82.0,6.0,0.63,0.82,1,URGENT
TMS-SER-03518,UMB-LDH,SER,17.2,16.3,7,1,72.0,5.82,2.31,1.76,0,ROUTINE
TMS-SCR-03519,HWH-BWN,SCR,24.6,25.3,5,6,52.0,6.57,6.05,3.0,1,URGENT
TMS-WR-03520,AWB-SC,WR,12.4,22.1,31,6,79.1,6.18,0.31,1.11,1,URGENT
TMS-NR-03521,JHS-BPL,NR,6.4,24.5,5,5,90.6,8.39,0.18,1.18,0,ROUTINE
TMS-ECoR-03522,HWH-BWN,ECoR,28.7,31.6,5,5,47.3,9.6,0.19,3.82,1,URGENT
TMS-WCR-03523,CBE-TVC,WCR,9.8,25.3,42,2,69.7,7.53,0.09,2.16,0,ROUTINE
TMS-NER-03524,BRC-ST,NER,5.3,12.7,27,13,82.3,2.35,1.76,1.27,1,CRITICAL
TMS-NR-03525,SC-KZJ,NR,8.0,13.6,13,4,77.0,3.15,1.35,0.43,0,ROUTINE
TMS-SR-03526,AWB-SC,SR,12.1,25.0,27,0,72.4,5.23,1.25,1.39,0,ROUTINE
TMS-SWR-03527,CNB-NDLS,SWR,10.5,15.4,31,0,86.5,4.08,1.31,1.4,0,ROUTINE
TMS-ECoR-03528,ASR-JUC,ECoR,14.5,32.5,29,2,52.0,6.03,0.11,2.23,0,ROUTINE
TMS-ER-03529,MAS-ED,ER,16.1,25.1,36,2,70.5,6.47,0.52,2.18,0,ROUTINE
TMS-ECoR-03530,KZJ-BZA,ECoR,14.0,11.2,98,5,84.9,6.86,0.46,1.19,0,ROUTINE
TMS-WCR-03531,MAS-ED,WCR,11.4,47.3,17,1,46.4,9.86,0.98,3.69,0,ROUTINE
TMS-SER-03532,BZA-MAS,SER,8.3,19.2,12,2,74.9,3.11,3.17,0.87,0,ROUTINE
TMS-ER-03533,AGC-JHS,ER,9.2,20.4,5,1,66.5,3.2,5.37,1.94,0,ROUTINE
TMS-NFR-03534,CBE-TVC,NFR,17.1,26.3,5,7,64.6,5.41,1.42,3.06,1,URGENT
TMS-ECR-03535,NDLS-UMB,ECR,14.9,21.4,5,1,60.3,6.62,0.43,1.6,0,ROUTINE
TMS-NWR-03536,LDH-ASR,NWR,25.0,32.6,14,0,38.2,9.51,0.72,4.02,1,URGENT
TMS-SECR-03537,BWN-AZ,SECR,12.8,14.8,32,0,83.7,4.07,0.59,2.51,0,ROUTINE
TMS-ECoR-03538,NGP-BZA,ECoR,11.3,35.1,5,0,58.0,5.25,0.34,2.13,0,ROUTINE
TMS-SECR-03539,LTT-NED,SECR,8.0,29.1,45,3,75.8,3.81,5.76,2.03,0,ROUTINE
TMS-NCR-03540,NDLS-AGC,NCR,19.8,16.3,17,3,61.9,4.82,0.21,1.86,0,ROUTINE
TMS-SR-03541,CSTM-KYN,SR,19.6,24.5,115,2,54.1,5.11,1.25,3.25,0,ROUTINE
TMS-NR-03542,KYN-IGP,NR,30.4,36.0,29,2,35.6,8.16,2.4,2.96,1,URGENT
TMS-SR-03543,HWH-BWN,SR,18.1,27.3,51,4,57.6,7.15,4.21,2.06,0,ROUTINE
TMS-SECR-03544,SC-KZJ,SECR,18.5,23.5,69,5,69.3,4.93,0.34,2.85,0,ROUTINE
TMS-CR-03545,ED-CBE,CR,24.7,28.5,76,6,56.8,6.76,0.32,3.46,1,URGENT
TMS-NWR-03546,LDH-ASR,NWR,13.0,29.4,25,0,69.1,5.81,1.03,2.28,0,ROUTINE
TMS-WCR-03547,BWN-AZ,WCR,21.2,18.1,17,1,70.9,5.42,0.73,2.89,0,ROUTINE
TMS-CR-03548,ASR-JUC,CR,34.7,23.6,28,5,41.5,8.25,0.43,2.76,0,ROUTINE
TMS-NFR-03549,AZ-MGS,NFR,22.7,31.2,17,4,44.4,7.27,0.15,3.5,1,URGENT
TMS-NWR-03550,LTT-NED,NWR,9.5,23.4,9,8,69.1,6.28,0.68,1.83,1,URGENT
TMS-NWR-03551,ASR-JUC,NWR,9.0,16.7,13,4,94.5,6.39,0.5,1.77,0,ROUTINE
TMS-CR-03552,BWN-AZ,CR,11.9,24.8,9,0,76.3,4.2,0.28,1.75,0,ROUTINE
TMS-ER-03553,BRC-ST,ER,14.4,19.0,10,0,70.3,4.6,0.69,2.51,0,ROUTINE
TMS-SER-03554,JUC-ADI,SER,11.1,28.0,5,0,70.9,5.62,0.13,2.49,0,ROUTINE
TMS-WCR-03555,SC-KZJ,WCR,17.3,39.3,19,3,54.9,7.12,3.74,2.86,0,ROUTINE
TMS-SECR-03556,HWH-BWN,SECR,8.1,29.1,9,1,92.2,3.71,1.37,1.53,0,ROUTINE
TMS-CR-03557,SC-KZJ,CR,13.3,16.0,20,7,65.7,4.12,0.98,1.78,1,URGENT
TMS-SR-03558,CBE-TVC,SR,7.5,25.0,54,7,83.2,3.64,0.21,1.1,1,URGENT
TMS-ER-03559,BPL-NGP,ER,23.3,7.9,20,7,70.9,5.21,2.25,2.03,1,URGENT
TMS-SR-03560,ASR-JUC,SR,6.7,21.3,108,1,73.9,3.53,0.12,1.97,1,URGENT
TMS-WCR-03561,UMB-LDH,WCR,7.4,32.3,5,4,66.7,6.07,6.31,1.52,1,URGENT
TMS-SER-03562,KYN-IGP,SER,23.9,26.1,66,5,39.4,6.7,2.77,2.44,1,URGENT
TMS-NFR-03563,BZA-MAS,NFR,18.5,23.2,9,5,52.9,5.18,0.96,3.15,0,ROUTINE
TMS-NR-03564,KZJ-BZA,NR,12.3,52.0,95,5,62.1,7.94,1.67,3.27,0,ROUTINE
TMS-SER-03565,NGP-BZA,SER,15.5,11.2,9,3,70.3,5.82,0.14,1.87,0,ROUTINE
TMS-SCR-03566,KYN-IGP,SCR,13.0,12.3,48,3,79.5,3.16,1.01,1.61,0,ROUTINE
TMS-NER-03567,ASR-JUC,NER,18.8,26.9,5,5,65.0,5.55,2.57,2.17,0,ROUTINE
TMS-ER-03568,AZ-MGS,ER,4.8,31.8,34,1,76.8,3.73,0.12,2.44,0,ROUTINE
TMS-NFR-03569,BCT-RTM,NFR,18.7,32.3,8,3,48.5,5.84,0.37,2.63,0,ROUTINE
TMS-SCR-03570,AWB-SC,SCR,10.4,17.7,38,2,80.5,7.62,2.25,0.5,0,ROUTINE
TMS-NCR-03571,KYN-IGP,NCR,35.3,15.8,35,0,19.4,6.83,0.92,3.23,1,URGENT
TMS-NFR-03572,SC-KZJ,NFR,7.7,14.9,90,0,90.8,6.44,1.64,1.94,0,ROUTINE
TMS-CR-03573,BRC-ST,CR,21.0,25.3,34,0,38.2,6.18,2.56,2.63,1,URGENT
TMS-WR-03574,AZ-MGS,WR,13.7,15.0,18,0,62.0,5.3,0.24,2.36,0,ROUTINE
TMS-CR-03575,ADI-BRC,CR,5.7,34.7,7,5,70.9,4.79,0.95,1.93,0,ROUTINE
TMS-SER-03576,BRC-ST,SER,26.8,22.0,37,6,39.5,7.61,1.24,2.74,1,URGENT
TMS-NER-03577,ASR-JUC,NER,21.8,16.8,5,2,44.2,6.22,1.43,2.07,0,ROUTINE
TMS-NFR-03578,BRC-ST,NFR,23.7,16.8,61,2,56.9,6.03,2.82,3.1,0,ROUTINE
TMS-SECR-03579,MGS-ALD,SECR,41.3,12.0,9,1,28.2,7.8,0.97,4.09,1,URGENT
TMS-ECR-03580,LDH-ASR,ECR,11.8,16.2,25,3,70.1,8.41,0.57,0.98,0,ROUTINE
TMS-NR-03581,ADI-BRC,NR,19.2,17.8,31,0,60.4,9.26,2.43,2.61,0,ROUTINE
TMS-WCR-03582,KZJ-BZA,WCR,17.7,26.1,15,0,49.6,4.89,3.41,2.33,0,ROUTINE
TMS-SER-03583,CBE-TVC,SER,3.9,21.3,38,7,88.9,2.79,0.67,1.05,1,URGENT
TMS-CR-03584,ED-CBE,CR,3.3,15.7,10,9,80.0,3.46,1.94,1.67,1,URGENT
TMS-NER-03585,ALD-CNB,NER,13.9,13.6,5,3,76.1,11.04,0.36,2.66,0,ROUTINE
TMS-NR-03586,BRC-ST,NR,23.8,20.2,112,4,52.8,7.79,0.14,2.34,0,ROUTINE
TMS-NFR-03587,NDLS-AGC,NFR,27.1,9.8,13,1,53.1,8.26,0.71,1.48,0,ROUTINE
TMS-SECR-03588,BPL-NGP,SECR,26.0,19.5,43,0,48.1,6.21,0.78,2.94,0,ROUTINE
TMS-NFR-03589,SC-KZJ,NFR,3.6,34.7,24,4,84.2,3.81,0.18,2.2,0,ROUTINE
TMS-NWR-03590,ASR-JUC,NWR,29.6,20.5,38,5,54.3,6.59,0.16,3.07,0,ROUTINE
TMS-NER-03591,AGC-JHS,NER,17.0,23.7,5,8,70.9,5.77,1.84,2.0,1,URGENT
TMS-SCR-03592,HWH-BWN,SCR,5.5,22.5,25,12,78.7,6.54,1.9,0.83,1,CRITICAL
TMS-CR-03593,JHS-BPL,CR,10.2,12.8,17,0,78.4,3.04,0.11,1.36,0,ROUTINE
TMS-SECR-03594,JUC-ADI,SECR,40.6,44.8,21,1,10.4,11.36,1.06,4.33,1,URGENT
TMS-ECR-03595,ED-CBE,ECR,6.2,18.9,118,6,77.2,5.75,1.23,1.09,1,URGENT
TMS-NFR-03596,BZA-MAS,NFR,12.6,22.2,5,1,60.3,5.05,1.04,1.72,0,ROUTINE
TMS-ECR-03597,HWH-BWN,ECR,21.4,17.1,49,5,54.6,5.66,5.81,2.65,0,ROUTINE
TMS-NFR-03598,LDH-ASR,NFR,20.5,35.0,14,1,54.1,6.73,0.92,3.46,1,URGENT
TMS-CR-03599,HWH-BWN,CR,23.5,12.4,12,1,57.8,6.35,1.18,2.16,0,ROUTINE
TMS-NR-03600,MAS-ED,NR,15.3,37.4,11,0,54.0,8.69,0.56,2.12,0,ROUTINE
TMS-ECoR-03601,BCT-RTM,ECoR,32.9,19.7,15,6,48.3,17.62,0.44,2.77,1,URGENT
TMS-NR-03602,AWB-SC,NR,7.6,17.9,15,1,71.9,6.64,2.56,1.79,0,ROUTINE
TMS-NFR-03603,AWB-SC,NFR,8.3,17.3,11,1,79.1,3.83,3.95,2.1,0,ROUTINE
TMS-SR-03604,NGP-BZA,SR,9.3,45.8,38,1,82.2,5.22,0.58,1.96,0,ROUTINE
TMS-WR-03605,ASR-JUC,WR,29.3,11.7,5,0,62.3,5.59,2.82,3.75,0,ROUTINE
TMS-SWR-03606,ALD-CNB,SWR,20.1,17.9,14,3,56.7,4.51,0.82,3.26,0,ROUTINE
TMS-ECoR-03607,NDLS-UMB,ECoR,8.2,13.2,11,3,90.9,3.19,1.12,0.76,0,ROUTINE
TMS-SCR-03608,AZ-MGS,SCR,12.6,10.8,48,4,70.6,4.07,0.29,1.36,0,ROUTINE
TMS-ECoR-03609,KZJ-BZA,ECoR,18.8,37.4,5,0,56.6,9.25,1.32,3.37,0,ROUTINE
TMS-WR-03610,AZ-MGS,WR,13.3,22.0,98,11,83.3,3.93,4.58,1.92,1,CRITICAL
TMS-ECR-03611,AGC-JHS,ECR,2.8,14.0,6,2,86.3,2.06,0.08,0.6,0,ROUTINE
TMS-NER-03612,CSTM-KYN,NER,29.4,30.9,16,7,46.7,8.31,0.45,4.14,1,URGENT
TMS-ECR-03613,UMB-LDH,ECR,10.0,18.9,7,2,74.3,6.8,1.78,1.92,0,ROUTINE
TMS-SER-03614,AWB-SC,SER,25.3,17.1,11,1,49.0,5.35,0.47,2.26,0,ROUTINE
TMS-ECR-03615,AZ-MGS,ECR,18.4,27.9,50,1,63.7,5.55,0.69,2.87,0,ROUTINE
TMS-SCR-03616,KZJ-BZA,SCR,14.3,18.7,22,2,73.4,5.21,0.51,2.05,0,ROUTINE
TMS-SR-03617,LTT-NED,SR,5.2,15.1,6,1,74.0,2.77,5.14,0.95,0,ROUTINE
TMS-NR-03618,KZJ-BZA,NR,17.8,29.3,5,6,56.1,14.77,1.0,2.37,1,URGENT
TMS-NR-03619,AWB-SC,NR,33.5,21.0,9,1,29.9,7.91,0.22,3.04,1,URGENT
TMS-SWR-03620,AZ-MGS,SWR,12.0,29.9,101,3,53.7,9.04,0.2,2.03,1,URGENT
TMS-NCR-03621,KZJ-BZA,NCR,15.3,18.9,65,0,66.3,9.46,0.56,1.73,1,URGENT
TMS-WCR-03622,ASR-JUC,WCR,7.6,33.4,20,7,74.6,4.41,0.77,2.21,1,URGENT
TMS-NFR-03623,UMB-LDH,NFR,6.7,22.3,23,1,86.6,3.58,0.51,2.08,0,ROUTINE
TMS-WCR-03624,KYN-IGP,WCR,13.8,33.9,80,3,50.0,5.57,1.2,2.27,0,ROUTINE
TMS-SR-03625,MGS-ALD,SR,12.8,33.5,31,3,54.9,5.75,3.08,2.5,0,ROUTINE
TMS-NCR-03626,JHS-BPL,NCR,15.3,36.4,74,1,70.6,5.34,2.33,2.23,1,URGENT
TMS-WR-03627,MAS-ED,WR,6.7,22.8,23,0,72.5,6.12,1.3,1.41,0,ROUTINE
TMS-WCR-03628,CNB-NDLS,WCR,17.2,25.9,7,11,49.8,4.93,1.93,2.76,1,CRITICAL
TMS-WCR-03629,JUC-ADI,WCR,8.6,20.2,45,1,90.7,7.39,1.63,1.43,0,ROUTINE
TMS-SER-03630,SC-KZJ,SER,16.2,15.5,26,0,66.9,5.39,0.1,1.75,0,ROUTINE
TMS-CR-03631,SC-KZJ,CR,14.5,49.5,38,7,49.8,7.45,1.51,2.96,1,URGENT
TMS-WR-03632,NDLS-UMB,WR,5.4,16.4,5,3,78.1,4.28,3.08,1.26,0,ROUTINE
TMS-NFR-03633,AWB-SC,NFR,26.7,31.9,36,2,36.3,11.97,2.66,3.37,1,URGENT
TMS-WCR-03634,LTT-NED,WCR,24.7,29.7,16,9,47.0,6.78,0.95,2.74,1,URGENT
TMS-NFR-03635,LDH-ASR,NFR,27.7,23.9,14,5,49.2,6.7,0.59,3.71,0,ROUTINE
TMS-NWR-03636,CBE-TVC,NWR,11.5,20.9,38,2,75.8,4.32,0.71,1.45,0,ROUTINE
TMS-NWR-03637,NDLS-AGC,NWR,8.1,20.9,31,0,63.0,4.22,1.25,2.11,0,ROUTINE
TMS-ER-03638,MGS-ALD,ER,21.8,17.1,36,2,70.9,4.8,0.79,1.83,0,ROUTINE
TMS-WR-03639,KYN-IGP,WR,21.2,23.1,117,2,55.3,7.31,0.64,3.65,0,ROUTINE
TMS-ER-03640,UMB-LDH,ER,36.2,13.8,42,8,41.6,8.01,0.19,4.09,1,URGENT
TMS-ECR-03641,NDLS-UMB,ECR,7.6,29.9,35,5,79.8,5.08,0.17,1.24,0,ROUTINE
TMS-CR-03642,UMB-LDH,CR,25.6,20.3,33,1,48.5,6.04,0.04,2.88,0,ROUTINE
TMS-ECoR-03643,LDH-ASR,ECoR,11.5,15.1,17,3,79.1,6.61,7.65,1.56,1,URGENT
TMS-SWR-03644,NDLS-UMB,SWR,11.8,13.3,63,1,76.8,3.85,0.68,1.12,0,ROUTINE
TMS-ECoR-03645,MGS-ALD,ECoR,26.1,21.1,16,3,48.0,7.72,0.11,3.59,0,ROUTINE
TMS-SWR-03646,AZ-MGS,SWR,24.1,21.4,42,1,53.9,5.88,1.26,3.22,0,ROUTINE
TMS-NWR-03647,LTT-NED,NWR,13.4,18.0,12,7,66.4,6.84,1.69,2.27,1,URGENT
TMS-NWR-03648,UMB-LDH,NWR,11.8,27.1,5,2,62.1,4.65,1.71,2.47,0,ROUTINE
TMS-NWR-03649,BRC-ST,NWR,12.5,25.5,5,6,69.6,9.01,5.23,1.72,1,URGENT
TMS-SR-03650,BRC-ST,SR,23.7,22.7,35,1,54.4,6.58,0.36,2.99,0,ROUTINE
TMS-NER-03651,BRC-ST,NER,21.4,15.3,13,1,62.4,4.75,3.38,2.59,0,ROUTINE
TMS-SWR-03652,ADI-BRC,SWR,17.3,16.5,11,0,77.2,5.8,3.55,1.52,0,ROUTINE
TMS-WR-03653,NDLS-AGC,WR,9.4,12.7,31,0,82.0,4.05,0.92,1.04,0,ROUTINE
TMS-ER-03654,MGS-ALD,ER,12.4,20.6,5,1,68.2,4.6,4.58,2.02,0,ROUTINE
TMS-SR-03655,BRC-ST,SR,17.0,27.8,9,4,62.3,8.2,0.34,1.82,0,ROUTINE
TMS-NR-03656,ADI-BRC,NR,8.0,13.7,14,0,99.2,3.39,0.62,1.29,0,ROUTINE
TMS-ECoR-03657,ALD-CNB,ECoR,28.9,17.7,43,0,38.9,6.04,2.14,2.97,0,ROUTINE
TMS-SER-03658,ST-BCT,SER,4.8,21.7,27,4,95.7,2.51,4.35,0.52,0,ROUTINE
TMS-SCR-03659,BCT-RTM,SCR,27.7,27.8,67,0,47.9,10.83,0.12,3.72,0,ROUTINE
TMS-NFR-03660,BWN-AZ,NFR,14.1,12.3,14,5,73.3,4.36,1.68,2.53,0,ROUTINE
TMS-ER-03661,NGP-BZA,ER,29.9,53.9,12,1,25.9,10.45,4.3,4.41,1,URGENT
TMS-NCR-03662,JUC-ADI,NCR,9.7,30.0,5,0,67.1,4.1,0.16,1.72,0,ROUTINE
TMS-SECR-03663,JHS-BPL,SECR,27.0,17.5,106,4,37.2,6.79,0.3,2.94,0,ROUTINE
TMS-NR-03664,AGC-JHS,NR,26.8,14.5,24,4,53.9,6.7,1.7,3.01,0,ROUTINE
TMS-WCR-03665,JHS-BPL,WCR,22.1,24.9,24,2,61.5,6.56,1.5,2.2,0,ROUTINE
TMS-WR-03666,ED-CBE,WR,17.1,26.8,89,1,59.8,10.87,0.53,2.75,1,URGENT
TMS-WCR-03667,HWH-BWN,WCR,14.1,14.9,11,2,67.8,5.0,4.14,1.76,0,ROUTINE
TMS-WCR-03668,BZA-MAS,WCR,16.6,14.2,14,0,62.0,10.96,0.73,1.06,0,ROUTINE
TMS-WCR-03669,AWB-SC,WCR,23.0,15.5,37,2,58.3,5.02,0.63,2.2,1,URGENT
TMS-SER-03670,BCT-RTM,SER,30.7,22.8,53,1,47.2,11.34,2.76,3.37,0,ROUTINE
TMS-ER-03671,UMB-LDH,ER,23.4,22.9,42,2,61.7,6.95,1.24,2.58,0,ROUTINE
TMS-SCR-03672,BRC-ST,SCR,34.9,52.8,54,0,6.2,10.16,0.88,5.03,1,URGENT
TMS-SR-03673,NDLS-UMB,SR,20.1,9.3,29,7,61.4,6.5,1.18,1.99,1,URGENT
TMS-WR-03674,NDLS-UMB,WR,9.4,17.0,69,0,83.2,4.4,1.89,1.09,0,ROUTINE
TMS-CR-03675,HWH-BWN,CR,9.3,18.0,27,1,67.6,4.55,0.13,2.22,0,ROUTINE
TMS-NFR-03676,BRC-ST,NFR,7.9,27.0,9,4,73.2,3.72,0.61,0.91,0,ROUTINE
TMS-ER-03677,HWH-BWN,ER,6.5,27.4,27,2,82.6,5.45,2.95,1.26,0,ROUTINE
TMS-NER-03678,JHS-BPL,NER,10.0,20.5,43,5,74.0,3.84,1.98,2.09,0,ROUTINE
TMS-NWR-03679,BRC-ST,NWR,16.9,40.6,37,0,54.9,6.66,0.11,3.28,0,ROUTINE
TMS-NWR-03680,AWB-SC,NWR,24.7,14.2,9,10,46.7,9.58,0.93,2.52,1,URGENT
TMS-NFR-03681,SC-KZJ,NFR,23.8,16.8,5,1,51.6,5.31,0.55,3.34,0,ROUTINE
TMS-SCR-03682,ED-CBE,SCR,30.6,13.1,10,1,49.9,9.99,2.36,2.57,0,ROUTINE
TMS-SWR-03683,LTT-NED,SWR,29.2,20.9,144,1,51.9,7.44,0.23,3.56,0,ROUTINE
TMS-SER-03684,UMB-LDH,SER,3.9,19.4,7,1,81.6,2.53,0.23,0.38,0,ROUTINE
TMS-SR-03685,UMB-LDH,SR,15.4,30.4,21,3,71.1,8.08,2.03,2.37,0,ROUTINE
TMS-NWR-03686,NDLS-UMB,NWR,22.8,46.6,35,4,42.7,9.26,6.53,3.87,0,ROUTINE
TMS-ER-03687,CNB-NDLS,ER,9.0,40.3,74,1,66.3,5.43,0.74,2.61,0,ROUTINE
TMS-NCR-03688,JUC-ADI,NCR,9.8,13.6,49,5,89.8,3.27,2.99,1.07,0,ROUTINE
TMS-ECoR-03689,ED-CBE,ECoR,11.3,22.7,83,4,55.2,4.6,0.76,1.22,1,URGENT
TMS-SWR-03690,CNB-NDLS,SWR,1.5,30.3,32,2,62.9,2.94,1.6,2.23,1,URGENT
TMS-ECoR-03691,ASR-JUC,ECoR,6.5,29.0,70,7,82.8,6.61,1.0,1.67,1,URGENT
TMS-NR-03692,CBE-TVC,NR,7.2,56.0,10,4,59.0,6.21,2.04,2.31,0,ROUTINE
TMS-SER-03693,NDLS-AGC,SER,11.9,20.3,19,1,75.7,6.92,0.09,1.5,0,ROUTINE
TMS-WCR-03694,BZA-MAS,WCR,20.4,22.9,64,1,58.1,7.52,1.2,3.01,0,ROUTINE
TMS-ECR-03695,UMB-LDH,ECR,32.0,54.4,13,5,28.6,14.84,9.62,5.34,1,URGENT
TMS-SWR-03696,MGS-ALD,SWR,18.3,26.3,71,2,64.9,5.06,2.09,2.21,0,ROUTINE
TMS-CR-03697,UMB-LDH,CR,11.8,17.5,15,1,82.0,4.03,0.39,2.64,0,ROUTINE
TMS-NFR-03698,KYN-IGP,NFR,18.9,15.0,15,0,67.6,5.99,0.55,1.85,0,ROUTINE
TMS-NR-03699,KYN-IGP,NR,15.4,24.1,12,3,74.0,8.15,1.75,1.9,0,ROUTINE
TMS-ECR-03700,UMB-LDH,ECR,6.0,34.0,27,0,69.8,3.96,0.24,1.47,0,ROUTINE
TMS-SR-03701,BCT-RTM,SR,15.6,33.8,5,3,63.2,9.0,0.01,2.18,0,ROUTINE
TMS-WCR-03702,AWB-SC,WCR,13.1,15.7,5,1,61.3,3.36,2.22,1.82,0,ROUTINE
TMS-SWR-03703,KYN-IGP,SWR,18.7,23.1,79,1,54.9,5.94,1.37,2.15,0,ROUTINE
TMS-NER-03704,AZ-MGS,NER,26.4,18.5,92,2,56.7,5.62,1.68,2.38,0,ROUTINE
TMS-NER-03705,UMB-LDH,NER,34.8,20.9,5,1,43.6,7.22,0.03,3.4,0,ROUTINE
TMS-CR-03706,KZJ-BZA,CR,13.4,31.9,27,3,62.5,7.54,0.71,2.81,0,ROUTINE
TMS-SER-03707,NDLS-AGC,SER,7.9,21.8,27,2,86.8,2.97,1.14,0.51,0,ROUTINE
TMS-NWR-03708,CNB-NDLS,NWR,8.3,28.8,16,3,60.0,5.17,1.8,2.12,0,ROUTINE
TMS-WR-03709,ASR-JUC,WR,7.2,29.2,29,1,82.7,3.62,2.79,1.27,0,ROUTINE
TMS-ER-03710,MAS-ED,ER,1.6,17.4,21,2,87.5,4.97,0.51,1.52,0,ROUTINE
TMS-NR-03711,UMB-LDH,NR,8.3,36.3,23,3,54.4,7.45,3.56,3.01,1,URGENT
TMS-SECR-03712,ADI-BRC,SECR,44.3,14.3,49,11,18.3,10.22,1.67,3.98,1,CRITICAL
TMS-SWR-03713,AWB-SC,SWR,7.7,13.4,26,6,77.9,5.05,0.76,2.01,1,URGENT
TMS-NR-03714,LTT-NED,NR,5.5,18.3,13,6,74.3,4.08,1.63,0.79,1,URGENT
TMS-SWR-03715,AZ-MGS,SWR,13.2,15.0,30,2,64.8,4.51,1.62,1.01,0,ROUTINE
TMS-NFR-03716,LDH-ASR,NFR,24.5,28.3,35,0,53.2,6.99,0.36,2.26,1,URGENT
TMS-SWR-03717,MGS-ALD,SWR,19.1,60.0,37,2,36.8,9.83,0.01,3.16,1,URGENT
TMS-NFR-03718,KZJ-BZA,NFR,12.4,34.9,33,0,46.3,5.62,0.2,2.4,0,ROUTINE
TMS-SWR-03719,ED-CBE,SWR,12.4,16.0,38,11,75.7,3.15,4.65,1.05,1,CRITICAL
TMS-NER-03720,MGS-ALD,NER,20.3,14.9,12,2,57.1,4.45,2.93,3.48,0,ROUTINE
TMS-NER-03721,CSTM-KYN,NER,8.0,32.8,20,6,82.5,5.93,0.28,1.69,1,URGENT
TMS-SER-03722,MAS-ED,SER,10.1,13.8,38,5,71.9,3.53,1.62,0.98,0,ROUTINE
TMS-WCR-03723,AZ-MGS,WCR,12.6,15.0,49,1,59.7,12.21,3.72,1.33,0,ROUTINE
TMS-SCR-03724,HWH-BWN,SCR,24.0,25.7,19,1,49.1,6.53,3.72,3.17,1,URGENT
TMS-WCR-03725,ALD-CNB,WCR,6.3,17.9,15,0,73.0,2.61,1.25,1.49,0,ROUTINE
TMS-NCR-03726,ADI-BRC,NCR,11.7,23.3,44,2,62.9,4.42,1.93,2.37,0,ROUTINE
TMS-NCR-03727,BZA-MAS,NCR,5.5,19.4,8,12,79.5,4.7,0.75,1.36,1,CRITICAL
TMS-SCR-03728,ADI-BRC,SCR,17.7,22.0,5,1,61.2,5.92,0.11,2.97,0,ROUTINE
TMS-NWR-03729,CBE-TVC,NWR,7.9,31.5,22,4,69.9,5.59,1.13,1.91,0,ROUTINE
TMS-NCR-03730,CNB-NDLS,NCR,13.0,28.5,6,8,64.4,4.47,0.57,2.3,1,URGENT
TMS-SER-03731,AWB-SC,SER,25.3,32.0,16,8,50.8,9.86,0.78,3.51,1,URGENT
TMS-SECR-03732,ASR-JUC,SECR,20.1,28.7,12,5,53.8,9.96,0.29,2.71,1,URGENT
TMS-SECR-03733,CNB-NDLS,SECR,16.0,29.5,52,2,63.2,5.07,1.99,2.47,1,URGENT
TMS-ER-03734,JUC-ADI,ER,19.3,22.2,14,0,66.4,6.64,4.44,2.03,0,ROUTINE
TMS-ER-03735,ED-CBE,ER,21.6,12.4,35,2,56.6,4.75,1.81,1.5,0,ROUTINE
TMS-SECR-03736,HWH-BWN,SECR,4.8,21.3,39,2,82.1,2.83,1.02,1.85,0,ROUTINE
TMS-NR-03737,AWB-SC,NR,9.1,25.2,21,6,74.5,3.84,0.82,1.64,1,URGENT
TMS-WR-03738,AWB-SC,WR,11.6,22.9,5,3,60.0,5.05,1.2,1.43,0,ROUTINE
TMS-ECoR-03739,BWN-AZ,ECoR,14.6,26.3,42,1,47.7,8.64,1.58,2.37,0,ROUTINE
TMS-SCR-03740,UMB-LDH,SCR,8.7,50.6,5,1,62.0,8.77,0.2,3.37,0,ROUTINE
TMS-ER-03741,ALD-CNB,ER,6.2,18.2,5,3,73.2,2.7,2.35,1.63,0,ROUTINE
TMS-WR-03742,NGP-BZA,WR,9.2,18.9,7,5,89.7,4.32,0.01,1.97,0,ROUTINE
TMS-WR-03743,NDLS-UMB,WR,20.3,36.0,11,2,57.2,6.25,2.8,2.57,1,URGENT
TMS-ECR-03744,CNB-NDLS,ECR,3.1,23.3,65,1,75.5,3.48,1.05,0.75,0,ROUTINE
TMS-NER-03745,BRC-ST,NER,9.4,26.6,39,4,58.2,5.19,0.86,1.55,0,ROUTINE
TMS-NFR-03746,BWN-AZ,NFR,8.9,17.5,17,2,67.9,6.07,0.19,1.65,0,ROUTINE
TMS-SER-03747,BRC-ST,SER,8.4,16.6,134,4,79.9,6.54,1.32,1.62,0,ROUTINE
TMS-SECR-03748,CBE-TVC,SECR,20.3,13.7,9,6,60.3,4.2,0.14,2.21,1,URGENT
TMS-NCR-03749,AGC-JHS,NCR,9.0,23.8,32,3,80.2,5.59,3.01,2.37,0,ROUTINE
TMS-SCR-03750,ASR-JUC,SCR,8.1,15.0,65,11,71.8,3.47,0.54,1.31,1,CRITICAL
TMS-NR-03751,JUC-ADI,NR,19.1,14.3,56,1,68.0,5.38,0.28,2.56,0,ROUTINE
TMS-SECR-03752,AZ-MGS,SECR,19.7,28.9,5,0,58.6,5.77,0.43,1.8,0,ROUTINE
TMS-CR-03753,CBE-TVC,CR,17.0,17.2,41,4,76.0,4.0,1.14,2.33,0,ROUTINE
TMS-NFR-03754,BZA-MAS,NFR,8.5,13.7,10,5,81.9,5.98,1.23,2.31,0,ROUTINE
TMS-ECR-03755,KYN-IGP,ECR,24.7,13.2,15,2,49.4,5.29,0.62,2.64,0,ROUTINE
TMS-WR-03756,ASR-JUC,WR,17.0,32.0,23,3,69.1,9.36,2.33,2.62,0,ROUTINE
TMS-NCR-03757,ST-BCT,NCR,5.2,21.3,54,5,79.4,2.63,0.71,1.39,0,ROUTINE
TMS-ECR-03758,BZA-MAS,ECR,28.8,18.9,6,7,44.0,6.88,0.86,3.11,1,URGENT
TMS-NER-03759,BZA-MAS,NER,24.3,23.8,5,5,52.6,8.26,0.21,2.35,0,ROUTINE
TMS-SECR-03760,AWB-SC,SECR,2.8,22.9,5,3,94.0,2.85,0.22,1.31,0,ROUTINE
TMS-SWR-03761,KYN-IGP,SWR,7.6,18.0,8,1,88.1,9.43,0.16,1.1,0,ROUTINE
TMS-NER-03762,SC-KZJ,NER,13.4,19.4,5,0,74.8,5.59,0.24,1.77,1,URGENT
TMS-SER-03763,AGC-JHS,SER,15.8,29.7,91,3,68.5,5.24,3.46,2.11,0,ROUTINE
TMS-WR-03764,ED-CBE,WR,12.1,30.9,13,4,69.7,7.44,1.73,2.56,0,ROUTINE
TMS-NWR-03765,JHS-BPL,NWR,24.7,15.9,6,5,47.6,13.32,1.67,1.94,0,ROUTINE
TMS-WCR-03766,UMB-LDH,WCR,7.5,37.0,35,1,77.8,4.66,0.24,1.9,0,ROUTINE
TMS-NR-03767,CNB-NDLS,NR,15.6,49.6,54,7,32.1,9.77,1.1,3.78,1,URGENT
TMS-WR-03768,JHS-BPL,WR,45.0,19.8,48,5,22.4,15.9,1.01,4.91,1,URGENT
TMS-NFR-03769,NDLS-AGC,NFR,21.6,19.6,44,7,58.2,5.31,0.51,2.42,1,URGENT
TMS-SR-03770,LDH-ASR,SR,9.4,15.5,5,4,95.5,3.18,0.47,0.47,0,ROUTINE
TMS-SR-03771,MGS-ALD,SR,20.8,17.0,53,0,52.5,7.01,2.16,3.09,0,ROUTINE
TMS-WCR-03772,AZ-MGS,WCR,14.3,25.3,24,1,73.9,10.19,0.53,2.03,0,ROUTINE
TMS-NFR-03773,BWN-AZ,NFR,16.1,56.1,36,4,49.5,9.28,1.35,3.29,0,ROUTINE
TMS-CR-03774,ALD-CNB,CR,16.4,29.7,109,1,57.8,6.24,3.78,2.6,0,ROUTINE
TMS-SER-03775,ST-BCT,SER,12.9,19.4,58,2,56.0,3.71,1.08,1.92,0,ROUTINE
TMS-NR-03776,LDH-ASR,NR,11.9,18.7,61,2,74.5,8.44,1.39,1.58,1,URGENT
TMS-ECR-03777,AWB-SC,ECR,6.7,17.0,7,3,83.3,2.51,3.12,1.26,0,ROUTINE
TMS-CR-03778,JHS-BPL,CR,10.0,33.9,22,4,66.0,4.69,1.91,2.32,0,ROUTINE
TMS-ECoR-03779,BCT-RTM,ECoR,8.7,20.1,104,7,90.1,4.11,0.02,0.88,1,URGENT
TMS-NFR-03780,NDLS-AGC,NFR,19.6,26.6,30,1,66.4,6.46,0.23,2.33,0,ROUTINE
TMS-ECR-03781,BPL-NGP,ECR,20.9,20.2,5,5,57.2,4.86,0.47,2.86,1,URGENT
TMS-WCR-03782,ASR-JUC,WCR,9.3,51.8,46,4,69.0,5.71,0.84,3.48,0,ROUTINE
TMS-WCR-03783,AWB-SC,WCR,7.3,17.9,5,8,90.5,2.79,0.48,1.79,1,URGENT
TMS-SR-03784,BWN-AZ,SR,20.8,16.8,47,8,55.2,4.55,0.93,2.03,1,URGENT
TMS-ER-03785,BRC-ST,ER,4.6,18.3,74,1,75.7,9.74,2.3,1.5,1,URGENT
TMS-SCR-03786,BCT-RTM,SCR,5.7,26.3,19,1,68.6,3.5,5.42,1.15,0,ROUTINE
TMS-NWR-03787,KYN-IGP,NWR,15.9,39.4,18,1,64.6,9.77,1.49,2.61,0,ROUTINE
TMS-SR-03788,AGC-JHS,SR,8.8,26.3,12,4,70.9,6.49,3.06,1.25,0,ROUTINE
TMS-NR-03789,ASR-JUC,NR,8.4,29.4,73,3,66.9,6.06,0.63,1.72,0,ROUTINE
TMS-WCR-03790,HWH-BWN,WCR,37.4,27.9,27,4,37.7,9.99,0.22,3.85,0,ROUTINE
TMS-SWR-03791,AGC-JHS,SWR,15.4,11.4,30,6,68.7,4.6,2.68,2.26,1,URGENT
TMS-NER-03792,ST-BCT,NER,13.6,22.1,37,6,60.2,5.47,2.22,1.36,1,URGENT
TMS-SCR-03793,MGS-ALD,SCR,7.5,19.6,12,0,90.9,7.12,0.4,1.72,0,ROUTINE
TMS-SCR-03794,UMB-LDH,SCR,5.5,21.0,19,5,89.7,5.51,1.16,2.09,0,ROUTINE
TMS-ER-03795,MGS-ALD,ER,11.9,16.0,47,1,69.0,3.59,7.63,1.46,1,URGENT
TMS-NWR-03796,ASR-JUC,NWR,16.7,31.4,148,6,53.2,5.24,5.36,3.35,1,URGENT
TMS-WCR-03797,HWH-BWN,WCR,17.9,22.6,5,0,60.4,5.19,0.9,1.61,1,URGENT
TMS-SECR-03798,NDLS-UMB,SECR,9.7,22.6,5,9,79.4,3.55,0.5,2.34,1,URGENT
TMS-NWR-03799,MGS-ALD,NWR,6.0,20.9,19,0,89.7,8.75,0.52,0.74,0,ROUTINE
TMS-ECoR-03800,CBE-TVC,ECoR,33.2,17.3,37,0,32.9,7.33,3.16,3.38,0,ROUTINE
TMS-ECoR-03801,NDLS-AGC,ECoR,16.0,10.9,17,2,57.5,3.65,1.66,1.08,0,ROUTINE
TMS-NCR-03802,CSTM-KYN,NCR,36.1,24.7,180,2,31.8,9.34,1.37,4.12,1,URGENT
TMS-SR-03803,MGS-ALD,SR,45.0,23.2,7,8,12.3,9.62,0.47,5.54,1,URGENT
TMS-SR-03804,NDLS-AGC,SR,20.2,27.5,5,2,53.8,5.72,0.78,2.48,1,URGENT
TMS-SR-03805,AGC-JHS,SR,31.4,22.8,7,3,36.7,6.65,1.22,2.7,0,ROUTINE
TMS-NCR-03806,HWH-BWN,NCR,15.1,14.4,76,3,57.1,3.61,1.1,1.6,0,ROUTINE
TMS-SER-03807,LTT-NED,SER,8.4,16.2,5,5,92.9,4.21,0.08,1.77,0,ROUTINE
TMS-CR-03808,ED-CBE,CR,20.0,37.9,22,0,52.1,8.81,1.0,3.33,0,ROUTINE
TMS-SWR-03809,UMB-LDH,SWR,13.4,25.2,19,5,74.3,9.23,1.41,3.55,0,ROUTINE
TMS-SWR-03810,AZ-MGS,SWR,26.4,30.6,38,5,27.5,8.17,2.32,3.35,1,URGENT
TMS-NWR-03811,AGC-JHS,NWR,9.4,32.1,5,4,63.9,6.09,0.21,2.73,0,ROUTINE
TMS-ER-03812,ASR-JUC,ER,14.9,15.0,37,3,64.7,3.99,2.61,0.89,0,ROUTINE
TMS-NR-03813,ST-BCT,NR,14.1,19.4,15,2,77.1,4.31,0.15,2.74,0,ROUTINE
TMS-NWR-03814,AWB-SC,NWR,21.2,29.1,91,2,67.3,6.59,1.04,2.84,1,URGENT
TMS-ECoR-03815,BZA-MAS,ECoR,11.9,16.0,66,1,64.6,7.13,0.13,1.55,0,ROUTINE
TMS-SCR-03816,CNB-NDLS,SCR,18.4,18.9,17,3,64.2,5.42,2.55,1.42,0,ROUTINE
TMS-WCR-03817,JUC-ADI,WCR,13.0,18.0,173,0,81.8,3.94,0.93,1.45,0,ROUTINE
TMS-ECR-03818,BZA-MAS,ECR,13.6,16.5,5,5,65.9,8.4,1.45,1.61,0,ROUTINE
TMS-WR-03819,CBE-TVC,WR,18.5,21.1,54,2,55.5,5.52,1.04,2.58,0,ROUTINE
TMS-NER-03820,HWH-BWN,NER,7.9,18.3,19,3,83.1,2.81,0.93,1.3,0,ROUTINE
TMS-NCR-03821,KYN-IGP,NCR,10.9,18.9,19,3,61.4,4.72,0.3,2.73,0,ROUTINE
TMS-NFR-03822,MAS-ED,NFR,11.9,24.7,6,4,53.5,5.73,4.31,0.99,0,ROUTINE
TMS-ECR-03823,CSTM-KYN,ECR,16.2,33.1,25,0,34.3,11.3,1.96,2.88,0,ROUTINE
TMS-NR-03824,CSTM-KYN,NR,7.4,30.1,5,2,79.3,6.8,1.25,0.51,0,ROUTINE
TMS-SR-03825,BCT-RTM,SR,6.3,23.8,33,1,89.6,3.06,0.35,1.42,0,ROUTINE
TMS-ECoR-03826,ASR-JUC,ECoR,6.5,42.8,9,5,68.9,5.83,0.77,2.46,0,ROUTINE
TMS-WR-03827,ALD-CNB,WR,37.9,28.9,45,4,36.8,9.14,0.63,4.05,0,ROUTINE
TMS-SECR-03828,AZ-MGS,SECR,25.2,30.6,32,4,29.7,7.23,2.11,3.95,1,URGENT
TMS-ECoR-03829,BRC-ST,ECoR,25.2,20.8,48,7,56.6,5.75,0.32,3.21,0,ROUTINE
TMS-ECoR-03830,LDH-ASR,ECoR,26.1,19.0,48,2,52.5,6.38,1.65,3.06,0,ROUTINE
TMS-SR-03831,ALD-CNB,SR,9.3,25.8,7,4,66.2,4.73,3.49,1.95,0,ROUTINE
TMS-NFR-03832,ST-BCT,NFR,30.3,31.9,5,0,41.5,7.59,2.73,3.37,1,URGENT
TMS-NCR-03833,CBE-TVC,NCR,5.8,23.8,15,6,93.7,4.49,0.62,1.29,0,ROUTINE
TMS-ECR-03834,KZJ-BZA,ECR,13.1,17.2,87,7,79.1,3.84,0.25,2.85,1,URGENT
TMS-SR-03835,BPL-NGP,SR,9.1,13.3,30,2,74.8,2.69,0.68,1.13,0,ROUTINE
TMS-NR-03836,ED-CBE,NR,34.1,11.8,45,6,38.1,14.33,0.75,2.66,1,URGENT
TMS-NCR-03837,CBE-TVC,NCR,18.8,22.6,74,4,63.9,6.96,1.16,3.18,0,ROUTINE
TMS-NR-03838,AWB-SC,NR,17.7,30.8,82,4,62.8,6.93,0.07,3.16,0,ROUTINE
TMS-NCR-03839,CBE-TVC,NCR,9.0,8.8,26,2,75.7,2.85,1.07,1.0,0,ROUTINE
TMS-NFR-03840,JUC-ADI,NFR,10.2,17.4,27,4,90.3,3.39,1.39,1.01,0,ROUTINE
TMS-NER-03841,BPL-NGP,NER,9.2,16.3,66,2,77.6,2.97,4.27,2.09,0,ROUTINE
TMS-NR-03842,BWN-AZ,NR,15.1,25.8,57,9,73.6,4.46,1.93,2.06,1,URGENT
TMS-SR-03843,HWH-BWN,SR,11.5,17.0,42,1,71.5,5.49,0.04,1.95,0,ROUTINE
TMS-NCR-03844,KZJ-BZA,NCR,14.7,13.6,32,1,88.7,3.94,0.29,2.22,0,ROUTINE
TMS-SWR-03845,JHS-BPL,SWR,22.6,17.4,33,3,60.3,5.55,0.97,2.46,0,ROUTINE
TMS-ECoR-03846,ASR-JUC,ECoR,22.3,16.3,15,4,43.7,5.0,5.59,2.9,0,ROUTINE
TMS-SER-03847,ALD-CNB,SER,20.2,22.3,64,0,51.7,5.06,1.38,2.37,0,ROUTINE
TMS-NWR-03848,NGP-BZA,NWR,22.6,20.4,33,1,59.7,6.39,2.79,2.29,0,ROUTINE
TMS-SECR-03849,UMB-LDH,SECR,24.6,26.5,8,3,62.0,8.41,0.16,2.24,1,URGENT
TMS-ECoR-03850,NGP-BZA,ECoR,33.1,22.1,9,1,40.7,16.14,0.86,4.03,0,ROUTINE
TMS-CR-03851,ALD-CNB,CR,32.3,33.3,69,6,25.1,8.34,0.03,3.7,1,URGENT
TMS-NER-03852,KZJ-BZA,NER,20.6,18.6,34,2,59.1,6.76,0.43,2.45,1,URGENT
TMS-NER-03853,AZ-MGS,NER,32.7,28.4,17,13,39.8,7.42,2.5,3.88,1,CRITICAL
TMS-ECoR-03854,KZJ-BZA,ECoR,11.3,25.2,7,0,77.0,5.33,1.46,2.01,1,URGENT
TMS-SECR-03855,AGC-JHS,SECR,45.0,19.7,32,5,34.1,9.79,0.5,4.19,0,ROUTINE
TMS-SWR-03856,ST-BCT,SWR,40.5,29.2,7,0,34.7,8.48,2.77,4.18,1,URGENT
TMS-ECR-03857,AWB-SC,ECR,9.4,16.1,22,0,77.5,4.02,1.99,1.44,0,ROUTINE
TMS-NFR-03858,BPL-NGP,NFR,9.4,36.4,39,5,54.6,5.69,1.04,1.01,0,ROUTINE
TMS-NR-03859,CSTM-KYN,NR,4.9,16.3,29,5,92.1,2.97,0.07,0.0,0,ROUTINE
TMS-WCR-03860,AWB-SC,WCR,3.6,13.0,89,0,84.2,3.28,3.55,1.16,0,ROUTINE
TMS-SR-03861,CSTM-KYN,SR,5.5,12.6,5,6,98.3,1.93,1.66,1.72,1,URGENT
TMS-NER-03862,ST-BCT,NER,28.6,23.0,11,3,50.9,9.85,2.52,3.49,0,ROUTINE
TMS-ECoR-03863,CBE-TVC,ECoR,25.0,17.7,5,2,51.9,6.64,4.12,3.51,0,ROUTINE
TMS-ECoR-03864,ED-CBE,ECoR,19.4,23.9,7,11,75.9,4.89,0.22,2.86,1,CRITICAL
TMS-NFR-03865,JHS-BPL,NFR,4.2,14.3,5,1,90.3,10.02,2.1,1.13,0,ROUTINE
TMS-SWR-03866,HWH-BWN,SWR,6.5,27.0,46,4,86.5,4.1,0.25,0.96,0,ROUTINE
TMS-NFR-03867,SC-KZJ,NFR,42.4,23.9,16,2,18.5,16.92,1.09,4.51,1,URGENT
TMS-ER-03868,CBE-TVC,ER,13.3,18.5,90,1,63.0,3.87,1.95,1.43,0,ROUTINE
TMS-SWR-03869,BCT-RTM,SWR,16.1,28.5,5,0,44.2,4.76,1.1,1.75,0,ROUTINE
TMS-ER-03870,CNB-NDLS,ER,23.1,27.9,37,2,58.7,8.2,0.96,3.28,1,URGENT
TMS-ECR-03871,KYN-IGP,ECR,15.6,23.0,123,5,62.6,10.0,0.5,2.28,1,URGENT
TMS-WR-03872,JHS-BPL,WR,5.6,31.7,6,2,94.4,3.54,2.19,1.85,0,ROUTINE
TMS-SER-03873,NGP-BZA,SER,12.3,34.6,20,2,66.7,7.27,0.14,2.23,0,ROUTINE
TMS-SER-03874,ST-BCT,SER,17.1,16.2,42,3,68.7,4.0,0.4,2.85,1,URGENT
TMS-ECR-03875,CSTM-KYN,ECR,23.8,34.9,35,0,57.9,9.52,0.07,3.65,1,URGENT
TMS-CR-03876,AWB-SC,CR,7.2,15.5,29,4,79.9,4.06,0.29,0.85,0,ROUTINE
TMS-WR-03877,BPL-NGP,WR,7.5,30.2,13,2,69.8,6.59,0.79,1.77,0,ROUTINE
TMS-SWR-03878,LDH-ASR,SWR,36.7,32.4,45,0,19.3,9.03,0.05,3.48,1,URGENT
TMS-ECR-03879,AWB-SC,ECR,8.7,20.7,37,0,77.1,7.68,0.39,0.91,0,ROUTINE
TMS-NCR-03880,LTT-NED,NCR,8.7,21.7,6,0,79.2,3.76,0.06,1.31,0,ROUTINE
TMS-NFR-03881,NGP-BZA,NFR,22.1,19.7,116,2,52.8,5.56,3.13,2.65,0,ROUTINE
TMS-SECR-03882,CSTM-KYN,SECR,4.4,16.0,28,3,96.7,8.41,3.31,1.01,0,ROUTINE
TMS-SER-03883,BRC-ST,SER,19.1,17.2,26,5,47.1,4.5,1.8,2.18,0,ROUTINE
TMS-SWR-03884,LDH-ASR,SWR,34.3,27.1,65,4,41.3,9.11,1.35,2.08,1,URGENT
TMS-SR-03885,CBE-TVC,SR,16.5,31.3,35,6,51.2,6.69,2.38,1.92,1,URGENT
TMS-NCR-03886,ALD-CNB,NCR,5.0,22.1,5,4,88.0,3.06,0.5,0.98,1,URGENT
TMS-NR-03887,MAS-ED,NR,7.0,14.8,24,5,83.2,3.0,2.03,1.48,0,ROUTINE
TMS-WR-03888,AGC-JHS,WR,26.8,14.0,53,2,54.0,5.82,0.6,2.52,0,ROUTINE
TMS-ECoR-03889,NDLS-UMB,ECoR,8.9,21.3,42,2,80.5,6.78,0.88,1.6,0,ROUTINE
TMS-WCR-03890,LDH-ASR,WCR,7.7,18.0,123,0,85.8,3.58,5.87,1.17,0,ROUTINE
TMS-ECR-03891,BRC-ST,ECR,18.9,35.7,5,7,51.5,6.58,2.8,3.69,1,URGENT
TMS-WCR-03892,UMB-LDH,WCR,8.7,16.8,10,0,81.5,4.67,0.81,1.5,0,ROUTINE
TMS-SECR-03893,MAS-ED,SECR,13.3,28.2,27,2,71.7,5.62,3.53,2.03,0,ROUTINE
TMS-ECoR-03894,ED-CBE,ECoR,13.5,17.3,33,0,83.6,4.52,0.15,2.5,0,ROUTINE
TMS-SWR-03895,MAS-ED,SWR,15.4,19.8,11,0,71.2,6.37,3.5,1.75,0,ROUTINE
TMS-NER-03896,CNB-NDLS,NER,23.2,23.8,61,3,50.3,6.45,3.3,2.67,0,ROUTINE
TMS-CR-03897,UMB-LDH,CR,12.6,27.3,6,2,82.5,4.58,1.56,1.36,1,URGENT
TMS-NER-03898,ST-BCT,NER,5.3,26.3,5,8,89.3,5.61,0.59,1.84,1,URGENT
TMS-CR-03899,SC-KZJ,CR,15.7,17.7,106,0,75.6,3.91,2.59,1.96,0,ROUTINE
TMS-ER-03900,JUC-ADI,ER,31.0,23.1,17,4,44.3,22.57,0.48,3.68,1,URGENT
TMS-WR-03901,MGS-ALD,WR,11.4,19.1,110,6,73.0,5.05,0.23,2.38,1,URGENT
TMS-ECoR-03902,NGP-BZA,ECoR,17.2,12.5,11,7,55.6,4.07,1.2,2.78,1,URGENT
TMS-CR-03903,UMB-LDH,CR,10.1,24.3,5,0,82.4,3.9,0.21,1.61,0,ROUTINE
TMS-SCR-03904,ASR-JUC,SCR,11.4,36.8,51,0,39.9,5.29,0.66,2.49,0,ROUTINE
TMS-SER-03905,AZ-MGS,SER,6.0,41.2,63,2,72.1,8.42,1.3,2.23,1,URGENT
TMS-SCR-03906,ALD-CNB,SCR,17.3,25.2,23,9,59.2,8.12,0.35,2.53,1,URGENT
TMS-WR-03907,LTT-NED,WR,10.3,24.6,5,5,76.5,3.83,0.8,1.78,0,ROUTINE
TMS-SCR-03908,UMB-LDH,SCR,15.7,7.8,37,7,70.5,4.81,0.55,2.16,1,URGENT
TMS-NWR-03909,BWN-AZ,NWR,11.7,60.0,7,1,53.7,11.39,0.25,3.14,0,ROUTINE
TMS-SER-03910,AWB-SC,SER,12.7,39.3,66,4,57.1,7.69,1.51,3.52,0,ROUTINE
TMS-NCR-03911,AGC-JHS,NCR,17.2,30.1,11,3,60.2,6.76,1.38,2.38,0,ROUTINE
TMS-SECR-03912,ASR-JUC,SECR,17.2,22.8,65,3,56.6,4.87,1.23,1.92,0,ROUTINE
TMS-CR-03913,AWB-SC,CR,24.2,9.1,19,4,58.8,10.11,4.01,1.91,0,ROUTINE
TMS-CR-03914,JUC-ADI,CR,25.9,23.9,31,2,42.6,10.24,3.92,2.77,0,ROUTINE
TMS-NCR-03915,MAS-ED,NCR,12.5,22.5,54,5,84.2,4.45,1.27,1.9,0,ROUTINE
TMS-ECoR-03916,BRC-ST,ECoR,20.8,12.6,5,0,49.9,5.51,2.01,1.36,0,ROUTINE
TMS-ECoR-03917,CSTM-KYN,ECoR,8.9,26.6,60,2,65.9,3.63,2.45,0.88,0,ROUTINE
TMS-WCR-03918,UMB-LDH,WCR,12.1,36.4,5,3,60.7,6.72,0.17,2.01,0,ROUTINE
TMS-WR-03919,BZA-MAS,WR,15.2,25.4,15,2,60.6,4.42,2.8,2.3,0,ROUTINE
TMS-SCR-03920,JHS-BPL,SCR,7.5,25.4,22,2,82.7,7.89,0.01,1.71,0,ROUTINE
TMS-WR-03921,JUC-ADI,WR,14.4,26.1,79,7,65.4,8.5,0.0,2.06,1,URGENT
TMS-NCR-03922,JHS-BPL,NCR,15.7,19.5,5,1,60.6,4.58,0.56,2.1,0,ROUTINE
TMS-WR-03923,AZ-MGS,WR,10.2,30.1,28,5,66.7,6.65,2.36,1.85,0,ROUTINE
TMS-SWR-03924,KYN-IGP,SWR,20.8,40.8,36,1,53.5,7.54,3.82,3.0,1,URGENT
TMS-SER-03925,NDLS-UMB,SER,12.4,22.6,13,4,52.5,7.4,0.76,2.25,0,ROUTINE
TMS-SCR-03926,ALD-CNB,SCR,26.4,16.4,12,0,43.3,5.4,1.5,2.86,0,ROUTINE
TMS-NER-03927,NGP-BZA,NER,30.0,12.8,23,0,45.9,6.93,0.96,3.1,0,ROUTINE
TMS-NWR-03928,MGS-ALD,NWR,11.1,27.1,7,0,71.5,4.85,0.49,1.97,0,ROUTINE
TMS-SR-03929,NDLS-UMB,SR,11.8,28.4,22,3,67.8,4.65,3.03,2.17,0,ROUTINE
TMS-WCR-03930,ADI-BRC,WCR,10.0,25.7,50,8,74.0,4.03,1.33,2.11,1,URGENT
TMS-NR-03931,BRC-ST,NR,7.0,20.2,65,4,78.3,4.92,1.75,2.34,0,ROUTINE
TMS-NWR-03932,MGS-ALD,NWR,30.9,24.8,17,9,47.0,7.07,1.44,3.24,1,URGENT
TMS-ECoR-03933,BCT-RTM,ECoR,9.5,17.9,33,2,74.4,4.86,0.13,1.17,0,ROUTINE
TMS-SECR-03934,KZJ-BZA,SECR,15.1,16.7,5,0,63.0,4.59,2.65,2.59,0,ROUTINE
TMS-SR-03935,BCT-RTM,SR,23.4,14.9,27,0,47.6,5.26,0.06,2.15,0,ROUTINE
TMS-ER-03936,HWH-BWN,ER,23.6,15.0,129,6,54.6,7.8,1.76,2.48,1,URGENT
TMS-ECR-03937,LDH-ASR,ECR,17.6,27.4,13,5,58.8,5.74,0.23,2.21,0,ROUTINE
TMS-SECR-03938,CBE-TVC,SECR,22.4,19.9,31,7,53.7,4.98,1.19,3.09,1,URGENT
TMS-SCR-03939,BPL-NGP,SCR,17.4,16.9,50,4,52.2,7.77,0.2,1.91,0,ROUTINE
TMS-CR-03940,KZJ-BZA,CR,25.1,12.9,32,5,58.0,5.55,5.23,2.1,0,ROUTINE
TMS-SWR-03941,ASR-JUC,SWR,24.1,29.0,18,8,49.2,9.39,0.85,2.82,1,URGENT
TMS-SWR-03942,LTT-NED,SWR,5.2,34.1,5,1,79.8,5.09,2.36,2.13,0,ROUTINE
TMS-NCR-03943,UMB-LDH,NCR,22.2,14.7,21,2,57.4,8.77,2.39,2.38,0,ROUTINE
TMS-SECR-03944,JHS-BPL,SECR,7.7,21.1,12,0,69.7,3.93,0.19,1.46,0,ROUTINE
TMS-NCR-03945,UMB-LDH,NCR,16.8,15.3,41,7,66.2,4.12,1.25,2.18,1,URGENT
TMS-CR-03946,SC-KZJ,CR,6.1,21.0,20,2,95.3,2.63,10.57,0.74,1,URGENT
TMS-SCR-03947,BWN-AZ,SCR,13.4,28.3,66,0,60.0,7.29,0.72,2.43,0,ROUTINE
TMS-SECR-03948,MGS-ALD,SECR,12.1,42.4,7,3,58.2,8.23,0.15,3.35,0,ROUTINE
TMS-ECR-03949,BZA-MAS,ECR,13.0,18.6,18,0,63.9,3.87,2.17,2.26,0,ROUTINE
TMS-NR-03950,BPL-NGP,NR,15.1,29.4,28,2,61.9,10.84,1.35,2.1,0,ROUTINE
TMS-ECR-03951,MAS-ED,ECR,6.7,29.7,5,3,68.1,9.34,1.88,1.56,0,ROUTINE
TMS-SR-03952,BCT-RTM,SR,25.7,20.9,31,4,48.7,6.44,1.14,2.21,0,ROUTINE
TMS-ECR-03953,MGS-ALD,ECR,2.7,35.3,12,6,87.1,3.55,0.47,1.61,1,URGENT
TMS-SWR-03954,BWN-AZ,SWR,22.8,19.5,9,1,61.8,5.65,0.95,1.7,0,ROUTINE
TMS-SR-03955,ASR-JUC,SR,10.3,26.4,5,2,70.2,8.96,1.32,1.29,0,ROUTINE
TMS-ECR-03956,HWH-BWN,ECR,15.4,17.6,15,7,67.4,5.6,0.41,1.73,1,URGENT
TMS-NR-03957,KZJ-BZA,NR,22.9,27.5,92,5,58.1,10.55,2.89,2.56,1,URGENT
TMS-SECR-03958,NDLS-UMB,SECR,17.4,26.4,5,2,45.0,4.77,0.8,2.72,0,ROUTINE
TMS-WCR-03959,ED-CBE,WCR,12.3,35.7,66,3,59.6,14.1,1.88,3.1,1,URGENT
TMS-NR-03960,MGS-ALD,NR,14.1,46.3,17,0,67.0,7.8,4.33,3.08,0,ROUTINE
TMS-ECoR-03961,ED-CBE,ECoR,12.3,32.0,28,1,71.5,4.82,0.81,2.77,0,ROUTINE
TMS-CR-03962,AZ-MGS,CR,24.5,29.0,25,1,46.8,7.41,0.93,3.1,1,URGENT
TMS-NR-03963,BRC-ST,NR,24.9,19.0,91,2,37.1,8.69,0.3,2.97,1,URGENT
TMS-SR-03964,HWH-BWN,SR,9.0,9.0,51,8,66.7,2.37,0.71,1.05,1,URGENT
TMS-WCR-03965,ALD-CNB,WCR,21.9,37.3,146,3,34.4,8.15,1.13,3.65,1,URGENT
TMS-NR-03966,MGS-ALD,NR,30.7,46.6,55,1,21.4,10.7,0.39,5.08,1,URGENT
TMS-ECoR-03967,CSTM-KYN,ECoR,18.6,25.2,12,9,52.0,5.87,0.04,2.91,1,URGENT
TMS-NCR-03968,BWN-AZ,NCR,10.4,14.8,115,3,84.8,4.3,0.45,0.65,0,ROUTINE
TMS-SR-03969,AWB-SC,SR,6.7,38.5,143,1,59.0,7.72,1.72,1.53,0,ROUTINE
TMS-ECoR-03970,AWB-SC,ECoR,16.1,34.5,5,1,52.1,11.24,2.93,2.82,0,ROUTINE
TMS-SWR-03971,MAS-ED,SWR,5.8,9.8,80,12,90.6,3.27,0.21,0.9,1,CRITICAL
TMS-NER-03972,ADI-BRC,NER,14.0,23.5,38,3,67.9,6.41,1.67,2.58,0,ROUTINE
TMS-NER-03973,CSTM-KYN,NER,10.8,24.5,89,9,74.6,4.36,0.62,1.74,1,URGENT
TMS-ER-03974,AGC-JHS,ER,14.1,11.7,86,1,72.3,3.86,0.54,1.21,0,ROUTINE
TMS-ECR-03975,BPL-NGP,ECR,22.1,14.4,77,5,68.6,8.85,0.85,2.06,1,URGENT
TMS-CR-03976,ASR-JUC,CR,17.1,34.4,75,1,61.9,5.52,3.07,2.5,0,ROUTINE
TMS-NFR-03977,BZA-MAS,NFR,24.1,22.8,5,7,43.4,5.9,1.3,2.91,1,URGENT
TMS-NWR-03978,LDH-ASR,NWR,45.0,15.2,5,2,19.4,8.6,1.54,4.4,0,ROUTINE
TMS-ECoR-03979,AZ-MGS,ECoR,18.1,17.0,5,0,65.6,4.27,0.18,2.66,0,ROUTINE
TMS-NCR-03980,UMB-LDH,NCR,16.1,13.7,5,2,69.2,5.71,0.19,1.25,0,ROUTINE
TMS-NWR-03981,BZA-MAS,NWR,25.8,22.9,15,10,57.9,10.44,1.05,2.68,1,URGENT
TMS-NCR-03982,ST-BCT,NCR,11.4,30.0,40,2,77.2,4.16,1.9,2.61,0,ROUTINE
TMS-SWR-03983,BCT-RTM,SWR,15.2,35.5,15,8,67.7,5.7,0.33,2.96,1,URGENT
TMS-SER-03984,ASR-JUC,SER,15.2,17.0,44,0,67.6,8.71,1.19,2.35,0,ROUTINE
TMS-SER-03985,UMB-LDH,SER,22.7,19.3,60,7,64.8,6.2,3.72,2.94,1,URGENT
TMS-SER-03986,BWN-AZ,SER,5.1,27.1,38,3,88.4,7.27,1.08,1.0,0,ROUTINE
TMS-NWR-03987,SC-KZJ,NWR,11.8,32.5,21,0,67.3,10.14,0.98,3.07,0,ROUTINE
TMS-WR-03988,LDH-ASR,WR,31.0,25.7,12,0,27.4,16.11,1.32,3.05,1,URGENT
TMS-ECoR-03989,KYN-IGP,ECoR,13.1,36.9,5,1,53.6,5.92,1.77,2.67,0,ROUTINE
TMS-NFR-03990,JUC-ADI,NFR,29.0,45.9,23,2,29.4,8.86,0.54,4.94,1,URGENT
TMS-NWR-03991,MGS-ALD,NWR,23.7,11.6,44,0,55.1,7.24,0.61,1.6,0,ROUTINE
TMS-ECoR-03992,BCT-RTM,ECoR,25.7,40.8,27,1,35.0,8.92,0.26,3.75,1,URGENT
TMS-NR-03993,AGC-JHS,NR,25.3,37.3,44,3,40.2,8.93,4.46,2.92,1,URGENT
TMS-SWR-03994,BRC-ST,SWR,12.8,13.9,14,2,77.8,4.55,0.07,2.09,0,ROUTINE
TMS-NFR-03995,JHS-BPL,NFR,19.1,26.7,5,0,59.8,6.44,0.93,2.05,0,ROUTINE
TMS-SER-03996,KYN-IGP,SER,5.7,28.6,51,0,73.0,3.9,1.73,1.15,0,ROUTINE
TMS-SR-03997,BZA-MAS,SR,19.1,14.4,8,0,68.0,5.83,1.86,2.31,0,ROUTINE
TMS-SWR-03998,ST-BCT,SWR,41.8,21.7,33,4,30.8,8.63,1.48,4.55,0,ROUTINE
TMS-NCR-03999,SC-KZJ,NCR,22.3,23.6,57,2,58.2,6.11,0.62,2.83,0,ROUTINE
TMS-SER-04000,MGS-ALD,SER,9.3,14.4,5,1,79.2,4.54,0.12,1.64,0,ROUTINE
TMS-NER-04001,JUC-ADI,NER,11.0,19.4,31,2,76.3,5.23,4.03,2.07,0,ROUTINE
TMS-ECR-04002,HWH-BWN,ECR,23.9,38.9,40,7,44.5,8.42,0.32,3.62,1,URGENT
TMS-NER-04003,CNB-NDLS,NER,11.1,43.5,48,9,59.1,7.39,3.59,2.47,1,URGENT
TMS-SER-04004,NDLS-UMB,SER,1.5,14.3,5,4,95.7,2.43,0.38,0.0,0,ROUTINE
TMS-SWR-04005,LDH-ASR,SWR,6.3,7.6,61,4,94.2,3.36,0.11,0.29,0,ROUTINE
TMS-NFR-04006,MAS-ED,NFR,16.6,36.4,5,1,50.4,5.6,0.13,3.24,0,ROUTINE
TMS-SR-04007,BCT-RTM,SR,23.8,46.0,25,7,59.9,8.57,0.67,3.9,1,URGENT
TMS-WCR-04008,ADI-BRC,WCR,8.8,31.5,20,6,62.4,5.6,0.25,1.86,1,URGENT
TMS-WCR-04009,ED-CBE,WCR,13.1,19.8,8,2,69.9,4.65,0.99,1.58,0,ROUTINE
TMS-NCR-04010,MGS-ALD,NCR,14.9,14.4,12,0,75.3,3.42,0.91,1.05,0,ROUTINE
TMS-WR-04011,ALD-CNB,WR,16.7,28.4,6,4,62.9,7.19,2.71,2.93,0,ROUTINE
TMS-SR-04012,HWH-BWN,SR,8.7,33.8,19,6,62.3,5.22,1.78,1.77,1,URGENT
TMS-NWR-04013,NDLS-UMB,NWR,6.5,17.0,5,2,83.4,2.67,1.8,1.09,0,ROUTINE
TMS-SECR-04014,ADI-BRC,SECR,23.8,24.8,76,2,63.9,12.74,1.34,3.31,1,URGENT
TMS-NCR-04015,MAS-ED,NCR,10.1,18.7,6,4,73.8,8.72,0.07,1.19,0,ROUTINE
TMS-SER-04016,CBE-TVC,SER,9.2,30.0,76,1,59.8,4.13,2.06,2.02,0,ROUTINE
TMS-NWR-04017,AWB-SC,NWR,16.5,9.7,69,1,59.1,5.71,0.67,1.6,0,ROUTINE
TMS-SECR-04018,NDLS-AGC,SECR,10.9,26.0,21,5,79.5,5.17,2.71,1.9,0,ROUTINE
TMS-ECoR-04019,ST-BCT,ECoR,16.7,19.2,24,0,62.5,4.72,0.42,1.61,0,ROUTINE
TMS-NFR-04020,ED-CBE,NFR,8.9,46.2,12,1,63.3,7.34,1.66,2.82,0,ROUTINE
TMS-SCR-04021,LDH-ASR,SCR,9.2,25.1,180,1,76.2,4.58,1.39,1.89,0,ROUTINE
TMS-ECoR-04022,NDLS-UMB,ECoR,15.4,29.5,38,0,41.4,9.25,0.18,2.86,0,ROUTINE
TMS-ER-04023,BPL-NGP,ER,7.9,15.2,106,10,88.9,4.83,0.22,1.27,1,URGENT
TMS-SR-04024,JHS-BPL,SR,16.0,20.3,18,4,80.3,5.44,12.0,1.45,0,ROUTINE
TMS-SCR-04025,ADI-BRC,SCR,7.6,26.0,75,2,72.3,4.42,0.61,1.54,0,ROUTINE
TMS-NWR-04026,JHS-BPL,NWR,18.6,19.2,20,5,61.6,4.39,0.79,1.57,0,ROUTINE
TMS-NR-04027,NDLS-UMB,NR,6.6,20.1,70,6,85.7,2.95,2.9,2.17,1,URGENT
TMS-ECoR-04028,AWB-SC,ECoR,14.1,24.7,5,1,62.7,4.18,1.5,1.94,0,ROUTINE
TMS-ER-04029,ED-CBE,ER,3.9,11.2,35,1,97.3,1.61,1.71,0.79,0,ROUTINE
TMS-CR-04030,MAS-ED,CR,10.5,18.0,39,0,79.4,3.15,1.52,1.67,0,ROUTINE
TMS-SCR-04031,ADI-BRC,SCR,12.8,30.4,37,2,75.7,4.38,0.59,2.05,0,ROUTINE
TMS-NER-04032,NDLS-AGC,NER,7.1,19.0,20,0,70.5,5.72,2.65,1.94,0,ROUTINE
TMS-NCR-04033,ADI-BRC,NCR,16.3,56.5,40,0,50.1,8.27,0.05,3.58,0,ROUTINE
TMS-WR-04034,HWH-BWN,WR,15.9,23.0,9,2,68.0,6.99,0.69,1.8,0,ROUTINE
TMS-WR-04035,BZA-MAS,WR,12.4,10.6,31,9,81.8,3.08,4.64,1.31,1,URGENT
TMS-ER-04036,MAS-ED,ER,14.8,26.5,28,1,63.5,8.02,0.71,2.41,0,ROUTINE
TMS-WCR-04037,LTT-NED,WCR,7.4,14.6,13,8,74.2,2.48,0.03,0.93,1,URGENT
TMS-NFR-04038,UMB-LDH,NFR,15.5,25.4,52,1,52.2,5.13,0.32,2.11,1,URGENT
TMS-SCR-04039,CBE-TVC,SCR,25.2,17.7,5,14,49.0,6.12,4.33,2.94,1,CRITICAL
TMS-ECoR-04040,ADI-BRC,ECoR,11.7,18.2,6,3,68.3,3.75,2.84,1.56,0,ROUTINE
TMS-NFR-04041,KYN-IGP,NFR,15.6,33.6,22,1,56.4,5.32,0.33,2.71,0,ROUTINE
TMS-WR-04042,CSTM-KYN,WR,17.6,11.8,77,7,66.2,5.56,5.69,1.98,1,URGENT
TMS-WCR-04043,CNB-NDLS,WCR,23.9,18.3,29,1,44.8,5.07,0.26,2.32,0,ROUTINE
TMS-NER-04044,NDLS-AGC,NER,21.0,17.5,64,1,51.5,7.69,7.3,2.13,1,URGENT
TMS-NR-04045,AZ-MGS,NR,25.2,37.9,25,1,39.6,6.9,2.79,2.7,1,URGENT
TMS-SR-04046,BPL-NGP,SR,35.2,19.3,53,0,40.8,13.48,3.66,4.19,0,ROUTINE
TMS-SR-04047,NGP-BZA,SR,15.9,15.2,13,3,63.4,7.66,0.23,2.03,0,ROUTINE
TMS-SER-04048,CBE-TVC,SER,12.9,24.3,59,4,71.7,4.95,0.54,1.82,0,ROUTINE
TMS-NFR-04049,ADI-BRC,NFR,7.9,15.5,17,13,94.2,2.73,1.82,0.89,1,CRITICAL
TMS-WCR-04050,BWN-AZ,WCR,11.2,16.4,28,1,74.8,7.08,1.06,0.55,0,ROUTINE
TMS-SWR-04051,JHS-BPL,SWR,13.7,29.3,6,2,77.8,6.47,0.52,1.54,0,ROUTINE
TMS-NWR-04052,HWH-BWN,NWR,16.7,7.1,88,1,80.9,4.48,1.78,2.45,0,ROUTINE
TMS-NR-04053,NGP-BZA,NR,18.6,15.1,42,3,68.8,4.77,2.27,1.51,0,ROUTINE
TMS-SR-04054,HWH-BWN,SR,11.1,16.9,68,6,71.1,4.66,0.5,1.36,1,URGENT
TMS-NR-04055,JHS-BPL,NR,7.7,41.2,8,5,65.9,5.52,0.13,2.73,0,ROUTINE
TMS-ER-04056,ALD-CNB,ER,5.7,26.5,5,2,85.4,4.23,1.28,0.92,0,ROUTINE
TMS-NR-04057,KZJ-BZA,NR,23.7,21.9,14,2,54.0,9.04,0.76,2.89,0,ROUTINE
TMS-ECR-04058,BCT-RTM,ECR,27.1,21.3,25,4,64.1,11.86,3.15,2.73,0,ROUTINE
TMS-NER-04059,JHS-BPL,NER,20.9,23.3,56,1,54.5,11.58,0.07,2.3,0,ROUTINE
TMS-SR-04060,ALD-CNB,SR,23.4,24.5,17,3,51.7,10.24,1.52,2.87,0,ROUTINE
TMS-NR-04061,SC-KZJ,NR,7.7,23.3,11,3,91.9,6.26,0.07,0.83,0,ROUTINE
TMS-NFR-04062,HWH-BWN,NFR,22.7,48.4,16,3,33.7,8.49,0.18,3.52,0,ROUTINE
TMS-CR-04063,ST-BCT,CR,11.4,18.6,42,2,90.1,3.38,0.69,1.63,0,ROUTINE
TMS-ECR-04064,ST-BCT,ECR,23.7,23.8,14,2,35.2,7.45,0.39,1.91,0,ROUTINE
TMS-ECR-04065,BWN-AZ,ECR,12.2,22.5,135,1,63.7,4.66,0.26,2.66,0,ROUTINE
TMS-NWR-04066,BRC-ST,NWR,8.4,32.3,6,3,62.2,6.17,2.36,2.64,0,ROUTINE
TMS-NR-04067,LDH-ASR,NR,6.0,16.8,48,1,69.2,2.74,0.4,0.43,0,ROUTINE
TMS-WCR-04068,ALD-CNB,WCR,45.0,19.2,31,0,17.4,11.18,0.68,4.0,1,URGENT
TMS-SER-04069,UMB-LDH,SER,18.6,12.1,9,10,62.4,4.13,3.58,2.67,1,URGENT
TMS-NWR-04070,AZ-MGS,NWR,11.4,32.9,49,1,67.9,7.65,2.31,2.38,0,ROUTINE
TMS-SECR-04071,AZ-MGS,SECR,32.1,12.1,20,0,29.2,10.64,1.11,3.16,1,URGENT
TMS-NWR-04072,NDLS-UMB,NWR,20.1,27.5,40,1,70.5,9.83,0.15,3.15,1,URGENT
TMS-CR-04073,SC-KZJ,CR,26.5,43.5,37,1,34.0,8.31,4.36,4.12,1,URGENT
TMS-ER-04074,AZ-MGS,ER,6.5,48.0,5,1,67.9,5.8,1.85,2.46,0,ROUTINE
TMS-NR-04075,KZJ-BZA,NR,25.9,19.6,64,5,46.4,9.09,0.05,2.51,1,URGENT
TMS-ECoR-04076,KZJ-BZA,ECoR,13.1,19.3,40,6,70.7,5.87,4.46,1.81,1,URGENT
TMS-WR-04077,BZA-MAS,WR,4.8,21.5,53,2,84.2,3.94,0.11,2.0,0,ROUTINE
TMS-SR-04078,ADI-BRC,SR,35.8,31.8,20,3,35.8,14.38,1.39,4.84,1,URGENT
TMS-NWR-04079,KZJ-BZA,NWR,16.9,21.1,7,6,50.1,5.68,0.75,2.03,1,URGENT
TMS-NER-04080,AZ-MGS,NER,22.1,19.9,13,4,71.3,5.47,5.94,1.75,0,ROUTINE
TMS-NCR-04081,BPL-NGP,NCR,15.7,34.1,81,4,39.2,7.36,3.85,2.5,0,ROUTINE
TMS-NER-04082,UMB-LDH,NER,15.0,22.6,97,9,68.2,5.49,1.37,0.76,1,URGENT
TMS-CR-04083,ED-CBE,CR,17.1,20.9,23,3,66.2,4.69,1.81,2.48,0,ROUTINE
TMS-CR-04084,KZJ-BZA,CR,12.9,15.6,12,6,67.2,3.51,2.59,1.39,1,URGENT
TMS-NFR-04085,JHS-BPL,NFR,8.6,33.5,45,1,69.4,4.85,2.57,1.54,0,ROUTINE
TMS-SECR-04086,BCT-RTM,SECR,19.4,24.5,50,1,60.2,11.93,1.37,1.93,0,ROUTINE
TMS-SECR-04087,KZJ-BZA,SECR,28.5,22.1,59,8,39.2,6.36,0.43,2.88,1,URGENT
TMS-ER-04088,AWB-SC,ER,27.3,10.5,5,1,32.1,6.21,0.56,2.02,0,ROUTINE
TMS-SER-04089,CBE-TVC,SER,7.6,32.5,5,5,68.5,4.53,1.64,2.17,0,ROUTINE
TMS-SR-04090,AGC-JHS,SR,27.8,14.1,15,2,66.3,11.03,1.75,1.65,0,ROUTINE
TMS-SCR-04091,LDH-ASR,SCR,10.6,26.6,5,1,62.3,4.67,0.7,2.17,0,ROUTINE
TMS-NWR-04092,ED-CBE,NWR,9.3,16.3,57,8,73.4,3.21,3.28,1.78,1,URGENT
TMS-NER-04093,ST-BCT,NER,4.4,14.5,26,2,82.2,3.12,0.77,1.26,0,ROUTINE
TMS-NCR-04094,BCT-RTM,NCR,14.2,32.2,61,0,58.6,5.04,1.8,1.97,0,ROUTINE
TMS-CR-04095,ALD-CNB,CR,14.2,23.1,6,5,54.9,4.93,0.35,1.95,0,ROUTINE
TMS-CR-04096,BWN-AZ,CR,17.1,22.6,34,0,69.7,7.01,0.65,2.14,0,ROUTINE
TMS-ER-04097,AWB-SC,ER,9.2,48.4,30,0,64.5,7.08,1.18,1.86,0,ROUTINE
TMS-NCR-04098,NDLS-AGC,NCR,13.9,48.1,14,4,52.6,5.96,0.06,2.48,0,ROUTINE
TMS-SWR-04099,AGC-JHS,SWR,10.8,20.1,25,6,64.2,4.61,0.06,1.96,1,URGENT
TMS-NCR-04100,BCT-RTM,NCR,17.0,13.2,31,1,62.5,6.96,0.47,1.33,0,ROUTINE
TMS-ER-04101,KZJ-BZA,ER,24.9,39.1,77,3,47.0,8.52,2.64,4.28,1,URGENT
TMS-CR-04102,LTT-NED,CR,25.3,13.0,5,0,58.6,6.11,0.37,2.77,0,ROUTINE
TMS-SR-04103,SC-KZJ,SR,26.9,26.8,60,1,45.5,7.25,3.26,2.69,1,URGENT
TMS-NR-04104,ASR-JUC,NR,6.9,19.9,137,3,83.8,4.17,1.89,1.82,0,ROUTINE
TMS-NR-04105,ST-BCT,NR,12.2,22.9,46,4,86.6,3.82,1.75,1.85,0,ROUTINE
TMS-ER-04106,AGC-JHS,ER,10.4,36.3,46,0,75.1,7.68,1.68,2.9,0,ROUTINE
TMS-NCR-04107,AZ-MGS,NCR,5.1,16.2,8,2,73.9,5.94,5.61,1.11,0,ROUTINE
TMS-WCR-04108,NDLS-UMB,WCR,15.3,17.4,25,1,81.9,5.48,1.51,2.28,0,ROUTINE
TMS-NWR-04109,MAS-ED,NWR,18.7,30.1,42,1,54.9,12.94,1.57,2.99,0,ROUTINE
TMS-ER-04110,ST-BCT,ER,26.5,45.4,32,1,43.6,9.23,0.91,3.78,0,ROUTINE
TMS-SR-04111,UMB-LDH,SR,14.3,59.7,17,2,46.4,6.98,3.09,3.39,0,ROUTINE
TMS-ER-04112,ST-BCT,ER,21.7,12.4,98,4,47.1,5.49,0.09,2.44,0,ROUTINE
TMS-WCR-04113,ASR-JUC,WCR,5.1,18.8,25,2,84.8,3.29,0.63,1.35,0,ROUTINE
TMS-WCR-04114,BZA-MAS,WCR,4.4,14.7,122,3,96.8,2.27,0.51,1.56,0,ROUTINE
TMS-ECR-04115,SC-KZJ,ECR,10.4,31.1,29,1,60.8,5.58,0.76,2.48,0,ROUTINE
TMS-SECR-04116,ED-CBE,SECR,15.7,22.7,55,4,61.7,5.38,0.98,2.39,0,ROUTINE
TMS-NER-04117,ADI-BRC,NER,11.9,31.5,47,1,82.8,4.68,4.69,1.41,0,ROUTINE
TMS-NCR-04118,NDLS-UMB,NCR,21.9,19.0,37,1,67.9,6.22,3.88,2.95,0,ROUTINE
TMS-SER-04119,AGC-JHS,SER,33.6,29.4,5,1,42.1,10.99,1.42,3.95,0,ROUTINE
TMS-NFR-04120,BWN-AZ,NFR,19.5,20.7,5,0,65.8,6.0,0.03,2.15,0,ROUTINE
TMS-WR-04121,NGP-BZA,WR,11.8,23.5,30,1,72.9,4.14,1.22,1.84,0,ROUTINE
TMS-NFR-04122,SC-KZJ,NFR,9.6,17.6,84,2,69.7,5.16,0.11,0.19,0,ROUTINE
TMS-NCR-04123,ASR-JUC,NCR,6.3,38.2,32,1,67.3,8.08,0.67,2.78,0,ROUTINE
TMS-SER-04124,LDH-ASR,SER,14.2,13.4,9,4,82.6,4.05,0.54,1.85,0,ROUTINE
TMS-SCR-04125,BCT-RTM,SCR,33.6,21.2,13,3,37.7,6.88,1.57,4.43,1,URGENT
TMS-SR-04126,ST-BCT,SR,16.3,45.3,34,1,38.7,11.0,0.03,4.38,0,ROUTINE
TMS-ECR-04127,ALD-CNB,ECR,14.0,37.0,31,8,61.3,7.35,2.33,1.27,1,URGENT
TMS-WCR-04128,CNB-NDLS,WCR,17.0,15.8,109,4,50.9,13.34,2.63,1.65,1,URGENT
TMS-ECR-04129,ST-BCT,ECR,19.0,16.2,26,5,57.8,6.52,0.05,2.04,0,ROUTINE
TMS-WR-04130,CNB-NDLS,WR,2.8,27.3,15,4,68.2,2.87,0.13,1.35,0,ROUTINE
TMS-CR-04131,NDLS-UMB,CR,44.0,28.8,26,2,19.5,10.04,3.8,4.2,1,URGENT
TMS-WCR-04132,JHS-BPL,WCR,2.5,35.7,54,0,80.4,3.32,1.44,2.2,0,ROUTINE
TMS-WCR-04133,NGP-BZA,WCR,12.7,12.6,27,12,86.5,3.75,4.84,2.21,1,CRITICAL
TMS-NER-04134,HWH-BWN,NER,17.1,37.6,13,2,60.2,8.65,0.92,2.1,0,ROUTINE
TMS-NR-04135,AZ-MGS,NR,12.9,15.5,14,4,69.0,4.8,0.32,2.03,0,ROUTINE
TMS-ECoR-04136,JUC-ADI,ECoR,15.3,37.9,49,5,50.8,6.56,0.69,2.13,0,ROUTINE
TMS-SR-04137,BWN-AZ,SR,10.3,11.6,5,5,82.3,6.24,3.97,1.46,0,ROUTINE
TMS-WR-04138,KYN-IGP,WR,11.1,14.2,11,7,62.7,3.19,0.18,1.02,1,URGENT
TMS-ECoR-04139,BWN-AZ,ECoR,13.9,44.2,5,2,69.2,7.17,3.34,3.37,0,ROUTINE
TMS-SWR-04140,HWH-BWN,SWR,21.0,45.2,101,4,49.3,8.85,1.13,4.02,1,URGENT
TMS-ECoR-04141,JUC-ADI,ECoR,15.4,23.1,5,7,56.0,9.36,0.11,2.2,1,URGENT
TMS-NCR-04142,UMB-LDH,NCR,24.5,19.5,49,4,47.0,5.59,0.77,3.51,0,ROUTINE
TMS-WR-04143,AGC-JHS,WR,20.3,22.1,34,3,54.3,7.27,0.42,2.32,0,ROUTINE
TMS-NFR-04144,BPL-NGP,NFR,24.7,26.2,35,0,49.1,5.89,1.28,3.28,1,URGENT
TMS-NFR-04145,CNB-NDLS,NFR,12.2,27.2,50,6,70.5,5.68,0.25,2.3,1,URGENT
TMS-NR-04146,MAS-ED,NR,8.7,19.7,17,6,74.9,4.95,4.25,1.42,1,URGENT
TMS-WR-04147,AGC-JHS,WR,8.3,10.2,17,3,85.1,5.73,0.36,1.41,1,URGENT
TMS-NCR-04148,BCT-RTM,NCR,16.9,17.9,11,14,61.9,4.75,1.5,2.47,1,CRITICAL
TMS-ECoR-04149,BZA-MAS,ECoR,7.1,11.9,31,5,94.9,4.4,2.67,0.74,0,ROUTINE
TMS-SER-04150,BWN-AZ,SER,27.6,30.2,92,1,49.6,6.75,1.36,3.58,1,URGENT
TMS-SWR-04151,MAS-ED,SWR,7.4,25.7,90,0,84.8,3.67,1.6,1.58,0,ROUTINE
TMS-SCR-04152,ASR-JUC,SCR,26.5,21.2,42,2,52.6,8.64,0.79,3.05,0,ROUTINE
TMS-SECR-04153,NGP-BZA,SECR,11.7,20.1,82,2,81.8,7.83,0.16,2.53,0,ROUTINE
TMS-NWR-04154,NGP-BZA,NWR,16.0,48.7,115,2,34.7,6.33,0.21,2.71,0,ROUTINE
TMS-NFR-04155,ALD-CNB,NFR,29.3,35.1,55,0,38.4,7.57,1.82,4.36,1,URGENT
TMS-SR-04156,HWH-BWN,SR,9.8,24.1,18,4,85.3,3.87,2.39,1.53,0,ROUTINE
TMS-SER-04157,MGS-ALD,SER,13.9,17.9,23,0,78.3,4.98,2.77,1.62,0,ROUTINE
TMS-SR-04158,CBE-TVC,SR,16.5,37.2,93,1,61.6,5.79,0.68,2.6,0,ROUTINE
TMS-CR-04159,NGP-BZA,CR,14.3,23.2,38,5,61.4,11.47,5.2,2.03,0,ROUTINE
TMS-WR-04160,ED-CBE,WR,5.9,17.1,60,3,88.1,3.23,1.54,1.2,0,ROUTINE
TMS-ER-04161,CBE-TVC,ER,21.0,17.5,5,8,63.6,4.86,0.25,2.03,1,URGENT
TMS-NWR-04162,NGP-BZA,NWR,15.3,28.9,7,5,52.2,7.58,0.1,1.26,0,ROUTINE
TMS-NFR-04163,CSTM-KYN,NFR,8.4,32.5,14,8,79.5,5.51,1.18,2.19,1,URGENT
TMS-SWR-04164,ASR-JUC,SWR,15.3,28.6,7,8,61.3,9.49,2.03,2.22,1,URGENT
TMS-ECR-04165,AGC-JHS,ECR,18.8,28.9,82,4,49.5,10.62,0.03,2.11,1,URGENT
TMS-NFR-04166,CBE-TVC,NFR,15.5,19.7,8,0,57.1,7.78,0.03,1.94,0,ROUTINE
TMS-SER-04167,KYN-IGP,SER,28.5,17.9,28,1,44.2,7.37,1.3,2.94,0,ROUTINE
TMS-CR-04168,BPL-NGP,CR,4.5,23.6,5,1,83.5,3.07,6.89,2.43,1,URGENT
TMS-SR-04169,NDLS-UMB,SR,9.4,21.5,5,7,71.6,4.25,2.01,1.91,1,URGENT
TMS-ECoR-04170,NDLS-UMB,ECoR,19.8,14.9,9,3,55.7,5.48,0.25,2.67,0,ROUTINE
TMS-ECR-04171,NDLS-UMB,ECR,11.6,21.9,142,1,66.1,10.91,0.14,1.89,1,URGENT
TMS-NCR-04172,AGC-JHS,NCR,5.5,29.3,55,1,78.6,3.75,2.53,1.69,0,ROUTINE
TMS-NER-04173,UMB-LDH,NER,31.6,19.0,39,0,50.7,7.4,2.49,3.45,0,ROUTINE
TMS-ECoR-04174,ST-BCT,ECoR,9.1,41.9,86,1,65.9,6.37,0.92,1.78,0,ROUTINE
TMS-NER-04175,BZA-MAS,NER,11.2,13.5,109,5,90.7,3.75,0.05,1.2,0,ROUTINE
TMS-NWR-04176,ADI-BRC,NWR,14.6,16.0,21,1,62.9,3.73,2.18,1.49,1,URGENT
TMS-SCR-04177,SC-KZJ,SCR,30.8,17.7,13,1,39.8,10.46,0.8,2.84,0,ROUTINE
TMS-ER-04178,NDLS-AGC,ER,15.3,30.8,13,3,66.1,7.99,2.54,1.85,0,ROUTINE
TMS-SCR-04179,AZ-MGS,SCR,11.0,24.2,5,2,70.1,4.18,0.23,1.52,0,ROUTINE
TMS-ECR-04180,MAS-ED,ECR,45.0,15.6,11,1,33.8,9.18,0.93,4.75,0,ROUTINE
TMS-NR-04181,NDLS-AGC,NR,18.2,10.5,15,1,56.6,6.23,1.12,1.05,0,ROUTINE
TMS-ECR-04182,NDLS-AGC,ECR,16.3,13.8,5,4,71.0,10.82,0.69,2.15,0,ROUTINE
TMS-SCR-04183,NDLS-AGC,SCR,5.8,11.0,74,2,91.3,2.12,6.9,2.01,0,ROUTINE
TMS-NFR-04184,LDH-ASR,NFR,18.7,31.5,65,8,41.7,7.36,2.16,3.84,1,URGENT
TMS-SER-04185,BPL-NGP,SER,23.8,14.5,10,2,46.5,8.13,2.66,2.46,0,ROUTINE
TMS-SR-04186,BPL-NGP,SR,6.3,29.1,56,4,71.0,3.33,0.41,1.77,0,ROUTINE
TMS-NFR-04187,ST-BCT,NFR,29.8,27.6,55,8,30.7,10.01,0.73,4.28,1,URGENT
TMS-NFR-04188,AZ-MGS,NFR,45.0,35.8,14,4,13.9,12.73,0.18,4.61,1,URGENT
TMS-SER-04189,ADI-BRC,SER,31.7,16.7,41,7,49.6,11.23,9.57,3.99,1,URGENT
TMS-SER-04190,KYN-IGP,SER,9.8,26.1,11,1,68.0,3.73,0.45,1.81,0,ROUTINE
TMS-NWR-04191,ADI-BRC,NWR,30.4,23.3,5,4,48.7,6.69,0.16,4.21,0,ROUTINE
TMS-ECoR-04192,NDLS-AGC,ECoR,21.5,23.3,24,0,47.9,6.55,0.34,2.25,0,ROUTINE
TMS-NR-04193,BRC-ST,NR,13.1,22.0,20,2,63.0,7.83,1.27,2.26,0,ROUTINE
TMS-NR-04194,CSTM-KYN,NR,27.1,31.1,5,3,38.3,10.7,0.61,4.03,1,URGENT
TMS-NFR-04195,CBE-TVC,NFR,19.3,29.8,23,2,54.5,7.69,0.27,2.78,0,ROUTINE
TMS-NER-04196,UMB-LDH,NER,15.5,22.2,104,5,52.5,5.29,0.95,1.41,0,ROUTINE
TMS-NWR-04197,BPL-NGP,NWR,11.7,18.5,46,2,61.6,3.76,1.67,2.16,0,ROUTINE
TMS-WR-04198,BRC-ST,WR,10.2,17.6,46,0,63.1,4.23,1.64,1.86,0,ROUTINE
TMS-WR-04199,BZA-MAS,WR,17.0,22.5,49,1,65.1,4.84,0.02,1.89,0,ROUTINE
TMS-WCR-04200,BCT-RTM,WCR,12.6,24.3,47,2,71.6,6.8,2.11,2.15,1,URGENT
TMS-SWR-04201,HWH-BWN,SWR,19.3,21.4,5,1,35.5,5.7,0.41,2.41,0,ROUTINE
TMS-NFR-04202,AGC-JHS,NFR,27.2,13.2,90,3,65.7,6.69,3.83,2.3,0,ROUTINE
TMS-ER-04203,UMB-LDH,ER,14.6,19.7,62,2,52.6,6.05,0.22,1.47,0,ROUTINE
TMS-SR-04204,AZ-MGS,SR,11.1,18.0,11,0,81.6,4.6,0.76,0.81,0,ROUTINE
TMS-SER-04205,CSTM-KYN,SER,19.4,22.3,28,1,68.2,7.51,0.56,2.85,0,ROUTINE
TMS-ECoR-04206,LDH-ASR,ECoR,12.3,60.0,33,1,60.7,9.73,1.01,3.1,0,ROUTINE
TMS-NCR-04207,LDH-ASR,NCR,20.1,26.4,5,4,51.5,5.68,0.56,2.94,1,URGENT
TMS-SER-04208,BWN-AZ,SER,7.3,36.8,10,1,71.5,4.75,2.21,2.56,0,ROUTINE
TMS-ER-04209,AWB-SC,ER,22.5,16.9,5,3,56.3,4.85,0.72,2.06,0,ROUTINE
TMS-NER-04210,LDH-ASR,NER,21.4,22.4,69,4,71.1,5.19,0.65,2.56,0,ROUTINE
TMS-WCR-04211,AZ-MGS,WCR,14.8,36.3,5,0,57.5,8.66,5.32,2.04,0,ROUTINE
TMS-ECR-04212,NDLS-UMB,ECR,17.3,11.8,13,5,79.3,4.02,0.77,2.28,0,ROUTINE
TMS-SECR-04213,AWB-SC,SECR,21.3,20.2,5,5,49.8,8.41,0.21,1.77,0,ROUTINE
TMS-ECR-04214,BWN-AZ,ECR,30.8,28.5,53,3,34.6,15.42,0.47,3.74,1,URGENT
TMS-SCR-04215,NGP-BZA,SCR,8.7,21.6,90,1,73.7,3.59,1.93,1.39,0,ROUTINE
TMS-ER-04216,KYN-IGP,ER,18.4,17.7,28,3,63.7,5.41,0.46,2.6,0,ROUTINE
TMS-SCR-04217,MAS-ED,SCR,6.5,18.1,5,8,80.8,3.96,1.71,1.21,0,ROUTINE
TMS-NFR-04218,ST-BCT,NFR,8.4,25.2,28,3,70.1,9.0,3.69,2.67,0,ROUTINE
TMS-NCR-04219,CSTM-KYN,NCR,27.7,11.8,51,2,35.7,5.49,0.7,2.64,0,ROUTINE
TMS-CR-04220,BWN-AZ,CR,7.4,23.3,44,4,67.1,6.59,0.32,1.6,0,ROUTINE
TMS-SER-04221,KZJ-BZA,SER,19.7,29.7,47,2,60.0,11.66,1.89,3.18,0,ROUTINE
TMS-CR-04222,AZ-MGS,CR,11.2,19.2,11,2,80.6,4.83,0.86,1.91,0,ROUTINE
TMS-NER-04223,UMB-LDH,NER,6.8,11.9,5,6,81.6,2.3,0.07,0.63,1,URGENT
TMS-WCR-04224,NDLS-UMB,WCR,8.4,18.1,5,4,71.9,3.52,1.3,1.55,0,ROUTINE
TMS-NFR-04225,MGS-ALD,NFR,9.5,21.1,108,0,61.7,9.51,1.3,1.32,1,URGENT
TMS-NR-04226,BCT-RTM,NR,24.7,14.4,33,0,66.8,5.23,1.72,3.45,1,URGENT
TMS-WCR-04227,JUC-ADI,WCR,9.6,22.5,45,1,78.7,4.58,1.99,0.59,0,ROUTINE
TMS-SER-04228,AGC-JHS,SER,11.2,23.8,80,5,61.5,4.01,1.56,2.48,0,ROUTINE
TMS-WCR-04229,JUC-ADI,WCR,12.4,35.9,67,0,66.1,9.42,0.62,2.4,1,URGENT
TMS-SCR-04230,BPL-NGP,SCR,12.3,20.8,8,1,71.7,5.29,2.71,1.17,0,ROUTINE
TMS-NR-04231,JHS-BPL,NR,26.2,23.2,5,2,57.4,10.92,4.11,2.36,0,ROUTINE
TMS-ECoR-04232,MAS-ED,ECoR,5.1,17.8,90,2,84.8,8.03,0.54,1.19,1,URGENT
TMS-SWR-04233,LDH-ASR,SWR,24.3,18.3,139,8,53.7,6.45,0.5,2.08,1,URGENT
TMS-NCR-04234,AZ-MGS,NCR,14.6,29.4,29,2,68.3,10.07,1.08,2.58,0,ROUTINE
TMS-SWR-04235,CSTM-KYN,SWR,20.8,20.2,76,1,66.6,4.74,6.38,2.27,1,URGENT
TMS-NCR-04236,MAS-ED,NCR,8.9,30.9,9,6,71.3,4.23,0.27,2.12,1,URGENT
TMS-ECR-04237,ED-CBE,ECR,10.2,21.8,5,4,64.8,5.92,1.02,0.94,0,ROUTINE
TMS-WCR-04238,BZA-MAS,WCR,14.4,14.0,24,1,76.0,4.78,0.32,0.5,0,ROUTINE
TMS-NWR-04239,NDLS-UMB,NWR,9.4,16.8,58,5,82.5,12.16,0.79,0.74,0,ROUTINE
TMS-SER-04240,JUC-ADI,SER,8.2,58.4,37,3,61.0,8.97,0.71,3.83,0,ROUTINE
TMS-SCR-04241,NDLS-AGC,SCR,5.4,21.3,35,4,84.6,4.7,1.27,1.88,0,ROUTINE
TMS-SWR-04242,BPL-NGP,SWR,10.1,11.6,5,4,75.0,7.31,0.05,1.62,0,ROUTINE
TMS-NER-04243,SC-KZJ,NER,13.4,14.1,13,4,73.9,3.96,2.47,2.07,0,ROUTINE
TMS-WCR-04244,BWN-AZ,WCR,13.2,16.7,98,2,79.5,3.68,1.85,1.94,0,ROUTINE
TMS-CR-04245,ALD-CNB,CR,15.2,15.5,5,4,72.9,5.1,12.0,2.97,1,URGENT
TMS-WR-04246,AZ-MGS,WR,17.9,14.3,45,6,73.6,4.37,0.44,1.83,1,URGENT
TMS-SECR-04247,KYN-IGP,SECR,5.0,39.8,49,1,80.0,4.46,3.04,2.35,0,ROUTINE
TMS-NER-04248,ST-BCT,NER,18.2,29.0,46,5,72.8,5.78,1.41,2.43,0,ROUTINE
TMS-NR-04249,CNB-NDLS,NR,13.1,20.5,158,1,79.2,5.85,0.39,2.1,0,ROUTINE
TMS-NR-04250,JUC-ADI,NR,21.5,17.6,18,0,54.6,4.68,0.53,3.14,0,ROUTINE
TMS-SWR-04251,SC-KZJ,SWR,7.4,20.8,40,2,74.9,6.57,0.03,1.13,0,ROUTINE
TMS-SECR-04252,CBE-TVC,SECR,22.5,45.3,7,15,28.9,8.89,0.63,2.71,1,CRITICAL
TMS-ER-04253,ADI-BRC,ER,32.3,15.7,17,4,37.3,6.83,3.45,2.95,0,ROUTINE
TMS-ECoR-04254,KZJ-BZA,ECoR,18.3,11.8,23,3,70.5,3.93,0.12,1.1,0,ROUTINE
TMS-SER-04255,LTT-NED,SER,5.7,29.0,8,4,84.2,6.3,3.95,1.71,0,ROUTINE
TMS-NCR-04256,CSTM-KYN,NCR,9.6,33.2,83,1,61.5,5.24,0.72,2.03,0,ROUTINE
TMS-SR-04257,MGS-ALD,SR,9.3,39.7,44,7,72.7,5.71,2.03,1.55,1,URGENT
TMS-WR-04258,LDH-ASR,WR,13.1,19.3,11,4,71.9,4.78,1.61,0.43,0,ROUTINE
TMS-SCR-04259,MGS-ALD,SCR,21.5,19.4,5,1,67.2,5.85,1.67,2.51,0,ROUTINE
TMS-NER-04260,BZA-MAS,NER,8.0,49.6,11,4,72.7,6.61,1.19,4.31,0,ROUTINE
TMS-WCR-04261,ALD-CNB,WCR,27.9,28.2,34,0,47.3,8.43,0.94,3.23,1,URGENT
TMS-SCR-04262,LDH-ASR,SCR,19.7,21.5,61,1,57.1,5.8,3.95,2.14,0,ROUTINE
TMS-NR-04263,ADI-BRC,NR,17.5,27.1,24,4,62.7,12.0,1.71,1.77,0,ROUTINE
TMS-NWR-04264,BZA-MAS,NWR,7.4,18.6,5,2,87.5,3.61,1.43,1.69,0,ROUTINE
TMS-ECR-04265,ED-CBE,ECR,33.8,25.0,10,2,46.8,7.55,0.81,3.24,0,ROUTINE
TMS-CR-04266,NDLS-AGC,CR,34.0,24.9,14,3,34.3,14.93,0.38,3.09,0,ROUTINE
TMS-ECoR-04267,NDLS-UMB,ECoR,9.9,31.0,35,2,80.1,4.67,0.0,2.64,0,ROUTINE
TMS-NWR-04268,BWN-AZ,NWR,9.1,15.0,9,1,77.7,4.5,5.92,1.01,0,ROUTINE
TMS-ECoR-04269,BWN-AZ,ECoR,11.9,25.6,9,0,90.5,7.36,2.12,2.04,0,ROUTINE
TMS-ER-04270,LDH-ASR,ER,16.5,13.9,11,3,64.3,3.59,7.67,2.2,1,URGENT
TMS-SR-04271,KZJ-BZA,SR,5.5,47.0,31,3,61.5,5.25,2.21,1.54,0,ROUTINE
TMS-SWR-04272,MAS-ED,SWR,7.7,18.8,23,6,86.2,4.18,0.07,0.96,1,URGENT
TMS-SWR-04273,MGS-ALD,SWR,17.5,11.5,64,2,74.2,4.76,0.88,2.8,0,ROUTINE
TMS-NR-04274,NDLS-UMB,NR,22.9,60.0,41,9,26.2,8.39,0.19,3.85,1,URGENT
TMS-ECR-04275,ASR-JUC,ECR,18.5,18.0,38,0,62.7,5.4,2.42,1.91,0,ROUTINE
TMS-SECR-04276,UMB-LDH,SECR,21.9,23.1,5,0,60.4,5.36,0.31,2.48,0,ROUTINE
TMS-SER-04277,BRC-ST,SER,22.8,11.3,5,6,60.5,4.9,1.61,2.83,1,URGENT
TMS-SECR-04278,JHS-BPL,SECR,23.6,21.7,24,0,61.4,8.04,1.61,3.6,0,ROUTINE
TMS-NWR-04279,BCT-RTM,NWR,17.8,43.3,5,4,55.0,6.53,1.53,3.27,0,ROUTINE
TMS-ECoR-04280,BCT-RTM,ECoR,11.0,29.4,15,0,75.5,6.19,3.16,2.09,0,ROUTINE
TMS-NCR-04281,ST-BCT,NCR,4.1,11.2,5,7,90.3,8.73,1.94,0.57,1,URGENT
TMS-ER-04282,NDLS-UMB,ER,26.0,16.4,6,10,60.9,5.78,0.6,3.16,1,URGENT
TMS-NCR-04283,KYN-IGP,NCR,15.9,32.0,5,1,68.4,5.55,0.57,2.32,0,ROUTINE
TMS-ECR-04284,ALD-CNB,ECR,15.9,28.6,56,9,63.3,10.79,0.03,2.34,1,URGENT
TMS-SER-04285,BCT-RTM,SER,23.4,18.3,14,3,55.6,7.16,3.58,3.48,0,ROUTINE
TMS-SER-04286,ST-BCT,SER,6.4,26.0,5,5,74.6,5.98,0.16,1.64,0,ROUTINE
TMS-NWR-04287,MGS-ALD,NWR,16.5,13.7,10,1,66.3,6.71,0.98,2.15,0,ROUTINE
TMS-SCR-04288,CBE-TVC,SCR,10.7,13.2,40,3,79.9,5.28,1.07,1.17,0,ROUTINE
TMS-ER-04289,CSTM-KYN,ER,15.3,8.2,47,4,78.8,10.48,0.89,1.37,0,ROUTINE
TMS-WR-04290,AGC-JHS,WR,30.9,32.1,5,2,46.9,7.85,1.28,2.93,1,URGENT
TMS-SER-04291,NDLS-AGC,SER,11.9,21.3,52,1,57.9,4.95,1.96,2.3,0,ROUTINE
TMS-SER-04292,BCT-RTM,SER,16.9,22.2,16,11,45.2,6.49,0.33,2.06,1,CRITICAL
TMS-NWR-04293,HWH-BWN,NWR,15.5,6.5,39,1,72.4,5.3,0.11,1.38,0,ROUTINE
TMS-NR-04294,AZ-MGS,NR,22.0,21.8,38,1,57.2,5.47,2.92,3.27,0,ROUTINE
TMS-NFR-04295,UMB-LDH,NFR,19.1,27.7,55,5,41.9,9.25,1.02,3.24,0,ROUTINE
TMS-ER-04296,JUC-ADI,ER,8.6,9.6,41,6,84.1,5.43,0.2,0.77,1,URGENT
TMS-NCR-04297,BWN-AZ,NCR,28.8,22.6,5,5,36.6,6.74,1.67,3.01,0,ROUTINE
TMS-ECR-04298,BZA-MAS,ECR,15.5,21.6,25,4,67.0,5.62,0.38,1.13,0,ROUTINE
TMS-SER-04299,SC-KZJ,SER,8.5,18.4,6,0,62.7,3.45,0.13,1.69,0,ROUTINE
TMS-SER-04300,UMB-LDH,SER,7.1,37.5,122,3,66.2,4.98,0.5,2.36,0,ROUTINE
TMS-SWR-04301,ASR-JUC,SWR,20.4,34.0,10,0,54.5,7.31,0.53,2.65,1,URGENT
TMS-SR-04302,KZJ-BZA,SR,25.6,60.0,19,3,36.2,10.19,3.04,4.62,1,URGENT
TMS-WCR-04303,SC-KZJ,WCR,22.8,13.7,7,1,59.8,6.03,0.55,2.78,0,ROUTINE
TMS-NR-04304,LDH-ASR,NR,13.3,26.3,5,3,58.2,5.67,2.27,1.63,0,ROUTINE
TMS-SER-04305,NDLS-UMB,SER,13.7,40.4,32,1,62.3,7.31,1.29,2.61,0,ROUTINE
TMS-NFR-04306,JHS-BPL,NFR,19.6,16.8,23,0,55.4,4.32,0.15,2.35,0,ROUTINE
TMS-SR-04307,LDH-ASR,SR,8.5,43.7,16,2,69.1,5.07,0.26,2.69,0,ROUTINE
TMS-SWR-04308,UMB-LDH,SWR,25.6,25.7,5,4,62.1,7.17,0.13,3.37,1,URGENT
TMS-CR-04309,MGS-ALD,CR,20.9,11.0,46,2,60.7,6.48,0.77,1.96,0,ROUTINE
TMS-NR-04310,ASR-JUC,NR,10.2,13.3,5,2,94.7,4.02,5.25,0.97,0,ROUTINE
TMS-ECR-04311,LTT-NED,ECR,15.1,17.6,21,3,73.5,5.66,0.3,1.08,0,ROUTINE
TMS-ECoR-04312,AGC-JHS,ECoR,14.3,21.4,35,5,65.9,10.92,0.63,1.86,0,ROUTINE
TMS-ER-04313,JHS-BPL,ER,11.2,36.4,19,0,80.2,7.21,2.57,2.66,0,ROUTINE
TMS-NWR-04314,AZ-MGS,NWR,24.7,21.4,5,4,52.3,11.04,3.13,3.76,0,ROUTINE
TMS-ECR-04315,ST-BCT,ECR,4.6,35.9,52,3,68.2,3.6,1.99,2.26,0,ROUTINE
TMS-WR-04316,NDLS-AGC,WR,21.9,23.2,13,6,50.6,6.33,0.94,2.75,1,URGENT
TMS-ER-04317,ALD-CNB,ER,24.3,22.3,5,5,53.0,6.3,1.57,2.83,0,ROUTINE
TMS-SR-04318,CNB-NDLS,SR,15.1,19.8,27,8,61.9,6.29,0.9,1.71,1,URGENT
TMS-SCR-04319,ST-BCT,SCR,3.0,32.9,5,2,76.2,8.38,2.83,0.94,0,ROUTINE
TMS-NWR-04320,BZA-MAS,NWR,7.2,23.4,13,1,72.7,3.03,0.79,1.96,0,ROUTINE
TMS-NER-04321,NGP-BZA,NER,10.2,16.6,48,6,81.0,2.98,2.55,2.09,1,URGENT
TMS-WCR-04322,NDLS-AGC,WCR,16.1,25.4,85,3,79.0,6.68,1.32,1.71,0,ROUTINE
TMS-WCR-04323,MGS-ALD,WCR,23.5,18.5,31,2,54.5,5.85,1.1,3.25,0,ROUTINE
TMS-NCR-04324,NDLS-AGC,NCR,8.0,18.1,8,2,71.8,3.1,1.6,1.49,0,ROUTINE
TMS-CR-04325,ADI-BRC,CR,15.9,35.6,8,4,57.8,11.42,0.52,3.11,0,ROUTINE
TMS-NR-04326,CNB-NDLS,NR,5.4,20.8,32,5,73.7,2.5,0.75,2.17,0,ROUTINE
TMS-SER-04327,CNB-NDLS,SER,26.8,52.1,18,2,58.8,8.83,2.45,3.6,1,URGENT
TMS-SCR-04328,HWH-BWN,SCR,7.6,29.8,6,2,82.4,4.33,0.73,1.3,1,URGENT
TMS-SWR-04329,LTT-NED,SWR,14.4,16.3,54,2,82.7,6.52,1.59,1.7,0,ROUTINE
TMS-WR-04330,ADI-BRC,WR,15.7,15.9,7,1,75.2,5.28,1.63,1.47,0,ROUTINE
TMS-SCR-04331,ST-BCT,SCR,15.8,13.5,13,16,60.1,4.25,3.06,1.46,1,CRITICAL
TMS-ECR-04332,NDLS-UMB,ECR,7.6,28.3,5,6,77.8,3.78,0.88,2.2,1,URGENT
TMS-CR-04333,ED-CBE,CR,12.2,15.8,42,12,77.2,3.59,3.49,1.71,1,CRITICAL
TMS-ECoR-04334,JUC-ADI,ECoR,7.8,9.0,11,1,92.5,1.97,7.46,1.12,1,URGENT
TMS-SECR-04335,HWH-BWN,SECR,15.3,11.5,9,3,74.2,6.84,0.28,1.74,0,ROUTINE
TMS-WCR-04336,BRC-ST,WCR,9.7,14.3,12,8,71.7,2.85,1.89,1.07,1,URGENT
TMS-ER-04337,NDLS-AGC,ER,14.0,25.4,72,3,82.8,7.6,1.8,2.26,0,ROUTINE
TMS-ER-04338,BPL-NGP,ER,17.2,21.5,25,5,70.3,4.6,0.91,2.18,0,ROUTINE
TMS-ECR-04339,CSTM-KYN,ECR,13.4,32.4,6,1,61.1,9.33,0.54,2.84,0,ROUTINE
TMS-NFR-04340,KYN-IGP,NFR,12.3,15.4,52,1,73.9,5.35,0.04,1.95,0,ROUTINE
TMS-NFR-04341,BWN-AZ,NFR,9.9,19.5,8,1,79.4,3.91,1.52,1.81,0,ROUTINE
TMS-SER-04342,ASR-JUC,SER,13.6,44.7,18,2,54.7,6.61,0.57,2.91,0,ROUTINE
TMS-WR-04343,ADI-BRC,WR,8.4,19.4,29,0,78.7,3.48,1.21,1.26,0,ROUTINE
TMS-NER-04344,UMB-LDH,NER,18.4,24.3,30,2,63.0,5.18,0.2,1.87,0,ROUTINE
TMS-NCR-04345,MAS-ED,NCR,15.8,17.1,5,2,66.4,8.58,0.07,3.44,0,ROUTINE
TMS-NWR-04346,LTT-NED,NWR,14.6,20.3,63,0,73.8,4.22,2.43,1.98,0,ROUTINE
TMS-ECoR-04347,CNB-NDLS,ECoR,31.9,26.8,22,4,36.3,7.32,0.2,3.99,1,URGENT
TMS-SER-04348,MAS-ED,SER,28.2,28.9,158,2,38.3,7.44,0.22,3.86,1,URGENT
TMS-CR-04349,LTT-NED,CR,6.9,23.3,44,2,86.0,11.21,1.27,1.51,0,ROUTINE
TMS-NFR-04350,KZJ-BZA,NFR,18.4,20.0,171,3,67.5,5.61,1.97,2.22,0,ROUTINE
TMS-NER-04351,AGC-JHS,NER,13.3,23.4,21,0,68.2,4.75,0.01,1.72,0,ROUTINE
TMS-NER-04352,SC-KZJ,NER,16.6,16.5,5,0,61.7,16.88,0.88,1.21,0,ROUTINE
TMS-WCR-04353,AWB-SC,WCR,11.0,20.4,45,0,80.2,5.98,1.5,2.62,0,ROUTINE
TMS-WR-04354,BPL-NGP,WR,13.5,25.4,52,6,66.7,9.84,2.01,1.86,1,URGENT
TMS-ECR-04355,SC-KZJ,ECR,10.7,32.9,67,7,65.7,4.81,4.43,1.67,1,URGENT
TMS-ECoR-04356,SC-KZJ,ECoR,6.9,15.4,12,3,77.4,5.07,0.02,1.92,0,ROUTINE
TMS-SR-04357,HWH-BWN,SR,29.1,20.7,25,8,36.5,10.45,3.43,3.05,0,ROUTINE
TMS-NWR-04358,MAS-ED,NWR,4.3,14.8,68,0,94.3,3.34,5.1,1.02,0,ROUTINE
TMS-WR-04359,MGS-ALD,WR,6.1,18.6,70,6,74.6,3.51,3.01,1.02,1,URGENT
TMS-NCR-04360,AGC-JHS,NCR,7.5,33.1,5,0,61.3,4.47,4.46,1.19,0,ROUTINE
TMS-WR-04361,CSTM-KYN,WR,25.2,17.9,38,7,52.5,6.89,0.19,2.76,1,URGENT
TMS-WR-04362,AZ-MGS,WR,14.1,21.4,32,0,70.5,4.25,7.29,1.98,1,URGENT
TMS-NR-04363,ST-BCT,NR,7.9,13.5,5,2,93.5,3.4,2.17,0.99,0,ROUTINE
TMS-ECR-04364,BWN-AZ,ECR,12.5,17.7,93,2,74.9,5.59,0.11,2.24,0,ROUTINE
TMS-NWR-04365,NGP-BZA,NWR,28.2,11.9,20,10,35.6,7.3,1.7,3.1,0,ROUTINE
TMS-NR-04366,LTT-NED,NR,14.1,24.8,39,2,58.6,6.51,1.82,2.84,0,ROUTINE
TMS-NR-04367,BZA-MAS,NR,13.0,25.7,75,5,79.8,5.77,1.49,1.58,0,ROUTINE
TMS-SWR-04368,NDLS-UMB,SWR,11.8,25.4,5,3,69.4,3.81,3.12,2.27,0,ROUTINE
TMS-ECoR-04369,CBE-TVC,ECoR,7.1,26.1,67,0,67.8,3.21,2.07,2.65,0,ROUTINE
TMS-SWR-04370,ALD-CNB,SWR,16.4,25.4,45,5,52.0,6.23,0.26,2.66,0,ROUTINE
TMS-ECoR-04371,NDLS-AGC,ECoR,8.9,12.1,64,1,85.4,9.06,0.43,1.53,1,URGENT
TMS-SER-04372,NDLS-UMB,SER,10.0,16.2,23,2,69.6,3.23,0.93,1.49,0,ROUTINE
TMS-CR-04373,KZJ-BZA,CR,21.3,9.0,5,0,62.8,6.44,0.75,2.45,0,ROUTINE
TMS-NER-04374,CNB-NDLS,NER,23.1,18.4,38,6,53.0,6.07,1.63,2.16,1,URGENT
TMS-NWR-04375,JUC-ADI,NWR,4.5,15.7,16,12,99.5,2.23,0.22,0.68,0,ROUTINE
TMS-ECR-04376,BZA-MAS,ECR,20.1,21.9,18,5,50.2,4.83,0.66,2.06,0,ROUTINE
TMS-SER-04377,MGS-ALD,SER,15.9,59.4,20,3,57.6,9.64,0.42,3.44,0,ROUTINE
TMS-SECR-04378,AZ-MGS,SECR,23.2,30.4,23,1,68.0,6.22,0.52,3.05,1,URGENT
TMS-WR-04379,BZA-MAS,WR,14.3,40.9,37,0,49.7,6.13,1.86,3.56,0,ROUTINE
TMS-ER-04380,AWB-SC,ER,12.8,30.8,45,0,54.0,5.41,0.13,2.84,0,ROUTINE
TMS-ECR-04381,NDLS-AGC,ECR,16.1,21.3,52,3,67.7,6.57,3.28,1.63,0,ROUTINE
TMS-CR-04382,UMB-LDH,CR,6.8,22.1,38,3,79.3,3.77,1.54,0.98,0,ROUTINE
TMS-NCR-04383,UMB-LDH,NCR,20.4,31.4,56,2,64.5,6.55,0.8,2.61,1,URGENT
TMS-SCR-04384,JUC-ADI,SCR,12.0,24.5,5,2,60.2,6.92,1.0,1.63,0,ROUTINE
TMS-SCR-04385,AWB-SC,SCR,10.1,19.8,63,2,76.7,3.11,1.8,2.18,0,ROUTINE
TMS-NER-04386,MAS-ED,NER,8.6,39.3,17,2,71.0,7.24,1.97,3.08,0,ROUTINE
TMS-SCR-04387,KZJ-BZA,SCR,18.3,26.5,26,2,60.2,6.34,2.45,1.92,0,ROUTINE
TMS-SCR-04388,LTT-NED,SCR,24.2,12.6,19,1,54.2,6.2,0.46,2.58,0,ROUTINE
TMS-ER-04389,ADI-BRC,ER,18.7,20.7,22,3,61.2,5.31,2.93,2.19,0,ROUTINE
TMS-NFR-04390,JUC-ADI,NFR,14.4,22.6,11,1,91.9,4.16,2.66,1.05,0,ROUTINE
TMS-SWR-04391,NDLS-AGC,SWR,14.9,18.9,6,1,54.6,3.94,2.9,1.6,0,ROUTINE
TMS-NCR-04392,KZJ-BZA,NCR,12.4,19.0,5,5,90.2,4.21,0.13,1.69,0,ROUTINE
TMS-SWR-04393,BPL-NGP,SWR,24.0,18.8,21,0,50.6,7.65,0.23,2.11,0,ROUTINE
TMS-ECoR-04394,AWB-SC,ECoR,13.2,10.9,5,3,65.6,7.3,1.47,1.24,0,ROUTINE
TMS-NR-04395,UMB-LDH,NR,22.9,10.1,9,2,52.0,7.59,4.59,2.6,0,ROUTINE
TMS-NFR-04396,ADI-BRC,NFR,10.5,17.1,5,2,74.6,6.14,0.17,1.59,0,ROUTINE
TMS-SWR-04397,ASR-JUC,SWR,31.6,18.9,5,0,44.2,6.26,2.01,3.72,0,ROUTINE
TMS-ECR-04398,NGP-BZA,ECR,13.6,13.0,74,0,73.7,3.51,0.22,1.06,0,ROUTINE
TMS-ECR-04399,ST-BCT,ECR,18.4,14.7,39,3,61.9,9.74,4.51,1.4,0,ROUTINE
TMS-SWR-04400,AGC-JHS,SWR,5.0,20.1,90,2,95.4,6.44,2.42,1.46,0,ROUTINE
TMS-WR-04401,UMB-LDH,WR,21.5,33.5,36,2,41.9,6.18,0.51,3.44,1,URGENT
TMS-SWR-04402,JUC-ADI,SWR,7.6,32.7,65,9,69.3,5.78,0.07,0.85,1,URGENT
TMS-SCR-04403,NDLS-AGC,SCR,28.4,33.1,28,0,40.6,8.04,0.86,3.34,1,URGENT
TMS-ECoR-04404,HWH-BWN,ECoR,14.6,14.8,21,7,70.3,3.39,1.12,2.4,1,URGENT
TMS-CR-04405,UMB-LDH,CR,7.8,20.3,26,1,69.3,6.01,1.12,1.44,0,ROUTINE
TMS-NWR-04406,BZA-MAS,NWR,13.3,36.4,13,1,62.6,10.64,2.86,1.94,0,ROUTINE
TMS-NFR-04407,UMB-LDH,NFR,18.2,11.0,37,4,70.3,8.68,5.94,1.12,0,ROUTINE
TMS-NFR-04408,HWH-BWN,NFR,21.9,18.5,79,2,61.2,5.73,0.85,2.76,0,ROUTINE
TMS-SWR-04409,SC-KZJ,SWR,20.3,24.3,53,1,60.9,8.09,0.27,2.77,0,ROUTINE
TMS-SR-04410,ST-BCT,SR,21.0,11.2,21,10,57.0,5.42,0.71,3.03,1,URGENT
TMS-NCR-04411,JUC-ADI,NCR,10.0,26.4,107,3,62.9,11.43,1.87,1.15,1,URGENT
TMS-NER-04412,JHS-BPL,NER,7.9,41.2,147,1,60.3,11.09,1.31,1.83,1,URGENT
TMS-NCR-04413,KZJ-BZA,NCR,11.3,36.2,23,0,58.6,7.56,0.14,2.81,0,ROUTINE
TMS-WCR-04414,JHS-BPL,WCR,6.5,20.7,69,0,61.2,3.91,0.35,1.01,0,ROUTINE
TMS-NWR-04415,UMB-LDH,NWR,5.5,30.7,5,7,74.7,7.93,1.77,0.75,1,URGENT
TMS-ECR-04416,ST-BCT,ECR,10.4,11.2,5,0,77.7,2.96,1.8,1.27,0,ROUTINE
TMS-SWR-04417,AGC-JHS,SWR,29.5,24.8,5,4,35.1,6.89,1.41,2.92,0,ROUTINE
TMS-ECR-04418,NDLS-AGC,ECR,26.7,19.7,51,4,54.0,7.21,0.52,3.38,0,ROUTINE
TMS-ECR-04419,CBE-TVC,ECR,6.7,20.9,5,0,77.6,6.1,0.27,1.12,0,ROUTINE
TMS-SR-04420,CBE-TVC,SR,11.4,23.1,5,2,75.1,3.69,0.39,2.07,0,ROUTINE
TMS-ECR-04421,UMB-LDH,ECR,19.9,25.9,5,5,52.8,8.13,2.47,3.04,0,ROUTINE
TMS-NWR-04422,MAS-ED,NWR,13.9,12.4,12,4,68.6,9.04,1.01,1.73,0,ROUTINE
TMS-SER-04423,JHS-BPL,SER,17.1,15.0,21,2,73.3,5.34,0.65,3.47,0,ROUTINE
TMS-ECoR-04424,JUC-ADI,ECoR,3.9,20.0,5,6,72.0,2.67,0.22,1.24,1,URGENT
TMS-SECR-04425,AZ-MGS,SECR,20.1,10.9,24,14,64.3,5.88,0.75,2.9,1,CRITICAL
TMS-NER-04426,KYN-IGP,NER,19.0,23.5,9,2,63.1,5.17,0.81,2.0,0,ROUTINE
TMS-SWR-04427,MAS-ED,SWR,4.0,31.0,11,6,87.4,4.07,3.26,1.58,1,URGENT
TMS-WR-04428,CBE-TVC,WR,8.4,38.7,60,5,70.6,6.76,4.22,2.79,0,ROUTINE
TMS-NWR-04429,NDLS-AGC,NWR,8.2,23.1,151,9,68.0,4.04,2.74,1.54,1,URGENT
TMS-SCR-04430,ST-BCT,SCR,6.6,47.2,21,0,62.3,6.09,0.74,2.62,0,ROUTINE
TMS-SER-04431,SC-KZJ,SER,5.0,21.9,13,9,66.9,4.08,1.23,1.92,1,URGENT
TMS-NER-04432,ALD-CNB,NER,7.1,13.4,93,2,77.3,2.97,2.76,1.27,0,ROUTINE
TMS-NWR-04433,BZA-MAS,NWR,10.8,21.7,24,2,81.5,3.51,0.08,1.0,0,ROUTINE
TMS-SER-04434,MAS-ED,SER,14.9,20.4,45,4,78.0,5.3,1.14,2.07,0,ROUTINE
TMS-ECR-04435,CSTM-KYN,ECR,12.0,27.3,18,4,66.2,5.32,0.76,2.4,0,ROUTINE
TMS-WR-04436,MAS-ED,WR,25.8,24.7,7,0,63.4,6.96,0.72,3.21,0,ROUTINE
TMS-ECoR-04437,JUC-ADI,ECoR,6.3,24.0,37,0,73.5,3.27,0.65,1.2,0,ROUTINE
TMS-SWR-04438,AGC-JHS,SWR,4.1,32.7,38,3,79.0,3.34,1.53,1.1,0,ROUTINE
TMS-NFR-04439,BCT-RTM,NFR,11.9,18.7,21,3,56.1,6.79,0.81,1.36,0,ROUTINE
TMS-NCR-04440,BPL-NGP,NCR,4.3,27.5,11,1,79.1,4.36,0.58,1.81,0,ROUTINE
TMS-NR-04441,CNB-NDLS,NR,8.7,24.8,62,2,75.1,11.14,1.25,1.76,1,URGENT
TMS-SECR-04442,BCT-RTM,SECR,15.2,23.2,11,0,60.4,11.75,0.7,2.14,0,ROUTINE
TMS-ECoR-04443,BRC-ST,ECoR,16.7,21.6,37,4,73.3,5.97,0.05,2.39,0,ROUTINE
TMS-NFR-04444,BWN-AZ,NFR,9.0,13.3,16,5,65.8,3.76,0.81,1.16,0,ROUTINE
TMS-CR-04445,NDLS-AGC,CR,18.0,20.1,22,1,48.6,4.72,0.33,2.75,0,ROUTINE
TMS-SWR-04446,CSTM-KYN,SWR,6.0,20.6,8,6,81.5,3.5,0.16,0.76,1,URGENT
TMS-NWR-04447,MGS-ALD,NWR,16.0,16.6,36,5,49.9,6.81,3.09,2.31,0,ROUTINE
TMS-WCR-04448,KZJ-BZA,WCR,4.9,12.9,8,2,92.1,8.37,1.77,1.53,0,ROUTINE
TMS-CR-04449,CSTM-KYN,CR,45.0,17.8,23,0,22.0,10.01,0.72,5.36,1,URGENT
TMS-NFR-04450,MGS-ALD,NFR,22.8,18.4,13,5,62.1,6.81,6.33,2.81,1,URGENT
TMS-ECoR-04451,LTT-NED,ECoR,8.6,13.0,115,3,81.2,8.04,0.69,0.51,1,URGENT
TMS-NWR-04452,LDH-ASR,NWR,14.0,13.0,141,0,75.0,3.41,0.42,3.1,0,ROUTINE
TMS-SWR-04453,HWH-BWN,SWR,7.4,9.6,49,0,83.4,3.77,0.96,1.84,0,ROUTINE
TMS-SCR-04454,CBE-TVC,SCR,18.3,25.0,144,3,69.6,6.51,4.37,3.38,0,ROUTINE
TMS-NR-04455,KZJ-BZA,NR,24.0,32.8,5,3,56.1,6.68,1.64,3.02,1,URGENT
TMS-ECR-04456,BCT-RTM,ECR,24.8,22.3,170,0,54.7,8.48,1.97,2.99,1,URGENT
TMS-NWR-04457,ADI-BRC,NWR,24.0,18.9,5,1,56.9,5.37,0.27,2.68,0,ROUTINE
TMS-SCR-04458,BRC-ST,SCR,22.3,12.7,18,1,65.8,4.49,0.06,2.14,0,ROUTINE
TMS-SWR-04459,BWN-AZ,SWR,16.1,9.2,9,4,70.1,4.48,1.16,1.2,0,ROUTINE
TMS-SWR-04460,SC-KZJ,SWR,14.0,21.9,107,2,70.9,4.56,0.6,2.48,0,ROUTINE
TMS-NWR-04461,ADI-BRC,NWR,12.2,28.4,35,3,62.0,5.25,0.07,2.81,0,ROUTINE
TMS-ECoR-04462,AZ-MGS,ECoR,9.1,15.9,31,3,67.9,2.88,3.4,1.99,0,ROUTINE
TMS-SCR-04463,JUC-ADI,SCR,11.6,33.9,180,3,64.8,5.66,0.04,1.95,0,ROUTINE
TMS-ECoR-04464,AGC-JHS,ECoR,11.0,16.9,33,4,83.1,4.16,0.02,1.23,0,ROUTINE
TMS-SER-04465,BPL-NGP,SER,6.3,34.3,36,2,78.9,10.48,0.53,2.29,0,ROUTINE
TMS-NFR-04466,AZ-MGS,NFR,12.1,16.2,5,9,65.1,5.68,1.03,2.12,1,URGENT
TMS-ER-04467,MAS-ED,ER,12.8,7.7,68,1,71.3,7.6,0.9,1.53,0,ROUTINE
TMS-NWR-04468,AWB-SC,NWR,7.2,28.5,122,1,71.8,6.4,0.67,1.49,0,ROUTINE
TMS-SECR-04469,KZJ-BZA,SECR,20.6,15.3,112,8,50.2,7.41,2.99,2.86,1,URGENT
TMS-SWR-04470,ASR-JUC,SWR,15.7,12.0,8,0,64.5,7.33,0.53,2.42,1,URGENT
TMS-NCR-04471,UMB-LDH,NCR,6.7,26.9,8,5,66.4,3.75,1.59,2.0,0,ROUTINE
TMS-NWR-04472,BRC-ST,NWR,15.3,15.6,15,1,66.4,4.66,0.76,1.58,0,ROUTINE
TMS-NFR-04473,NDLS-UMB,NFR,10.4,12.6,12,9,74.2,6.73,0.74,0.98,1,URGENT
TMS-WR-04474,JUC-ADI,WR,12.0,37.5,12,5,69.9,4.94,4.05,3.17,0,ROUTINE
TMS-WR-04475,NDLS-AGC,WR,13.7,20.5,32,5,71.4,3.81,1.79,1.75,0,ROUTINE
TMS-NER-04476,KYN-IGP,NER,25.4,12.5,57,2,64.2,6.9,1.16,2.39,0,ROUTINE
TMS-WCR-04477,CSTM-KYN,WCR,10.6,18.4,96,10,57.8,7.87,0.29,1.82,1,URGENT
TMS-SECR-04478,ASR-JUC,SECR,16.5,52.1,5,1,40.5,9.8,0.22,3.21,0,ROUTINE
TMS-SWR-04479,NGP-BZA,SWR,9.5,23.2,11,5,76.9,6.49,0.32,2.17,0,ROUTINE
TMS-CR-04480,HWH-BWN,CR,20.2,17.2,10,4,63.3,5.3,1.48,2.36,0,ROUTINE
TMS-WCR-04481,KYN-IGP,WCR,16.7,27.1,15,6,58.8,6.46,0.09,2.17,1,URGENT
TMS-SWR-04482,CNB-NDLS,SWR,12.5,18.5,19,3,79.7,6.31,0.94,1.81,0,ROUTINE
TMS-SER-04483,BZA-MAS,SER,23.6,18.1,17,4,55.2,8.15,0.92,2.22,0,ROUTINE
TMS-ECR-04484,CBE-TVC,ECR,34.6,17.1,106,5,57.8,8.3,3.75,3.18,1,URGENT
TMS-SCR-04485,AWB-SC,SCR,12.6,31.2,20,4,66.3,7.61,0.69,2.05,0,ROUTINE
TMS-WCR-04486,LDH-ASR,WCR,16.7,24.0,28,1,57.9,4.48,3.4,2.82,0,ROUTINE
TMS-SWR-04487,ED-CBE,SWR,14.0,39.2,48,0,71.9,10.95,1.43,3.02,0,ROUTINE
TMS-ER-04488,SC-KZJ,ER,45.0,25.1,45,5,20.1,12.85,0.74,3.99,1,URGENT
TMS-NR-04489,LDH-ASR,NR,12.7,40.9,30,1,65.4,5.28,1.12,2.54,0,ROUTINE
TMS-WR-04490,NDLS-AGC,WR,10.1,28.8,69,3,62.8,4.91,0.15,1.46,0,ROUTINE
TMS-NR-04491,BWN-AZ,NR,10.6,20.0,34,0,77.0,8.23,3.31,1.32,0,ROUTINE
TMS-NR-04492,LDH-ASR,NR,23.8,21.0,72,0,53.4,6.69,1.5,2.56,0,ROUTINE
TMS-WCR-04493,NGP-BZA,WCR,21.3,46.1,12,1,50.4,7.07,0.86,3.75,1,URGENT
TMS-ECoR-04494,ASR-JUC,ECoR,20.5,37.4,5,5,47.8,12.86,2.24,3.33,1,URGENT
TMS-NR-04495,AGC-JHS,NR,21.5,41.2,59,4,33.9,7.41,0.78,2.72,1,URGENT
TMS-ECR-04496,ASR-JUC,ECR,21.5,14.8,16,2,66.0,5.86,0.93,1.7,0,ROUTINE
TMS-SER-04497,BRC-ST,SER,16.3,10.5,36,7,70.2,5.28,0.82,1.52,1,URGENT
TMS-CR-04498,BCT-RTM,CR,16.4,15.8,46,12,62.2,7.3,8.5,2.13,1,CRITICAL
TMS-NR-04499,LDH-ASR,NR,10.5,23.7,13,4,73.5,7.6,2.21,1.81,0,ROUTINE
TMS-SECR-04500,CBE-TVC,SECR,12.3,17.1,24,1,74.3,5.33,3.96,0.72,0,ROUTINE
TMS-NWR-04501,BPL-NGP,NWR,21.8,22.4,78,4,59.6,10.99,0.72,2.94,1,URGENT
TMS-SECR-04502,BWN-AZ,SECR,8.9,18.5,74,1,80.7,3.31,1.01,0.66,0,ROUTINE
TMS-NWR-04503,BWN-AZ,NWR,14.5,11.0,48,3,83.9,7.76,0.34,1.9,1,URGENT
TMS-ECoR-04504,CNB-NDLS,ECoR,10.9,26.4,50,5,67.9,4.17,0.02,2.33,0,ROUTINE
TMS-ECR-04505,AZ-MGS,ECR,8.2,22.5,79,5,84.5,7.53,0.32,2.56,0,ROUTINE
TMS-CR-04506,HWH-BWN,CR,33.6,37.8,46,3,27.6,8.55,3.97,4.5,1,URGENT
TMS-ER-04507,BCT-RTM,ER,17.6,23.7,14,1,49.5,7.08,0.91,3.45,0,ROUTINE
TMS-NFR-04508,ED-CBE,NFR,9.7,30.4,5,8,80.5,7.28,0.21,2.99,0,ROUTINE
TMS-WCR-04509,JUC-ADI,WCR,39.1,16.0,19,0,26.6,8.14,0.9,3.75,1,URGENT
TMS-CR-04510,KYN-IGP,CR,7.4,25.5,5,5,82.6,3.39,2.36,1.55,0,ROUTINE
TMS-NFR-04511,CNB-NDLS,NFR,34.8,30.7,5,0,33.1,8.58,1.04,5.05,1,URGENT
TMS-SECR-04512,CNB-NDLS,SECR,15.9,27.7,104,5,64.1,4.73,4.14,3.03,0,ROUTINE
TMS-NER-04513,AZ-MGS,NER,9.8,20.3,39,1,84.1,5.25,3.43,2.56,0,ROUTINE
TMS-WR-04514,UMB-LDH,WR,7.1,25.5,66,10,59.1,5.49,0.96,1.63,1,URGENT
TMS-NFR-04515,ST-BCT,NFR,20.5,28.5,36,4,61.5,5.98,0.13,2.29,1,URGENT
TMS-SER-04516,LDH-ASR,SER,27.4,35.9,18,4,46.2,9.09,1.83,3.45,1,URGENT
TMS-NCR-04517,CSTM-KYN,NCR,6.5,17.7,5,1,74.2,2.51,0.66,1.26,0,ROUTINE
TMS-SER-04518,AWB-SC,SER,4.6,14.2,109,2,86.1,1.89,2.31,0.7,0,ROUTINE
TMS-SWR-04519,BWN-AZ,SWR,16.6,15.9,5,5,74.1,4.81,0.55,1.17,0,ROUTINE
TMS-WR-04520,AZ-MGS,WR,12.4,23.5,32,4,61.1,5.07,0.6,1.92,0,ROUTINE
TMS-WR-04521,CSTM-KYN,WR,15.8,22.2,5,6,63.6,4.18,1.17,2.36,1,URGENT
TMS-NWR-04522,HWH-BWN,NWR,10.9,28.5,11,1,78.2,5.7,0.04,1.3,0,ROUTINE
TMS-ECR-04523,ALD-CNB,ECR,6.5,30.9,7,1,63.5,7.02,0.28,2.0,0,ROUTINE
TMS-SR-04524,NGP-BZA,SR,13.1,10.4,28,3,77.3,3.85,2.86,1.3,0,ROUTINE
TMS-ECoR-04525,AWB-SC,ECoR,28.8,18.3,76,4,49.9,8.53,4.7,3.29,1,URGENT
TMS-SECR-04526,AZ-MGS,SECR,15.9,24.2,35,3,65.7,4.65,0.32,3.13,0,ROUTINE
TMS-NCR-04527,BWN-AZ,NCR,7.4,34.7,38,6,61.6,5.39,2.22,1.4,0,ROUTINE
TMS-NFR-04528,CBE-TVC,NFR,23.8,21.7,83,1,53.0,8.42,0.18,1.86,1,URGENT
TMS-NR-04529,SC-KZJ,NR,7.8,38.3,48,2,69.3,6.53,0.96,2.33,0,ROUTINE
TMS-ECR-04530,BWN-AZ,ECR,7.5,27.7,70,4,73.5,6.37,1.07,1.54,0,ROUTINE
TMS-NCR-04531,ST-BCT,NCR,29.1,25.8,18,0,49.9,8.98,1.24,3.64,1,URGENT
TMS-ECoR-04532,BPL-NGP,ECoR,9.3,21.2,70,6,75.4,3.35,0.67,1.25,1,URGENT
TMS-NWR-04533,AZ-MGS,NWR,21.7,22.0,36,10,58.2,5.23,2.91,3.01,1,URGENT
TMS-SECR-04534,ADI-BRC,SECR,28.9,25.3,5,4,32.9,13.78,0.54,2.93,1,URGENT
TMS-ECR-04535,ALD-CNB,ECR,11.9,20.5,5,2,64.6,4.74,1.0,1.74,0,ROUTINE
TMS-ECoR-04536,LDH-ASR,ECoR,21.8,34.6,9,6,44.7,8.67,0.32,3.38,1,URGENT
TMS-NER-04537,LDH-ASR,NER,20.2,31.6,16,2,49.3,7.85,1.28,2.86,1,URGENT
TMS-NER-04538,KZJ-BZA,NER,6.5,35.8,63,1,72.5,3.93,0.33,2.49,0,ROUTINE
TMS-SER-04539,KYN-IGP,SER,14.5,14.6,47,2,63.9,4.72,0.41,2.37,0,ROUTINE
TMS-SER-04540,LTT-NED,SER,13.6,14.5,108,1,62.5,4.67,0.86,2.03,0,ROUTINE
TMS-ECoR-04541,CBE-TVC,ECoR,13.3,27.0,28,0,67.4,7.46,0.49,2.51,0,ROUTINE
TMS-NCR-04542,AWB-SC,NCR,12.6,21.5,48,3,69.8,10.16,0.06,1.9,0,ROUTINE
TMS-SER-04543,KZJ-BZA,SER,15.9,24.6,11,0,66.2,5.04,2.39,1.7,0,ROUTINE
TMS-SECR-04544,ADI-BRC,SECR,17.2,14.2,39,2,84.3,3.84,2.57,2.56,0,ROUTINE
TMS-ECR-04545,KZJ-BZA,ECR,15.5,12.4,42,5,60.4,4.61,3.46,0.65,1,URGENT
TMS-NCR-04546,BRC-ST,NCR,14.7,24.4,66,1,66.0,4.22,5.86,1.0,0,ROUTINE
TMS-SER-04547,NGP-BZA,SER,10.3,16.4,26,3,76.0,3.83,0.18,1.5,0,ROUTINE
TMS-ER-04548,UMB-LDH,ER,31.5,29.5,36,1,38.8,7.72,0.48,3.41,1,URGENT
TMS-NFR-04549,MGS-ALD,NFR,7.0,17.4,7,10,97.7,3.0,1.49,1.27,1,URGENT
TMS-ER-04550,JUC-ADI,ER,1.4,15.6,46,1,69.3,1.46,3.14,0.36,0,ROUTINE
TMS-SCR-04551,ALD-CNB,SCR,16.8,9.0,63,2,67.1,3.82,0.27,1.98,0,ROUTINE
TMS-NER-04552,JUC-ADI,NER,10.3,36.6,31,1,66.2,5.24,0.99,2.05,0,ROUTINE
TMS-NWR-04553,ASR-JUC,NWR,15.9,29.3,5,2,65.6,9.57,5.78,2.35,0,ROUTINE
TMS-CR-04554,JUC-ADI,CR,7.1,12.2,13,2,88.8,2.23,0.6,0.86,0,ROUTINE
TMS-NFR-04555,JUC-ADI,NFR,34.7,10.0,22,9,29.1,8.92,1.01,4.02,1,URGENT
TMS-NER-04556,SC-KZJ,NER,34.4,17.5,39,2,38.1,9.14,1.78,2.69,0,ROUTINE
TMS-NCR-04557,BRC-ST,NCR,22.1,32.4,13,1,43.0,6.7,0.82,3.8,1,URGENT
TMS-NCR-04558,BWN-AZ,NCR,15.0,18.0,64,0,71.3,8.44,1.9,1.4,1,URGENT
TMS-NCR-04559,AZ-MGS,NCR,10.6,20.4,16,2,75.1,5.35,0.24,1.0,0,ROUTINE
TMS-NWR-04560,CNB-NDLS,NWR,12.0,33.0,5,4,60.8,4.64,0.39,1.96,0,ROUTINE
TMS-ER-04561,JHS-BPL,ER,39.1,14.9,55,3,48.1,7.51,0.73,3.48,0,ROUTINE
TMS-CR-04562,AGC-JHS,CR,22.1,16.9,36,1,56.0,5.69,6.19,2.69,1,URGENT
TMS-SECR-04563,NDLS-AGC,SECR,3.4,24.2,56,7,80.1,9.29,0.64,0.65,1,URGENT
TMS-SER-04564,CSTM-KYN,SER,34.5,19.8,15,7,31.1,7.37,3.71,3.18,1,URGENT
TMS-NCR-04565,MGS-ALD,NCR,4.9,15.6,5,2,60.9,3.1,3.12,1.63,0,ROUTINE
TMS-SR-04566,BWN-AZ,SR,16.6,29.5,5,1,60.8,6.5,2.11,2.44,0,ROUTINE
TMS-SCR-04567,LTT-NED,SCR,14.0,27.3,5,1,58.2,5.16,0.69,1.67,0,ROUTINE
TMS-NFR-04568,NDLS-AGC,NFR,26.2,31.0,57,2,46.7,8.82,0.6,4.03,1,URGENT
TMS-ECR-04569,LTT-NED,ECR,14.4,20.9,12,3,91.7,5.99,1.53,1.7,0,ROUTINE
TMS-SER-04570,BWN-AZ,SER,41.1,11.0,180,1,34.5,7.17,0.4,3.13,0,ROUTINE
TMS-SR-04571,LDH-ASR,SR,14.4,22.3,49,4,68.7,5.06,0.67,1.33,1,URGENT
TMS-CR-04572,JHS-BPL,CR,8.2,13.9,32,0,88.7,5.38,2.53,1.26,0,ROUTINE
TMS-NWR-04573,KYN-IGP,NWR,20.9,9.9,143,3,74.4,5.97,0.35,2.49,0,ROUTINE
TMS-SECR-04574,BWN-AZ,SECR,6.6,19.9,13,4,81.8,3.82,2.64,0.67,0,ROUTINE
TMS-SECR-04575,UMB-LDH,SECR,7.8,23.1,6,3,78.2,5.64,1.2,1.38,0,ROUTINE
TMS-CR-04576,JUC-ADI,CR,19.8,42.1,46,2,44.8,8.56,1.07,4.14,0,ROUTINE
TMS-ECR-04577,JHS-BPL,ECR,34.0,13.7,11,0,46.6,9.83,1.43,3.15,0,ROUTINE
TMS-NFR-04578,ED-CBE,NFR,28.3,29.1,113,0,47.8,6.68,1.5,3.65,1,URGENT
TMS-SWR-04579,ALD-CNB,SWR,11.4,11.7,155,1,77.4,4.18,1.23,1.33,0,ROUTINE
TMS-ECR-04580,BPL-NGP,ECR,13.9,36.9,91,2,51.1,7.2,1.81,3.22,0,ROUTINE
TMS-WCR-04581,CNB-NDLS,WCR,10.7,16.8,101,2,77.1,5.2,0.66,1.92,1,URGENT
TMS-SECR-04582,NDLS-UMB,SECR,10.7,19.4,33,1,80.4,8.27,2.5,1.88,0,ROUTINE
TMS-ECoR-04583,MAS-ED,ECoR,11.0,19.5,41,1,66.1,4.27,0.38,1.27,0,ROUTINE
TMS-NFR-04584,SC-KZJ,NFR,25.3,30.1,5,0,49.1,9.37,1.88,4.54,1,URGENT
TMS-CR-04585,SC-KZJ,CR,30.3,12.4,50,0,54.4,8.62,0.73,2.28,0,ROUTINE
TMS-SECR-04586,BPL-NGP,SECR,20.7,20.7,7,1,61.2,5.39,1.78,2.65,0,ROUTINE
TMS-SECR-04587,HWH-BWN,SECR,7.4,17.2,64,1,94.8,3.11,0.05,1.42,0,ROUTINE
TMS-NCR-04588,LDH-ASR,NCR,15.1,53.5,114,1,45.0,12.27,0.74,3.4,1,URGENT
TMS-CR-04589,ST-BCT,CR,13.5,14.4,8,0,64.2,3.96,4.95,2.31,0,ROUTINE
TMS-SWR-04590,NDLS-UMB,SWR,20.1,7.9,5,3,58.5,4.72,1.28,1.53,0,ROUTINE
TMS-CR-04591,BCT-RTM,CR,18.7,43.7,23,0,45.5,8.15,1.04,3.37,1,URGENT
TMS-SWR-04592,NDLS-AGC,SWR,20.5,27.0,54,1,50.2,6.0,0.43,2.43,1,URGENT
TMS-NFR-04593,BWN-AZ,NFR,11.7,16.2,51,1,80.8,5.22,1.01,1.88,0,ROUTINE
TMS-SCR-04594,ASR-JUC,SCR,7.5,21.9,41,0,62.5,3.56,2.6,1.33,0,ROUTINE
TMS-ECoR-04595,CSTM-KYN,ECoR,17.2,16.1,60,1,60.4,5.37,0.62,1.77,0,ROUTINE
TMS-SER-04596,NDLS-UMB,SER,7.6,10.1,6,6,91.2,3.59,1.25,0.72,1,URGENT
TMS-CR-04597,HWH-BWN,CR,17.3,20.8,36,4,62.1,7.48,1.68,1.18,0,ROUTINE
TMS-SR-04598,HWH-BWN,SR,28.9,20.7,32,10,36.3,9.92,0.77,3.09,1,URGENT
TMS-NER-04599,JUC-ADI,NER,16.7,25.4,5,0,58.3,6.83,0.5,1.85,0,ROUTINE
TMS-NR-04600,ED-CBE,NR,20.5,15.0,18,1,72.1,4.9,0.25,1.3,0,ROUTINE
TMS-NR-04601,ST-BCT,NR,5.3,16.3,66,3,82.4,3.35,0.16,1.15,0,ROUTINE
TMS-CR-04602,MAS-ED,CR,12.7,19.1,124,1,73.9,5.09,0.41,1.09,0,ROUTINE
TMS-WCR-04603,BRC-ST,WCR,14.9,15.0,38,1,68.5,4.14,0.03,2.63,0,ROUTINE
TMS-SWR-04604,BZA-MAS,SWR,20.8,35.0,89,1,64.1,11.55,2.14,2.56,1,URGENT
TMS-SR-04605,HWH-BWN,SR,14.2,31.2,5,1,60.6,4.86,0.18,2.87,0,ROUTINE
TMS-SCR-04606,ALD-CNB,SCR,13.9,18.1,129,1,65.6,7.12,3.44,2.56,0,ROUTINE
TMS-NCR-04607,HWH-BWN,NCR,8.4,27.5,5,4,79.4,4.57,1.07,2.07,0,ROUTINE
TMS-SWR-04608,MAS-ED,SWR,17.7,13.5,26,1,71.4,9.55,0.92,1.3,0,ROUTINE
TMS-NWR-04609,CBE-TVC,NWR,43.9,18.5,12,3,23.6,9.59,0.1,5.25,1,URGENT
TMS-NWR-04610,SC-KZJ,NWR,25.2,39.9,58,3,43.8,9.59,0.21,4.07,1,URGENT
TMS-NFR-04611,KYN-IGP,NFR,24.0,28.7,8,2,55.2,8.55,2.91,3.46,1,URGENT
TMS-NR-04612,JUC-ADI,NR,25.3,24.9,5,0,45.1,8.18,1.68,2.61,0,ROUTINE
TMS-CR-04613,JUC-ADI,CR,15.6,19.2,18,2,73.4,3.98,0.15,1.86,0,ROUTINE
TMS-NWR-04614,SC-KZJ,NWR,10.6,21.8,5,7,73.9,5.28,1.71,0.98,1,URGENT
TMS-CR-04615,MAS-ED,CR,15.4,12.3,11,6,73.1,7.8,0.21,1.06,1,URGENT
TMS-NFR-04616,NDLS-AGC,NFR,6.9,19.5,36,3,75.3,6.3,1.98,2.04,0,ROUTINE
TMS-NR-04617,JUC-ADI,NR,5.7,25.8,12,2,78.5,7.85,4.34,1.85,0,ROUTINE
TMS-ECR-04618,ASR-JUC,ECR,11.0,22.0,9,6,65.5,4.59,2.13,1.43,1,URGENT
TMS-SCR-04619,AWB-SC,SCR,15.3,22.0,5,2,61.8,5.27,2.6,2.05,0,ROUTINE
TMS-NER-04620,ALD-CNB,NER,7.9,17.1,5,2,88.6,5.86,1.45,2.0,0,ROUTINE
TMS-NER-04621,JHS-BPL,NER,11.1,15.4,26,4,67.2,3.62,0.01,2.04,0,ROUTINE
TMS-NWR-04622,ALD-CNB,NWR,23.6,14.9,40,0,52.4,7.63,2.31,1.97,0,ROUTINE
TMS-NER-04623,BPL-NGP,NER,30.3,20.1,21,0,37.8,7.56,0.78,2.89,0,ROUTINE
TMS-SECR-04624,ST-BCT,SECR,6.2,29.8,5,1,78.9,3.93,3.1,1.74,0,ROUTINE
TMS-WCR-04625,JUC-ADI,WCR,11.9,15.7,36,2,85.6,5.1,1.28,2.0,0,ROUTINE
TMS-SCR-04626,KYN-IGP,SCR,30.0,22.6,28,9,41.8,7.01,0.32,2.75,1,URGENT
TMS-SWR-04627,AGC-JHS,SWR,24.8,22.3,16,5,35.7,7.73,0.08,2.24,0,ROUTINE
TMS-ECR-04628,SC-KZJ,ECR,23.6,32.2,14,6,54.1,7.8,1.21,2.89,1,URGENT
TMS-SCR-04629,LTT-NED,SCR,13.8,22.3,7,2,67.3,6.42,1.26,1.21,0,ROUTINE
TMS-SECR-04630,BCT-RTM,SECR,17.4,12.2,5,2,71.5,5.41,2.95,1.96,1,URGENT
TMS-WR-04631,BWN-AZ,WR,21.4,51.9,14,6,47.5,10.2,0.06,2.98,1,URGENT
TMS-SWR-04632,LTT-NED,SWR,35.9,32.7,5,7,24.9,19.15,2.58,5.06,1,URGENT
TMS-SECR-04633,JUC-ADI,SECR,10.2,26.9,20,2,62.2,4.94,0.78,1.3,0,ROUTINE
TMS-CR-04634,LTT-NED,CR,15.3,17.6,32,1,58.8,5.53,1.13,1.18,0,ROUTINE
TMS-NFR-04635,NDLS-AGC,NFR,13.7,19.5,99,3,84.4,3.83,1.14,2.48,0,ROUTINE
TMS-SER-04636,AWB-SC,SER,12.8,12.6,34,2,70.3,8.94,0.72,1.66,0,ROUTINE
TMS-ECR-04637,SC-KZJ,ECR,20.5,19.4,34,4,55.9,6.44,0.31,2.05,0,ROUTINE
TMS-SER-04638,LDH-ASR,SER,20.4,23.8,16,1,62.0,5.18,0.12,2.75,0,ROUTINE
TMS-NFR-04639,BCT-RTM,NFR,15.4,22.0,5,6,65.4,5.09,0.35,2.86,1,URGENT
TMS-NFR-04640,AGC-JHS,NFR,28.2,44.7,20,4,17.2,7.98,1.88,4.23,1,URGENT
TMS-SECR-04641,LTT-NED,SECR,21.3,29.0,31,9,45.0,6.89,1.72,3.36,1,URGENT
TMS-NR-04642,JUC-ADI,NR,24.5,32.8,45,4,48.4,6.95,1.69,2.54,1,URGENT
TMS-SECR-04643,CNB-NDLS,SECR,10.2,27.6,61,4,63.2,4.57,3.57,2.14,0,ROUTINE
TMS-SER-04644,BRC-ST,SER,15.7,23.7,10,11,77.2,4.39,0.92,2.08,1,CRITICAL
TMS-SECR-04645,HWH-BWN,SECR,24.0,26.6,9,1,40.6,8.6,2.14,3.12,1,URGENT
TMS-WCR-04646,BPL-NGP,WCR,8.1,10.0,29,1,73.9,5.69,1.65,0.95,0,ROUTINE
TMS-CR-04647,ED-CBE,CR,20.8,20.0,29,4,50.4,5.02,4.15,1.81,0,ROUTINE
TMS-SECR-04648,AGC-JHS,SECR,8.0,12.7,8,5,85.7,4.99,1.66,1.26,0,ROUTINE
TMS-SR-04649,CSTM-KYN,SR,21.8,13.8,30,7,50.6,4.65,0.3,2.76,1,URGENT
TMS-NER-04650,CBE-TVC,NER,11.6,35.8,14,0,77.1,4.78,2.05,2.1,0,ROUTINE
TMS-SER-04651,UMB-LDH,SER,18.3,14.4,35,2,75.4,4.14,0.66,2.65,0,ROUTINE
TMS-SR-04652,KZJ-BZA,SR,10.9,13.1,12,3,84.3,2.75,0.44,1.3,0,ROUTINE
TMS-NR-04653,AWB-SC,NR,8.7,25.9,31,3,60.7,4.32,0.49,2.47,0,ROUTINE
TMS-NFR-04654,UMB-LDH,NFR,27.0,21.6,51,2,50.8,11.89,2.62,3.03,0,ROUTINE
TMS-NWR-04655,BWN-AZ,NWR,7.1,26.5,137,4,58.8,7.78,0.9,1.9,0,ROUTINE
TMS-SCR-04656,BCT-RTM,SCR,9.2,44.8,84,11,75.2,5.77,0.95,2.36,1,CRITICAL
TMS-SWR-04657,HWH-BWN,SWR,29.3,27.9,24,3,44.6,9.79,0.02,3.55,1,URGENT
TMS-NER-04658,BRC-ST,NER,10.8,11.9,23,6,81.9,6.05,0.47,1.3,1,URGENT
TMS-SWR-04659,AGC-JHS,SWR,7.3,32.2,20,1,69.5,4.0,3.22,1.3,0,ROUTINE
TMS-SECR-04660,ALD-CNB,SECR,16.6,20.3,5,1,65.8,4.64,1.03,2.41,0,ROUTINE
TMS-WR-04661,ALD-CNB,WR,12.6,23.7,6,0,69.5,6.13,0.81,2.05,0,ROUTINE
TMS-NER-04662,ADI-BRC,NER,10.0,11.5,5,3,80.9,3.03,0.12,2.02,0,ROUTINE
TMS-CR-04663,SC-KZJ,CR,19.4,27.1,41,1,62.0,10.64,0.52,2.26,0,ROUTINE
TMS-WR-04664,JHS-BPL,WR,5.3,13.2,18,4,73.3,2.38,0.21,0.0,0,ROUTINE
TMS-ECoR-04665,UMB-LDH,ECoR,14.6,27.5,5,0,65.6,7.6,0.27,3.06,0,ROUTINE
TMS-ER-04666,LTT-NED,ER,6.2,16.6,41,1,93.0,5.1,0.62,0.78,0,ROUTINE
TMS-ER-04667,ED-CBE,ER,26.4,29.6,36,3,42.1,7.73,0.1,3.34,1,URGENT
TMS-ER-04668,AGC-JHS,ER,40.4,13.2,44,0,44.1,7.73,2.26,2.91,0,ROUTINE
TMS-ECoR-04669,BPL-NGP,ECoR,9.2,11.9,32,0,67.7,2.4,1.46,0.92,0,ROUTINE
TMS-SWR-04670,SC-KZJ,SWR,16.6,17.9,6,2,80.7,7.45,2.41,2.26,0,ROUTINE
TMS-CR-04671,HWH-BWN,CR,4.8,24.7,5,3,70.3,3.64,0.64,0.9,0,ROUTINE
TMS-WR-04672,MGS-ALD,WR,5.9,14.0,59,10,85.0,2.84,0.38,0.69,1,URGENT
TMS-ECoR-04673,AGC-JHS,ECoR,10.9,24.1,8,9,73.9,3.65,1.34,0.89,1,URGENT
TMS-ER-04674,LTT-NED,ER,12.2,31.5,27,1,66.4,4.68,0.03,3.01,0,ROUTINE
TMS-NR-04675,ST-BCT,NR,10.1,13.1,23,5,72.3,3.48,0.14,0.77,0,ROUTINE
TMS-ECR-04676,SC-KZJ,ECR,13.5,24.1,88,2,76.5,6.3,2.03,1.35,0,ROUTINE
TMS-WR-04677,BZA-MAS,WR,20.1,27.5,28,2,49.2,5.68,3.28,1.47,1,URGENT
TMS-SER-04678,AWB-SC,SER,14.7,20.5,30,1,88.5,4.2,0.35,1.53,0,ROUTINE
TMS-NFR-04679,BPL-NGP,NFR,18.5,21.5,13,2,53.5,5.1,2.35,2.86,0,ROUTINE
TMS-ECoR-04680,NDLS-UMB,ECoR,7.1,12.6,111,1,91.3,2.74,0.73,1.62,0,ROUTINE
TMS-CR-04681,AZ-MGS,CR,13.5,26.4,33,0,55.2,5.19,0.81,1.93,0,ROUTINE
TMS-CR-04682,LTT-NED,CR,32.6,22.7,5,2,34.0,7.6,3.23,2.81,0,ROUTINE
TMS-SER-04683,ALD-CNB,SER,9.5,23.6,28,6,48.9,3.47,1.46,1.51,1,URGENT
TMS-SR-04684,ADI-BRC,SR,16.3,50.7,15,1,60.2,8.43,2.51,3.19,0,ROUTINE
TMS-ECR-04685,NDLS-UMB,ECR,16.7,20.4,5,6,69.5,4.42,2.24,2.44,1,URGENT
TMS-WR-04686,BCT-RTM,WR,8.7,25.3,19,2,57.4,7.39,1.28,1.76,0,ROUTINE
TMS-NWR-04687,CNB-NDLS,NWR,6.7,37.2,51,11,61.5,7.91,2.07,2.76,1,CRITICAL
TMS-NER-04688,MGS-ALD,NER,14.0,21.8,24,6,52.2,3.99,1.85,1.46,1,URGENT
TMS-ER-04689,ED-CBE,ER,14.0,16.7,35,4,68.0,4.5,0.98,1.13,0,ROUTINE
TMS-WR-04690,MAS-ED,WR,11.9,26.0,35,0,66.3,5.16,0.25,1.9,0,ROUTINE
TMS-SECR-04691,HWH-BWN,SECR,44.3,16.9,38,1,33.5,18.98,0.46,4.17,0,ROUTINE
TMS-NWR-04692,MGS-ALD,NWR,8.2,35.9,17,2,68.7,4.68,0.71,2.5,0,ROUTINE
TMS-SR-04693,BZA-MAS,SR,13.2,27.3,16,12,80.4,6.18,1.33,2.14,1,CRITICAL
TMS-ER-04694,ALD-CNB,ER,28.2,15.7,5,8,39.6,6.71,0.53,2.77,1,URGENT
TMS-ECR-04695,ADI-BRC,ECR,6.1,13.5,5,6,81.4,4.92,0.34,1.7,1,URGENT
TMS-SCR-04696,CNB-NDLS,SCR,15.9,23.6,105,1,59.5,4.84,0.05,1.44,0,ROUTINE
TMS-SECR-04697,KYN-IGP,SECR,10.9,24.6,64,3,66.7,5.89,0.36,2.98,0,ROUTINE
TMS-SR-04698,NGP-BZA,SR,14.3,13.5,11,13,78.1,3.5,1.16,1.83,1,CRITICAL
TMS-SWR-04699,HWH-BWN,SWR,19.6,30.4,17,2,60.4,5.4,0.23,1.83,0,ROUTINE
TMS-ER-04700,MAS-ED,ER,4.9,29.0,98,5,66.3,3.09,0.04,1.41,0,ROUTINE
TMS-ECR-04701,ADI-BRC,ECR,22.4,25.4,10,8,52.7,6.75,0.12,1.65,1,URGENT
TMS-NCR-04702,NGP-BZA,NCR,16.7,30.1,26,2,61.3,7.86,4.56,2.14,0,ROUTINE
TMS-NWR-04703,KYN-IGP,NWR,9.1,14.9,5,4,89.9,4.28,0.05,1.0,0,ROUTINE
TMS-NWR-04704,KZJ-BZA,NWR,10.1,15.3,33,1,90.5,2.81,0.96,2.59,0,ROUTINE
TMS-NER-04705,JHS-BPL,NER,5.3,20.0,93,2,85.5,4.0,1.75,1.14,0,ROUTINE
TMS-SER-04706,JUC-ADI,SER,14.4,17.2,75,0,71.0,3.78,0.38,1.79,0,ROUTINE
TMS-ECR-04707,NGP-BZA,ECR,14.2,27.1,24,9,68.9,11.03,4.99,1.65,1,URGENT
TMS-ECoR-04708,UMB-LDH,ECoR,11.8,30.6,36,6,59.0,5.09,0.03,3.23,1,URGENT
TMS-NCR-04709,CNB-NDLS,NCR,10.5,16.8,29,1,71.4,4.32,3.18,1.72,0,ROUTINE
TMS-SCR-04710,NGP-BZA,SCR,32.6,15.7,5,7,35.6,6.97,0.75,2.79,1,URGENT
TMS-NR-04711,CBE-TVC,NR,19.4,31.2,6,3,64.3,6.66,0.73,2.41,0,ROUTINE
TMS-ER-04712,KZJ-BZA,ER,9.6,15.0,116,1,75.2,9.0,0.96,0.78,1,URGENT
TMS-SECR-04713,JHS-BPL,SECR,12.3,19.8,10,1,69.7,4.03,5.33,1.82,0,ROUTINE
TMS-NCR-04714,ST-BCT,NCR,11.6,14.8,16,5,76.7,5.46,1.48,1.12,0,ROUTINE
TMS-ECR-04715,BZA-MAS,ECR,9.9,17.5,24,1,80.2,5.7,3.16,1.22,0,ROUTINE
TMS-WCR-04716,BWN-AZ,WCR,16.5,12.2,135,2,83.9,3.87,0.04,2.37,0,ROUTINE
TMS-SWR-04717,JUC-ADI,SWR,18.2,37.1,40,0,55.0,8.31,3.41,2.5,0,ROUTINE
TMS-NFR-04718,CNB-NDLS,NFR,12.5,33.3,34,2,63.7,6.63,0.36,2.34,0,ROUTINE
TMS-ER-04719,ED-CBE,ER,6.0,16.1,26,4,92.7,2.88,0.57,0.82,0,ROUTINE
TMS-CR-04720,CNB-NDLS,CR,22.3,26.7,42,4,52.7,6.96,0.11,2.85,1,URGENT
TMS-NWR-04721,ASR-JUC,NWR,5.4,12.5,38,1,77.9,3.59,3.7,0.86,0,ROUTINE
TMS-SWR-04722,KYN-IGP,SWR,11.8,28.5,81,1,50.5,7.67,1.12,1.9,0,ROUTINE
TMS-SER-04723,BZA-MAS,SER,13.9,15.6,27,0,74.3,3.6,0.14,2.33,0,ROUTINE
TMS-ECR-04724,ED-CBE,ECR,8.2,36.1,19,2,68.6,11.27,0.76,2.61,0,ROUTINE
TMS-SCR-04725,CSTM-KYN,SCR,7.3,27.2,57,10,88.4,6.2,0.72,0.81,1,URGENT
TMS-CR-04726,LDH-ASR,CR,11.8,19.2,56,2,70.9,4.84,0.08,0.4,0,ROUTINE
TMS-NER-04727,ST-BCT,NER,23.4,18.9,6,6,47.1,8.02,0.64,3.24,1,URGENT
TMS-SECR-04728,JHS-BPL,SECR,18.3,23.5,9,5,66.9,7.27,0.52,2.33,0,ROUTINE
TMS-WR-04729,UMB-LDH,WR,30.5,15.3,111,3,47.3,7.03,3.78,3.07,0,ROUTINE
TMS-SR-04730,SC-KZJ,SR,16.1,34.8,20,5,65.3,6.02,2.47,3.37,0,ROUTINE
TMS-NR-04731,UMB-LDH,NR,33.5,25.1,25,2,39.0,15.98,0.26,3.23,1,URGENT
TMS-NR-04732,SC-KZJ,NR,27.3,32.6,12,0,44.7,11.02,4.02,3.52,1,URGENT
TMS-SWR-04733,CSTM-KYN,SWR,15.1,8.3,22,2,74.5,8.96,2.04,1.54,0,ROUTINE
TMS-CR-04734,LTT-NED,CR,23.9,22.3,47,4,48.4,5.47,1.01,3.36,0,ROUTINE
TMS-WR-04735,BZA-MAS,WR,35.3,24.5,23,1,35.5,10.63,0.85,3.82,0,ROUTINE
TMS-WR-04736,LTT-NED,WR,21.1,22.2,13,5,57.7,9.38,3.92,2.4,0,ROUTINE
TMS-NWR-04737,UMB-LDH,NWR,8.8,22.4,5,5,88.9,4.41,0.55,1.29,0,ROUTINE
TMS-NER-04738,SC-KZJ,NER,10.4,19.5,92,4,75.0,7.55,0.69,1.81,0,ROUTINE
TMS-NFR-04739,AGC-JHS,NFR,24.3,54.8,71,3,33.9,8.24,1.76,3.93,1,URGENT
TMS-NWR-04740,CBE-TVC,NWR,7.3,24.5,54,8,85.4,3.18,2.14,0.69,1,URGENT
TMS-NCR-04741,CSTM-KYN,NCR,23.8,23.3,41,5,45.5,6.12,0.59,2.88,0,ROUTINE
TMS-SER-04742,JUC-ADI,SER,20.1,32.3,25,4,57.9,5.65,3.83,1.57,1,URGENT
TMS-NR-04743,BWN-AZ,NR,11.1,17.7,79,0,65.3,5.38,0.44,2.17,0,ROUTINE
TMS-NCR-04744,BWN-AZ,NCR,28.5,13.3,54,0,36.2,10.57,0.64,2.29,0,ROUTINE
TMS-SCR-04745,JHS-BPL,SCR,4.3,31.9,59,1,86.7,3.9,0.33,1.84,0,ROUTINE
TMS-ER-04746,BCT-RTM,ER,26.5,19.4,12,3,47.7,7.68,1.16,3.31,0,ROUTINE
TMS-ECoR-04747,MGS-ALD,ECoR,27.1,38.3,19,0,23.0,8.39,10.84,4.11,1,URGENT
TMS-ECR-04748,NDLS-AGC,ECR,13.8,37.3,42,3,54.2,5.64,1.9,3.49,0,ROUTINE
TMS-SECR-04749,LTT-NED,SECR,9.8,8.8,16,13,79.4,7.19,0.96,0.92,1,CRITICAL
TMS-NER-04750,MAS-ED,NER,5.7,22.8,23,8,99.0,9.02,6.11,1.6,1,URGENT
TMS-NWR-04751,BPL-NGP,NWR,8.7,34.1,36,2,50.7,4.32,0.08,2.07,0,ROUTINE
TMS-NR-04752,CSTM-KYN,NR,7.3,11.0,20,0,90.4,4.89,0.51,1.02,0,ROUTINE
TMS-NCR-04753,AWB-SC,NCR,16.4,25.7,55,8,58.3,4.93,2.73,2.41,1,URGENT
TMS-SR-04754,AGC-JHS,SR,22.4,28.9,5,0,51.6,7.01,1.11,2.5,1,URGENT
TMS-SWR-04755,CSTM-KYN,SWR,7.9,21.7,44,3,71.4,3.82,0.01,1.82,0,ROUTINE
TMS-SER-04756,CNB-NDLS,SER,20.9,21.8,5,5,65.8,5.44,0.92,2.33,0,ROUTINE
TMS-SER-04757,NDLS-UMB,SER,12.6,35.8,97,3,65.2,7.01,0.03,3.03,0,ROUTINE
TMS-ER-04758,ASR-JUC,ER,11.5,12.2,13,2,69.5,6.57,1.28,1.42,0,ROUTINE
TMS-WCR-04759,BPL-NGP,WCR,25.3,31.0,55,1,53.8,9.31,1.5,3.36,1,URGENT
TMS-ECR-04760,AZ-MGS,ECR,33.1,26.7,25,1,48.5,9.66,0.34,4.03,1,URGENT
TMS-ECR-04761,NGP-BZA,ECR,4.3,37.4,5,13,84.0,3.77,6.46,1.63,1,CRITICAL
TMS-SER-04762,MGS-ALD,SER,20.3,15.2,30,2,81.2,4.47,2.69,1.36,0,ROUTINE
TMS-SER-04763,AGC-JHS,SER,6.2,40.1,85,3,79.5,5.39,0.93,2.82,0,ROUTINE
TMS-WR-04764,LTT-NED,WR,16.4,12.7,5,0,70.0,5.1,0.56,2.45,0,ROUTINE
TMS-NWR-04765,BWN-AZ,NWR,9.7,19.4,13,1,71.1,5.58,0.02,1.46,0,ROUTINE
TMS-WR-04766,CSTM-KYN,WR,36.6,13.9,20,0,45.6,7.48,1.77,3.2,0,ROUTINE
TMS-NER-04767,AGC-JHS,NER,21.3,29.7,11,4,47.9,5.62,0.46,1.86,1,URGENT
TMS-NFR-04768,BZA-MAS,NFR,8.8,16.4,100,3,88.4,2.71,0.75,1.56,0,ROUTINE
TMS-SCR-04769,ED-CBE,SCR,12.3,34.9,16,3,62.6,8.5,0.84,1.76,0,ROUTINE
TMS-WCR-04770,ST-BCT,WCR,14.2,11.3,37,3,76.0,3.31,2.88,1.74,0,ROUTINE
TMS-WCR-04771,MGS-ALD,WCR,7.5,18.6,8,1,70.1,8.14,2.86,1.3,0,ROUTINE
TMS-SR-04772,KYN-IGP,SR,15.6,45.3,8,1,51.9,6.77,2.25,2.94,0,ROUTINE
TMS-SCR-04773,ASR-JUC,SCR,24.6,16.4,6,9,47.0,6.75,2.18,2.51,1,URGENT
TMS-NWR-04774,LTT-NED,NWR,5.0,33.9,19,6,89.0,3.83,1.02,1.77,1,URGENT
TMS-NCR-04775,CBE-TVC,NCR,11.2,29.3,26,0,66.3,5.23,2.35,1.27,0,ROUTINE
TMS-ECoR-04776,AGC-JHS,ECoR,28.5,13.2,5,5,50.1,9.5,2.93,3.42,0,ROUTINE
TMS-SER-04777,ED-CBE,SER,35.2,24.2,62,3,26.5,15.5,1.04,3.5,1,URGENT
TMS-CR-04778,JUC-ADI,CR,18.7,40.9,25,11,39.3,8.99,3.46,2.97,1,CRITICAL
TMS-NFR-04779,KYN-IGP,NFR,8.3,18.8,5,4,71.2,5.64,6.97,0.87,0,ROUTINE
TMS-NER-04780,BRC-ST,NER,21.0,16.8,5,0,53.2,8.83,0.29,2.55,0,ROUTINE
TMS-ER-04781,CNB-NDLS,ER,22.7,25.3,5,4,46.2,5.99,5.8,2.91,1,URGENT
TMS-NFR-04782,BPL-NGP,NFR,16.1,20.4,10,4,58.4,6.71,0.42,1.05,0,ROUTINE
TMS-SER-04783,CSTM-KYN,SER,11.1,12.2,24,3,83.2,4.28,4.08,1.7,0,ROUTINE
TMS-NR-04784,CNB-NDLS,NR,20.2,20.3,68,2,55.9,5.26,2.86,3.22,0,ROUTINE
TMS-NER-04785,ALD-CNB,NER,13.3,18.3,81,4,75.6,3.57,3.72,1.71,0,ROUTINE
TMS-ECoR-04786,HWH-BWN,ECoR,21.1,21.0,62,0,54.0,5.29,0.93,1.68,0,ROUTINE
TMS-NR-04787,ED-CBE,NR,8.3,8.5,13,5,85.2,4.03,0.25,0.69,0,ROUTINE
TMS-NFR-04788,BPL-NGP,NFR,8.8,25.7,12,2,79.3,5.06,0.38,1.14,0,ROUTINE
TMS-CR-04789,ST-BCT,CR,20.4,11.5,153,5,57.9,4.12,0.55,2.37,0,ROUTINE
TMS-CR-04790,CSTM-KYN,CR,8.4,29.9,40,0,82.3,5.3,0.43,1.72,0,ROUTINE
TMS-WR-04791,LTT-NED,WR,13.7,34.1,12,4,62.9,5.77,5.13,2.54,0,ROUTINE
TMS-ECoR-04792,ST-BCT,ECoR,12.9,10.0,13,4,66.1,2.77,0.25,2.17,0,ROUTINE
TMS-ECR-04793,SC-KZJ,ECR,7.6,37.3,19,0,64.8,8.93,1.74,2.27,0,ROUTINE
TMS-SECR-04794,HWH-BWN,SECR,9.8,21.2,34,5,71.8,3.76,1.07,1.03,0,ROUTINE
TMS-SR-04795,NDLS-UMB,SR,4.1,34.2,79,8,73.0,4.96,0.05,1.53,1,URGENT
TMS-SER-04796,AZ-MGS,SER,15.7,32.2,7,6,40.9,6.71,0.36,2.49,1,URGENT
TMS-ER-04797,CNB-NDLS,ER,7.2,12.5,5,2,73.8,3.46,4.07,0.53,0,ROUTINE
TMS-SER-04798,NDLS-UMB,SER,9.4,15.8,18,1,83.3,3.22,2.55,1.81,0,ROUTINE
TMS-ECR-04799,CNB-NDLS,ECR,18.6,42.3,9,5,49.1,7.22,1.32,3.54,0,ROUTINE
TMS-SCR-04800,LTT-NED,SCR,28.8,13.5,30,1,52.2,6.09,0.12,2.26,0,ROUTINE
TMS-WR-04801,AZ-MGS,WR,12.1,25.6,42,4,70.9,5.0,0.22,1.8,0,ROUTINE
TMS-WR-04802,BCT-RTM,WR,8.6,16.4,13,5,77.0,2.77,1.97,1.68,0,ROUTINE
TMS-SCR-04803,MAS-ED,SCR,11.3,15.5,40,4,69.3,3.3,2.12,1.71,0,ROUTINE
TMS-SWR-04804,ALD-CNB,SWR,7.0,22.0,14,4,73.7,3.11,4.76,1.57,0,ROUTINE
TMS-SCR-04805,LDH-ASR,SCR,20.1,53.3,35,5,44.4,9.09,0.35,3.28,1,URGENT
TMS-CR-04806,UMB-LDH,CR,4.5,30.2,35,8,69.4,5.22,1.57,1.21,1,URGENT
TMS-CR-04807,MAS-ED,CR,17.6,14.6,11,2,69.5,8.71,0.85,1.37,0,ROUTINE
TMS-NCR-04808,CBE-TVC,NCR,17.2,24.0,35,3,73.3,5.11,0.18,2.02,0,ROUTINE
TMS-WCR-04809,NDLS-AGC,WCR,26.3,10.6,16,0,37.2,5.79,0.61,2.05,1,URGENT
TMS-NR-04810,JUC-ADI,NR,13.5,9.0,14,5,79.5,4.69,0.69,2.72,0,ROUTINE
TMS-NFR-04811,BZA-MAS,NFR,6.7,23.8,11,1,76.5,10.04,0.91,2.09,0,ROUTINE
TMS-ER-04812,BZA-MAS,ER,17.5,29.5,14,0,63.1,5.98,0.52,3.04,0,ROUTINE
TMS-WCR-04813,NDLS-UMB,WCR,20.9,41.4,54,3,43.4,7.13,1.21,3.96,1,URGENT
TMS-ECoR-04814,ST-BCT,ECoR,24.9,25.8,9,1,60.8,6.78,1.4,3.64,1,URGENT
TMS-NFR-04815,LTT-NED,NFR,11.9,22.3,40,0,69.5,4.31,0.8,1.42,0,ROUTINE
TMS-SER-04816,NDLS-UMB,SER,20.4,19.4,80,5,61.1,4.79,0.7,2.76,0,ROUTINE
TMS-NCR-04817,LTT-NED,NCR,17.0,27.4,15,5,64.0,5.59,1.6,2.37,0,ROUTINE
TMS-CR-04818,CSTM-KYN,CR,11.7,13.6,5,0,76.7,4.6,0.08,0.89,0,ROUTINE
TMS-WR-04819,UMB-LDH,WR,8.5,16.9,5,5,80.2,3.03,3.02,1.61,0,ROUTINE
TMS-ECoR-04820,BCT-RTM,ECoR,10.6,13.8,5,1,79.5,6.28,5.51,1.56,0,ROUTINE
TMS-CR-04821,JUC-ADI,CR,12.1,18.0,5,9,68.9,5.91,0.09,1.46,0,ROUTINE
TMS-SECR-04822,BZA-MAS,SECR,6.1,16.6,48,4,80.2,3.88,1.85,1.3,0,ROUTINE
TMS-ER-04823,BWN-AZ,ER,20.5,16.2,12,3,69.4,7.05,0.44,2.29,0,ROUTINE
TMS-NR-04824,MGS-ALD,NR,24.8,17.2,36,5,41.8,5.86,0.84,2.67,0,ROUTINE
TMS-SWR-04825,AZ-MGS,SWR,39.6,24.2,5,3,22.0,8.32,0.47,4.85,1,URGENT
TMS-NFR-04826,BZA-MAS,NFR,8.5,36.9,12,2,55.1,7.92,0.36,2.67,0,ROUTINE
TMS-NFR-04827,LDH-ASR,NFR,16.8,24.9,9,3,48.8,7.93,0.87,1.09,0,ROUTINE
TMS-SCR-04828,MGS-ALD,SCR,22.6,17.6,11,8,49.3,7.46,0.7,1.88,0,ROUTINE
TMS-ECR-04829,CSTM-KYN,ECR,29.6,26.4,7,3,40.6,7.14,0.83,3.31,1,URGENT
TMS-SCR-04830,LDH-ASR,SCR,4.4,23.2,33,3,86.0,3.36,2.48,1.97,0,ROUTINE
TMS-SECR-04831,ED-CBE,SECR,9.3,23.8,38,2,77.2,4.26,5.77,0.46,1,URGENT
TMS-ECoR-04832,CNB-NDLS,ECoR,20.9,22.0,5,4,62.5,5.3,0.23,2.53,0,ROUTINE
TMS-SR-04833,LDH-ASR,SR,14.3,44.3,47,0,51.4,8.54,2.04,3.13,0,ROUTINE
TMS-SCR-04834,BZA-MAS,SCR,5.5,23.1,10,1,95.7,3.08,1.19,1.18,0,ROUTINE
TMS-SWR-04835,CNB-NDLS,SWR,24.3,17.7,11,3,54.4,5.56,0.7,2.3,0,ROUTINE
TMS-NCR-04836,ASR-JUC,NCR,19.0,16.3,61,3,74.2,4.25,1.62,1.67,0,ROUTINE
TMS-SCR-04837,BCT-RTM,SCR,9.2,31.8,81,2,67.0,6.1,3.2,1.16,0,ROUTINE
TMS-WCR-04838,MAS-ED,WCR,16.0,13.8,60,0,63.6,8.79,1.54,2.29,0,ROUTINE
TMS-SCR-04839,LDH-ASR,SCR,11.4,38.2,5,4,66.0,6.09,1.82,2.43,0,ROUTINE
TMS-SR-04840,NDLS-AGC,SR,7.7,10.3,180,3,73.0,6.54,0.24,1.74,0,ROUTINE
TMS-ECR-04841,ADI-BRC,ECR,11.7,36.3,39,5,53.9,8.34,1.87,2.7,0,ROUTINE
TMS-ER-04842,AZ-MGS,ER,5.3,30.5,25,1,86.6,6.4,6.42,1.2,1,URGENT
TMS-NCR-04843,LDH-ASR,NCR,29.1,18.6,108,0,47.9,6.22,4.81,2.48,0,ROUTINE
TMS-SCR-04844,BRC-ST,SCR,28.2,16.4,59,2,47.1,6.49,0.79,3.66,0,ROUTINE
TMS-SECR-04845,ASR-JUC,SECR,8.2,36.3,41,2,80.3,6.31,3.21,3.01,0,ROUTINE
TMS-WR-04846,ALD-CNB,WR,25.1,45.6,63,2,33.7,8.26,1.34,4.26,1,URGENT
TMS-NR-04847,LTT-NED,NR,9.2,17.4,17,4,98.6,5.25,0.19,1.37,0,ROUTINE
TMS-SWR-04848,HWH-BWN,SWR,24.6,28.0,40,4,47.8,6.61,5.74,2.75,1,URGENT
TMS-SR-04849,CSTM-KYN,SR,26.9,32.8,7,2,37.1,7.66,1.42,4.35,1,URGENT
TMS-NR-04850,ADI-BRC,NR,23.9,28.3,154,6,58.1,8.48,0.17,3.14,1,URGENT
TMS-SR-04851,CSTM-KYN,SR,4.1,22.7,31,2,76.8,2.68,1.27,0.67,0,ROUTINE
TMS-SECR-04852,SC-KZJ,SECR,11.2,19.0,58,0,74.3,6.29,1.92,1.45,0,ROUTINE
TMS-NR-04853,ASR-JUC,NR,24.1,24.8,18,2,67.7,8.09,0.41,2.14,0,ROUTINE
TMS-SR-04854,ALD-CNB,SR,23.0,9.6,49,1,57.9,5.41,1.72,2.16,0,ROUTINE
TMS-SER-04855,CSTM-KYN,SER,8.9,38.0,17,2,67.6,5.53,5.07,2.5,0,ROUTINE
TMS-NR-04856,CSTM-KYN,NR,15.7,11.2,31,0,72.4,7.99,0.4,1.96,0,ROUTINE
TMS-ECR-04857,JUC-ADI,ECR,23.7,15.9,52,1,66.2,7.35,1.01,2.12,0,ROUTINE
TMS-NER-04858,ASR-JUC,NER,23.6,19.4,5,2,53.0,7.03,0.57,2.83,0,ROUTINE
TMS-NCR-04859,KYN-IGP,NCR,24.7,14.9,15,1,68.3,8.89,0.74,2.92,0,ROUTINE
TMS-ECoR-04860,UMB-LDH,ECoR,20.3,14.1,27,1,60.6,4.98,2.72,2.01,0,ROUTINE
TMS-ER-04861,AGC-JHS,ER,23.0,39.0,14,2,52.5,7.25,2.6,3.58,1,URGENT
TMS-SER-04862,ASR-JUC,SER,22.4,45.5,12,0,39.2,7.47,0.01,3.26,1,URGENT
TMS-NWR-04863,ALD-CNB,NWR,21.3,41.2,11,0,49.0,7.96,0.2,2.8,1,URGENT
TMS-CR-04864,ED-CBE,CR,12.8,31.0,9,7,69.8,13.26,0.64,2.71,1,URGENT
TMS-SECR-04865,BCT-RTM,SECR,11.8,59.5,66,2,52.5,11.8,0.54,2.96,1,URGENT
TMS-SECR-04866,UMB-LDH,SECR,25.2,20.0,90,1,45.2,6.6,0.15,3.49,1,URGENT
TMS-SCR-04867,ST-BCT,SCR,8.0,19.2,42,0,75.5,2.97,1.75,1.47,0,ROUTINE
TMS-WR-04868,MAS-ED,WR,12.1,22.3,5,2,78.4,7.75,1.54,1.81,0,ROUTINE
TMS-SWR-04869,ED-CBE,SWR,12.8,39.3,54,4,57.6,10.18,0.43,2.94,0,ROUTINE
TMS-ECoR-04870,NDLS-AGC,ECoR,18.0,28.1,26,3,75.6,5.32,0.67,2.45,0,ROUTINE
TMS-CR-04871,CNB-NDLS,CR,17.3,44.3,49,2,53.1,10.44,1.0,3.11,0,ROUTINE
TMS-SECR-04872,AGC-JHS,SECR,38.7,22.8,20,6,31.7,8.81,0.07,4.25,1,URGENT
TMS-WCR-04873,AZ-MGS,WCR,15.3,12.2,5,8,73.4,3.29,0.25,1.35,1,URGENT
TMS-WCR-04874,KZJ-BZA,WCR,12.3,17.0,40,6,74.2,8.94,1.56,2.43,1,URGENT
TMS-NCR-04875,NDLS-AGC,NCR,14.6,33.4,20,4,75.1,4.95,1.0,3.1,0,ROUTINE
TMS-ECoR-04876,NGP-BZA,ECoR,10.5,18.2,72,4,72.4,3.1,1.38,1.91,0,ROUTINE
TMS-NR-04877,AGC-JHS,NR,8.9,23.1,46,3,78.6,9.8,5.43,0.94,0,ROUTINE
TMS-NR-04878,ALD-CNB,NR,12.7,24.5,15,11,77.3,4.35,2.11,2.45,1,CRITICAL
TMS-NWR-04879,JHS-BPL,NWR,28.9,45.8,45,8,47.2,9.62,5.17,4.54,1,URGENT
TMS-CR-04880,MGS-ALD,CR,21.4,31.6,23,3,55.2,11.46,1.34,2.77,1,URGENT
TMS-SECR-04881,AZ-MGS,SECR,15.5,29.2,7,1,51.7,10.29,0.0,2.86,0,ROUTINE
TMS-ER-04882,ST-BCT,ER,20.3,23.6,19,2,46.4,5.32,0.15,2.64,0,ROUTINE
TMS-SECR-04883,NDLS-UMB,SECR,12.3,15.9,8,10,77.0,4.56,1.79,0.83,1,URGENT
TMS-NCR-04884,AZ-MGS,NCR,6.6,24.5,5,11,81.9,2.96,0.55,1.24,1,CRITICAL
TMS-NR-04885,SC-KZJ,NR,31.2,53.0,9,1,27.6,9.11,0.8,5.06,1,URGENT
TMS-SCR-04886,BCT-RTM,SCR,13.0,27.3,8,4,64.8,10.05,1.69,2.25,0,ROUTINE
TMS-NER-04887,LDH-ASR,NER,33.0,17.8,5,0,41.1,7.45,0.61,2.45,0,ROUTINE
TMS-ECR-04888,ED-CBE,ECR,8.9,18.8,53,8,76.6,3.16,3.1,1.47,1,URGENT
TMS-ECR-04889,ST-BCT,ECR,4.7,39.2,5,4,72.4,5.84,0.74,1.81,0,ROUTINE
TMS-SR-04890,BCT-RTM,SR,10.3,17.9,20,13,78.8,3.36,0.07,0.8,1,CRITICAL
TMS-ER-04891,LTT-NED,ER,11.3,20.5,18,2,73.1,11.17,6.22,1.5,1,URGENT
TMS-WCR-04892,CNB-NDLS,WCR,12.7,14.1,7,2,68.4,5.26,1.01,1.95,0,ROUTINE
TMS-SECR-04893,CSTM-KYN,SECR,14.0,19.9,119,2,66.3,4.61,0.65,1.28,0,ROUTINE
TMS-ECR-04894,UMB-LDH,ECR,12.5,26.8,32,3,56.9,4.98,3.44,2.18,0,ROUTINE
TMS-SR-04895,ALD-CNB,SR,23.1,19.7,58,4,38.6,10.02,2.96,2.5,0,ROUTINE
TMS-CR-04896,BWN-AZ,CR,12.4,22.4,23,1,70.6,8.16,0.06,2.72,0,ROUTINE
TMS-NR-04897,KYN-IGP,NR,19.3,14.0,44,1,66.2,10.01,2.48,2.5,0,ROUTINE
TMS-SWR-04898,AGC-JHS,SWR,13.6,17.8,122,5,61.5,4.67,1.01,1.4,0,ROUTINE
TMS-WR-04899,JUC-ADI,WR,13.6,52.1,14,2,57.4,10.01,1.68,4.22,0,ROUTINE
TMS-SER-04900,JUC-ADI,SER,16.5,21.0,24,6,67.0,5.48,0.24,1.51,1,URGENT
TMS-NR-04901,BPL-NGP,NR,7.8,25.7,25,3,70.1,5.23,1.65,2.0,0,ROUTINE
TMS-SER-04902,NDLS-AGC,SER,13.7,16.1,168,1,70.7,4.76,0.39,1.54,0,ROUTINE
TMS-SCR-04903,KZJ-BZA,SCR,5.6,22.7,9,4,69.7,4.53,0.19,1.92,0,ROUTINE
TMS-NER-04904,AWB-SC,NER,17.4,19.9,39,3,68.6,5.63,0.22,1.87,0,ROUTINE
TMS-ECoR-04905,ED-CBE,ECoR,8.0,34.5,5,4,54.8,4.3,0.53,1.86,0,ROUTINE
TMS-ECR-04906,ASR-JUC,ECR,16.7,33.8,91,2,56.5,5.44,7.18,3.15,1,URGENT
TMS-CR-04907,BPL-NGP,CR,13.3,35.3,31,1,72.5,10.48,0.08,2.16,1,URGENT
TMS-SER-04908,CSTM-KYN,SER,21.9,22.9,68,4,55.4,6.54,0.6,2.63,0,ROUTINE
TMS-WR-04909,MGS-ALD,WR,21.2,50.2,78,0,39.1,12.89,1.12,4.07,1,URGENT
TMS-NFR-04910,AZ-MGS,NFR,11.8,30.6,28,0,56.1,6.53,0.35,1.95,0,ROUTINE
TMS-SECR-04911,NGP-BZA,SECR,19.8,12.5,40,1,81.2,4.16,4.89,1.18,0,ROUTINE
TMS-ECR-04912,BCT-RTM,ECR,5.7,41.1,41,2,60.3,4.59,0.93,1.83,0,ROUTINE
TMS-SECR-04913,MGS-ALD,SECR,21.8,22.1,21,2,66.2,7.96,1.77,2.42,0,ROUTINE
TMS-WR-04914,JUC-ADI,WR,5.7,35.0,19,0,70.7,4.05,0.67,1.49,0,ROUTINE
TMS-ER-04915,UMB-LDH,ER,17.8,14.6,7,1,67.4,3.85,0.32,2.31,0,ROUTINE
TMS-SCR-04916,ADI-BRC,SCR,15.6,21.6,16,1,64.6,4.31,0.54,1.58,0,ROUTINE
TMS-ECoR-04917,NDLS-UMB,ECoR,2.4,30.0,163,4,71.6,4.06,0.49,1.74,0,ROUTINE
TMS-ECR-04918,HWH-BWN,ECR,14.5,24.5,11,2,59.6,4.49,2.82,2.44,0,ROUTINE
TMS-SECR-04919,NDLS-AGC,SECR,25.9,20.9,50,3,60.9,5.65,0.02,2.88,1,URGENT
TMS-CR-04920,LTT-NED,CR,15.7,8.3,5,0,55.1,5.74,3.36,2.41,1,URGENT
TMS-ECR-04921,LDH-ASR,ECR,13.4,16.5,22,6,70.3,10.49,0.75,1.31,1,URGENT
TMS-SER-04922,AGC-JHS,SER,26.3,15.0,5,5,66.9,12.82,1.44,2.59,0,ROUTINE
TMS-ER-04923,CNB-NDLS,ER,15.5,10.5,22,1,75.2,7.77,2.46,0.99,0,ROUTINE
TMS-NFR-04924,ASR-JUC,NFR,16.3,16.7,5,6,70.9,3.82,0.93,3.09,1,URGENT
TMS-NCR-04925,ED-CBE,NCR,11.4,46.7,33,4,63.5,6.0,0.15,3.15,0,ROUTINE
TMS-NWR-04926,AZ-MGS,NWR,13.2,35.3,30,0,62.1,5.1,1.17,2.16,0,ROUTINE
TMS-NFR-04927,ASR-JUC,NFR,9.3,15.9,55,0,74.7,4.71,0.19,1.66,0,ROUTINE
TMS-SR-04928,HWH-BWN,SR,12.0,17.5,30,1,82.6,6.99,2.61,2.52,0,ROUTINE
TMS-ECR-04929,NGP-BZA,ECR,11.4,17.6,91,4,64.8,4.81,1.57,1.77,0,ROUTINE
TMS-NR-04930,JUC-ADI,NR,8.3,30.0,53,2,76.6,4.5,1.35,1.19,0,ROUTINE
TMS-NER-04931,BCT-RTM,NER,15.0,26.1,5,4,57.1,9.2,0.0,2.57,0,ROUTINE
TMS-NR-04932,NDLS-UMB,NR,42.8,16.7,10,4,22.3,9.16,4.83,3.67,0,ROUTINE
TMS-NFR-04933,AWB-SC,NFR,16.4,17.5,5,10,75.9,4.24,0.21,2.28,1,URGENT
TMS-SER-04934,MGS-ALD,SER,20.2,34.2,17,2,50.1,7.29,0.3,2.62,1,URGENT
TMS-NR-04935,ST-BCT,NR,18.0,40.8,24,3,47.6,6.0,6.42,3.28,1,URGENT
TMS-CR-04936,JHS-BPL,CR,11.1,15.5,102,2,89.1,2.98,0.14,1.53,0,ROUTINE
TMS-NR-04937,JUC-ADI,NR,22.6,21.2,25,0,47.5,7.06,2.03,1.86,0,ROUTINE
TMS-ECoR-04938,ED-CBE,ECoR,11.7,23.4,53,1,86.4,6.2,0.15,1.77,0,ROUTINE
TMS-NCR-04939,ADI-BRC,NCR,27.6,20.6,10,4,50.3,6.09,1.98,3.17,0,ROUTINE
TMS-ECR-04940,JUC-ADI,ECR,15.5,34.9,5,6,68.6,6.64,3.3,3.22,1,URGENT
TMS-WR-04941,JUC-ADI,WR,15.4,20.9,58,0,60.4,6.94,0.65,1.59,0,ROUTINE
TMS-WCR-04942,LTT-NED,WCR,13.6,47.6,9,1,63.4,10.13,0.56,3.04,0,ROUTINE
TMS-SCR-04943,AGC-JHS,SCR,16.8,35.9,71,7,64.0,6.68,4.05,2.85,1,URGENT
TMS-NR-04944,KYN-IGP,NR,25.4,16.9,6,3,48.9,5.42,0.12,1.96,0,ROUTINE
TMS-ER-04945,LTT-NED,ER,13.1,22.8,66,7,65.9,3.93,0.64,3.25,1,URGENT
TMS-SCR-04946,BRC-ST,SCR,19.8,15.0,51,9,50.6,8.05,1.59,1.67,1,URGENT
TMS-NCR-04947,AZ-MGS,NCR,10.1,19.0,33,11,66.7,3.2,1.74,1.37,1,CRITICAL
TMS-SECR-04948,AWB-SC,SECR,18.5,31.4,66,2,62.9,8.69,0.91,3.04,1,URGENT
TMS-WR-04949,NGP-BZA,WR,16.2,24.5,14,2,62.2,5.54,2.88,2.55,0,ROUTINE
TMS-SER-04950,NDLS-UMB,SER,10.0,51.7,6,2,48.3,6.78,2.84,3.83,0,ROUTINE
TMS-NCR-04951,LTT-NED,NCR,19.4,13.6,5,0,67.8,5.46,2.55,1.81,0,ROUTINE
TMS-NR-04952,AGC-JHS,NR,15.4,21.9,11,3,76.8,4.35,0.28,2.5,0,ROUTINE
TMS-NCR-04953,NGP-BZA,NCR,14.4,18.1,20,3,77.8,6.32,1.56,1.68,0,ROUTINE
TMS-SCR-04954,MAS-ED,SCR,6.7,19.6,73,2,89.1,3.29,2.86,1.62,0,ROUTINE
TMS-NER-04955,JUC-ADI,NER,13.3,22.6,5,0,53.4,5.62,0.15,2.12,0,ROUTINE
TMS-SER-04956,JUC-ADI,SER,28.2,16.9,86,1,52.9,5.59,0.42,2.16,0,ROUTINE
TMS-NR-04957,LDH-ASR,NR,21.6,32.6,90,3,36.3,6.51,5.72,2.77,0,ROUTINE
TMS-CR-04958,LTT-NED,CR,15.3,44.7,45,1,44.9,5.95,0.93,2.6,0,ROUTINE
TMS-NFR-04959,HWH-BWN,NFR,37.8,8.7,80,1,46.6,7.12,1.13,3.56,0,ROUTINE
TMS-ECoR-04960,UMB-LDH,ECoR,29.3,38.8,51,5,39.7,7.77,0.65,3.9,1,URGENT
TMS-NWR-04961,ED-CBE,NWR,38.9,60.0,26,2,22.5,10.78,0.75,5.93,0,ROUTINE
TMS-SWR-04962,BCT-RTM,SWR,9.8,23.9,32,3,72.0,7.15,3.37,2.49,0,ROUTINE
TMS-SR-04963,BRC-ST,SR,12.3,17.4,34,6,82.8,4.14,0.35,1.11,1,URGENT
TMS-SER-04964,CBE-TVC,SER,5.7,17.7,5,4,84.9,5.76,0.49,0.69,0,ROUTINE
TMS-NCR-04965,KZJ-BZA,NCR,7.4,19.6,7,4,71.8,7.14,1.04,1.18,0,ROUTINE
TMS-CR-04966,NGP-BZA,CR,8.7,26.4,25,0,81.5,4.83,0.56,2.16,0,ROUTINE
TMS-ECR-04967,AWB-SC,ECR,25.2,18.7,5,5,52.8,6.95,3.35,2.01,0,ROUTINE
TMS-ECR-04968,NGP-BZA,ECR,25.4,21.5,117,4,53.3,7.61,1.5,3.83,1,URGENT
TMS-SR-04969,KYN-IGP,SR,18.9,15.1,24,6,73.0,6.11,1.05,2.62,1,URGENT
TMS-WCR-04970,CSTM-KYN,WCR,2.9,18.5,16,0,100.0,3.43,1.39,1.01,0,ROUTINE
TMS-SER-04971,ALD-CNB,SER,10.4,18.8,6,1,72.3,4.87,0.03,2.22,0,ROUTINE
TMS-SER-04972,AWB-SC,SER,9.5,21.9,18,3,79.6,4.34,2.03,1.53,0,ROUTINE
TMS-ECoR-04973,CBE-TVC,ECoR,7.5,12.4,12,3,81.7,7.07,0.61,0.27,0,ROUTINE
TMS-WCR-04974,CNB-NDLS,WCR,25.8,19.5,5,2,46.1,7.99,1.41,3.47,0,ROUTINE
TMS-NCR-04975,SC-KZJ,NCR,15.4,20.4,119,0,65.8,4.7,2.68,2.48,0,ROUTINE
TMS-WR-04976,AZ-MGS,WR,8.2,23.9,10,2,82.2,3.96,0.64,1.9,1,URGENT
TMS-NER-04977,KZJ-BZA,NER,15.1,38.8,41,0,64.2,6.58,0.06,3.01,0,ROUTINE
TMS-SR-04978,CSTM-KYN,SR,16.4,21.3,5,2,53.1,4.23,0.0,1.85,0,ROUTINE
TMS-ECoR-04979,LDH-ASR,ECoR,18.0,13.6,85,3,64.1,13.3,2.95,1.13,1,URGENT
TMS-NCR-04980,MAS-ED,NCR,14.7,23.4,31,3,79.8,5.34,1.19,0.93,0,ROUTINE
TMS-SCR-04981,ED-CBE,SCR,13.6,16.7,37,7,59.2,6.36,1.58,0.78,1,URGENT
TMS-CR-04982,BRC-ST,CR,7.3,16.5,53,2,70.1,2.76,1.36,1.23,0,ROUTINE
TMS-SWR-04983,JHS-BPL,SWR,13.4,19.7,32,5,79.3,5.47,0.28,1.15,0,ROUTINE
TMS-NFR-04984,KZJ-BZA,NFR,13.8,18.0,5,0,68.2,4.47,0.06,1.03,0,ROUTINE
TMS-NER-04985,HWH-BWN,NER,11.2,14.5,19,5,60.1,7.25,0.42,0.9,0,ROUTINE
TMS-WR-04986,BPL-NGP,WR,10.9,18.3,10,0,73.0,8.49,7.05,1.62,1,URGENT
TMS-SCR-04987,CNB-NDLS,SCR,11.6,26.6,23,3,64.7,5.83,0.81,2.46,0,ROUTINE
TMS-SCR-04988,BZA-MAS,SCR,15.4,22.6,18,6,58.8,4.24,3.89,3.3,1,URGENT
TMS-WCR-04989,NDLS-AGC,WCR,7.0,14.9,61,6,100.0,3.5,0.45,2.09,1,URGENT
TMS-NWR-04990,BPL-NGP,NWR,9.2,15.7,9,0,64.1,2.67,1.88,1.19,0,ROUTINE
TMS-ECR-04991,KYN-IGP,ECR,16.4,23.3,7,4,58.5,5.78,0.04,1.64,0,ROUTINE
TMS-ER-04992,LTT-NED,ER,17.6,15.0,111,1,67.6,5.23,0.02,2.36,0,ROUTINE
TMS-CR-04993,JUC-ADI,CR,23.9,15.5,104,2,43.8,5.91,0.94,2.44,0,ROUTINE
TMS-ECR-04994,ST-BCT,ECR,42.0,17.7,176,2,37.8,8.54,1.57,4.04,1,URGENT
TMS-NR-04995,NGP-BZA,NR,18.8,15.0,29,3,57.7,5.75,4.91,1.96,0,ROUTINE
TMS-SWR-04996,UMB-LDH,SWR,8.0,23.1,5,0,66.9,3.44,0.05,1.26,0,ROUTINE
TMS-SCR-04997,ST-BCT,SCR,24.0,19.6,74,16,59.2,5.22,6.62,3.07,1,CRITICAL
TMS-ER-04998,CNB-NDLS,ER,10.3,38.9,5,1,69.8,7.75,0.96,2.85,0,ROUTINE
TMS-SER-04999,HWH-BWN,SER,9.9,13.9,5,4,78.1,5.68,2.18,1.3,0,ROUTINE
